name,inchi_key,smiles,inchi,MW,ALOGP,PSA,HBA,HBD,n_rot_bonds,Murcko_Scaffold,functional_groups,tanimoto_similarity_average,tanimoto_similarity_std,tanimoto_similarity_min,tanimoto_similarity_max
sm11-1,XXEWHNSDJMBLBK-UHFFFAOYSA-N,Cn1nc(C(=O)O)cc1-c1ccco1,"InChI=1S/C9H8N2O3/c1-11-7(8-3-2-4-14-8)5-6(10-11)9(12)13/h2-5H,1H3,(H,12,13)",192.053492116,68.26,1.3783,4,1,2,c1coc(-c2ccn[nH]2)c1,"{'fr_Al_COO': 0, 'fr_Al_OH': 0, 'fr_Al_OH_noTert': 0, 'fr_ArN': 0, 'fr_Ar_COO': 1, 'fr_Ar_N': 2, 'fr_Ar_NH': 0, 'fr_Ar_OH': 0, 'fr_COO': 1, 'fr_COO2': 1, 'fr_C_O': 1, 'fr_C_O_noCOO': 0, 'fr_C_S': 0, 'fr_HOCCN': 0, 'fr_Imine': 0, 'fr_NH0': 2, 'fr_NH1': 0, 'fr_NH2': 0, 'fr_N_O': 0, 'fr_Ndealkylation1': 0, 'fr_Ndealkylation2': 0, 'fr_Nhpyrrole': 0, 'fr_SH': 0, 'fr_aldehyde': 0, 'fr_alkyl_carbamate': 0, 'fr_alkyl_halide': 0, 'fr_allylic_oxid': 0, 'fr_amide': 0, 'fr_amidine': 0, 'fr_aniline': 0, 'fr_aryl_methyl': 1, 'fr_azide': 0, 'fr_azo': 0, 'fr_barbitur': 0, 'fr_benzene': 0, 'fr_benzodiazepine': 0, 'fr_bicyclic': 0, 'fr_diazo': 0, 'fr_dihydropyridine': 0, 'fr_epoxide': 0, 'fr_ester': 0, 'fr_ether': 0, 'fr_furan': 1, 'fr_guanido': 0, 'fr_halogen': 0, 'fr_hdrzine': 0, 'fr_hdrzone': 0, 'fr_imidazole': 0, 'fr_imide': 0, 'fr_isocyan': 0, 'fr_isothiocyan': 0, 'fr_ketone': 0, 'fr_ketone_Topliss': 0, 'fr_lactam': 0, 'fr_lactone': 0, 'fr_methoxy': 0, 'fr_morpholine': 0, 'fr_nitrile': 0, 'fr_nitro': 0, 'fr_nitro_arom': 0, 'fr_nitro_arom_nonortho': 0, 'fr_nitroso': 0, 'fr_oxazole': 0, 'fr_oxime': 0, 'fr_para_hydroxylation': 0, 'fr_phenol': 0, 'fr_phenol_noOrthoHbond': 0, 'fr_phos_acid': 0, 'fr_phos_ester': 0, 'fr_piperdine': 0, 'fr_piperzine': 0, 'fr_priamide': 0, 'fr_prisulfonamd': 0, 'fr_pyridine': 0, 'fr_quatN': 0, 'fr_sulfide': 0, 'fr_sulfonamd': 0, 'fr_sulfone': 0, 'fr_term_acetylene': 0, 'fr_tetrazole': 0, 'fr_thiazole': 0, 'fr_thiocyan': 0, 'fr_thiophene': 0, 'fr_unbrch_alkane': 0, 'fr_urea': 0, 'num_rings': 2, 'num_aromatic_rings': 2, 'num_aliphatic_rings': 0, 'num_aromatic_carbocycles': 0, 'num_aliphatic_carbocycles': 0, 'num_saturated_carbocycles': 0, 'num_heterocycles': 2, 'num_aliphatic_heterocycles': 0, 'num_aromatic_heterocycles': 2, 'num_saturated_heterocycles': 0, 'num_hba': 4, 'num_hbd': 1, 'num_rotatable_bonds': 2}",0.0025532917333391776,0.01009832532907327,0.0,0.13793103448275862
sm11-2,BLTRVDPVSLGQJZ-UHFFFAOYSA-N,O=C(O)Cn1cc(-c2ccccc2)ccc1=O,"InChI=1S/C13H11NO3/c15-12-7-6-11(8-14(12)9-13(16)17)10-4-2-1-3-5-10/h1-8H,9H2,(H,16,17)",229.073893212,59.3,1.5999,3,1,3,O=c1ccc(-c2ccccc2)c[nH]1,"{'fr_Al_COO': 1, 'fr_Al_OH': 0, 'fr_Al_OH_noTert': 0, 'fr_ArN': 0, 'fr_Ar_COO': 0, 'fr_Ar_N': 1, 'fr_Ar_NH': 0, 'fr_Ar_OH': 0, 'fr_COO': 1, 'fr_COO2': 1, 'fr_C_O': 1, 'fr_C_O_noCOO': 0, 'fr_C_S': 0, 'fr_HOCCN': 0, 'fr_Imine': 0, 'fr_NH0': 1, 'fr_NH1': 0, 'fr_NH2': 0, 'fr_N_O': 0, 'fr_Ndealkylation1': 0, 'fr_Ndealkylation2': 0, 'fr_Nhpyrrole': 0, 'fr_SH': 0, 'fr_aldehyde': 0, 'fr_alkyl_carbamate': 0, 'fr_alkyl_halide': 0, 'fr_allylic_oxid': 0, 'fr_amide': 0, 'fr_amidine': 0, 'fr_aniline': 0, 'fr_aryl_methyl': 0, 'fr_azide': 0, 'fr_azo': 0, 'fr_barbitur': 0, 'fr_benzene': 1, 'fr_benzodiazepine': 0, 'fr_bicyclic': 0, 'fr_diazo': 0, 'fr_dihydropyridine': 0, 'fr_epoxide': 0, 'fr_ester': 0, 'fr_ether': 0, 'fr_furan': 0, 'fr_guanido': 0, 'fr_halogen': 0, 'fr_hdrzine': 0, 'fr_hdrzone': 0, 'fr_imidazole': 0, 'fr_imide': 0, 'fr_isocyan': 0, 'fr_isothiocyan': 0, 'fr_ketone': 0, 'fr_ketone_Topliss': 0, 'fr_lactam': 0, 'fr_lactone': 0, 'fr_methoxy': 0, 'fr_morpholine': 0, 'fr_nitrile': 0, 'fr_nitro': 0, 'fr_nitro_arom': 0, 'fr_nitro_arom_nonortho': 0, 'fr_nitroso': 0, 'fr_oxazole': 0, 'fr_oxime': 0, 'fr_para_hydroxylation': 0, 'fr_phenol': 0, 'fr_phenol_noOrthoHbond': 0, 'fr_phos_acid': 0, 'fr_phos_ester': 0, 'fr_piperdine': 0, 'fr_piperzine': 0, 'fr_priamide': 0, 'fr_prisulfonamd': 0, 'fr_pyridine': 1, 'fr_quatN': 0, 'fr_sulfide': 0, 'fr_sulfonamd': 0, 'fr_sulfone': 0, 'fr_term_acetylene': 0, 'fr_tetrazole': 0, 'fr_thiazole': 0, 'fr_thiocyan': 0, 'fr_thiophene': 0, 'fr_unbrch_alkane': 0, 'fr_urea': 0, 'num_rings': 2, 'num_aromatic_rings': 2, 'num_aliphatic_rings': 0, 'num_aromatic_carbocycles': 1, 'num_aliphatic_carbocycles': 0, 'num_saturated_carbocycles': 0, 'num_heterocycles': 1, 'num_aliphatic_heterocycles': 0, 'num_aromatic_heterocycles': 1, 'num_saturated_heterocycles': 0, 'num_hba': 3, 'num_hbd': 1, 'num_rotatable_bonds': 3}",0.0026855512987898206,0.009977772238724422,0.0,0.125
sm11-3,QUMXRZNAUFKBAS-UHFFFAOYSA-N,COc1ccc(-c2ccccn2)cc1,"InChI=1S/C12H11NO/c1-14-11-7-5-10(6-8-11)12-4-2-3-9-13-12/h2-9H,1H3",185.084063972,22.12,2.757200000000001,2,0,2,c1ccc(-c2ccccn2)cc1,"{'fr_Al_COO': 0, 'fr_Al_OH': 0, 'fr_Al_OH_noTert': 0, 'fr_ArN': 0, 'fr_Ar_COO': 0, 'fr_Ar_N': 1, 'fr_Ar_NH': 0, 'fr_Ar_OH': 0, 'fr_COO': 0, 'fr_COO2': 0, 'fr_C_O': 0, 'fr_C_O_noCOO': 0, 'fr_C_S': 0, 'fr_HOCCN': 0, 'fr_Imine': 0, 'fr_NH0': 1, 'fr_NH1': 0, 'fr_NH2': 0, 'fr_N_O': 0, 'fr_Ndealkylation1': 0, 'fr_Ndealkylation2': 0, 'fr_Nhpyrrole': 0, 'fr_SH': 0, 'fr_aldehyde': 0, 'fr_alkyl_carbamate': 0, 'fr_alkyl_halide': 0, 'fr_allylic_oxid': 0, 'fr_amide': 0, 'fr_amidine': 0, 'fr_aniline': 0, 'fr_aryl_methyl': 0, 'fr_azide': 0, 'fr_azo': 0, 'fr_barbitur': 0, 'fr_benzene': 1, 'fr_benzodiazepine': 0, 'fr_bicyclic': 0, 'fr_diazo': 0, 'fr_dihydropyridine': 0, 'fr_epoxide': 0, 'fr_ester': 0, 'fr_ether': 1, 'fr_furan': 0, 'fr_guanido': 0, 'fr_halogen': 0, 'fr_hdrzine': 0, 'fr_hdrzone': 0, 'fr_imidazole': 0, 'fr_imide': 0, 'fr_isocyan': 0, 'fr_isothiocyan': 0, 'fr_ketone': 0, 'fr_ketone_Topliss': 0, 'fr_lactam': 0, 'fr_lactone': 0, 'fr_methoxy': 1, 'fr_morpholine': 0, 'fr_nitrile': 0, 'fr_nitro': 0, 'fr_nitro_arom': 0, 'fr_nitro_arom_nonortho': 0, 'fr_nitroso': 0, 'fr_oxazole': 0, 'fr_oxime': 0, 'fr_para_hydroxylation': 0, 'fr_phenol': 0, 'fr_phenol_noOrthoHbond': 0, 'fr_phos_acid': 0, 'fr_phos_ester': 0, 'fr_piperdine': 0, 'fr_piperzine': 0, 'fr_priamide': 0, 'fr_prisulfonamd': 0, 'fr_pyridine': 1, 'fr_quatN': 0, 'fr_sulfide': 0, 'fr_sulfonamd': 0, 'fr_sulfone': 0, 'fr_term_acetylene': 0, 'fr_tetrazole': 0, 'fr_thiazole': 0, 'fr_thiocyan': 0, 'fr_thiophene': 0, 'fr_unbrch_alkane': 0, 'fr_urea': 0, 'num_rings': 2, 'num_aromatic_rings': 2, 'num_aliphatic_rings': 0, 'num_aromatic_carbocycles': 1, 'num_aliphatic_carbocycles': 0, 'num_saturated_carbocycles': 0, 'num_heterocycles': 1, 'num_aliphatic_heterocycles': 0, 'num_aromatic_heterocycles': 1, 'num_saturated_heterocycles': 0, 'num_hba': 2, 'num_hbd': 0, 'num_rotatable_bonds': 2}",0.002561068416436492,0.010017563494835036,0.0,0.1111111111111111
sm11-4,GVFMWHPJTZVYIF-UHFFFAOYSA-N,CC(C)(C)c1cc(=N)[nH]cn1,"InChI=1S/C8H13N3/c1-8(2,3)6-4-7(9)11-5-10-6/h4-5H,1-3H3,(H2,9,10,11)",151.110947416,52.53,1.18667,2,2,0,N=c1ccnc[nH]1,"{'fr_Al_COO': 0, 'fr_Al_OH': 0, 'fr_Al_OH_noTert': 0, 'fr_ArN': 0, 'fr_Ar_COO': 0, 'fr_Ar_N': 2, 'fr_Ar_NH': 1, 'fr_Ar_OH': 0, 'fr_COO': 0, 'fr_COO2': 0, 'fr_C_O': 0, 'fr_C_O_noCOO': 0, 'fr_C_S': 0, 'fr_HOCCN': 0, 'fr_Imine': 0, 'fr_NH0': 1, 'fr_NH1': 2, 'fr_NH2': 0, 'fr_N_O': 0, 'fr_Ndealkylation1': 0, 'fr_Ndealkylation2': 0, 'fr_Nhpyrrole': 1, 'fr_SH': 0, 'fr_aldehyde': 0, 'fr_alkyl_carbamate': 0, 'fr_alkyl_halide': 0, 'fr_allylic_oxid': 0, 'fr_amide': 0, 'fr_amidine': 0, 'fr_aniline': 0, 'fr_aryl_methyl': 0, 'fr_azide': 0, 'fr_azo': 0, 'fr_barbitur': 0, 'fr_benzene': 0, 'fr_benzodiazepine': 0, 'fr_bicyclic': 0, 'fr_diazo': 0, 'fr_dihydropyridine': 0, 'fr_epoxide': 0, 'fr_ester': 0, 'fr_ether': 0, 'fr_furan': 0, 'fr_guanido': 0, 'fr_halogen': 0, 'fr_hdrzine': 0, 'fr_hdrzone': 0, 'fr_imidazole': 0, 'fr_imide': 0, 'fr_isocyan': 0, 'fr_isothiocyan': 0, 'fr_ketone': 0, 'fr_ketone_Topliss': 0, 'fr_lactam': 0, 'fr_lactone': 0, 'fr_methoxy': 0, 'fr_morpholine': 0, 'fr_nitrile': 0, 'fr_nitro': 0, 'fr_nitro_arom': 0, 'fr_nitro_arom_nonortho': 0, 'fr_nitroso': 0, 'fr_oxazole': 0, 'fr_oxime': 0, 'fr_para_hydroxylation': 0, 'fr_phenol': 0, 'fr_phenol_noOrthoHbond': 0, 'fr_phos_acid': 0, 'fr_phos_ester': 0, 'fr_piperdine': 0, 'fr_piperzine': 0, 'fr_priamide': 0, 'fr_prisulfonamd': 0, 'fr_pyridine': 0, 'fr_quatN': 0, 'fr_sulfide': 0, 'fr_sulfonamd': 0, 'fr_sulfone': 0, 'fr_term_acetylene': 0, 'fr_tetrazole': 0, 'fr_thiazole': 0, 'fr_thiocyan': 0, 'fr_thiophene': 0, 'fr_unbrch_alkane': 0, 'fr_urea': 0, 'num_rings': 1, 'num_aromatic_rings': 1, 'num_aliphatic_rings': 0, 'num_aromatic_carbocycles': 0, 'num_aliphatic_carbocycles': 0, 'num_saturated_carbocycles': 0, 'num_heterocycles': 1, 'num_aliphatic_heterocycles': 0, 'num_aromatic_heterocycles': 1, 'num_saturated_heterocycles': 0, 'num_hba': 2, 'num_hbd': 2, 'num_rotatable_bonds': 0}",0.00250548845507101,0.010231020860002745,0.0,0.125
sm11-5,JKIHDSIADUBKPU-UHFFFAOYSA-N,NCc1ccc(C(N)=O)cc1,"InChI=1S/C8H10N2O/c9-5-6-1-3-7(4-2-6)8(10)11/h1-4H,5,9H2,(H2,10,11)",150.07931294,69.11,0.2442000000000002,2,2,2,c1ccccc1,"{'fr_Al_COO': 0, 'fr_Al_OH': 0, 'fr_Al_OH_noTert': 0, 'fr_ArN': 0, 'fr_Ar_COO': 0, 'fr_Ar_N': 0, 'fr_Ar_NH': 0, 'fr_Ar_OH': 0, 'fr_COO': 0, 'fr_COO2': 0, 'fr_C_O': 1, 'fr_C_O_noCOO': 1, 'fr_C_S': 0, 'fr_HOCCN': 0, 'fr_Imine': 0, 'fr_NH0': 0, 'fr_NH1': 0, 'fr_NH2': 2, 'fr_N_O': 0, 'fr_Ndealkylation1': 0, 'fr_Ndealkylation2': 0, 'fr_Nhpyrrole': 0, 'fr_SH': 0, 'fr_aldehyde': 0, 'fr_alkyl_carbamate': 0, 'fr_alkyl_halide': 0, 'fr_allylic_oxid': 0, 'fr_amide': 1, 'fr_amidine': 0, 'fr_aniline': 0, 'fr_aryl_methyl': 0, 'fr_azide': 0, 'fr_azo': 0, 'fr_barbitur': 0, 'fr_benzene': 1, 'fr_benzodiazepine': 0, 'fr_bicyclic': 0, 'fr_diazo': 0, 'fr_dihydropyridine': 0, 'fr_epoxide': 0, 'fr_ester': 0, 'fr_ether': 0, 'fr_furan': 0, 'fr_guanido': 0, 'fr_halogen': 0, 'fr_hdrzine': 0, 'fr_hdrzone': 0, 'fr_imidazole': 0, 'fr_imide': 0, 'fr_isocyan': 0, 'fr_isothiocyan': 0, 'fr_ketone': 0, 'fr_ketone_Topliss': 0, 'fr_lactam': 0, 'fr_lactone': 0, 'fr_methoxy': 0, 'fr_morpholine': 0, 'fr_nitrile': 0, 'fr_nitro': 0, 'fr_nitro_arom': 0, 'fr_nitro_arom_nonortho': 0, 'fr_nitroso': 0, 'fr_oxazole': 0, 'fr_oxime': 0, 'fr_para_hydroxylation': 0, 'fr_phenol': 0, 'fr_phenol_noOrthoHbond': 0, 'fr_phos_acid': 0, 'fr_phos_ester': 0, 'fr_piperdine': 0, 'fr_piperzine': 0, 'fr_priamide': 1, 'fr_prisulfonamd': 0, 'fr_pyridine': 0, 'fr_quatN': 0, 'fr_sulfide': 0, 'fr_sulfonamd': 0, 'fr_sulfone': 0, 'fr_term_acetylene': 0, 'fr_tetrazole': 0, 'fr_thiazole': 0, 'fr_thiocyan': 0, 'fr_thiophene': 0, 'fr_unbrch_alkane': 0, 'fr_urea': 0, 'num_rings': 1, 'num_aromatic_rings': 1, 'num_aliphatic_rings': 0, 'num_aromatic_carbocycles': 1, 'num_aliphatic_carbocycles': 0, 'num_saturated_carbocycles': 0, 'num_heterocycles': 0, 'num_aliphatic_heterocycles': 0, 'num_aromatic_heterocycles': 0, 'num_saturated_heterocycles': 0, 'num_hba': 2, 'num_hbd': 2, 'num_rotatable_bonds': 2}",0.002140318777119003,0.009442465264771079,0.0,0.11764705882352941
sm11-6,FBTOSQDXUJQZTF-UHFFFAOYSA-N,CN1C(=O)Cc2cc(C(=O)O)ccc21,"InChI=1S/C10H9NO3/c1-11-8-3-2-6(10(13)14)4-7(8)5-9(11)12/h2-4H,5H2,1H3,(H,13,14)",191.058243148,57.61,0.9037,2,1,1,O=C1Cc2ccccc2N1,"{'fr_Al_COO': 0, 'fr_Al_OH': 0, 'fr_Al_OH_noTert': 0, 'fr_ArN': 0, 'fr_Ar_COO': 1, 'fr_Ar_N': 0, 'fr_Ar_NH': 0, 'fr_Ar_OH': 0, 'fr_COO': 1, 'fr_COO2': 1, 'fr_C_O': 2, 'fr_C_O_noCOO': 1, 'fr_C_S': 0, 'fr_HOCCN': 0, 'fr_Imine': 0, 'fr_NH0': 1, 'fr_NH1': 0, 'fr_NH2': 0, 'fr_N_O': 0, 'fr_Ndealkylation1': 1, 'fr_Ndealkylation2': 0, 'fr_Nhpyrrole': 0, 'fr_SH': 0, 'fr_aldehyde': 0, 'fr_alkyl_carbamate': 0, 'fr_alkyl_halide': 0, 'fr_allylic_oxid': 0, 'fr_amide': 1, 'fr_amidine': 0, 'fr_aniline': 1, 'fr_aryl_methyl': 0, 'fr_azide': 0, 'fr_azo': 0, 'fr_barbitur': 0, 'fr_benzene': 1, 'fr_benzodiazepine': 0, 'fr_bicyclic': 1, 'fr_diazo': 0, 'fr_dihydropyridine': 0, 'fr_epoxide': 0, 'fr_ester': 0, 'fr_ether': 0, 'fr_furan': 0, 'fr_guanido': 0, 'fr_halogen': 0, 'fr_hdrzine': 0, 'fr_hdrzone': 0, 'fr_imidazole': 0, 'fr_imide': 0, 'fr_isocyan': 0, 'fr_isothiocyan': 0, 'fr_ketone': 0, 'fr_ketone_Topliss': 0, 'fr_lactam': 0, 'fr_lactone': 0, 'fr_methoxy': 0, 'fr_morpholine': 0, 'fr_nitrile': 0, 'fr_nitro': 0, 'fr_nitro_arom': 0, 'fr_nitro_arom_nonortho': 0, 'fr_nitroso': 0, 'fr_oxazole': 0, 'fr_oxime': 0, 'fr_para_hydroxylation': 0, 'fr_phenol': 0, 'fr_phenol_noOrthoHbond': 0, 'fr_phos_acid': 0, 'fr_phos_ester': 0, 'fr_piperdine': 0, 'fr_piperzine': 0, 'fr_priamide': 0, 'fr_prisulfonamd': 0, 'fr_pyridine': 0, 'fr_quatN': 0, 'fr_sulfide': 0, 'fr_sulfonamd': 0, 'fr_sulfone': 0, 'fr_term_acetylene': 0, 'fr_tetrazole': 0, 'fr_thiazole': 0, 'fr_thiocyan': 0, 'fr_thiophene': 0, 'fr_unbrch_alkane': 0, 'fr_urea': 0, 'num_rings': 2, 'num_aromatic_rings': 1, 'num_aliphatic_rings': 1, 'num_aromatic_carbocycles': 1, 'num_aliphatic_carbocycles': 0, 'num_saturated_carbocycles': 0, 'num_heterocycles': 1, 'num_aliphatic_heterocycles': 1, 'num_aromatic_heterocycles': 0, 'num_saturated_heterocycles': 0, 'num_hba': 2, 'num_hbd': 1, 'num_rotatable_bonds': 1}",0.0023182208954795475,0.008304061227076694,0.0,0.08333333333333333
sm11-7,RYGLGFKXSWZERM-UHFFFAOYSA-N,Br.Cc1ccc(-c2csc(=N)[nH]2)cc1,"InChI=1S/C10H10N2S.BrH/c1-7-2-4-8(5-3-7)9-6-13-10(11)12-9;/h2-6H,1H3,(H2,11,12);1H",269.982631452,39.64,3.1089900000000017,2,2,1,N=c1[nH]c(-c2ccccc2)cs1,"{'fr_Al_COO': 0, 'fr_Al_OH': 0, 'fr_Al_OH_noTert': 0, 'fr_ArN': 0, 'fr_Ar_COO': 0, 'fr_Ar_N': 1, 'fr_Ar_NH': 1, 'fr_Ar_OH': 0, 'fr_COO': 0, 'fr_COO2': 0, 'fr_C_O': 0, 'fr_C_O_noCOO': 0, 'fr_C_S': 0, 'fr_HOCCN': 0, 'fr_Imine': 0, 'fr_NH0': 0, 'fr_NH1': 2, 'fr_NH2': 0, 'fr_N_O': 0, 'fr_Ndealkylation1': 0, 'fr_Ndealkylation2': 0, 'fr_Nhpyrrole': 1, 'fr_SH': 0, 'fr_aldehyde': 0, 'fr_alkyl_carbamate': 0, 'fr_alkyl_halide': 0, 'fr_allylic_oxid': 0, 'fr_amide': 0, 'fr_amidine': 0, 'fr_aniline': 0, 'fr_aryl_methyl': 1, 'fr_azide': 0, 'fr_azo': 0, 'fr_barbitur': 0, 'fr_benzene': 1, 'fr_benzodiazepine': 0, 'fr_bicyclic': 0, 'fr_diazo': 0, 'fr_dihydropyridine': 0, 'fr_epoxide': 0, 'fr_ester': 0, 'fr_ether': 0, 'fr_furan': 0, 'fr_guanido': 0, 'fr_halogen': 1, 'fr_hdrzine': 0, 'fr_hdrzone': 0, 'fr_imidazole': 0, 'fr_imide': 0, 'fr_isocyan': 0, 'fr_isothiocyan': 0, 'fr_ketone': 0, 'fr_ketone_Topliss': 0, 'fr_lactam': 0, 'fr_lactone': 0, 'fr_methoxy': 0, 'fr_morpholine': 0, 'fr_nitrile': 0, 'fr_nitro': 0, 'fr_nitro_arom': 0, 'fr_nitro_arom_nonortho': 0, 'fr_nitroso': 0, 'fr_oxazole': 0, 'fr_oxime': 0, 'fr_para_hydroxylation': 0, 'fr_phenol': 0, 'fr_phenol_noOrthoHbond': 0, 'fr_phos_acid': 0, 'fr_phos_ester': 0, 'fr_piperdine': 0, 'fr_piperzine': 0, 'fr_priamide': 0, 'fr_prisulfonamd': 0, 'fr_pyridine': 0, 'fr_quatN': 0, 'fr_sulfide': 0, 'fr_sulfonamd': 0, 'fr_sulfone': 0, 'fr_term_acetylene': 0, 'fr_tetrazole': 0, 'fr_thiazole': 1, 'fr_thiocyan': 0, 'fr_thiophene': 0, 'fr_unbrch_alkane': 0, 'fr_urea': 0, 'num_rings': 2, 'num_aromatic_rings': 2, 'num_aliphatic_rings': 0, 'num_aromatic_carbocycles': 1, 'num_aliphatic_carbocycles': 0, 'num_saturated_carbocycles': 0, 'num_heterocycles': 1, 'num_aliphatic_heterocycles': 0, 'num_aromatic_heterocycles': 1, 'num_saturated_heterocycles': 0, 'num_hba': 2, 'num_hbd': 2, 'num_rotatable_bonds': 1}",0.0025644516507105897,0.009399846533765532,0.0,0.09090909090909091
sm11-8,FVQDRWUYZFPHLU-UHFFFAOYSA-N,O=C(NCc1ccccc1)c1ccc(O)cc1,"InChI=1S/C14H13NO2/c16-13-8-6-12(7-9-13)14(17)15-10-11-4-2-1-3-5-11/h1-9,16H,10H2,(H,15,17)",227.094628656,49.33,2.3222,2,2,3,O=C(NCc1ccccc1)c1ccccc1,"{'fr_Al_COO': 0, 'fr_Al_OH': 0, 'fr_Al_OH_noTert': 0, 'fr_ArN': 0, 'fr_Ar_COO': 0, 'fr_Ar_N': 0, 'fr_Ar_NH': 0, 'fr_Ar_OH': 1, 'fr_COO': 0, 'fr_COO2': 0, 'fr_C_O': 1, 'fr_C_O_noCOO': 1, 'fr_C_S': 0, 'fr_HOCCN': 0, 'fr_Imine': 0, 'fr_NH0': 0, 'fr_NH1': 1, 'fr_NH2': 0, 'fr_N_O': 0, 'fr_Ndealkylation1': 0, 'fr_Ndealkylation2': 0, 'fr_Nhpyrrole': 0, 'fr_SH': 0, 'fr_aldehyde': 0, 'fr_alkyl_carbamate': 0, 'fr_alkyl_halide': 0, 'fr_allylic_oxid': 0, 'fr_amide': 1, 'fr_amidine': 0, 'fr_aniline': 0, 'fr_aryl_methyl': 0, 'fr_azide': 0, 'fr_azo': 0, 'fr_barbitur': 0, 'fr_benzene': 2, 'fr_benzodiazepine': 0, 'fr_bicyclic': 0, 'fr_diazo': 0, 'fr_dihydropyridine': 0, 'fr_epoxide': 0, 'fr_ester': 0, 'fr_ether': 0, 'fr_furan': 0, 'fr_guanido': 0, 'fr_halogen': 0, 'fr_hdrzine': 0, 'fr_hdrzone': 0, 'fr_imidazole': 0, 'fr_imide': 0, 'fr_isocyan': 0, 'fr_isothiocyan': 0, 'fr_ketone': 0, 'fr_ketone_Topliss': 0, 'fr_lactam': 0, 'fr_lactone': 0, 'fr_methoxy': 0, 'fr_morpholine': 0, 'fr_nitrile': 0, 'fr_nitro': 0, 'fr_nitro_arom': 0, 'fr_nitro_arom_nonortho': 0, 'fr_nitroso': 0, 'fr_oxazole': 0, 'fr_oxime': 0, 'fr_para_hydroxylation': 0, 'fr_phenol': 1, 'fr_phenol_noOrthoHbond': 1, 'fr_phos_acid': 0, 'fr_phos_ester': 0, 'fr_piperdine': 0, 'fr_piperzine': 0, 'fr_priamide': 0, 'fr_prisulfonamd': 0, 'fr_pyridine': 0, 'fr_quatN': 0, 'fr_sulfide': 0, 'fr_sulfonamd': 0, 'fr_sulfone': 0, 'fr_term_acetylene': 0, 'fr_tetrazole': 0, 'fr_thiazole': 0, 'fr_thiocyan': 0, 'fr_thiophene': 0, 'fr_unbrch_alkane': 0, 'fr_urea': 0, 'num_rings': 2, 'num_aromatic_rings': 2, 'num_aliphatic_rings': 0, 'num_aromatic_carbocycles': 2, 'num_aliphatic_carbocycles': 0, 'num_saturated_carbocycles': 0, 'num_heterocycles': 0, 'num_aliphatic_heterocycles': 0, 'num_aromatic_heterocycles': 0, 'num_saturated_heterocycles': 0, 'num_hba': 2, 'num_hbd': 2, 'num_rotatable_bonds': 3}",0.0021678988870381657,0.00907883997852066,0.0,0.125
sm11-9,JLEDGVLJMBKJGY-UHFFFAOYSA-N,CC(C)(C)C(=O)N1CCN(c2ccc(C(=O)O)cc2)CC1,"InChI=1S/C16H22N2O3/c1-16(2,3)15(21)18-10-8-17(9-11-18)13-6-4-12(5-7-13)14(19)20/h4-7H,8-11H2,1-3H3,(H,19,20)",290.163042564,60.85,2.0795,3,1,2,c1ccc(N2CCNCC2)cc1,"{'fr_Al_COO': 0, 'fr_Al_OH': 0, 'fr_Al_OH_noTert': 0, 'fr_ArN': 0, 'fr_Ar_COO': 1, 'fr_Ar_N': 0, 'fr_Ar_NH': 0, 'fr_Ar_OH': 0, 'fr_COO': 1, 'fr_COO2': 1, 'fr_C_O': 2, 'fr_C_O_noCOO': 1, 'fr_C_S': 0, 'fr_HOCCN': 0, 'fr_Imine': 0, 'fr_NH0': 2, 'fr_NH1': 0, 'fr_NH2': 0, 'fr_N_O': 0, 'fr_Ndealkylation1': 0, 'fr_Ndealkylation2': 0, 'fr_Nhpyrrole': 0, 'fr_SH': 0, 'fr_aldehyde': 0, 'fr_alkyl_carbamate': 0, 'fr_alkyl_halide': 0, 'fr_allylic_oxid': 0, 'fr_amide': 1, 'fr_amidine': 0, 'fr_aniline': 1, 'fr_aryl_methyl': 0, 'fr_azide': 0, 'fr_azo': 0, 'fr_barbitur': 0, 'fr_benzene': 1, 'fr_benzodiazepine': 0, 'fr_bicyclic': 0, 'fr_diazo': 0, 'fr_dihydropyridine': 0, 'fr_epoxide': 0, 'fr_ester': 0, 'fr_ether': 0, 'fr_furan': 0, 'fr_guanido': 0, 'fr_halogen': 0, 'fr_hdrzine': 0, 'fr_hdrzone': 0, 'fr_imidazole': 0, 'fr_imide': 0, 'fr_isocyan': 0, 'fr_isothiocyan': 0, 'fr_ketone': 0, 'fr_ketone_Topliss': 0, 'fr_lactam': 0, 'fr_lactone': 0, 'fr_methoxy': 0, 'fr_morpholine': 0, 'fr_nitrile': 0, 'fr_nitro': 0, 'fr_nitro_arom': 0, 'fr_nitro_arom_nonortho': 0, 'fr_nitroso': 0, 'fr_oxazole': 0, 'fr_oxime': 0, 'fr_para_hydroxylation': 0, 'fr_phenol': 0, 'fr_phenol_noOrthoHbond': 0, 'fr_phos_acid': 0, 'fr_phos_ester': 0, 'fr_piperdine': 0, 'fr_piperzine': 1, 'fr_priamide': 0, 'fr_prisulfonamd': 0, 'fr_pyridine': 0, 'fr_quatN': 0, 'fr_sulfide': 0, 'fr_sulfonamd': 0, 'fr_sulfone': 0, 'fr_term_acetylene': 0, 'fr_tetrazole': 0, 'fr_thiazole': 0, 'fr_thiocyan': 0, 'fr_thiophene': 0, 'fr_unbrch_alkane': 0, 'fr_urea': 0, 'num_rings': 2, 'num_aromatic_rings': 1, 'num_aliphatic_rings': 1, 'num_aromatic_carbocycles': 1, 'num_aliphatic_carbocycles': 0, 'num_saturated_carbocycles': 0, 'num_heterocycles': 1, 'num_aliphatic_heterocycles': 1, 'num_aromatic_heterocycles': 0, 'num_saturated_heterocycles': 1, 'num_hba': 3, 'num_hbd': 1, 'num_rotatable_bonds': 2}",0.002345310541826072,0.008916109278253714,0.0,0.10344827586206896
sm11-10,RVEATKYEARPWRE-UHFFFAOYSA-N,COc1cc(N)c(Cl)cc1C(=O)O,"InChI=1S/C8H8ClNO3/c1-13-7-3-6(10)5(9)2-4(7)8(11)12/h2-3H,10H2,1H3,(H,11,12)",201.019270796,72.55000000000001,1.629,3,2,2,c1ccccc1,"{'fr_Al_COO': 0, 'fr_Al_OH': 0, 'fr_Al_OH_noTert': 0, 'fr_ArN': 1, 'fr_Ar_COO': 1, 'fr_Ar_N': 0, 'fr_Ar_NH': 0, 'fr_Ar_OH': 0, 'fr_COO': 1, 'fr_COO2': 1, 'fr_C_O': 1, 'fr_C_O_noCOO': 0, 'fr_C_S': 0, 'fr_HOCCN': 0, 'fr_Imine': 0, 'fr_NH0': 0, 'fr_NH1': 0, 'fr_NH2': 1, 'fr_N_O': 0, 'fr_Ndealkylation1': 0, 'fr_Ndealkylation2': 0, 'fr_Nhpyrrole': 0, 'fr_SH': 0, 'fr_aldehyde': 0, 'fr_alkyl_carbamate': 0, 'fr_alkyl_halide': 0, 'fr_allylic_oxid': 0, 'fr_amide': 0, 'fr_amidine': 0, 'fr_aniline': 1, 'fr_aryl_methyl': 0, 'fr_azide': 0, 'fr_azo': 0, 'fr_barbitur': 0, 'fr_benzene': 1, 'fr_benzodiazepine': 0, 'fr_bicyclic': 0, 'fr_diazo': 0, 'fr_dihydropyridine': 0, 'fr_epoxide': 0, 'fr_ester': 0, 'fr_ether': 1, 'fr_furan': 0, 'fr_guanido': 0, 'fr_halogen': 1, 'fr_hdrzine': 0, 'fr_hdrzone': 0, 'fr_imidazole': 0, 'fr_imide': 0, 'fr_isocyan': 0, 'fr_isothiocyan': 0, 'fr_ketone': 0, 'fr_ketone_Topliss': 0, 'fr_lactam': 0, 'fr_lactone': 0, 'fr_methoxy': 1, 'fr_morpholine': 0, 'fr_nitrile': 0, 'fr_nitro': 0, 'fr_nitro_arom': 0, 'fr_nitro_arom_nonortho': 0, 'fr_nitroso': 0, 'fr_oxazole': 0, 'fr_oxime': 0, 'fr_para_hydroxylation': 0, 'fr_phenol': 0, 'fr_phenol_noOrthoHbond': 0, 'fr_phos_acid': 0, 'fr_phos_ester': 0, 'fr_piperdine': 0, 'fr_piperzine': 0, 'fr_priamide': 0, 'fr_prisulfonamd': 0, 'fr_pyridine': 0, 'fr_quatN': 0, 'fr_sulfide': 0, 'fr_sulfonamd': 0, 'fr_sulfone': 0, 'fr_term_acetylene': 0, 'fr_tetrazole': 0, 'fr_thiazole': 0, 'fr_thiocyan': 0, 'fr_thiophene': 0, 'fr_unbrch_alkane': 0, 'fr_urea': 0, 'num_rings': 1, 'num_aromatic_rings': 1, 'num_aliphatic_rings': 0, 'num_aromatic_carbocycles': 1, 'num_aliphatic_carbocycles': 0, 'num_saturated_carbocycles': 0, 'num_heterocycles': 0, 'num_aliphatic_heterocycles': 0, 'num_aromatic_heterocycles': 0, 'num_saturated_heterocycles': 0, 'num_hba': 3, 'num_hbd': 2, 'num_rotatable_bonds': 2}",0.0022173769849665815,0.009357328118491538,0.0,0.125
sm11-11,SNLMOXFUCILIPL-UHFFFAOYSA-N,O=C(O)c1ccc2cccnc2n1,"InChI=1S/C9H6N2O2/c12-9(13)7-4-3-6-2-1-5-10-8(6)11-7/h1-5H,(H,12,13)",174.042927432,63.080000000000005,1.3279999999999998,3,1,1,c1cnc2ncccc2c1,"{'fr_Al_COO': 0, 'fr_Al_OH': 0, 'fr_Al_OH_noTert': 0, 'fr_ArN': 0, 'fr_Ar_COO': 1, 'fr_Ar_N': 2, 'fr_Ar_NH': 0, 'fr_Ar_OH': 0, 'fr_COO': 1, 'fr_COO2': 1, 'fr_C_O': 1, 'fr_C_O_noCOO': 0, 'fr_C_S': 0, 'fr_HOCCN': 0, 'fr_Imine': 0, 'fr_NH0': 2, 'fr_NH1': 0, 'fr_NH2': 0, 'fr_N_O': 0, 'fr_Ndealkylation1': 0, 'fr_Ndealkylation2': 0, 'fr_Nhpyrrole': 0, 'fr_SH': 0, 'fr_aldehyde': 0, 'fr_alkyl_carbamate': 0, 'fr_alkyl_halide': 0, 'fr_allylic_oxid': 0, 'fr_amide': 0, 'fr_amidine': 0, 'fr_aniline': 0, 'fr_aryl_methyl': 0, 'fr_azide': 0, 'fr_azo': 0, 'fr_barbitur': 0, 'fr_benzene': 0, 'fr_benzodiazepine': 0, 'fr_bicyclic': 1, 'fr_diazo': 0, 'fr_dihydropyridine': 0, 'fr_epoxide': 0, 'fr_ester': 0, 'fr_ether': 0, 'fr_furan': 0, 'fr_guanido': 0, 'fr_halogen': 0, 'fr_hdrzine': 0, 'fr_hdrzone': 0, 'fr_imidazole': 0, 'fr_imide': 0, 'fr_isocyan': 0, 'fr_isothiocyan': 0, 'fr_ketone': 0, 'fr_ketone_Topliss': 0, 'fr_lactam': 0, 'fr_lactone': 0, 'fr_methoxy': 0, 'fr_morpholine': 0, 'fr_nitrile': 0, 'fr_nitro': 0, 'fr_nitro_arom': 0, 'fr_nitro_arom_nonortho': 0, 'fr_nitroso': 0, 'fr_oxazole': 0, 'fr_oxime': 0, 'fr_para_hydroxylation': 0, 'fr_phenol': 0, 'fr_phenol_noOrthoHbond': 0, 'fr_phos_acid': 0, 'fr_phos_ester': 0, 'fr_piperdine': 0, 'fr_piperzine': 0, 'fr_priamide': 0, 'fr_prisulfonamd': 0, 'fr_pyridine': 2, 'fr_quatN': 0, 'fr_sulfide': 0, 'fr_sulfonamd': 0, 'fr_sulfone': 0, 'fr_term_acetylene': 0, 'fr_tetrazole': 0, 'fr_thiazole': 0, 'fr_thiocyan': 0, 'fr_thiophene': 0, 'fr_unbrch_alkane': 0, 'fr_urea': 0, 'num_rings': 2, 'num_aromatic_rings': 2, 'num_aliphatic_rings': 0, 'num_aromatic_carbocycles': 0, 'num_aliphatic_carbocycles': 0, 'num_saturated_carbocycles': 0, 'num_heterocycles': 2, 'num_aliphatic_heterocycles': 0, 'num_aromatic_heterocycles': 2, 'num_saturated_heterocycles': 0, 'num_hba': 3, 'num_hbd': 1, 'num_rotatable_bonds': 1}",0.002557104781634191,0.009778745885853792,0.0,0.1111111111111111
sm11-12,VNQIEKXUBYBTPS-UHFFFAOYSA-N,CC(O)=Nc1cc(C(=O)O)ccn1,"InChI=1S/C8H8N2O3/c1-5(11)10-7-4-6(8(12)13)2-3-9-7/h2-4H,1H3,(H,12,13)(H,9,10,11)",180.053492116,82.78,1.3877000000000002,3,2,2,c1ccncc1,"{'fr_Al_COO': 0, 'fr_Al_OH': 1, 'fr_Al_OH_noTert': 1, 'fr_ArN': 0, 'fr_Ar_COO': 1, 'fr_Ar_N': 1, 'fr_Ar_NH': 0, 'fr_Ar_OH': 0, 'fr_COO': 1, 'fr_COO2': 1, 'fr_C_O': 1, 'fr_C_O_noCOO': 0, 'fr_C_S': 0, 'fr_HOCCN': 0, 'fr_Imine': 1, 'fr_NH0': 2, 'fr_NH1': 0, 'fr_NH2': 0, 'fr_N_O': 0, 'fr_Ndealkylation1': 0, 'fr_Ndealkylation2': 0, 'fr_Nhpyrrole': 0, 'fr_SH': 0, 'fr_aldehyde': 0, 'fr_alkyl_carbamate': 0, 'fr_alkyl_halide': 0, 'fr_allylic_oxid': 0, 'fr_amide': 0, 'fr_amidine': 0, 'fr_aniline': 0, 'fr_aryl_methyl': 0, 'fr_azide': 0, 'fr_azo': 0, 'fr_barbitur': 0, 'fr_benzene': 0, 'fr_benzodiazepine': 0, 'fr_bicyclic': 0, 'fr_diazo': 0, 'fr_dihydropyridine': 0, 'fr_epoxide': 0, 'fr_ester': 0, 'fr_ether': 0, 'fr_furan': 0, 'fr_guanido': 0, 'fr_halogen': 0, 'fr_hdrzine': 0, 'fr_hdrzone': 0, 'fr_imidazole': 0, 'fr_imide': 0, 'fr_isocyan': 0, 'fr_isothiocyan': 0, 'fr_ketone': 0, 'fr_ketone_Topliss': 0, 'fr_lactam': 0, 'fr_lactone': 0, 'fr_methoxy': 0, 'fr_morpholine': 0, 'fr_nitrile': 0, 'fr_nitro': 0, 'fr_nitro_arom': 0, 'fr_nitro_arom_nonortho': 0, 'fr_nitroso': 0, 'fr_oxazole': 0, 'fr_oxime': 0, 'fr_para_hydroxylation': 0, 'fr_phenol': 0, 'fr_phenol_noOrthoHbond': 0, 'fr_phos_acid': 0, 'fr_phos_ester': 0, 'fr_piperdine': 0, 'fr_piperzine': 0, 'fr_priamide': 0, 'fr_prisulfonamd': 0, 'fr_pyridine': 1, 'fr_quatN': 0, 'fr_sulfide': 0, 'fr_sulfonamd': 0, 'fr_sulfone': 0, 'fr_term_acetylene': 0, 'fr_tetrazole': 0, 'fr_thiazole': 0, 'fr_thiocyan': 0, 'fr_thiophene': 0, 'fr_unbrch_alkane': 0, 'fr_urea': 0, 'num_rings': 1, 'num_aromatic_rings': 1, 'num_aliphatic_rings': 0, 'num_aromatic_carbocycles': 0, 'num_aliphatic_carbocycles': 0, 'num_saturated_carbocycles': 0, 'num_heterocycles': 1, 'num_aliphatic_heterocycles': 0, 'num_aromatic_heterocycles': 1, 'num_saturated_heterocycles': 0, 'num_hba': 3, 'num_hbd': 2, 'num_rotatable_bonds': 2}",0.0024737019051215793,0.009671352622816674,0.0,0.12
sm11-13,WENOJMGPELLGMA-UHFFFAOYSA-N,Oc1ccc(-c2nnco2)cc1,"InChI=1S/C8H6N2O2/c11-7-3-1-6(2-4-7)8-10-9-5-12-8/h1-5,11H",162.042927432,59.150000000000006,1.4421999999999997,4,1,1,c1ccc(-c2nnco2)cc1,"{'fr_Al_COO': 0, 'fr_Al_OH': 0, 'fr_Al_OH_noTert': 0, 'fr_ArN': 0, 'fr_Ar_COO': 0, 'fr_Ar_N': 2, 'fr_Ar_NH': 0, 'fr_Ar_OH': 1, 'fr_COO': 0, 'fr_COO2': 0, 'fr_C_O': 0, 'fr_C_O_noCOO': 0, 'fr_C_S': 0, 'fr_HOCCN': 0, 'fr_Imine': 0, 'fr_NH0': 2, 'fr_NH1': 0, 'fr_NH2': 0, 'fr_N_O': 0, 'fr_Ndealkylation1': 0, 'fr_Ndealkylation2': 0, 'fr_Nhpyrrole': 0, 'fr_SH': 0, 'fr_aldehyde': 0, 'fr_alkyl_carbamate': 0, 'fr_alkyl_halide': 0, 'fr_allylic_oxid': 0, 'fr_amide': 0, 'fr_amidine': 0, 'fr_aniline': 0, 'fr_aryl_methyl': 0, 'fr_azide': 0, 'fr_azo': 0, 'fr_barbitur': 0, 'fr_benzene': 1, 'fr_benzodiazepine': 0, 'fr_bicyclic': 0, 'fr_diazo': 0, 'fr_dihydropyridine': 0, 'fr_epoxide': 0, 'fr_ester': 0, 'fr_ether': 0, 'fr_furan': 0, 'fr_guanido': 0, 'fr_halogen': 0, 'fr_hdrzine': 0, 'fr_hdrzone': 0, 'fr_imidazole': 0, 'fr_imide': 0, 'fr_isocyan': 0, 'fr_isothiocyan': 0, 'fr_ketone': 0, 'fr_ketone_Topliss': 0, 'fr_lactam': 0, 'fr_lactone': 0, 'fr_methoxy': 0, 'fr_morpholine': 0, 'fr_nitrile': 0, 'fr_nitro': 0, 'fr_nitro_arom': 0, 'fr_nitro_arom_nonortho': 0, 'fr_nitroso': 0, 'fr_oxazole': 0, 'fr_oxime': 0, 'fr_para_hydroxylation': 0, 'fr_phenol': 1, 'fr_phenol_noOrthoHbond': 1, 'fr_phos_acid': 0, 'fr_phos_ester': 0, 'fr_piperdine': 0, 'fr_piperzine': 0, 'fr_priamide': 0, 'fr_prisulfonamd': 0, 'fr_pyridine': 0, 'fr_quatN': 0, 'fr_sulfide': 0, 'fr_sulfonamd': 0, 'fr_sulfone': 0, 'fr_term_acetylene': 0, 'fr_tetrazole': 0, 'fr_thiazole': 0, 'fr_thiocyan': 0, 'fr_thiophene': 0, 'fr_unbrch_alkane': 0, 'fr_urea': 0, 'num_rings': 2, 'num_aromatic_rings': 2, 'num_aliphatic_rings': 0, 'num_aromatic_carbocycles': 1, 'num_aliphatic_carbocycles': 0, 'num_saturated_carbocycles': 0, 'num_heterocycles': 1, 'num_aliphatic_heterocycles': 0, 'num_aromatic_heterocycles': 1, 'num_saturated_heterocycles': 0, 'num_hba': 4, 'num_hbd': 1, 'num_rotatable_bonds': 1}",0.002823889925260192,0.010929992172470555,0.0,0.16
sm11-14,BIJQLSJJQJIFCL-UHFFFAOYSA-N,Cc1ncnc(O)c1Br,"InChI=1S/C5H5BrN2O/c1-3-4(6)5(9)8-2-7-3/h2H,1H3,(H,7,8,9)",187.95852488,46.010000000000005,1.25312,3,1,0,c1cncnc1,"{'fr_Al_COO': 0, 'fr_Al_OH': 0, 'fr_Al_OH_noTert': 0, 'fr_ArN': 0, 'fr_Ar_COO': 0, 'fr_Ar_N': 2, 'fr_Ar_NH': 0, 'fr_Ar_OH': 1, 'fr_COO': 0, 'fr_COO2': 0, 'fr_C_O': 0, 'fr_C_O_noCOO': 0, 'fr_C_S': 0, 'fr_HOCCN': 0, 'fr_Imine': 0, 'fr_NH0': 2, 'fr_NH1': 0, 'fr_NH2': 0, 'fr_N_O': 0, 'fr_Ndealkylation1': 0, 'fr_Ndealkylation2': 0, 'fr_Nhpyrrole': 0, 'fr_SH': 0, 'fr_aldehyde': 0, 'fr_alkyl_carbamate': 0, 'fr_alkyl_halide': 0, 'fr_allylic_oxid': 0, 'fr_amide': 0, 'fr_amidine': 0, 'fr_aniline': 0, 'fr_aryl_methyl': 1, 'fr_azide': 0, 'fr_azo': 0, 'fr_barbitur': 0, 'fr_benzene': 0, 'fr_benzodiazepine': 0, 'fr_bicyclic': 0, 'fr_diazo': 0, 'fr_dihydropyridine': 0, 'fr_epoxide': 0, 'fr_ester': 0, 'fr_ether': 0, 'fr_furan': 0, 'fr_guanido': 0, 'fr_halogen': 1, 'fr_hdrzine': 0, 'fr_hdrzone': 0, 'fr_imidazole': 0, 'fr_imide': 0, 'fr_isocyan': 0, 'fr_isothiocyan': 0, 'fr_ketone': 0, 'fr_ketone_Topliss': 0, 'fr_lactam': 0, 'fr_lactone': 0, 'fr_methoxy': 0, 'fr_morpholine': 0, 'fr_nitrile': 0, 'fr_nitro': 0, 'fr_nitro_arom': 0, 'fr_nitro_arom_nonortho': 0, 'fr_nitroso': 0, 'fr_oxazole': 0, 'fr_oxime': 0, 'fr_para_hydroxylation': 0, 'fr_phenol': 0, 'fr_phenol_noOrthoHbond': 0, 'fr_phos_acid': 0, 'fr_phos_ester': 0, 'fr_piperdine': 0, 'fr_piperzine': 0, 'fr_priamide': 0, 'fr_prisulfonamd': 0, 'fr_pyridine': 0, 'fr_quatN': 0, 'fr_sulfide': 0, 'fr_sulfonamd': 0, 'fr_sulfone': 0, 'fr_term_acetylene': 0, 'fr_tetrazole': 0, 'fr_thiazole': 0, 'fr_thiocyan': 0, 'fr_thiophene': 0, 'fr_unbrch_alkane': 0, 'fr_urea': 0, 'num_rings': 1, 'num_aromatic_rings': 1, 'num_aliphatic_rings': 0, 'num_aromatic_carbocycles': 0, 'num_aliphatic_carbocycles': 0, 'num_saturated_carbocycles': 0, 'num_heterocycles': 1, 'num_aliphatic_heterocycles': 0, 'num_aromatic_heterocycles': 1, 'num_saturated_heterocycles': 0, 'num_hba': 3, 'num_hbd': 1, 'num_rotatable_bonds': 0}",0.002663053192869294,0.011276070215424943,0.0,0.16666666666666666
sm11-15,XQNRBPYRMAXIOB-UHFFFAOYSA-N,CC(=O)c1sc2ccccc2c1O,"InChI=1S/C10H8O2S/c1-6(11)10-9(12)7-4-2-3-5-8(7)13-10/h2-5,12H,1H3",192.024500496,37.3,2.809500000000001,3,1,1,c1ccc2sccc2c1,"{'fr_Al_COO': 0, 'fr_Al_OH': 0, 'fr_Al_OH_noTert': 0, 'fr_ArN': 0, 'fr_Ar_COO': 0, 'fr_Ar_N': 0, 'fr_Ar_NH': 0, 'fr_Ar_OH': 1, 'fr_COO': 0, 'fr_COO2': 0, 'fr_C_O': 1, 'fr_C_O_noCOO': 1, 'fr_C_S': 0, 'fr_HOCCN': 0, 'fr_Imine': 0, 'fr_NH0': 0, 'fr_NH1': 0, 'fr_NH2': 0, 'fr_N_O': 0, 'fr_Ndealkylation1': 0, 'fr_Ndealkylation2': 0, 'fr_Nhpyrrole': 0, 'fr_SH': 0, 'fr_aldehyde': 0, 'fr_alkyl_carbamate': 0, 'fr_alkyl_halide': 0, 'fr_allylic_oxid': 0, 'fr_amide': 0, 'fr_amidine': 0, 'fr_aniline': 0, 'fr_aryl_methyl': 0, 'fr_azide': 0, 'fr_azo': 0, 'fr_barbitur': 0, 'fr_benzene': 1, 'fr_benzodiazepine': 0, 'fr_bicyclic': 1, 'fr_diazo': 0, 'fr_dihydropyridine': 0, 'fr_epoxide': 0, 'fr_ester': 0, 'fr_ether': 0, 'fr_furan': 0, 'fr_guanido': 0, 'fr_halogen': 0, 'fr_hdrzine': 0, 'fr_hdrzone': 0, 'fr_imidazole': 0, 'fr_imide': 0, 'fr_isocyan': 0, 'fr_isothiocyan': 0, 'fr_ketone': 1, 'fr_ketone_Topliss': 1, 'fr_lactam': 0, 'fr_lactone': 0, 'fr_methoxy': 0, 'fr_morpholine': 0, 'fr_nitrile': 0, 'fr_nitro': 0, 'fr_nitro_arom': 0, 'fr_nitro_arom_nonortho': 0, 'fr_nitroso': 0, 'fr_oxazole': 0, 'fr_oxime': 0, 'fr_para_hydroxylation': 0, 'fr_phenol': 0, 'fr_phenol_noOrthoHbond': 0, 'fr_phos_acid': 0, 'fr_phos_ester': 0, 'fr_piperdine': 0, 'fr_piperzine': 0, 'fr_priamide': 0, 'fr_prisulfonamd': 0, 'fr_pyridine': 0, 'fr_quatN': 0, 'fr_sulfide': 0, 'fr_sulfonamd': 0, 'fr_sulfone': 0, 'fr_term_acetylene': 0, 'fr_tetrazole': 0, 'fr_thiazole': 0, 'fr_thiocyan': 0, 'fr_thiophene': 1, 'fr_unbrch_alkane': 0, 'fr_urea': 0, 'num_rings': 2, 'num_aromatic_rings': 2, 'num_aliphatic_rings': 0, 'num_aromatic_carbocycles': 1, 'num_aliphatic_carbocycles': 0, 'num_saturated_carbocycles': 0, 'num_heterocycles': 1, 'num_aliphatic_heterocycles': 0, 'num_aromatic_heterocycles': 1, 'num_saturated_heterocycles': 0, 'num_hba': 3, 'num_hbd': 1, 'num_rotatable_bonds': 1}",0.0024712631854829905,0.009898922411501752,0.0,0.13043478260869565
sm11-16,BXMOHBVSRIRLDB-UHFFFAOYSA-N,CC(C)CC(O)=Nc1cccc(O)c1,"InChI=1S/C11H15NO2/c1-8(2)6-11(14)12-9-4-3-5-10(13)7-9/h3-5,7-8,13H,6H2,1-2H3,(H,12,14)",193.11027872,52.82000000000001,3.026300000000002,2,2,3,c1ccccc1,"{'fr_Al_COO': 0, 'fr_Al_OH': 1, 'fr_Al_OH_noTert': 1, 'fr_ArN': 0, 'fr_Ar_COO': 0, 'fr_Ar_N': 0, 'fr_Ar_NH': 0, 'fr_Ar_OH': 1, 'fr_COO': 0, 'fr_COO2': 0, 'fr_C_O': 0, 'fr_C_O_noCOO': 0, 'fr_C_S': 0, 'fr_HOCCN': 0, 'fr_Imine': 1, 'fr_NH0': 1, 'fr_NH1': 0, 'fr_NH2': 0, 'fr_N_O': 0, 'fr_Ndealkylation1': 0, 'fr_Ndealkylation2': 0, 'fr_Nhpyrrole': 0, 'fr_SH': 0, 'fr_aldehyde': 0, 'fr_alkyl_carbamate': 0, 'fr_alkyl_halide': 0, 'fr_allylic_oxid': 0, 'fr_amide': 0, 'fr_amidine': 0, 'fr_aniline': 0, 'fr_aryl_methyl': 0, 'fr_azide': 0, 'fr_azo': 0, 'fr_barbitur': 0, 'fr_benzene': 1, 'fr_benzodiazepine': 0, 'fr_bicyclic': 0, 'fr_diazo': 0, 'fr_dihydropyridine': 0, 'fr_epoxide': 0, 'fr_ester': 0, 'fr_ether': 0, 'fr_furan': 0, 'fr_guanido': 0, 'fr_halogen': 0, 'fr_hdrzine': 0, 'fr_hdrzone': 0, 'fr_imidazole': 0, 'fr_imide': 0, 'fr_isocyan': 0, 'fr_isothiocyan': 0, 'fr_ketone': 0, 'fr_ketone_Topliss': 0, 'fr_lactam': 0, 'fr_lactone': 0, 'fr_methoxy': 0, 'fr_morpholine': 0, 'fr_nitrile': 0, 'fr_nitro': 0, 'fr_nitro_arom': 0, 'fr_nitro_arom_nonortho': 0, 'fr_nitroso': 0, 'fr_oxazole': 0, 'fr_oxime': 0, 'fr_para_hydroxylation': 0, 'fr_phenol': 1, 'fr_phenol_noOrthoHbond': 1, 'fr_phos_acid': 0, 'fr_phos_ester': 0, 'fr_piperdine': 0, 'fr_piperzine': 0, 'fr_priamide': 0, 'fr_prisulfonamd': 0, 'fr_pyridine': 0, 'fr_quatN': 0, 'fr_sulfide': 0, 'fr_sulfonamd': 0, 'fr_sulfone': 0, 'fr_term_acetylene': 0, 'fr_tetrazole': 0, 'fr_thiazole': 0, 'fr_thiocyan': 0, 'fr_thiophene': 0, 'fr_unbrch_alkane': 0, 'fr_urea': 0, 'num_rings': 1, 'num_aromatic_rings': 1, 'num_aliphatic_rings': 0, 'num_aromatic_carbocycles': 1, 'num_aliphatic_carbocycles': 0, 'num_saturated_carbocycles': 0, 'num_heterocycles': 0, 'num_aliphatic_heterocycles': 0, 'num_aromatic_heterocycles': 0, 'num_saturated_heterocycles': 0, 'num_hba': 2, 'num_hbd': 2, 'num_rotatable_bonds': 3}",0.0022378735308312154,0.009249071929156942,0.0,0.15
sm11-17,PODFNQCZFHLJPH-UHFFFAOYSA-N,O=C(O)c1cccc(-n2cccc2)c1,"InChI=1S/C11H9NO2/c13-11(14)9-4-3-5-10(8-9)12-6-1-2-7-12/h1-8H,(H,13,14)",187.063328528,42.23,2.1754999999999995,2,1,2,c1ccc(-n2cccc2)cc1,"{'fr_Al_COO': 0, 'fr_Al_OH': 0, 'fr_Al_OH_noTert': 0, 'fr_ArN': 0, 'fr_Ar_COO': 1, 'fr_Ar_N': 1, 'fr_Ar_NH': 0, 'fr_Ar_OH': 0, 'fr_COO': 1, 'fr_COO2': 1, 'fr_C_O': 1, 'fr_C_O_noCOO': 0, 'fr_C_S': 0, 'fr_HOCCN': 0, 'fr_Imine': 0, 'fr_NH0': 1, 'fr_NH1': 0, 'fr_NH2': 0, 'fr_N_O': 0, 'fr_Ndealkylation1': 0, 'fr_Ndealkylation2': 0, 'fr_Nhpyrrole': 0, 'fr_SH': 0, 'fr_aldehyde': 0, 'fr_alkyl_carbamate': 0, 'fr_alkyl_halide': 0, 'fr_allylic_oxid': 0, 'fr_amide': 0, 'fr_amidine': 0, 'fr_aniline': 0, 'fr_aryl_methyl': 0, 'fr_azide': 0, 'fr_azo': 0, 'fr_barbitur': 0, 'fr_benzene': 1, 'fr_benzodiazepine': 0, 'fr_bicyclic': 0, 'fr_diazo': 0, 'fr_dihydropyridine': 0, 'fr_epoxide': 0, 'fr_ester': 0, 'fr_ether': 0, 'fr_furan': 0, 'fr_guanido': 0, 'fr_halogen': 0, 'fr_hdrzine': 0, 'fr_hdrzone': 0, 'fr_imidazole': 0, 'fr_imide': 0, 'fr_isocyan': 0, 'fr_isothiocyan': 0, 'fr_ketone': 0, 'fr_ketone_Topliss': 0, 'fr_lactam': 0, 'fr_lactone': 0, 'fr_methoxy': 0, 'fr_morpholine': 0, 'fr_nitrile': 0, 'fr_nitro': 0, 'fr_nitro_arom': 0, 'fr_nitro_arom_nonortho': 0, 'fr_nitroso': 0, 'fr_oxazole': 0, 'fr_oxime': 0, 'fr_para_hydroxylation': 0, 'fr_phenol': 0, 'fr_phenol_noOrthoHbond': 0, 'fr_phos_acid': 0, 'fr_phos_ester': 0, 'fr_piperdine': 0, 'fr_piperzine': 0, 'fr_priamide': 0, 'fr_prisulfonamd': 0, 'fr_pyridine': 0, 'fr_quatN': 0, 'fr_sulfide': 0, 'fr_sulfonamd': 0, 'fr_sulfone': 0, 'fr_term_acetylene': 0, 'fr_tetrazole': 0, 'fr_thiazole': 0, 'fr_thiocyan': 0, 'fr_thiophene': 0, 'fr_unbrch_alkane': 0, 'fr_urea': 0, 'num_rings': 2, 'num_aromatic_rings': 2, 'num_aliphatic_rings': 0, 'num_aromatic_carbocycles': 1, 'num_aliphatic_carbocycles': 0, 'num_saturated_carbocycles': 0, 'num_heterocycles': 1, 'num_aliphatic_heterocycles': 0, 'num_aromatic_heterocycles': 1, 'num_saturated_heterocycles': 0, 'num_hba': 2, 'num_hbd': 1, 'num_rotatable_bonds': 2}",0.002713768741411232,0.009803615850201265,0.0,0.1
sm11-18,GXZAQJCUXCKYKB-UHFFFAOYSA-N,CCc1cc2c(O)ncnc2s1,"InChI=1S/C8H8N2OS/c1-2-5-3-6-7(11)9-4-10-8(6)12-5/h3-4H,2H2,1H3,(H,9,10,11)",180.035733876,46.010000000000005,1.9592999999999996,4,1,1,c1ncc2ccsc2n1,"{'fr_Al_COO': 0, 'fr_Al_OH': 0, 'fr_Al_OH_noTert': 0, 'fr_ArN': 0, 'fr_Ar_COO': 0, 'fr_Ar_N': 2, 'fr_Ar_NH': 0, 'fr_Ar_OH': 1, 'fr_COO': 0, 'fr_COO2': 0, 'fr_C_O': 0, 'fr_C_O_noCOO': 0, 'fr_C_S': 0, 'fr_HOCCN': 0, 'fr_Imine': 0, 'fr_NH0': 2, 'fr_NH1': 0, 'fr_NH2': 0, 'fr_N_O': 0, 'fr_Ndealkylation1': 0, 'fr_Ndealkylation2': 0, 'fr_Nhpyrrole': 0, 'fr_SH': 0, 'fr_aldehyde': 0, 'fr_alkyl_carbamate': 0, 'fr_alkyl_halide': 0, 'fr_allylic_oxid': 0, 'fr_amide': 0, 'fr_amidine': 0, 'fr_aniline': 0, 'fr_aryl_methyl': 1, 'fr_azide': 0, 'fr_azo': 0, 'fr_barbitur': 0, 'fr_benzene': 0, 'fr_benzodiazepine': 0, 'fr_bicyclic': 1, 'fr_diazo': 0, 'fr_dihydropyridine': 0, 'fr_epoxide': 0, 'fr_ester': 0, 'fr_ether': 0, 'fr_furan': 0, 'fr_guanido': 0, 'fr_halogen': 0, 'fr_hdrzine': 0, 'fr_hdrzone': 0, 'fr_imidazole': 0, 'fr_imide': 0, 'fr_isocyan': 0, 'fr_isothiocyan': 0, 'fr_ketone': 0, 'fr_ketone_Topliss': 0, 'fr_lactam': 0, 'fr_lactone': 0, 'fr_methoxy': 0, 'fr_morpholine': 0, 'fr_nitrile': 0, 'fr_nitro': 0, 'fr_nitro_arom': 0, 'fr_nitro_arom_nonortho': 0, 'fr_nitroso': 0, 'fr_oxazole': 0, 'fr_oxime': 0, 'fr_para_hydroxylation': 0, 'fr_phenol': 0, 'fr_phenol_noOrthoHbond': 0, 'fr_phos_acid': 0, 'fr_phos_ester': 0, 'fr_piperdine': 0, 'fr_piperzine': 0, 'fr_priamide': 0, 'fr_prisulfonamd': 0, 'fr_pyridine': 0, 'fr_quatN': 0, 'fr_sulfide': 0, 'fr_sulfonamd': 0, 'fr_sulfone': 0, 'fr_term_acetylene': 0, 'fr_tetrazole': 0, 'fr_thiazole': 0, 'fr_thiocyan': 0, 'fr_thiophene': 1, 'fr_unbrch_alkane': 0, 'fr_urea': 0, 'num_rings': 2, 'num_aromatic_rings': 2, 'num_aliphatic_rings': 0, 'num_aromatic_carbocycles': 0, 'num_aliphatic_carbocycles': 0, 'num_saturated_carbocycles': 0, 'num_heterocycles': 2, 'num_aliphatic_heterocycles': 0, 'num_aromatic_heterocycles': 2, 'num_saturated_heterocycles': 0, 'num_hba': 4, 'num_hbd': 1, 'num_rotatable_bonds': 1}",0.0026653251599972096,0.010664765022731417,0.0,0.15384615384615385
sm11-19,SEKFTKBRYHPGEI-UHFFFAOYSA-N,Cc1nc2ccccn2c1CO,"InChI=1S/C9H10N2O/c1-7-8(6-12)11-5-3-2-4-9(11)10-7/h2-5,12H,6H2,1H3",162.07931294,37.53,1.1350199999999997,3,1,1,c1ccn2ccnc2c1,"{'fr_Al_COO': 0, 'fr_Al_OH': 1, 'fr_Al_OH_noTert': 1, 'fr_ArN': 0, 'fr_Ar_COO': 0, 'fr_Ar_N': 2, 'fr_Ar_NH': 0, 'fr_Ar_OH': 0, 'fr_COO': 0, 'fr_COO2': 0, 'fr_C_O': 0, 'fr_C_O_noCOO': 0, 'fr_C_S': 0, 'fr_HOCCN': 0, 'fr_Imine': 0, 'fr_NH0': 2, 'fr_NH1': 0, 'fr_NH2': 0, 'fr_N_O': 0, 'fr_Ndealkylation1': 0, 'fr_Ndealkylation2': 0, 'fr_Nhpyrrole': 0, 'fr_SH': 0, 'fr_aldehyde': 0, 'fr_alkyl_carbamate': 0, 'fr_alkyl_halide': 0, 'fr_allylic_oxid': 0, 'fr_amide': 0, 'fr_amidine': 0, 'fr_aniline': 0, 'fr_aryl_methyl': 1, 'fr_azide': 0, 'fr_azo': 0, 'fr_barbitur': 0, 'fr_benzene': 0, 'fr_benzodiazepine': 0, 'fr_bicyclic': 1, 'fr_diazo': 0, 'fr_dihydropyridine': 0, 'fr_epoxide': 0, 'fr_ester': 0, 'fr_ether': 0, 'fr_furan': 0, 'fr_guanido': 0, 'fr_halogen': 0, 'fr_hdrzine': 0, 'fr_hdrzone': 0, 'fr_imidazole': 1, 'fr_imide': 0, 'fr_isocyan': 0, 'fr_isothiocyan': 0, 'fr_ketone': 0, 'fr_ketone_Topliss': 0, 'fr_lactam': 0, 'fr_lactone': 0, 'fr_methoxy': 0, 'fr_morpholine': 0, 'fr_nitrile': 0, 'fr_nitro': 0, 'fr_nitro_arom': 0, 'fr_nitro_arom_nonortho': 0, 'fr_nitroso': 0, 'fr_oxazole': 0, 'fr_oxime': 0, 'fr_para_hydroxylation': 0, 'fr_phenol': 0, 'fr_phenol_noOrthoHbond': 0, 'fr_phos_acid': 0, 'fr_phos_ester': 0, 'fr_piperdine': 0, 'fr_piperzine': 0, 'fr_priamide': 0, 'fr_prisulfonamd': 0, 'fr_pyridine': 1, 'fr_quatN': 0, 'fr_sulfide': 0, 'fr_sulfonamd': 0, 'fr_sulfone': 0, 'fr_term_acetylene': 0, 'fr_tetrazole': 0, 'fr_thiazole': 0, 'fr_thiocyan': 0, 'fr_thiophene': 0, 'fr_unbrch_alkane': 0, 'fr_urea': 0, 'num_rings': 2, 'num_aromatic_rings': 2, 'num_aliphatic_rings': 0, 'num_aromatic_carbocycles': 0, 'num_aliphatic_carbocycles': 0, 'num_saturated_carbocycles': 0, 'num_heterocycles': 2, 'num_aliphatic_heterocycles': 0, 'num_aromatic_heterocycles': 2, 'num_saturated_heterocycles': 0, 'num_hba': 3, 'num_hbd': 1, 'num_rotatable_bonds': 1}",0.002592379988058569,0.009989056129822914,0.0,0.11538461538461539
sm11-20,PWJVVMYLEYLDLK-UHFFFAOYSA-N,CN1C(=O)C(C)(C)c2cc(C(=O)O)ccc21,"InChI=1S/C12H13NO3/c1-12(2)8-6-7(10(14)15)4-5-9(8)13(3)11(12)16/h4-6H,1-3H3,(H,14,15)",219.089543276,57.61000000000001,1.6388,2,1,1,O=C1Cc2ccccc2N1,"{'fr_Al_COO': 0, 'fr_Al_OH': 0, 'fr_Al_OH_noTert': 0, 'fr_ArN': 0, 'fr_Ar_COO': 1, 'fr_Ar_N': 0, 'fr_Ar_NH': 0, 'fr_Ar_OH': 0, 'fr_COO': 1, 'fr_COO2': 1, 'fr_C_O': 2, 'fr_C_O_noCOO': 1, 'fr_C_S': 0, 'fr_HOCCN': 0, 'fr_Imine': 0, 'fr_NH0': 1, 'fr_NH1': 0, 'fr_NH2': 0, 'fr_N_O': 0, 'fr_Ndealkylation1': 1, 'fr_Ndealkylation2': 0, 'fr_Nhpyrrole': 0, 'fr_SH': 0, 'fr_aldehyde': 0, 'fr_alkyl_carbamate': 0, 'fr_alkyl_halide': 0, 'fr_allylic_oxid': 0, 'fr_amide': 1, 'fr_amidine': 0, 'fr_aniline': 1, 'fr_aryl_methyl': 0, 'fr_azide': 0, 'fr_azo': 0, 'fr_barbitur': 0, 'fr_benzene': 1, 'fr_benzodiazepine': 0, 'fr_bicyclic': 1, 'fr_diazo': 0, 'fr_dihydropyridine': 0, 'fr_epoxide': 0, 'fr_ester': 0, 'fr_ether': 0, 'fr_furan': 0, 'fr_guanido': 0, 'fr_halogen': 0, 'fr_hdrzine': 0, 'fr_hdrzone': 0, 'fr_imidazole': 0, 'fr_imide': 0, 'fr_isocyan': 0, 'fr_isothiocyan': 0, 'fr_ketone': 0, 'fr_ketone_Topliss': 0, 'fr_lactam': 0, 'fr_lactone': 0, 'fr_methoxy': 0, 'fr_morpholine': 0, 'fr_nitrile': 0, 'fr_nitro': 0, 'fr_nitro_arom': 0, 'fr_nitro_arom_nonortho': 0, 'fr_nitroso': 0, 'fr_oxazole': 0, 'fr_oxime': 0, 'fr_para_hydroxylation': 0, 'fr_phenol': 0, 'fr_phenol_noOrthoHbond': 0, 'fr_phos_acid': 0, 'fr_phos_ester': 0, 'fr_piperdine': 0, 'fr_piperzine': 0, 'fr_priamide': 0, 'fr_prisulfonamd': 0, 'fr_pyridine': 0, 'fr_quatN': 0, 'fr_sulfide': 0, 'fr_sulfonamd': 0, 'fr_sulfone': 0, 'fr_term_acetylene': 0, 'fr_tetrazole': 0, 'fr_thiazole': 0, 'fr_thiocyan': 0, 'fr_thiophene': 0, 'fr_unbrch_alkane': 0, 'fr_urea': 0, 'num_rings': 2, 'num_aromatic_rings': 1, 'num_aliphatic_rings': 1, 'num_aromatic_carbocycles': 1, 'num_aliphatic_carbocycles': 0, 'num_saturated_carbocycles': 0, 'num_heterocycles': 1, 'num_aliphatic_heterocycles': 1, 'num_aromatic_heterocycles': 0, 'num_saturated_heterocycles': 0, 'num_hba': 2, 'num_hbd': 1, 'num_rotatable_bonds': 1}",0.0023182208954795475,0.008304061227076694,0.0,0.08333333333333333
sm11-21,YQPFTAHIXGSNQM-UHFFFAOYSA-N,CC(C)(C)c1cc2nc(C3CC3)cc(C(=O)O)n2n1,"InChI=1S/C14H17N3O2/c1-14(2,3)11-7-12-15-9(8-4-5-8)6-10(13(18)19)17(12)16-11/h6-8H,4-5H2,1-3H3,(H,18,19)",259.132076784,67.49000000000001,2.6024000000000003,4,1,2,c1cc2nc(C3CC3)ccn2n1,"{'fr_Al_COO': 0, 'fr_Al_OH': 0, 'fr_Al_OH_noTert': 0, 'fr_ArN': 0, 'fr_Ar_COO': 1, 'fr_Ar_N': 3, 'fr_Ar_NH': 0, 'fr_Ar_OH': 0, 'fr_COO': 1, 'fr_COO2': 1, 'fr_C_O': 1, 'fr_C_O_noCOO': 0, 'fr_C_S': 0, 'fr_HOCCN': 0, 'fr_Imine': 0, 'fr_NH0': 3, 'fr_NH1': 0, 'fr_NH2': 0, 'fr_N_O': 0, 'fr_Ndealkylation1': 0, 'fr_Ndealkylation2': 0, 'fr_Nhpyrrole': 0, 'fr_SH': 0, 'fr_aldehyde': 0, 'fr_alkyl_carbamate': 0, 'fr_alkyl_halide': 0, 'fr_allylic_oxid': 0, 'fr_amide': 0, 'fr_amidine': 0, 'fr_aniline': 0, 'fr_aryl_methyl': 0, 'fr_azide': 0, 'fr_azo': 0, 'fr_barbitur': 0, 'fr_benzene': 0, 'fr_benzodiazepine': 0, 'fr_bicyclic': 1, 'fr_diazo': 0, 'fr_dihydropyridine': 0, 'fr_epoxide': 0, 'fr_ester': 0, 'fr_ether': 0, 'fr_furan': 0, 'fr_guanido': 0, 'fr_halogen': 0, 'fr_hdrzine': 0, 'fr_hdrzone': 0, 'fr_imidazole': 0, 'fr_imide': 0, 'fr_isocyan': 0, 'fr_isothiocyan': 0, 'fr_ketone': 0, 'fr_ketone_Topliss': 0, 'fr_lactam': 0, 'fr_lactone': 0, 'fr_methoxy': 0, 'fr_morpholine': 0, 'fr_nitrile': 0, 'fr_nitro': 0, 'fr_nitro_arom': 0, 'fr_nitro_arom_nonortho': 0, 'fr_nitroso': 0, 'fr_oxazole': 0, 'fr_oxime': 0, 'fr_para_hydroxylation': 0, 'fr_phenol': 0, 'fr_phenol_noOrthoHbond': 0, 'fr_phos_acid': 0, 'fr_phos_ester': 0, 'fr_piperdine': 0, 'fr_piperzine': 0, 'fr_priamide': 0, 'fr_prisulfonamd': 0, 'fr_pyridine': 0, 'fr_quatN': 0, 'fr_sulfide': 0, 'fr_sulfonamd': 0, 'fr_sulfone': 0, 'fr_term_acetylene': 0, 'fr_tetrazole': 0, 'fr_thiazole': 0, 'fr_thiocyan': 0, 'fr_thiophene': 0, 'fr_unbrch_alkane': 0, 'fr_urea': 0, 'num_rings': 3, 'num_aromatic_rings': 2, 'num_aliphatic_rings': 1, 'num_aromatic_carbocycles': 0, 'num_aliphatic_carbocycles': 1, 'num_saturated_carbocycles': 1, 'num_heterocycles': 2, 'num_aliphatic_heterocycles': 0, 'num_aromatic_heterocycles': 2, 'num_saturated_heterocycles': 0, 'num_hba': 4, 'num_hbd': 1, 'num_rotatable_bonds': 2}",0.0024257712073502673,0.009420511212682435,0.0,0.11764705882352941
sm11-22,UBAYZMJYXBTDBB-UHFFFAOYSA-N,CN(C)C(=O)c1ccccc1O,"InChI=1S/C9H11NO2/c1-10(2)9(12)7-5-3-4-6-8(7)11/h3-6,11H,1-2H3",165.078978592,40.54,1.094,2,1,1,c1ccccc1,"{'fr_Al_COO': 0, 'fr_Al_OH': 0, 'fr_Al_OH_noTert': 0, 'fr_ArN': 0, 'fr_Ar_COO': 0, 'fr_Ar_N': 0, 'fr_Ar_NH': 0, 'fr_Ar_OH': 1, 'fr_COO': 0, 'fr_COO2': 0, 'fr_C_O': 1, 'fr_C_O_noCOO': 1, 'fr_C_S': 0, 'fr_HOCCN': 0, 'fr_Imine': 0, 'fr_NH0': 1, 'fr_NH1': 0, 'fr_NH2': 0, 'fr_N_O': 0, 'fr_Ndealkylation1': 0, 'fr_Ndealkylation2': 0, 'fr_Nhpyrrole': 0, 'fr_SH': 0, 'fr_aldehyde': 0, 'fr_alkyl_carbamate': 0, 'fr_alkyl_halide': 0, 'fr_allylic_oxid': 0, 'fr_amide': 1, 'fr_amidine': 0, 'fr_aniline': 0, 'fr_aryl_methyl': 0, 'fr_azide': 0, 'fr_azo': 0, 'fr_barbitur': 0, 'fr_benzene': 1, 'fr_benzodiazepine': 0, 'fr_bicyclic': 0, 'fr_diazo': 0, 'fr_dihydropyridine': 0, 'fr_epoxide': 0, 'fr_ester': 0, 'fr_ether': 0, 'fr_furan': 0, 'fr_guanido': 0, 'fr_halogen': 0, 'fr_hdrzine': 0, 'fr_hdrzone': 0, 'fr_imidazole': 0, 'fr_imide': 0, 'fr_isocyan': 0, 'fr_isothiocyan': 0, 'fr_ketone': 0, 'fr_ketone_Topliss': 0, 'fr_lactam': 0, 'fr_lactone': 0, 'fr_methoxy': 0, 'fr_morpholine': 0, 'fr_nitrile': 0, 'fr_nitro': 0, 'fr_nitro_arom': 0, 'fr_nitro_arom_nonortho': 0, 'fr_nitroso': 0, 'fr_oxazole': 0, 'fr_oxime': 0, 'fr_para_hydroxylation': 1, 'fr_phenol': 1, 'fr_phenol_noOrthoHbond': 1, 'fr_phos_acid': 0, 'fr_phos_ester': 0, 'fr_piperdine': 0, 'fr_piperzine': 0, 'fr_priamide': 0, 'fr_prisulfonamd': 0, 'fr_pyridine': 0, 'fr_quatN': 0, 'fr_sulfide': 0, 'fr_sulfonamd': 0, 'fr_sulfone': 0, 'fr_term_acetylene': 0, 'fr_tetrazole': 0, 'fr_thiazole': 0, 'fr_thiocyan': 0, 'fr_thiophene': 0, 'fr_unbrch_alkane': 0, 'fr_urea': 0, 'num_rings': 1, 'num_aromatic_rings': 1, 'num_aliphatic_rings': 0, 'num_aromatic_carbocycles': 1, 'num_aliphatic_carbocycles': 0, 'num_saturated_carbocycles': 0, 'num_heterocycles': 0, 'num_aliphatic_heterocycles': 0, 'num_aromatic_heterocycles': 0, 'num_saturated_heterocycles': 0, 'num_hba': 2, 'num_hbd': 1, 'num_rotatable_bonds': 1}",0.0022616249173022895,0.009032593472229322,0.0,0.11764705882352941
sm11-23,BBVREYZUQSMPTO-UHFFFAOYSA-N,CCc1ncc(C(=O)O)c(C)n1,"InChI=1S/C8H10N2O2/c1-3-7-9-4-6(8(11)12)5(2)10-7/h4H,3H2,1-2H3,(H,11,12)",166.07422756,63.08,1.04562,3,1,2,c1cncnc1,"{'fr_Al_COO': 0, 'fr_Al_OH': 0, 'fr_Al_OH_noTert': 0, 'fr_ArN': 0, 'fr_Ar_COO': 1, 'fr_Ar_N': 2, 'fr_Ar_NH': 0, 'fr_Ar_OH': 0, 'fr_COO': 1, 'fr_COO2': 1, 'fr_C_O': 1, 'fr_C_O_noCOO': 0, 'fr_C_S': 0, 'fr_HOCCN': 0, 'fr_Imine': 0, 'fr_NH0': 2, 'fr_NH1': 0, 'fr_NH2': 0, 'fr_N_O': 0, 'fr_Ndealkylation1': 0, 'fr_Ndealkylation2': 0, 'fr_Nhpyrrole': 0, 'fr_SH': 0, 'fr_aldehyde': 0, 'fr_alkyl_carbamate': 0, 'fr_alkyl_halide': 0, 'fr_allylic_oxid': 0, 'fr_amide': 0, 'fr_amidine': 0, 'fr_aniline': 0, 'fr_aryl_methyl': 2, 'fr_azide': 0, 'fr_azo': 0, 'fr_barbitur': 0, 'fr_benzene': 0, 'fr_benzodiazepine': 0, 'fr_bicyclic': 0, 'fr_diazo': 0, 'fr_dihydropyridine': 0, 'fr_epoxide': 0, 'fr_ester': 0, 'fr_ether': 0, 'fr_furan': 0, 'fr_guanido': 0, 'fr_halogen': 0, 'fr_hdrzine': 0, 'fr_hdrzone': 0, 'fr_imidazole': 0, 'fr_imide': 0, 'fr_isocyan': 0, 'fr_isothiocyan': 0, 'fr_ketone': 0, 'fr_ketone_Topliss': 0, 'fr_lactam': 0, 'fr_lactone': 0, 'fr_methoxy': 0, 'fr_morpholine': 0, 'fr_nitrile': 0, 'fr_nitro': 0, 'fr_nitro_arom': 0, 'fr_nitro_arom_nonortho': 0, 'fr_nitroso': 0, 'fr_oxazole': 0, 'fr_oxime': 0, 'fr_para_hydroxylation': 0, 'fr_phenol': 0, 'fr_phenol_noOrthoHbond': 0, 'fr_phos_acid': 0, 'fr_phos_ester': 0, 'fr_piperdine': 0, 'fr_piperzine': 0, 'fr_priamide': 0, 'fr_prisulfonamd': 0, 'fr_pyridine': 0, 'fr_quatN': 0, 'fr_sulfide': 0, 'fr_sulfonamd': 0, 'fr_sulfone': 0, 'fr_term_acetylene': 0, 'fr_tetrazole': 0, 'fr_thiazole': 0, 'fr_thiocyan': 0, 'fr_thiophene': 0, 'fr_unbrch_alkane': 0, 'fr_urea': 0, 'num_rings': 1, 'num_aromatic_rings': 1, 'num_aliphatic_rings': 0, 'num_aromatic_carbocycles': 0, 'num_aliphatic_carbocycles': 0, 'num_saturated_carbocycles': 0, 'num_heterocycles': 1, 'num_aliphatic_heterocycles': 0, 'num_aromatic_heterocycles': 1, 'num_saturated_heterocycles': 0, 'num_hba': 3, 'num_hbd': 1, 'num_rotatable_bonds': 2}",0.0025922087245366533,0.010238128017927759,0.0,0.13043478260869565
sm11-24,MVHYZDDSGBXCEZ-UHFFFAOYSA-N,Cc1cc(N2CCOCC2)c2ccccc2n1,"InChI=1S/C14H16N2O/c1-11-10-14(16-6-8-17-9-7-16)12-4-2-3-5-13(12)15-11/h2-5,10H,6-9H2,1H3",228.126263132,25.360000000000003,2.3798200000000005,3,0,1,c1ccc2c(N3CCOCC3)ccnc2c1,"{'fr_Al_COO': 0, 'fr_Al_OH': 0, 'fr_Al_OH_noTert': 0, 'fr_ArN': 0, 'fr_Ar_COO': 0, 'fr_Ar_N': 1, 'fr_Ar_NH': 0, 'fr_Ar_OH': 0, 'fr_COO': 0, 'fr_COO2': 0, 'fr_C_O': 0, 'fr_C_O_noCOO': 0, 'fr_C_S': 0, 'fr_HOCCN': 0, 'fr_Imine': 0, 'fr_NH0': 2, 'fr_NH1': 0, 'fr_NH2': 0, 'fr_N_O': 0, 'fr_Ndealkylation1': 0, 'fr_Ndealkylation2': 0, 'fr_Nhpyrrole': 0, 'fr_SH': 0, 'fr_aldehyde': 0, 'fr_alkyl_carbamate': 0, 'fr_alkyl_halide': 0, 'fr_allylic_oxid': 0, 'fr_amide': 0, 'fr_amidine': 0, 'fr_aniline': 1, 'fr_aryl_methyl': 1, 'fr_azide': 0, 'fr_azo': 0, 'fr_barbitur': 0, 'fr_benzene': 1, 'fr_benzodiazepine': 0, 'fr_bicyclic': 1, 'fr_diazo': 0, 'fr_dihydropyridine': 0, 'fr_epoxide': 0, 'fr_ester': 0, 'fr_ether': 1, 'fr_furan': 0, 'fr_guanido': 0, 'fr_halogen': 0, 'fr_hdrzine': 0, 'fr_hdrzone': 0, 'fr_imidazole': 0, 'fr_imide': 0, 'fr_isocyan': 0, 'fr_isothiocyan': 0, 'fr_ketone': 0, 'fr_ketone_Topliss': 0, 'fr_lactam': 0, 'fr_lactone': 0, 'fr_methoxy': 0, 'fr_morpholine': 1, 'fr_nitrile': 0, 'fr_nitro': 0, 'fr_nitro_arom': 0, 'fr_nitro_arom_nonortho': 0, 'fr_nitroso': 0, 'fr_oxazole': 0, 'fr_oxime': 0, 'fr_para_hydroxylation': 1, 'fr_phenol': 0, 'fr_phenol_noOrthoHbond': 0, 'fr_phos_acid': 0, 'fr_phos_ester': 0, 'fr_piperdine': 0, 'fr_piperzine': 0, 'fr_priamide': 0, 'fr_prisulfonamd': 0, 'fr_pyridine': 1, 'fr_quatN': 0, 'fr_sulfide': 0, 'fr_sulfonamd': 0, 'fr_sulfone': 0, 'fr_term_acetylene': 0, 'fr_tetrazole': 0, 'fr_thiazole': 0, 'fr_thiocyan': 0, 'fr_thiophene': 0, 'fr_unbrch_alkane': 0, 'fr_urea': 0, 'num_rings': 3, 'num_aromatic_rings': 2, 'num_aliphatic_rings': 1, 'num_aromatic_carbocycles': 1, 'num_aliphatic_carbocycles': 0, 'num_saturated_carbocycles': 0, 'num_heterocycles': 2, 'num_aliphatic_heterocycles': 1, 'num_aromatic_heterocycles': 1, 'num_saturated_heterocycles': 1, 'num_hba': 3, 'num_hbd': 0, 'num_rotatable_bonds': 1}",0.0024481323190488923,0.009018155448536156,0.0,0.1
sm11-25,SBCFVMSQHHCZHV-UHFFFAOYSA-N,Cc1cc2ncn(CCC(=N)O)c2cc1C,"InChI=1S/C12H15N3O/c1-8-5-10-11(6-9(8)2)15(7-14-10)4-3-12(13)16/h5-7H,3-4H2,1-2H3,(H2,13,16)",217.1215121,61.900000000000006,2.57851,3,2,3,c1ccc2[nH]cnc2c1,"{'fr_Al_COO': 0, 'fr_Al_OH': 1, 'fr_Al_OH_noTert': 1, 'fr_ArN': 0, 'fr_Ar_COO': 0, 'fr_Ar_N': 2, 'fr_Ar_NH': 0, 'fr_Ar_OH': 0, 'fr_COO': 0, 'fr_COO2': 0, 'fr_C_O': 0, 'fr_C_O_noCOO': 0, 'fr_C_S': 0, 'fr_HOCCN': 0, 'fr_Imine': 0, 'fr_NH0': 2, 'fr_NH1': 1, 'fr_NH2': 0, 'fr_N_O': 0, 'fr_Ndealkylation1': 0, 'fr_Ndealkylation2': 0, 'fr_Nhpyrrole': 0, 'fr_SH': 0, 'fr_aldehyde': 0, 'fr_alkyl_carbamate': 0, 'fr_alkyl_halide': 0, 'fr_allylic_oxid': 0, 'fr_amide': 0, 'fr_amidine': 0, 'fr_aniline': 0, 'fr_aryl_methyl': 3, 'fr_azide': 0, 'fr_azo': 0, 'fr_barbitur': 0, 'fr_benzene': 1, 'fr_benzodiazepine': 0, 'fr_bicyclic': 1, 'fr_diazo': 0, 'fr_dihydropyridine': 0, 'fr_epoxide': 0, 'fr_ester': 0, 'fr_ether': 0, 'fr_furan': 0, 'fr_guanido': 0, 'fr_halogen': 0, 'fr_hdrzine': 0, 'fr_hdrzone': 0, 'fr_imidazole': 1, 'fr_imide': 0, 'fr_isocyan': 0, 'fr_isothiocyan': 0, 'fr_ketone': 0, 'fr_ketone_Topliss': 0, 'fr_lactam': 0, 'fr_lactone': 0, 'fr_methoxy': 0, 'fr_morpholine': 0, 'fr_nitrile': 0, 'fr_nitro': 0, 'fr_nitro_arom': 0, 'fr_nitro_arom_nonortho': 0, 'fr_nitroso': 0, 'fr_oxazole': 0, 'fr_oxime': 0, 'fr_para_hydroxylation': 0, 'fr_phenol': 0, 'fr_phenol_noOrthoHbond': 0, 'fr_phos_acid': 0, 'fr_phos_ester': 0, 'fr_piperdine': 0, 'fr_piperzine': 0, 'fr_priamide': 0, 'fr_prisulfonamd': 0, 'fr_pyridine': 0, 'fr_quatN': 0, 'fr_sulfide': 0, 'fr_sulfonamd': 0, 'fr_sulfone': 0, 'fr_term_acetylene': 0, 'fr_tetrazole': 0, 'fr_thiazole': 0, 'fr_thiocyan': 0, 'fr_thiophene': 0, 'fr_unbrch_alkane': 0, 'fr_urea': 0, 'num_rings': 2, 'num_aromatic_rings': 2, 'num_aliphatic_rings': 0, 'num_aromatic_carbocycles': 1, 'num_aliphatic_carbocycles': 0, 'num_saturated_carbocycles': 0, 'num_heterocycles': 1, 'num_aliphatic_heterocycles': 0, 'num_aromatic_heterocycles': 1, 'num_saturated_heterocycles': 0, 'num_hba': 3, 'num_hbd': 2, 'num_rotatable_bonds': 3}",0.002640280985792975,0.009484948053098274,0.0,0.1
sm11-26,WCSMZAHKVXOYLH-UHFFFAOYSA-N,Oc1ncnc2ccc(F)cc12,"InChI=1S/C8H5FN2O/c9-5-1-2-7-6(3-5)8(12)11-4-10-7/h1-4H,(H,10,11,12)",164.038591,46.010000000000005,1.4744999999999997,3,1,0,c1ccc2ncncc2c1,"{'fr_Al_COO': 0, 'fr_Al_OH': 0, 'fr_Al_OH_noTert': 0, 'fr_ArN': 0, 'fr_Ar_COO': 0, 'fr_Ar_N': 2, 'fr_Ar_NH': 0, 'fr_Ar_OH': 1, 'fr_COO': 0, 'fr_COO2': 0, 'fr_C_O': 0, 'fr_C_O_noCOO': 0, 'fr_C_S': 0, 'fr_HOCCN': 0, 'fr_Imine': 0, 'fr_NH0': 2, 'fr_NH1': 0, 'fr_NH2': 0, 'fr_N_O': 0, 'fr_Ndealkylation1': 0, 'fr_Ndealkylation2': 0, 'fr_Nhpyrrole': 0, 'fr_SH': 0, 'fr_aldehyde': 0, 'fr_alkyl_carbamate': 0, 'fr_alkyl_halide': 0, 'fr_allylic_oxid': 0, 'fr_amide': 0, 'fr_amidine': 0, 'fr_aniline': 0, 'fr_aryl_methyl': 0, 'fr_azide': 0, 'fr_azo': 0, 'fr_barbitur': 0, 'fr_benzene': 1, 'fr_benzodiazepine': 0, 'fr_bicyclic': 1, 'fr_diazo': 0, 'fr_dihydropyridine': 0, 'fr_epoxide': 0, 'fr_ester': 0, 'fr_ether': 0, 'fr_furan': 0, 'fr_guanido': 0, 'fr_halogen': 1, 'fr_hdrzine': 0, 'fr_hdrzone': 0, 'fr_imidazole': 0, 'fr_imide': 0, 'fr_isocyan': 0, 'fr_isothiocyan': 0, 'fr_ketone': 0, 'fr_ketone_Topliss': 0, 'fr_lactam': 0, 'fr_lactone': 0, 'fr_methoxy': 0, 'fr_morpholine': 0, 'fr_nitrile': 0, 'fr_nitro': 0, 'fr_nitro_arom': 0, 'fr_nitro_arom_nonortho': 0, 'fr_nitroso': 0, 'fr_oxazole': 0, 'fr_oxime': 0, 'fr_para_hydroxylation': 0, 'fr_phenol': 0, 'fr_phenol_noOrthoHbond': 0, 'fr_phos_acid': 0, 'fr_phos_ester': 0, 'fr_piperdine': 0, 'fr_piperzine': 0, 'fr_priamide': 0, 'fr_prisulfonamd': 0, 'fr_pyridine': 0, 'fr_quatN': 0, 'fr_sulfide': 0, 'fr_sulfonamd': 0, 'fr_sulfone': 0, 'fr_term_acetylene': 0, 'fr_tetrazole': 0, 'fr_thiazole': 0, 'fr_thiocyan': 0, 'fr_thiophene': 0, 'fr_unbrch_alkane': 0, 'fr_urea': 0, 'num_rings': 2, 'num_aromatic_rings': 2, 'num_aliphatic_rings': 0, 'num_aromatic_carbocycles': 1, 'num_aliphatic_carbocycles': 0, 'num_saturated_carbocycles': 0, 'num_heterocycles': 1, 'num_aliphatic_heterocycles': 0, 'num_aromatic_heterocycles': 1, 'num_saturated_heterocycles': 0, 'num_hba': 3, 'num_hbd': 1, 'num_rotatable_bonds': 0}",0.0028387218486190064,0.010955178237132025,0.0,0.13636363636363635
sm11-27,JZHSNWDNRXLMND-UHFFFAOYSA-N,NC(=O)c1ccc(-c2ccccn2)cc1,"InChI=1S/C12H10N2O/c13-12(15)10-6-4-9(5-7-10)11-3-1-2-8-14-11/h1-8H,(H2,13,15)",198.07931294,55.98,1.8475,2,1,2,c1ccc(-c2ccccn2)cc1,"{'fr_Al_COO': 0, 'fr_Al_OH': 0, 'fr_Al_OH_noTert': 0, 'fr_ArN': 0, 'fr_Ar_COO': 0, 'fr_Ar_N': 1, 'fr_Ar_NH': 0, 'fr_Ar_OH': 0, 'fr_COO': 0, 'fr_COO2': 0, 'fr_C_O': 1, 'fr_C_O_noCOO': 1, 'fr_C_S': 0, 'fr_HOCCN': 0, 'fr_Imine': 0, 'fr_NH0': 1, 'fr_NH1': 0, 'fr_NH2': 1, 'fr_N_O': 0, 'fr_Ndealkylation1': 0, 'fr_Ndealkylation2': 0, 'fr_Nhpyrrole': 0, 'fr_SH': 0, 'fr_aldehyde': 0, 'fr_alkyl_carbamate': 0, 'fr_alkyl_halide': 0, 'fr_allylic_oxid': 0, 'fr_amide': 1, 'fr_amidine': 0, 'fr_aniline': 0, 'fr_aryl_methyl': 0, 'fr_azide': 0, 'fr_azo': 0, 'fr_barbitur': 0, 'fr_benzene': 1, 'fr_benzodiazepine': 0, 'fr_bicyclic': 0, 'fr_diazo': 0, 'fr_dihydropyridine': 0, 'fr_epoxide': 0, 'fr_ester': 0, 'fr_ether': 0, 'fr_furan': 0, 'fr_guanido': 0, 'fr_halogen': 0, 'fr_hdrzine': 0, 'fr_hdrzone': 0, 'fr_imidazole': 0, 'fr_imide': 0, 'fr_isocyan': 0, 'fr_isothiocyan': 0, 'fr_ketone': 0, 'fr_ketone_Topliss': 0, 'fr_lactam': 0, 'fr_lactone': 0, 'fr_methoxy': 0, 'fr_morpholine': 0, 'fr_nitrile': 0, 'fr_nitro': 0, 'fr_nitro_arom': 0, 'fr_nitro_arom_nonortho': 0, 'fr_nitroso': 0, 'fr_oxazole': 0, 'fr_oxime': 0, 'fr_para_hydroxylation': 0, 'fr_phenol': 0, 'fr_phenol_noOrthoHbond': 0, 'fr_phos_acid': 0, 'fr_phos_ester': 0, 'fr_piperdine': 0, 'fr_piperzine': 0, 'fr_priamide': 1, 'fr_prisulfonamd': 0, 'fr_pyridine': 1, 'fr_quatN': 0, 'fr_sulfide': 0, 'fr_sulfonamd': 0, 'fr_sulfone': 0, 'fr_term_acetylene': 0, 'fr_tetrazole': 0, 'fr_thiazole': 0, 'fr_thiocyan': 0, 'fr_thiophene': 0, 'fr_unbrch_alkane': 0, 'fr_urea': 0, 'num_rings': 2, 'num_aromatic_rings': 2, 'num_aliphatic_rings': 0, 'num_aromatic_carbocycles': 1, 'num_aliphatic_carbocycles': 0, 'num_saturated_carbocycles': 0, 'num_heterocycles': 1, 'num_aliphatic_heterocycles': 0, 'num_aromatic_heterocycles': 1, 'num_saturated_heterocycles': 0, 'num_hba': 2, 'num_hbd': 1, 'num_rotatable_bonds': 2}",0.002596971745532335,0.009301175131222125,0.0,0.09090909090909091
sm11-28,HGLHZTOYJKZEBP-UHFFFAOYSA-N,Cn1ccnc1-c1cccnc1,"InChI=1S/C9H9N3/c1-12-6-5-11-9(12)8-3-2-4-10-7-8/h2-7H,1H3",159.079647288,30.71,1.4820999999999998,3,0,1,c1cncc(-c2ncc[nH]2)c1,"{'fr_Al_COO': 0, 'fr_Al_OH': 0, 'fr_Al_OH_noTert': 0, 'fr_ArN': 0, 'fr_Ar_COO': 0, 'fr_Ar_N': 3, 'fr_Ar_NH': 0, 'fr_Ar_OH': 0, 'fr_COO': 0, 'fr_COO2': 0, 'fr_C_O': 0, 'fr_C_O_noCOO': 0, 'fr_C_S': 0, 'fr_HOCCN': 0, 'fr_Imine': 0, 'fr_NH0': 3, 'fr_NH1': 0, 'fr_NH2': 0, 'fr_N_O': 0, 'fr_Ndealkylation1': 0, 'fr_Ndealkylation2': 0, 'fr_Nhpyrrole': 0, 'fr_SH': 0, 'fr_aldehyde': 0, 'fr_alkyl_carbamate': 0, 'fr_alkyl_halide': 0, 'fr_allylic_oxid': 0, 'fr_amide': 0, 'fr_amidine': 0, 'fr_aniline': 0, 'fr_aryl_methyl': 1, 'fr_azide': 0, 'fr_azo': 0, 'fr_barbitur': 0, 'fr_benzene': 0, 'fr_benzodiazepine': 0, 'fr_bicyclic': 0, 'fr_diazo': 0, 'fr_dihydropyridine': 0, 'fr_epoxide': 0, 'fr_ester': 0, 'fr_ether': 0, 'fr_furan': 0, 'fr_guanido': 0, 'fr_halogen': 0, 'fr_hdrzine': 0, 'fr_hdrzone': 0, 'fr_imidazole': 1, 'fr_imide': 0, 'fr_isocyan': 0, 'fr_isothiocyan': 0, 'fr_ketone': 0, 'fr_ketone_Topliss': 0, 'fr_lactam': 0, 'fr_lactone': 0, 'fr_methoxy': 0, 'fr_morpholine': 0, 'fr_nitrile': 0, 'fr_nitro': 0, 'fr_nitro_arom': 0, 'fr_nitro_arom_nonortho': 0, 'fr_nitroso': 0, 'fr_oxazole': 0, 'fr_oxime': 0, 'fr_para_hydroxylation': 0, 'fr_phenol': 0, 'fr_phenol_noOrthoHbond': 0, 'fr_phos_acid': 0, 'fr_phos_ester': 0, 'fr_piperdine': 0, 'fr_piperzine': 0, 'fr_priamide': 0, 'fr_prisulfonamd': 0, 'fr_pyridine': 1, 'fr_quatN': 0, 'fr_sulfide': 0, 'fr_sulfonamd': 0, 'fr_sulfone': 0, 'fr_term_acetylene': 0, 'fr_tetrazole': 0, 'fr_thiazole': 0, 'fr_thiocyan': 0, 'fr_thiophene': 0, 'fr_unbrch_alkane': 0, 'fr_urea': 0, 'num_rings': 2, 'num_aromatic_rings': 2, 'num_aliphatic_rings': 0, 'num_aromatic_carbocycles': 0, 'num_aliphatic_carbocycles': 0, 'num_saturated_carbocycles': 0, 'num_heterocycles': 2, 'num_aliphatic_heterocycles': 0, 'num_aromatic_heterocycles': 2, 'num_saturated_heterocycles': 0, 'num_hba': 3, 'num_hbd': 0, 'num_rotatable_bonds': 1}",0.0024668595714462077,0.010538218542403117,0.0,0.125
sm11-29,NWCQWSZPGGUHFP-UHFFFAOYSA-N,Cc1ccc(-n2nnc(C(=O)O)c2C2CC2)cc1,"InChI=1S/C13H13N3O2/c1-8-2-6-10(7-3-8)16-12(9-4-5-9)11(13(17)18)14-15-16/h2-3,6-7,9H,4-5H2,1H3,(H,17,18)",243.100776656,68.01,2.15132,4,1,3,c1ccc(-n2nncc2C2CC2)cc1,"{'fr_Al_COO': 0, 'fr_Al_OH': 0, 'fr_Al_OH_noTert': 0, 'fr_ArN': 0, 'fr_Ar_COO': 1, 'fr_Ar_N': 3, 'fr_Ar_NH': 0, 'fr_Ar_OH': 0, 'fr_COO': 1, 'fr_COO2': 1, 'fr_C_O': 1, 'fr_C_O_noCOO': 0, 'fr_C_S': 0, 'fr_HOCCN': 0, 'fr_Imine': 0, 'fr_NH0': 3, 'fr_NH1': 0, 'fr_NH2': 0, 'fr_N_O': 0, 'fr_Ndealkylation1': 0, 'fr_Ndealkylation2': 0, 'fr_Nhpyrrole': 0, 'fr_SH': 0, 'fr_aldehyde': 0, 'fr_alkyl_carbamate': 0, 'fr_alkyl_halide': 0, 'fr_allylic_oxid': 0, 'fr_amide': 0, 'fr_amidine': 0, 'fr_aniline': 0, 'fr_aryl_methyl': 1, 'fr_azide': 0, 'fr_azo': 0, 'fr_barbitur': 0, 'fr_benzene': 1, 'fr_benzodiazepine': 0, 'fr_bicyclic': 0, 'fr_diazo': 0, 'fr_dihydropyridine': 0, 'fr_epoxide': 0, 'fr_ester': 0, 'fr_ether': 0, 'fr_furan': 0, 'fr_guanido': 0, 'fr_halogen': 0, 'fr_hdrzine': 0, 'fr_hdrzone': 0, 'fr_imidazole': 0, 'fr_imide': 0, 'fr_isocyan': 0, 'fr_isothiocyan': 0, 'fr_ketone': 0, 'fr_ketone_Topliss': 0, 'fr_lactam': 0, 'fr_lactone': 0, 'fr_methoxy': 0, 'fr_morpholine': 0, 'fr_nitrile': 0, 'fr_nitro': 0, 'fr_nitro_arom': 0, 'fr_nitro_arom_nonortho': 0, 'fr_nitroso': 0, 'fr_oxazole': 0, 'fr_oxime': 0, 'fr_para_hydroxylation': 0, 'fr_phenol': 0, 'fr_phenol_noOrthoHbond': 0, 'fr_phos_acid': 0, 'fr_phos_ester': 0, 'fr_piperdine': 0, 'fr_piperzine': 0, 'fr_priamide': 0, 'fr_prisulfonamd': 0, 'fr_pyridine': 0, 'fr_quatN': 0, 'fr_sulfide': 0, 'fr_sulfonamd': 0, 'fr_sulfone': 0, 'fr_term_acetylene': 0, 'fr_tetrazole': 0, 'fr_thiazole': 0, 'fr_thiocyan': 0, 'fr_thiophene': 0, 'fr_unbrch_alkane': 0, 'fr_urea': 0, 'num_rings': 3, 'num_aromatic_rings': 2, 'num_aliphatic_rings': 1, 'num_aromatic_carbocycles': 1, 'num_aliphatic_carbocycles': 1, 'num_saturated_carbocycles': 1, 'num_heterocycles': 1, 'num_aliphatic_heterocycles': 0, 'num_aromatic_heterocycles': 1, 'num_saturated_heterocycles': 0, 'num_hba': 4, 'num_hbd': 1, 'num_rotatable_bonds': 3}",0.002527441501910861,0.009322606346088641,0.0,0.11428571428571428
sm11-30,VYHNSPUVKZPCDZ-UHFFFAOYSA-N,OCCN=C(O)c1cc2ccccc2cc1O,"InChI=1S/C13H13NO3/c15-6-5-14-13(17)11-7-9-3-1-2-4-10(9)8-12(11)16/h1-4,7-8,15-16H,5-6H2,(H,14,17)",231.089543276,73.05000000000001,1.8423000000000005,3,3,3,c1ccc2ccccc2c1,"{'fr_Al_COO': 0, 'fr_Al_OH': 2, 'fr_Al_OH_noTert': 2, 'fr_ArN': 0, 'fr_Ar_COO': 0, 'fr_Ar_N': 0, 'fr_Ar_NH': 0, 'fr_Ar_OH': 1, 'fr_COO': 0, 'fr_COO2': 0, 'fr_C_O': 0, 'fr_C_O_noCOO': 0, 'fr_C_S': 0, 'fr_HOCCN': 0, 'fr_Imine': 1, 'fr_NH0': 1, 'fr_NH1': 0, 'fr_NH2': 0, 'fr_N_O': 0, 'fr_Ndealkylation1': 0, 'fr_Ndealkylation2': 0, 'fr_Nhpyrrole': 0, 'fr_SH': 0, 'fr_aldehyde': 0, 'fr_alkyl_carbamate': 0, 'fr_alkyl_halide': 0, 'fr_allylic_oxid': 0, 'fr_amide': 0, 'fr_amidine': 0, 'fr_aniline': 0, 'fr_aryl_methyl': 0, 'fr_azide': 0, 'fr_azo': 0, 'fr_barbitur': 0, 'fr_benzene': 2, 'fr_benzodiazepine': 0, 'fr_bicyclic': 1, 'fr_diazo': 0, 'fr_dihydropyridine': 0, 'fr_epoxide': 0, 'fr_ester': 0, 'fr_ether': 0, 'fr_furan': 0, 'fr_guanido': 0, 'fr_halogen': 0, 'fr_hdrzine': 0, 'fr_hdrzone': 0, 'fr_imidazole': 0, 'fr_imide': 0, 'fr_isocyan': 0, 'fr_isothiocyan': 0, 'fr_ketone': 0, 'fr_ketone_Topliss': 0, 'fr_lactam': 0, 'fr_lactone': 0, 'fr_methoxy': 0, 'fr_morpholine': 0, 'fr_nitrile': 0, 'fr_nitro': 0, 'fr_nitro_arom': 0, 'fr_nitro_arom_nonortho': 0, 'fr_nitroso': 0, 'fr_oxazole': 0, 'fr_oxime': 0, 'fr_para_hydroxylation': 0, 'fr_phenol': 1, 'fr_phenol_noOrthoHbond': 1, 'fr_phos_acid': 0, 'fr_phos_ester': 0, 'fr_piperdine': 0, 'fr_piperzine': 0, 'fr_priamide': 0, 'fr_prisulfonamd': 0, 'fr_pyridine': 0, 'fr_quatN': 0, 'fr_sulfide': 0, 'fr_sulfonamd': 0, 'fr_sulfone': 0, 'fr_term_acetylene': 0, 'fr_tetrazole': 0, 'fr_thiazole': 0, 'fr_thiocyan': 0, 'fr_thiophene': 0, 'fr_unbrch_alkane': 0, 'fr_urea': 0, 'num_rings': 2, 'num_aromatic_rings': 2, 'num_aliphatic_rings': 0, 'num_aromatic_carbocycles': 2, 'num_aliphatic_carbocycles': 0, 'num_saturated_carbocycles': 0, 'num_heterocycles': 0, 'num_aliphatic_heterocycles': 0, 'num_aromatic_heterocycles': 0, 'num_saturated_heterocycles': 0, 'num_hba': 3, 'num_hbd': 3, 'num_rotatable_bonds': 3}",0.0021897376690241297,0.009019694021321571,0.0,0.10344827586206896
sm11-31,POGLODLVBYOXAO-UHFFFAOYSA-N,O=C(O)CN1C(=O)COc2ccccc21,"InChI=1S/C10H9NO4/c12-9-6-15-8-4-2-1-3-7(8)11(9)5-10(13)14/h1-4H,5-6H2,(H,13,14)",207.053157768,66.84,0.4965999999999999,3,1,2,O=C1COc2ccccc2N1,"{'fr_Al_COO': 1, 'fr_Al_OH': 0, 'fr_Al_OH_noTert': 0, 'fr_ArN': 0, 'fr_Ar_COO': 0, 'fr_Ar_N': 0, 'fr_Ar_NH': 0, 'fr_Ar_OH': 0, 'fr_COO': 1, 'fr_COO2': 1, 'fr_C_O': 2, 'fr_C_O_noCOO': 1, 'fr_C_S': 0, 'fr_HOCCN': 0, 'fr_Imine': 0, 'fr_NH0': 1, 'fr_NH1': 0, 'fr_NH2': 0, 'fr_N_O': 0, 'fr_Ndealkylation1': 0, 'fr_Ndealkylation2': 0, 'fr_Nhpyrrole': 0, 'fr_SH': 0, 'fr_aldehyde': 0, 'fr_alkyl_carbamate': 0, 'fr_alkyl_halide': 0, 'fr_allylic_oxid': 0, 'fr_amide': 1, 'fr_amidine': 0, 'fr_aniline': 1, 'fr_aryl_methyl': 0, 'fr_azide': 0, 'fr_azo': 0, 'fr_barbitur': 0, 'fr_benzene': 1, 'fr_benzodiazepine': 0, 'fr_bicyclic': 1, 'fr_diazo': 0, 'fr_dihydropyridine': 0, 'fr_epoxide': 0, 'fr_ester': 0, 'fr_ether': 1, 'fr_furan': 0, 'fr_guanido': 0, 'fr_halogen': 0, 'fr_hdrzine': 0, 'fr_hdrzone': 0, 'fr_imidazole': 0, 'fr_imide': 0, 'fr_isocyan': 0, 'fr_isothiocyan': 0, 'fr_ketone': 0, 'fr_ketone_Topliss': 0, 'fr_lactam': 0, 'fr_lactone': 0, 'fr_methoxy': 0, 'fr_morpholine': 0, 'fr_nitrile': 0, 'fr_nitro': 0, 'fr_nitro_arom': 0, 'fr_nitro_arom_nonortho': 0, 'fr_nitroso': 0, 'fr_oxazole': 0, 'fr_oxime': 0, 'fr_para_hydroxylation': 2, 'fr_phenol': 0, 'fr_phenol_noOrthoHbond': 0, 'fr_phos_acid': 0, 'fr_phos_ester': 0, 'fr_piperdine': 0, 'fr_piperzine': 0, 'fr_priamide': 0, 'fr_prisulfonamd': 0, 'fr_pyridine': 0, 'fr_quatN': 0, 'fr_sulfide': 0, 'fr_sulfonamd': 0, 'fr_sulfone': 0, 'fr_term_acetylene': 0, 'fr_tetrazole': 0, 'fr_thiazole': 0, 'fr_thiocyan': 0, 'fr_thiophene': 0, 'fr_unbrch_alkane': 0, 'fr_urea': 0, 'num_rings': 2, 'num_aromatic_rings': 1, 'num_aliphatic_rings': 1, 'num_aromatic_carbocycles': 1, 'num_aliphatic_carbocycles': 0, 'num_saturated_carbocycles': 0, 'num_heterocycles': 1, 'num_aliphatic_heterocycles': 1, 'num_aromatic_heterocycles': 0, 'num_saturated_heterocycles': 0, 'num_hba': 3, 'num_hbd': 1, 'num_rotatable_bonds': 2}",0.0023077507189866427,0.008528174854856579,0.0,0.1
sm11-32,JBBRWJDHUDHKOJ-UHFFFAOYSA-N,CN1CCN(C(=O)c2cc(-c3ccccc3)on2)CC1,"InChI=1S/C15H17N3O2/c1-17-7-9-18(10-8-17)15(19)13-11-14(20-16-13)12-5-3-2-4-6-12/h2-6,11H,7-10H2,1H3",271.132076784,49.580000000000005,1.7291999999999998,4,0,2,O=C(c1cc(-c2ccccc2)on1)N1CCNCC1,"{'fr_Al_COO': 0, 'fr_Al_OH': 0, 'fr_Al_OH_noTert': 0, 'fr_ArN': 0, 'fr_Ar_COO': 0, 'fr_Ar_N': 1, 'fr_Ar_NH': 0, 'fr_Ar_OH': 0, 'fr_COO': 0, 'fr_COO2': 0, 'fr_C_O': 1, 'fr_C_O_noCOO': 1, 'fr_C_S': 0, 'fr_HOCCN': 0, 'fr_Imine': 0, 'fr_NH0': 3, 'fr_NH1': 0, 'fr_NH2': 0, 'fr_N_O': 0, 'fr_Ndealkylation1': 1, 'fr_Ndealkylation2': 0, 'fr_Nhpyrrole': 0, 'fr_SH': 0, 'fr_aldehyde': 0, 'fr_alkyl_carbamate': 0, 'fr_alkyl_halide': 0, 'fr_allylic_oxid': 0, 'fr_amide': 1, 'fr_amidine': 0, 'fr_aniline': 0, 'fr_aryl_methyl': 0, 'fr_azide': 0, 'fr_azo': 0, 'fr_barbitur': 0, 'fr_benzene': 1, 'fr_benzodiazepine': 0, 'fr_bicyclic': 0, 'fr_diazo': 0, 'fr_dihydropyridine': 0, 'fr_epoxide': 0, 'fr_ester': 0, 'fr_ether': 0, 'fr_furan': 0, 'fr_guanido': 0, 'fr_halogen': 0, 'fr_hdrzine': 0, 'fr_hdrzone': 0, 'fr_imidazole': 0, 'fr_imide': 0, 'fr_isocyan': 0, 'fr_isothiocyan': 0, 'fr_ketone': 0, 'fr_ketone_Topliss': 0, 'fr_lactam': 0, 'fr_lactone': 0, 'fr_methoxy': 0, 'fr_morpholine': 0, 'fr_nitrile': 0, 'fr_nitro': 0, 'fr_nitro_arom': 0, 'fr_nitro_arom_nonortho': 0, 'fr_nitroso': 0, 'fr_oxazole': 0, 'fr_oxime': 0, 'fr_para_hydroxylation': 0, 'fr_phenol': 0, 'fr_phenol_noOrthoHbond': 0, 'fr_phos_acid': 0, 'fr_phos_ester': 0, 'fr_piperdine': 0, 'fr_piperzine': 1, 'fr_priamide': 0, 'fr_prisulfonamd': 0, 'fr_pyridine': 0, 'fr_quatN': 0, 'fr_sulfide': 0, 'fr_sulfonamd': 0, 'fr_sulfone': 0, 'fr_term_acetylene': 0, 'fr_tetrazole': 0, 'fr_thiazole': 0, 'fr_thiocyan': 0, 'fr_thiophene': 0, 'fr_unbrch_alkane': 0, 'fr_urea': 0, 'num_rings': 3, 'num_aromatic_rings': 2, 'num_aliphatic_rings': 1, 'num_aromatic_carbocycles': 1, 'num_aliphatic_carbocycles': 0, 'num_saturated_carbocycles': 0, 'num_heterocycles': 2, 'num_aliphatic_heterocycles': 1, 'num_aromatic_heterocycles': 1, 'num_saturated_heterocycles': 1, 'num_hba': 4, 'num_hbd': 0, 'num_rotatable_bonds': 2}",0.0023570566150743397,0.009388852220999937,0.0,0.125
sm11-33,LYZIBEKPTIUDDV-UHFFFAOYSA-N,c1csc(-c2cnc3n2CCC3)c1,"InChI=1S/C10H10N2S/c1-4-10-11-7-8(12(10)5-1)9-3-2-6-13-9/h2-3,6-7H,1,4-5H2",190.05646932,17.82,2.5578000000000003,3,0,1,c1csc(-c2cnc3n2CCC3)c1,"{'fr_Al_COO': 0, 'fr_Al_OH': 0, 'fr_Al_OH_noTert': 0, 'fr_ArN': 0, 'fr_Ar_COO': 0, 'fr_Ar_N': 2, 'fr_Ar_NH': 0, 'fr_Ar_OH': 0, 'fr_COO': 0, 'fr_COO2': 0, 'fr_C_O': 0, 'fr_C_O_noCOO': 0, 'fr_C_S': 0, 'fr_HOCCN': 0, 'fr_Imine': 0, 'fr_NH0': 2, 'fr_NH1': 0, 'fr_NH2': 0, 'fr_N_O': 0, 'fr_Ndealkylation1': 0, 'fr_Ndealkylation2': 0, 'fr_Nhpyrrole': 0, 'fr_SH': 0, 'fr_aldehyde': 0, 'fr_alkyl_carbamate': 0, 'fr_alkyl_halide': 0, 'fr_allylic_oxid': 0, 'fr_amide': 0, 'fr_amidine': 0, 'fr_aniline': 0, 'fr_aryl_methyl': 1, 'fr_azide': 0, 'fr_azo': 0, 'fr_barbitur': 0, 'fr_benzene': 0, 'fr_benzodiazepine': 0, 'fr_bicyclic': 1, 'fr_diazo': 0, 'fr_dihydropyridine': 0, 'fr_epoxide': 0, 'fr_ester': 0, 'fr_ether': 0, 'fr_furan': 0, 'fr_guanido': 0, 'fr_halogen': 0, 'fr_hdrzine': 0, 'fr_hdrzone': 0, 'fr_imidazole': 1, 'fr_imide': 0, 'fr_isocyan': 0, 'fr_isothiocyan': 0, 'fr_ketone': 0, 'fr_ketone_Topliss': 0, 'fr_lactam': 0, 'fr_lactone': 0, 'fr_methoxy': 0, 'fr_morpholine': 0, 'fr_nitrile': 0, 'fr_nitro': 0, 'fr_nitro_arom': 0, 'fr_nitro_arom_nonortho': 0, 'fr_nitroso': 0, 'fr_oxazole': 0, 'fr_oxime': 0, 'fr_para_hydroxylation': 0, 'fr_phenol': 0, 'fr_phenol_noOrthoHbond': 0, 'fr_phos_acid': 0, 'fr_phos_ester': 0, 'fr_piperdine': 0, 'fr_piperzine': 0, 'fr_priamide': 0, 'fr_prisulfonamd': 0, 'fr_pyridine': 0, 'fr_quatN': 0, 'fr_sulfide': 0, 'fr_sulfonamd': 0, 'fr_sulfone': 0, 'fr_term_acetylene': 0, 'fr_tetrazole': 0, 'fr_thiazole': 0, 'fr_thiocyan': 0, 'fr_thiophene': 1, 'fr_unbrch_alkane': 0, 'fr_urea': 0, 'num_rings': 3, 'num_aromatic_rings': 2, 'num_aliphatic_rings': 1, 'num_aromatic_carbocycles': 0, 'num_aliphatic_carbocycles': 0, 'num_saturated_carbocycles': 0, 'num_heterocycles': 3, 'num_aliphatic_heterocycles': 1, 'num_aromatic_heterocycles': 2, 'num_saturated_heterocycles': 0, 'num_hba': 3, 'num_hbd': 0, 'num_rotatable_bonds': 1}",0.002364959250681978,0.009662105064159604,0.0,0.1111111111111111
sm11-34,RRZKHKRMPGMOFO-UHFFFAOYSA-N,CSCc1ccc(C(=O)O)cc1,"InChI=1S/C9H10O2S/c1-12-6-7-2-4-8(5-3-7)9(10)11/h2-5H,6H2,1H3,(H,10,11)",182.04015056,37.3,2.2478,2,1,3,c1ccccc1,"{'fr_Al_COO': 0, 'fr_Al_OH': 0, 'fr_Al_OH_noTert': 0, 'fr_ArN': 0, 'fr_Ar_COO': 1, 'fr_Ar_N': 0, 'fr_Ar_NH': 0, 'fr_Ar_OH': 0, 'fr_COO': 1, 'fr_COO2': 1, 'fr_C_O': 1, 'fr_C_O_noCOO': 0, 'fr_C_S': 0, 'fr_HOCCN': 0, 'fr_Imine': 0, 'fr_NH0': 0, 'fr_NH1': 0, 'fr_NH2': 0, 'fr_N_O': 0, 'fr_Ndealkylation1': 0, 'fr_Ndealkylation2': 0, 'fr_Nhpyrrole': 0, 'fr_SH': 0, 'fr_aldehyde': 0, 'fr_alkyl_carbamate': 0, 'fr_alkyl_halide': 0, 'fr_allylic_oxid': 0, 'fr_amide': 0, 'fr_amidine': 0, 'fr_aniline': 0, 'fr_aryl_methyl': 0, 'fr_azide': 0, 'fr_azo': 0, 'fr_barbitur': 0, 'fr_benzene': 1, 'fr_benzodiazepine': 0, 'fr_bicyclic': 0, 'fr_diazo': 0, 'fr_dihydropyridine': 0, 'fr_epoxide': 0, 'fr_ester': 0, 'fr_ether': 0, 'fr_furan': 0, 'fr_guanido': 0, 'fr_halogen': 0, 'fr_hdrzine': 0, 'fr_hdrzone': 0, 'fr_imidazole': 0, 'fr_imide': 0, 'fr_isocyan': 0, 'fr_isothiocyan': 0, 'fr_ketone': 0, 'fr_ketone_Topliss': 0, 'fr_lactam': 0, 'fr_lactone': 0, 'fr_methoxy': 0, 'fr_morpholine': 0, 'fr_nitrile': 0, 'fr_nitro': 0, 'fr_nitro_arom': 0, 'fr_nitro_arom_nonortho': 0, 'fr_nitroso': 0, 'fr_oxazole': 0, 'fr_oxime': 0, 'fr_para_hydroxylation': 0, 'fr_phenol': 0, 'fr_phenol_noOrthoHbond': 0, 'fr_phos_acid': 0, 'fr_phos_ester': 0, 'fr_piperdine': 0, 'fr_piperzine': 0, 'fr_priamide': 0, 'fr_prisulfonamd': 0, 'fr_pyridine': 0, 'fr_quatN': 0, 'fr_sulfide': 1, 'fr_sulfonamd': 0, 'fr_sulfone': 0, 'fr_term_acetylene': 0, 'fr_tetrazole': 0, 'fr_thiazole': 0, 'fr_thiocyan': 0, 'fr_thiophene': 0, 'fr_unbrch_alkane': 0, 'fr_urea': 0, 'num_rings': 1, 'num_aromatic_rings': 1, 'num_aliphatic_rings': 0, 'num_aromatic_carbocycles': 1, 'num_aliphatic_carbocycles': 0, 'num_saturated_carbocycles': 0, 'num_heterocycles': 0, 'num_aliphatic_heterocycles': 0, 'num_aromatic_heterocycles': 0, 'num_saturated_heterocycles': 0, 'num_hba': 2, 'num_hbd': 1, 'num_rotatable_bonds': 3}",0.0021484766825514033,0.009429667136229399,0.0,0.17647058823529413
sm11-35,OAPVIBHQRYFYSE-UHFFFAOYSA-N,N=c1ccc(-c2ccccc2)c[nH]1,"InChI=1S/C11H10N2/c12-11-7-6-10(8-13-11)9-4-2-1-3-5-9/h1-8H,(H2,12,13)",170.08439832,39.64,2.16117,1,2,1,N=c1ccc(-c2ccccc2)c[nH]1,"{'fr_Al_COO': 0, 'fr_Al_OH': 0, 'fr_Al_OH_noTert': 0, 'fr_ArN': 0, 'fr_Ar_COO': 0, 'fr_Ar_N': 1, 'fr_Ar_NH': 1, 'fr_Ar_OH': 0, 'fr_COO': 0, 'fr_COO2': 0, 'fr_C_O': 0, 'fr_C_O_noCOO': 0, 'fr_C_S': 0, 'fr_HOCCN': 0, 'fr_Imine': 0, 'fr_NH0': 0, 'fr_NH1': 2, 'fr_NH2': 0, 'fr_N_O': 0, 'fr_Ndealkylation1': 0, 'fr_Ndealkylation2': 0, 'fr_Nhpyrrole': 1, 'fr_SH': 0, 'fr_aldehyde': 0, 'fr_alkyl_carbamate': 0, 'fr_alkyl_halide': 0, 'fr_allylic_oxid': 0, 'fr_amide': 0, 'fr_amidine': 0, 'fr_aniline': 0, 'fr_aryl_methyl': 0, 'fr_azide': 0, 'fr_azo': 0, 'fr_barbitur': 0, 'fr_benzene': 1, 'fr_benzodiazepine': 0, 'fr_bicyclic': 0, 'fr_diazo': 0, 'fr_dihydropyridine': 0, 'fr_epoxide': 0, 'fr_ester': 0, 'fr_ether': 0, 'fr_furan': 0, 'fr_guanido': 0, 'fr_halogen': 0, 'fr_hdrzine': 0, 'fr_hdrzone': 0, 'fr_imidazole': 0, 'fr_imide': 0, 'fr_isocyan': 0, 'fr_isothiocyan': 0, 'fr_ketone': 0, 'fr_ketone_Topliss': 0, 'fr_lactam': 0, 'fr_lactone': 0, 'fr_methoxy': 0, 'fr_morpholine': 0, 'fr_nitrile': 0, 'fr_nitro': 0, 'fr_nitro_arom': 0, 'fr_nitro_arom_nonortho': 0, 'fr_nitroso': 0, 'fr_oxazole': 0, 'fr_oxime': 0, 'fr_para_hydroxylation': 0, 'fr_phenol': 0, 'fr_phenol_noOrthoHbond': 0, 'fr_phos_acid': 0, 'fr_phos_ester': 0, 'fr_piperdine': 0, 'fr_piperzine': 0, 'fr_priamide': 0, 'fr_prisulfonamd': 0, 'fr_pyridine': 1, 'fr_quatN': 0, 'fr_sulfide': 0, 'fr_sulfonamd': 0, 'fr_sulfone': 0, 'fr_term_acetylene': 0, 'fr_tetrazole': 0, 'fr_thiazole': 0, 'fr_thiocyan': 0, 'fr_thiophene': 0, 'fr_unbrch_alkane': 0, 'fr_urea': 0, 'num_rings': 2, 'num_aromatic_rings': 2, 'num_aliphatic_rings': 0, 'num_aromatic_carbocycles': 1, 'num_aliphatic_carbocycles': 0, 'num_saturated_carbocycles': 0, 'num_heterocycles': 1, 'num_aliphatic_heterocycles': 0, 'num_aromatic_heterocycles': 1, 'num_saturated_heterocycles': 0, 'num_hba': 1, 'num_hbd': 2, 'num_rotatable_bonds': 1}",0.0024673893737444884,0.009125364369515793,0.0,0.10526315789473684
sm6-1,AACFPJSJOWQNBN-UHFFFAOYSA-N,O=C1NCCCc2c1oc1ccc(O)cc21,"InChI=1S/C12H11NO3/c14-7-3-4-10-9(6-7)8-2-1-5-13-12(15)11(8)16-10/h3-4,6,14H,1-2,5H2,(H,13,15)",217.073893212,62.47,1.8144,3,2,0,O=C1NCCCc2c1oc1ccccc21,"{'fr_Al_COO': 0, 'fr_Al_OH': 0, 'fr_Al_OH_noTert': 0, 'fr_ArN': 0, 'fr_Ar_COO': 0, 'fr_Ar_N': 0, 'fr_Ar_NH': 0, 'fr_Ar_OH': 1, 'fr_COO': 0, 'fr_COO2': 0, 'fr_C_O': 1, 'fr_C_O_noCOO': 1, 'fr_C_S': 0, 'fr_HOCCN': 0, 'fr_Imine': 0, 'fr_NH0': 0, 'fr_NH1': 1, 'fr_NH2': 0, 'fr_N_O': 0, 'fr_Ndealkylation1': 0, 'fr_Ndealkylation2': 0, 'fr_Nhpyrrole': 0, 'fr_SH': 0, 'fr_aldehyde': 0, 'fr_alkyl_carbamate': 0, 'fr_alkyl_halide': 0, 'fr_allylic_oxid': 0, 'fr_amide': 1, 'fr_amidine': 0, 'fr_aniline': 0, 'fr_aryl_methyl': 1, 'fr_azide': 0, 'fr_azo': 0, 'fr_barbitur': 0, 'fr_benzene': 1, 'fr_benzodiazepine': 0, 'fr_bicyclic': 3, 'fr_diazo': 0, 'fr_dihydropyridine': 0, 'fr_epoxide': 0, 'fr_ester': 0, 'fr_ether': 0, 'fr_furan': 1, 'fr_guanido': 0, 'fr_halogen': 0, 'fr_hdrzine': 0, 'fr_hdrzone': 0, 'fr_imidazole': 0, 'fr_imide': 0, 'fr_isocyan': 0, 'fr_isothiocyan': 0, 'fr_ketone': 0, 'fr_ketone_Topliss': 0, 'fr_lactam': 0, 'fr_lactone': 0, 'fr_methoxy': 0, 'fr_morpholine': 0, 'fr_nitrile': 0, 'fr_nitro': 0, 'fr_nitro_arom': 0, 'fr_nitro_arom_nonortho': 0, 'fr_nitroso': 0, 'fr_oxazole': 0, 'fr_oxime': 0, 'fr_para_hydroxylation': 0, 'fr_phenol': 1, 'fr_phenol_noOrthoHbond': 1, 'fr_phos_acid': 0, 'fr_phos_ester': 0, 'fr_piperdine': 0, 'fr_piperzine': 0, 'fr_priamide': 0, 'fr_prisulfonamd': 0, 'fr_pyridine': 0, 'fr_quatN': 0, 'fr_sulfide': 0, 'fr_sulfonamd': 0, 'fr_sulfone': 0, 'fr_term_acetylene': 0, 'fr_tetrazole': 0, 'fr_thiazole': 0, 'fr_thiocyan': 0, 'fr_thiophene': 0, 'fr_unbrch_alkane': 0, 'fr_urea': 0, 'num_rings': 3, 'num_aromatic_rings': 2, 'num_aliphatic_rings': 1, 'num_aromatic_carbocycles': 1, 'num_aliphatic_carbocycles': 0, 'num_saturated_carbocycles': 0, 'num_heterocycles': 2, 'num_aliphatic_heterocycles': 1, 'num_aromatic_heterocycles': 1, 'num_saturated_heterocycles': 0, 'num_hba': 3, 'num_hbd': 2, 'num_rotatable_bonds': 0}",0.0022304604426713285,0.008566302763323957,0.0,0.09375
sm6-3,IGBVONNIYTWQQL-UHFFFAOYSA-N,O=C(N=c1[nH]nc(Cc2ccccc2)s1)c1cccs1,"InChI=1S/C14H11N3OS2/c18-13(11-7-4-8-19-11)15-14-17-16-12(20-14)9-10-5-2-1-3-6-10/h1-8H,9H2,(H,15,17,18)",301.034353972,58.11,2.864600000000001,4,1,3,O=C(N=c1[nH]nc(Cc2ccccc2)s1)c1cccs1,"{'fr_Al_COO': 0, 'fr_Al_OH': 0, 'fr_Al_OH_noTert': 0, 'fr_ArN': 0, 'fr_Ar_COO': 0, 'fr_Ar_N': 2, 'fr_Ar_NH': 1, 'fr_Ar_OH': 0, 'fr_COO': 0, 'fr_COO2': 0, 'fr_C_O': 1, 'fr_C_O_noCOO': 1, 'fr_C_S': 0, 'fr_HOCCN': 0, 'fr_Imine': 0, 'fr_NH0': 2, 'fr_NH1': 1, 'fr_NH2': 0, 'fr_N_O': 0, 'fr_Ndealkylation1': 0, 'fr_Ndealkylation2': 0, 'fr_Nhpyrrole': 1, 'fr_SH': 0, 'fr_aldehyde': 0, 'fr_alkyl_carbamate': 0, 'fr_alkyl_halide': 0, 'fr_allylic_oxid': 0, 'fr_amide': 1, 'fr_amidine': 0, 'fr_aniline': 0, 'fr_aryl_methyl': 0, 'fr_azide': 0, 'fr_azo': 0, 'fr_barbitur': 0, 'fr_benzene': 1, 'fr_benzodiazepine': 0, 'fr_bicyclic': 0, 'fr_diazo': 0, 'fr_dihydropyridine': 0, 'fr_epoxide': 0, 'fr_ester': 0, 'fr_ether': 0, 'fr_furan': 0, 'fr_guanido': 0, 'fr_halogen': 0, 'fr_hdrzine': 0, 'fr_hdrzone': 0, 'fr_imidazole': 0, 'fr_imide': 0, 'fr_isocyan': 0, 'fr_isothiocyan': 0, 'fr_ketone': 0, 'fr_ketone_Topliss': 0, 'fr_lactam': 0, 'fr_lactone': 0, 'fr_methoxy': 0, 'fr_morpholine': 0, 'fr_nitrile': 0, 'fr_nitro': 0, 'fr_nitro_arom': 0, 'fr_nitro_arom_nonortho': 0, 'fr_nitroso': 0, 'fr_oxazole': 0, 'fr_oxime': 0, 'fr_para_hydroxylation': 0, 'fr_phenol': 0, 'fr_phenol_noOrthoHbond': 0, 'fr_phos_acid': 0, 'fr_phos_ester': 0, 'fr_piperdine': 0, 'fr_piperzine': 0, 'fr_priamide': 0, 'fr_prisulfonamd': 0, 'fr_pyridine': 0, 'fr_quatN': 0, 'fr_sulfide': 0, 'fr_sulfonamd': 0, 'fr_sulfone': 0, 'fr_term_acetylene': 0, 'fr_tetrazole': 0, 'fr_thiazole': 0, 'fr_thiocyan': 0, 'fr_thiophene': 1, 'fr_unbrch_alkane': 0, 'fr_urea': 0, 'num_rings': 3, 'num_aromatic_rings': 3, 'num_aliphatic_rings': 0, 'num_aromatic_carbocycles': 1, 'num_aliphatic_carbocycles': 0, 'num_saturated_carbocycles': 0, 'num_heterocycles': 2, 'num_aliphatic_heterocycles': 0, 'num_aromatic_heterocycles': 2, 'num_saturated_heterocycles': 0, 'num_hba': 4, 'num_hbd': 1, 'num_rotatable_bonds': 3}",0.0024844888242258395,0.009191400939352291,0.0,0.11428571428571428
sm6-4,BTRLSAYDVSPYCS-UHFFFAOYSA-N,Clc1ccc(CN=c2[nH]cnc3ccccc23)cc1,"InChI=1S/C15H12ClN3/c16-12-7-5-11(6-8-12)9-17-15-13-3-1-2-4-14(13)18-10-19-15/h1-8,10H,9H2,(H,17,18,19)",269.071975064,41.04,3.317200000000001,2,1,2,c1ccc(CN=c2[nH]cnc3ccccc23)cc1,"{'fr_Al_COO': 0, 'fr_Al_OH': 0, 'fr_Al_OH_noTert': 0, 'fr_ArN': 0, 'fr_Ar_COO': 0, 'fr_Ar_N': 2, 'fr_Ar_NH': 1, 'fr_Ar_OH': 0, 'fr_COO': 0, 'fr_COO2': 0, 'fr_C_O': 0, 'fr_C_O_noCOO': 0, 'fr_C_S': 0, 'fr_HOCCN': 0, 'fr_Imine': 0, 'fr_NH0': 2, 'fr_NH1': 1, 'fr_NH2': 0, 'fr_N_O': 0, 'fr_Ndealkylation1': 0, 'fr_Ndealkylation2': 0, 'fr_Nhpyrrole': 1, 'fr_SH': 0, 'fr_aldehyde': 0, 'fr_alkyl_carbamate': 0, 'fr_alkyl_halide': 0, 'fr_allylic_oxid': 0, 'fr_amide': 0, 'fr_amidine': 0, 'fr_aniline': 0, 'fr_aryl_methyl': 0, 'fr_azide': 0, 'fr_azo': 0, 'fr_barbitur': 0, 'fr_benzene': 2, 'fr_benzodiazepine': 0, 'fr_bicyclic': 1, 'fr_diazo': 0, 'fr_dihydropyridine': 0, 'fr_epoxide': 0, 'fr_ester': 0, 'fr_ether': 0, 'fr_furan': 0, 'fr_guanido': 0, 'fr_halogen': 1, 'fr_hdrzine': 0, 'fr_hdrzone': 0, 'fr_imidazole': 0, 'fr_imide': 0, 'fr_isocyan': 0, 'fr_isothiocyan': 0, 'fr_ketone': 0, 'fr_ketone_Topliss': 0, 'fr_lactam': 0, 'fr_lactone': 0, 'fr_methoxy': 0, 'fr_morpholine': 0, 'fr_nitrile': 0, 'fr_nitro': 0, 'fr_nitro_arom': 0, 'fr_nitro_arom_nonortho': 0, 'fr_nitroso': 0, 'fr_oxazole': 0, 'fr_oxime': 0, 'fr_para_hydroxylation': 1, 'fr_phenol': 0, 'fr_phenol_noOrthoHbond': 0, 'fr_phos_acid': 0, 'fr_phos_ester': 0, 'fr_piperdine': 0, 'fr_piperzine': 0, 'fr_priamide': 0, 'fr_prisulfonamd': 0, 'fr_pyridine': 0, 'fr_quatN': 0, 'fr_sulfide': 0, 'fr_sulfonamd': 0, 'fr_sulfone': 0, 'fr_term_acetylene': 0, 'fr_tetrazole': 0, 'fr_thiazole': 0, 'fr_thiocyan': 0, 'fr_thiophene': 0, 'fr_unbrch_alkane': 0, 'fr_urea': 0, 'num_rings': 3, 'num_aromatic_rings': 3, 'num_aliphatic_rings': 0, 'num_aromatic_carbocycles': 2, 'num_aliphatic_carbocycles': 0, 'num_saturated_carbocycles': 0, 'num_heterocycles': 1, 'num_aliphatic_heterocycles': 0, 'num_aromatic_heterocycles': 1, 'num_saturated_heterocycles': 0, 'num_hba': 2, 'num_hbd': 1, 'num_rotatable_bonds': 2}",0.0025682615497455885,0.008933786611298112,0.0,0.07692307692307693
sm6-5,VZFMTNFVLVJCCC-UHFFFAOYSA-N,O=C(Nc1ccccc1N1CCCCC1)c1ccc(Cl)o1,"InChI=1S/C16H17ClN2O2/c17-15-9-8-14(21-15)16(20)18-12-6-2-3-7-13(12)19-10-4-1-5-11-19/h2-3,6-9H,1,4-5,10-11H2,(H,18,20)",304.097855464,45.48,4.175600000000003,3,1,3,O=C(Nc1ccccc1N1CCCCC1)c1ccco1,"{'fr_Al_COO': 0, 'fr_Al_OH': 0, 'fr_Al_OH_noTert': 0, 'fr_ArN': 0, 'fr_Ar_COO': 0, 'fr_Ar_N': 0, 'fr_Ar_NH': 0, 'fr_Ar_OH': 0, 'fr_COO': 0, 'fr_COO2': 0, 'fr_C_O': 1, 'fr_C_O_noCOO': 1, 'fr_C_S': 0, 'fr_HOCCN': 0, 'fr_Imine': 0, 'fr_NH0': 1, 'fr_NH1': 1, 'fr_NH2': 0, 'fr_N_O': 0, 'fr_Ndealkylation1': 0, 'fr_Ndealkylation2': 0, 'fr_Nhpyrrole': 0, 'fr_SH': 0, 'fr_aldehyde': 0, 'fr_alkyl_carbamate': 0, 'fr_alkyl_halide': 0, 'fr_allylic_oxid': 0, 'fr_amide': 1, 'fr_amidine': 0, 'fr_aniline': 2, 'fr_aryl_methyl': 0, 'fr_azide': 0, 'fr_azo': 0, 'fr_barbitur': 0, 'fr_benzene': 1, 'fr_benzodiazepine': 0, 'fr_bicyclic': 0, 'fr_diazo': 0, 'fr_dihydropyridine': 0, 'fr_epoxide': 0, 'fr_ester': 0, 'fr_ether': 0, 'fr_furan': 1, 'fr_guanido': 0, 'fr_halogen': 1, 'fr_hdrzine': 0, 'fr_hdrzone': 0, 'fr_imidazole': 0, 'fr_imide': 0, 'fr_isocyan': 0, 'fr_isothiocyan': 0, 'fr_ketone': 0, 'fr_ketone_Topliss': 0, 'fr_lactam': 0, 'fr_lactone': 0, 'fr_methoxy': 0, 'fr_morpholine': 0, 'fr_nitrile': 0, 'fr_nitro': 0, 'fr_nitro_arom': 0, 'fr_nitro_arom_nonortho': 0, 'fr_nitroso': 0, 'fr_oxazole': 0, 'fr_oxime': 0, 'fr_para_hydroxylation': 2, 'fr_phenol': 0, 'fr_phenol_noOrthoHbond': 0, 'fr_phos_acid': 0, 'fr_phos_ester': 0, 'fr_piperdine': 1, 'fr_piperzine': 0, 'fr_priamide': 0, 'fr_prisulfonamd': 0, 'fr_pyridine': 0, 'fr_quatN': 0, 'fr_sulfide': 0, 'fr_sulfonamd': 0, 'fr_sulfone': 0, 'fr_term_acetylene': 0, 'fr_tetrazole': 0, 'fr_thiazole': 0, 'fr_thiocyan': 0, 'fr_thiophene': 0, 'fr_unbrch_alkane': 0, 'fr_urea': 0, 'num_rings': 3, 'num_aromatic_rings': 2, 'num_aliphatic_rings': 1, 'num_aromatic_carbocycles': 1, 'num_aliphatic_carbocycles': 0, 'num_saturated_carbocycles': 0, 'num_heterocycles': 2, 'num_aliphatic_heterocycles': 1, 'num_aromatic_heterocycles': 1, 'num_saturated_heterocycles': 1, 'num_hba': 3, 'num_hbd': 1, 'num_rotatable_bonds': 3}",0.0022537258684079894,0.008166814119599426,0.0,0.08823529411764706
sm6-6,ZQSXDZKZFCDQSE-UHFFFAOYSA-N,OC(=Nc1cccc2cccnc12)c1cncc(Br)c1,"InChI=1S/C15H10BrN3O/c16-12-7-11(8-17-9-12)15(20)19-13-5-1-3-10-4-2-6-18-14(10)13/h1-9H,(H,19,20)",327.0007240400001,58.370000000000005,4.028600000000003,3,1,2,C(=Nc1cccc2cccnc12)c1cccnc1,"{'fr_Al_COO': 0, 'fr_Al_OH': 1, 'fr_Al_OH_noTert': 1, 'fr_ArN': 0, 'fr_Ar_COO': 0, 'fr_Ar_N': 2, 'fr_Ar_NH': 0, 'fr_Ar_OH': 0, 'fr_COO': 0, 'fr_COO2': 0, 'fr_C_O': 0, 'fr_C_O_noCOO': 0, 'fr_C_S': 0, 'fr_HOCCN': 0, 'fr_Imine': 1, 'fr_NH0': 3, 'fr_NH1': 0, 'fr_NH2': 0, 'fr_N_O': 0, 'fr_Ndealkylation1': 0, 'fr_Ndealkylation2': 0, 'fr_Nhpyrrole': 0, 'fr_SH': 0, 'fr_aldehyde': 0, 'fr_alkyl_carbamate': 0, 'fr_alkyl_halide': 0, 'fr_allylic_oxid': 0, 'fr_amide': 0, 'fr_amidine': 0, 'fr_aniline': 0, 'fr_aryl_methyl': 0, 'fr_azide': 0, 'fr_azo': 0, 'fr_barbitur': 0, 'fr_benzene': 1, 'fr_benzodiazepine': 0, 'fr_bicyclic': 1, 'fr_diazo': 0, 'fr_dihydropyridine': 0, 'fr_epoxide': 0, 'fr_ester': 0, 'fr_ether': 0, 'fr_furan': 0, 'fr_guanido': 0, 'fr_halogen': 1, 'fr_hdrzine': 0, 'fr_hdrzone': 0, 'fr_imidazole': 0, 'fr_imide': 0, 'fr_isocyan': 0, 'fr_isothiocyan': 0, 'fr_ketone': 0, 'fr_ketone_Topliss': 0, 'fr_lactam': 0, 'fr_lactone': 0, 'fr_methoxy': 0, 'fr_morpholine': 0, 'fr_nitrile': 0, 'fr_nitro': 0, 'fr_nitro_arom': 0, 'fr_nitro_arom_nonortho': 0, 'fr_nitroso': 0, 'fr_oxazole': 0, 'fr_oxime': 0, 'fr_para_hydroxylation': 1, 'fr_phenol': 0, 'fr_phenol_noOrthoHbond': 0, 'fr_phos_acid': 0, 'fr_phos_ester': 0, 'fr_piperdine': 0, 'fr_piperzine': 0, 'fr_priamide': 0, 'fr_prisulfonamd': 0, 'fr_pyridine': 2, 'fr_quatN': 0, 'fr_sulfide': 0, 'fr_sulfonamd': 0, 'fr_sulfone': 0, 'fr_term_acetylene': 0, 'fr_tetrazole': 0, 'fr_thiazole': 0, 'fr_thiocyan': 0, 'fr_thiophene': 0, 'fr_unbrch_alkane': 0, 'fr_urea': 0, 'num_rings': 3, 'num_aromatic_rings': 3, 'num_aliphatic_rings': 0, 'num_aromatic_carbocycles': 1, 'num_aliphatic_carbocycles': 0, 'num_saturated_carbocycles': 0, 'num_heterocycles': 2, 'num_aliphatic_heterocycles': 0, 'num_aromatic_heterocycles': 2, 'num_saturated_heterocycles': 0, 'num_hba': 3, 'num_hbd': 1, 'num_rotatable_bonds': 2}",0.0024651623316761457,0.00893381242030793,0.0,0.08823529411764706
sm6-7,FVWANTDQRFSCAL-UHFFFAOYSA-N,c1ccc(CN=c2[nH]cnc3ccccc23)cc1,"InChI=1S/C15H13N3/c1-2-6-12(7-3-1)10-16-15-13-8-4-5-9-14(13)17-11-18-15/h1-9,11H,10H2,(H,16,17,18)",235.110947416,41.04,2.6638,2,1,2,c1ccc(CN=c2[nH]cnc3ccccc23)cc1,"{'fr_Al_COO': 0, 'fr_Al_OH': 0, 'fr_Al_OH_noTert': 0, 'fr_ArN': 0, 'fr_Ar_COO': 0, 'fr_Ar_N': 2, 'fr_Ar_NH': 1, 'fr_Ar_OH': 0, 'fr_COO': 0, 'fr_COO2': 0, 'fr_C_O': 0, 'fr_C_O_noCOO': 0, 'fr_C_S': 0, 'fr_HOCCN': 0, 'fr_Imine': 0, 'fr_NH0': 2, 'fr_NH1': 1, 'fr_NH2': 0, 'fr_N_O': 0, 'fr_Ndealkylation1': 0, 'fr_Ndealkylation2': 0, 'fr_Nhpyrrole': 1, 'fr_SH': 0, 'fr_aldehyde': 0, 'fr_alkyl_carbamate': 0, 'fr_alkyl_halide': 0, 'fr_allylic_oxid': 0, 'fr_amide': 0, 'fr_amidine': 0, 'fr_aniline': 0, 'fr_aryl_methyl': 0, 'fr_azide': 0, 'fr_azo': 0, 'fr_barbitur': 0, 'fr_benzene': 2, 'fr_benzodiazepine': 0, 'fr_bicyclic': 1, 'fr_diazo': 0, 'fr_dihydropyridine': 0, 'fr_epoxide': 0, 'fr_ester': 0, 'fr_ether': 0, 'fr_furan': 0, 'fr_guanido': 0, 'fr_halogen': 0, 'fr_hdrzine': 0, 'fr_hdrzone': 0, 'fr_imidazole': 0, 'fr_imide': 0, 'fr_isocyan': 0, 'fr_isothiocyan': 0, 'fr_ketone': 0, 'fr_ketone_Topliss': 0, 'fr_lactam': 0, 'fr_lactone': 0, 'fr_methoxy': 0, 'fr_morpholine': 0, 'fr_nitrile': 0, 'fr_nitro': 0, 'fr_nitro_arom': 0, 'fr_nitro_arom_nonortho': 0, 'fr_nitroso': 0, 'fr_oxazole': 0, 'fr_oxime': 0, 'fr_para_hydroxylation': 1, 'fr_phenol': 0, 'fr_phenol_noOrthoHbond': 0, 'fr_phos_acid': 0, 'fr_phos_ester': 0, 'fr_piperdine': 0, 'fr_piperzine': 0, 'fr_priamide': 0, 'fr_prisulfonamd': 0, 'fr_pyridine': 0, 'fr_quatN': 0, 'fr_sulfide': 0, 'fr_sulfonamd': 0, 'fr_sulfone': 0, 'fr_term_acetylene': 0, 'fr_tetrazole': 0, 'fr_thiazole': 0, 'fr_thiocyan': 0, 'fr_thiophene': 0, 'fr_unbrch_alkane': 0, 'fr_urea': 0, 'num_rings': 3, 'num_aromatic_rings': 3, 'num_aliphatic_rings': 0, 'num_aromatic_carbocycles': 2, 'num_aliphatic_carbocycles': 0, 'num_saturated_carbocycles': 0, 'num_heterocycles': 1, 'num_aliphatic_heterocycles': 0, 'num_aromatic_heterocycles': 1, 'num_saturated_heterocycles': 0, 'num_hba': 2, 'num_hbd': 1, 'num_rotatable_bonds': 2}",0.0025835062564851957,0.009096096873169162,0.0,0.07894736842105263
sm6-8,NAOPCRAIYGPGOJ-UHFFFAOYSA-N,Cc1ccc2nc(O)c(CC(=O)O)c(-c3ccccc3)c2c1,"InChI=1S/C18H15NO3/c1-11-7-8-15-13(9-11)17(12-5-3-2-4-6-12)14(10-16(20)21)18(22)19-15/h2-9H,10H2,1H3,(H,19,22)(H,20,21)",293.10519334,70.42,3.5429200000000027,3,2,3,c1ccc(-c2ccnc3ccccc23)cc1,"{'fr_Al_COO': 1, 'fr_Al_OH': 0, 'fr_Al_OH_noTert': 0, 'fr_ArN': 0, 'fr_Ar_COO': 0, 'fr_Ar_N': 1, 'fr_Ar_NH': 0, 'fr_Ar_OH': 1, 'fr_COO': 1, 'fr_COO2': 1, 'fr_C_O': 1, 'fr_C_O_noCOO': 0, 'fr_C_S': 0, 'fr_HOCCN': 0, 'fr_Imine': 0, 'fr_NH0': 1, 'fr_NH1': 0, 'fr_NH2': 0, 'fr_N_O': 0, 'fr_Ndealkylation1': 0, 'fr_Ndealkylation2': 0, 'fr_Nhpyrrole': 0, 'fr_SH': 0, 'fr_aldehyde': 0, 'fr_alkyl_carbamate': 0, 'fr_alkyl_halide': 0, 'fr_allylic_oxid': 0, 'fr_amide': 0, 'fr_amidine': 0, 'fr_aniline': 0, 'fr_aryl_methyl': 1, 'fr_azide': 0, 'fr_azo': 0, 'fr_barbitur': 0, 'fr_benzene': 2, 'fr_benzodiazepine': 0, 'fr_bicyclic': 1, 'fr_diazo': 0, 'fr_dihydropyridine': 0, 'fr_epoxide': 0, 'fr_ester': 0, 'fr_ether': 0, 'fr_furan': 0, 'fr_guanido': 0, 'fr_halogen': 0, 'fr_hdrzine': 0, 'fr_hdrzone': 0, 'fr_imidazole': 0, 'fr_imide': 0, 'fr_isocyan': 0, 'fr_isothiocyan': 0, 'fr_ketone': 0, 'fr_ketone_Topliss': 0, 'fr_lactam': 0, 'fr_lactone': 0, 'fr_methoxy': 0, 'fr_morpholine': 0, 'fr_nitrile': 0, 'fr_nitro': 0, 'fr_nitro_arom': 0, 'fr_nitro_arom_nonortho': 0, 'fr_nitroso': 0, 'fr_oxazole': 0, 'fr_oxime': 0, 'fr_para_hydroxylation': 0, 'fr_phenol': 0, 'fr_phenol_noOrthoHbond': 0, 'fr_phos_acid': 0, 'fr_phos_ester': 0, 'fr_piperdine': 0, 'fr_piperzine': 0, 'fr_priamide': 0, 'fr_prisulfonamd': 0, 'fr_pyridine': 1, 'fr_quatN': 0, 'fr_sulfide': 0, 'fr_sulfonamd': 0, 'fr_sulfone': 0, 'fr_term_acetylene': 0, 'fr_tetrazole': 0, 'fr_thiazole': 0, 'fr_thiocyan': 0, 'fr_thiophene': 0, 'fr_unbrch_alkane': 0, 'fr_urea': 0, 'num_rings': 3, 'num_aromatic_rings': 3, 'num_aliphatic_rings': 0, 'num_aromatic_carbocycles': 2, 'num_aliphatic_carbocycles': 0, 'num_saturated_carbocycles': 0, 'num_heterocycles': 1, 'num_aliphatic_heterocycles': 0, 'num_aromatic_heterocycles': 1, 'num_saturated_heterocycles': 0, 'num_hba': 3, 'num_hbd': 2, 'num_rotatable_bonds': 3}",0.0025187630933250736,0.008882733035537637,0.0,0.09375
sm6-9,JKXWTCGOHAXNQI-UHFFFAOYSA-N,COc1cccc(Nc2ncnc3ccccc23)c1.Cl,"InChI=1S/C15H13N3O.ClH/c1-19-12-6-4-5-11(9-12)18-15-13-7-2-3-8-14(13)16-10-17-15;/h2-10H,1H3,(H,16,17,18);1H",287.082539748,47.040000000000006,3.803800000000002,4,1,3,c1ccc(Nc2ncnc3ccccc23)cc1,"{'fr_Al_COO': 0, 'fr_Al_OH': 0, 'fr_Al_OH_noTert': 0, 'fr_ArN': 0, 'fr_Ar_COO': 0, 'fr_Ar_N': 2, 'fr_Ar_NH': 0, 'fr_Ar_OH': 0, 'fr_COO': 0, 'fr_COO2': 0, 'fr_C_O': 0, 'fr_C_O_noCOO': 0, 'fr_C_S': 0, 'fr_HOCCN': 0, 'fr_Imine': 0, 'fr_NH0': 2, 'fr_NH1': 1, 'fr_NH2': 0, 'fr_N_O': 0, 'fr_Ndealkylation1': 0, 'fr_Ndealkylation2': 0, 'fr_Nhpyrrole': 0, 'fr_SH': 0, 'fr_aldehyde': 0, 'fr_alkyl_carbamate': 0, 'fr_alkyl_halide': 0, 'fr_allylic_oxid': 0, 'fr_amide': 0, 'fr_amidine': 0, 'fr_aniline': 2, 'fr_aryl_methyl': 0, 'fr_azide': 0, 'fr_azo': 0, 'fr_barbitur': 0, 'fr_benzene': 2, 'fr_benzodiazepine': 0, 'fr_bicyclic': 1, 'fr_diazo': 0, 'fr_dihydropyridine': 0, 'fr_epoxide': 0, 'fr_ester': 0, 'fr_ether': 1, 'fr_furan': 0, 'fr_guanido': 0, 'fr_halogen': 1, 'fr_hdrzine': 0, 'fr_hdrzone': 0, 'fr_imidazole': 0, 'fr_imide': 0, 'fr_isocyan': 0, 'fr_isothiocyan': 0, 'fr_ketone': 0, 'fr_ketone_Topliss': 0, 'fr_lactam': 0, 'fr_lactone': 0, 'fr_methoxy': 1, 'fr_morpholine': 0, 'fr_nitrile': 0, 'fr_nitro': 0, 'fr_nitro_arom': 0, 'fr_nitro_arom_nonortho': 0, 'fr_nitroso': 0, 'fr_oxazole': 0, 'fr_oxime': 0, 'fr_para_hydroxylation': 1, 'fr_phenol': 0, 'fr_phenol_noOrthoHbond': 0, 'fr_phos_acid': 0, 'fr_phos_ester': 0, 'fr_piperdine': 0, 'fr_piperzine': 0, 'fr_priamide': 0, 'fr_prisulfonamd': 0, 'fr_pyridine': 0, 'fr_quatN': 0, 'fr_sulfide': 0, 'fr_sulfonamd': 0, 'fr_sulfone': 0, 'fr_term_acetylene': 0, 'fr_tetrazole': 0, 'fr_thiazole': 0, 'fr_thiocyan': 0, 'fr_thiophene': 0, 'fr_unbrch_alkane': 0, 'fr_urea': 0, 'num_rings': 3, 'num_aromatic_rings': 3, 'num_aliphatic_rings': 0, 'num_aromatic_carbocycles': 2, 'num_aliphatic_carbocycles': 0, 'num_saturated_carbocycles': 0, 'num_heterocycles': 1, 'num_aliphatic_heterocycles': 0, 'num_aromatic_heterocycles': 1, 'num_saturated_heterocycles': 0, 'num_hba': 4, 'num_hbd': 1, 'num_rotatable_bonds': 3}",0.002479960760708415,0.009036312835028152,0.0,0.1111111111111111
sm6-10,XADJPGOQPUOTJY-UHFFFAOYSA-N,OC(CN=C(O)c1ccccc1)=Nc1nc2ccccc2s1,"InChI=1S/C16H13N3O2S/c20-14(10-17-15(21)11-6-2-1-3-7-11)19-16-18-12-8-4-5-9-13(12)22-16/h1-9H,10H2,(H,17,21)(H,18,19,20)",311.072847656,78.07000000000001,3.889100000000002,4,2,4,C(=NCC=Nc1nc2ccccc2s1)c1ccccc1,"{'fr_Al_COO': 0, 'fr_Al_OH': 2, 'fr_Al_OH_noTert': 2, 'fr_ArN': 0, 'fr_Ar_COO': 0, 'fr_Ar_N': 1, 'fr_Ar_NH': 0, 'fr_Ar_OH': 0, 'fr_COO': 0, 'fr_COO2': 0, 'fr_C_O': 0, 'fr_C_O_noCOO': 0, 'fr_C_S': 0, 'fr_HOCCN': 0, 'fr_Imine': 2, 'fr_NH0': 3, 'fr_NH1': 0, 'fr_NH2': 0, 'fr_N_O': 0, 'fr_Ndealkylation1': 0, 'fr_Ndealkylation2': 0, 'fr_Nhpyrrole': 0, 'fr_SH': 0, 'fr_aldehyde': 0, 'fr_alkyl_carbamate': 0, 'fr_alkyl_halide': 0, 'fr_allylic_oxid': 0, 'fr_amide': 0, 'fr_amidine': 0, 'fr_aniline': 0, 'fr_aryl_methyl': 0, 'fr_azide': 0, 'fr_azo': 0, 'fr_barbitur': 0, 'fr_benzene': 2, 'fr_benzodiazepine': 0, 'fr_bicyclic': 1, 'fr_diazo': 0, 'fr_dihydropyridine': 0, 'fr_epoxide': 0, 'fr_ester': 0, 'fr_ether': 0, 'fr_furan': 0, 'fr_guanido': 0, 'fr_halogen': 0, 'fr_hdrzine': 0, 'fr_hdrzone': 0, 'fr_imidazole': 0, 'fr_imide': 0, 'fr_isocyan': 0, 'fr_isothiocyan': 0, 'fr_ketone': 0, 'fr_ketone_Topliss': 0, 'fr_lactam': 0, 'fr_lactone': 0, 'fr_methoxy': 0, 'fr_morpholine': 0, 'fr_nitrile': 0, 'fr_nitro': 0, 'fr_nitro_arom': 0, 'fr_nitro_arom_nonortho': 0, 'fr_nitroso': 0, 'fr_oxazole': 0, 'fr_oxime': 0, 'fr_para_hydroxylation': 1, 'fr_phenol': 0, 'fr_phenol_noOrthoHbond': 0, 'fr_phos_acid': 0, 'fr_phos_ester': 0, 'fr_piperdine': 0, 'fr_piperzine': 0, 'fr_priamide': 0, 'fr_prisulfonamd': 0, 'fr_pyridine': 0, 'fr_quatN': 0, 'fr_sulfide': 0, 'fr_sulfonamd': 0, 'fr_sulfone': 0, 'fr_term_acetylene': 0, 'fr_tetrazole': 0, 'fr_thiazole': 1, 'fr_thiocyan': 0, 'fr_thiophene': 0, 'fr_unbrch_alkane': 0, 'fr_urea': 0, 'num_rings': 3, 'num_aromatic_rings': 3, 'num_aliphatic_rings': 0, 'num_aromatic_carbocycles': 2, 'num_aliphatic_carbocycles': 0, 'num_saturated_carbocycles': 0, 'num_heterocycles': 1, 'num_aliphatic_heterocycles': 0, 'num_aromatic_heterocycles': 1, 'num_saturated_heterocycles': 0, 'num_hba': 4, 'num_hbd': 2, 'num_rotatable_bonds': 4}",0.002261900620540613,0.008595057304209801,0.0,0.10256410256410256
sm6-11,KKDPIZPUTYIBFX-UHFFFAOYSA-N,Nc1ncnc2c1cnn2-c1ccccc1,"InChI=1S/C11H9N5/c12-10-9-6-15-16(11(9)14-7-13-10)8-4-2-1-3-5-8/h1-7H,(H2,12,13,14)",211.085795288,69.62,1.3977000000000002,5,1,1,c1ccc(-n2ncc3cncnc32)cc1,"{'fr_Al_COO': 0, 'fr_Al_OH': 0, 'fr_Al_OH_noTert': 0, 'fr_ArN': 1, 'fr_Ar_COO': 0, 'fr_Ar_N': 4, 'fr_Ar_NH': 0, 'fr_Ar_OH': 0, 'fr_COO': 0, 'fr_COO2': 0, 'fr_C_O': 0, 'fr_C_O_noCOO': 0, 'fr_C_S': 0, 'fr_HOCCN': 0, 'fr_Imine': 0, 'fr_NH0': 4, 'fr_NH1': 0, 'fr_NH2': 1, 'fr_N_O': 0, 'fr_Ndealkylation1': 0, 'fr_Ndealkylation2': 0, 'fr_Nhpyrrole': 0, 'fr_SH': 0, 'fr_aldehyde': 0, 'fr_alkyl_carbamate': 0, 'fr_alkyl_halide': 0, 'fr_allylic_oxid': 0, 'fr_amide': 0, 'fr_amidine': 0, 'fr_aniline': 1, 'fr_aryl_methyl': 0, 'fr_azide': 0, 'fr_azo': 0, 'fr_barbitur': 0, 'fr_benzene': 1, 'fr_benzodiazepine': 0, 'fr_bicyclic': 1, 'fr_diazo': 0, 'fr_dihydropyridine': 0, 'fr_epoxide': 0, 'fr_ester': 0, 'fr_ether': 0, 'fr_furan': 0, 'fr_guanido': 0, 'fr_halogen': 0, 'fr_hdrzine': 0, 'fr_hdrzone': 0, 'fr_imidazole': 0, 'fr_imide': 0, 'fr_isocyan': 0, 'fr_isothiocyan': 0, 'fr_ketone': 0, 'fr_ketone_Topliss': 0, 'fr_lactam': 0, 'fr_lactone': 0, 'fr_methoxy': 0, 'fr_morpholine': 0, 'fr_nitrile': 0, 'fr_nitro': 0, 'fr_nitro_arom': 0, 'fr_nitro_arom_nonortho': 0, 'fr_nitroso': 0, 'fr_oxazole': 0, 'fr_oxime': 0, 'fr_para_hydroxylation': 1, 'fr_phenol': 0, 'fr_phenol_noOrthoHbond': 0, 'fr_phos_acid': 0, 'fr_phos_ester': 0, 'fr_piperdine': 0, 'fr_piperzine': 0, 'fr_priamide': 0, 'fr_prisulfonamd': 0, 'fr_pyridine': 0, 'fr_quatN': 0, 'fr_sulfide': 0, 'fr_sulfonamd': 0, 'fr_sulfone': 0, 'fr_term_acetylene': 0, 'fr_tetrazole': 0, 'fr_thiazole': 0, 'fr_thiocyan': 0, 'fr_thiophene': 0, 'fr_unbrch_alkane': 0, 'fr_urea': 0, 'num_rings': 3, 'num_aromatic_rings': 3, 'num_aliphatic_rings': 0, 'num_aromatic_carbocycles': 1, 'num_aliphatic_carbocycles': 0, 'num_saturated_carbocycles': 0, 'num_heterocycles': 2, 'num_aliphatic_heterocycles': 0, 'num_aromatic_heterocycles': 2, 'num_saturated_heterocycles': 0, 'num_hba': 5, 'num_hbd': 1, 'num_rotatable_bonds': 1}",0.002477317471468444,0.009445839889957449,0.0,0.12195121951219512
sm6-12,KJSNIHYRHGBGAQ-UHFFFAOYSA-N,Cl.Clc1cccc(Nc2ncnc3ccccc23)c1,"InChI=1S/C14H10ClN3.ClH/c15-10-4-3-5-11(8-10)18-14-12-6-1-2-7-13(12)16-9-17-14;/h1-9H,(H,16,17,18);1H",291.03300271200004,37.81,4.4486000000000026,3,1,2,c1ccc(Nc2ncnc3ccccc23)cc1,"{'fr_Al_COO': 0, 'fr_Al_OH': 0, 'fr_Al_OH_noTert': 0, 'fr_ArN': 0, 'fr_Ar_COO': 0, 'fr_Ar_N': 2, 'fr_Ar_NH': 0, 'fr_Ar_OH': 0, 'fr_COO': 0, 'fr_COO2': 0, 'fr_C_O': 0, 'fr_C_O_noCOO': 0, 'fr_C_S': 0, 'fr_HOCCN': 0, 'fr_Imine': 0, 'fr_NH0': 2, 'fr_NH1': 1, 'fr_NH2': 0, 'fr_N_O': 0, 'fr_Ndealkylation1': 0, 'fr_Ndealkylation2': 0, 'fr_Nhpyrrole': 0, 'fr_SH': 0, 'fr_aldehyde': 0, 'fr_alkyl_carbamate': 0, 'fr_alkyl_halide': 0, 'fr_allylic_oxid': 0, 'fr_amide': 0, 'fr_amidine': 0, 'fr_aniline': 2, 'fr_aryl_methyl': 0, 'fr_azide': 0, 'fr_azo': 0, 'fr_barbitur': 0, 'fr_benzene': 2, 'fr_benzodiazepine': 0, 'fr_bicyclic': 1, 'fr_diazo': 0, 'fr_dihydropyridine': 0, 'fr_epoxide': 0, 'fr_ester': 0, 'fr_ether': 0, 'fr_furan': 0, 'fr_guanido': 0, 'fr_halogen': 2, 'fr_hdrzine': 0, 'fr_hdrzone': 0, 'fr_imidazole': 0, 'fr_imide': 0, 'fr_isocyan': 0, 'fr_isothiocyan': 0, 'fr_ketone': 0, 'fr_ketone_Topliss': 0, 'fr_lactam': 0, 'fr_lactone': 0, 'fr_methoxy': 0, 'fr_morpholine': 0, 'fr_nitrile': 0, 'fr_nitro': 0, 'fr_nitro_arom': 0, 'fr_nitro_arom_nonortho': 0, 'fr_nitroso': 0, 'fr_oxazole': 0, 'fr_oxime': 0, 'fr_para_hydroxylation': 1, 'fr_phenol': 0, 'fr_phenol_noOrthoHbond': 0, 'fr_phos_acid': 0, 'fr_phos_ester': 0, 'fr_piperdine': 0, 'fr_piperzine': 0, 'fr_priamide': 0, 'fr_prisulfonamd': 0, 'fr_pyridine': 0, 'fr_quatN': 0, 'fr_sulfide': 0, 'fr_sulfonamd': 0, 'fr_sulfone': 0, 'fr_term_acetylene': 0, 'fr_tetrazole': 0, 'fr_thiazole': 0, 'fr_thiocyan': 0, 'fr_thiophene': 0, 'fr_unbrch_alkane': 0, 'fr_urea': 0, 'num_rings': 3, 'num_aromatic_rings': 3, 'num_aliphatic_rings': 0, 'num_aromatic_carbocycles': 2, 'num_aliphatic_carbocycles': 0, 'num_saturated_carbocycles': 0, 'num_heterocycles': 1, 'num_aliphatic_heterocycles': 0, 'num_aromatic_heterocycles': 1, 'num_saturated_heterocycles': 0, 'num_hba': 3, 'num_hbd': 1, 'num_rotatable_bonds': 2}",0.002556928924953145,0.009199898278726951,0.0,0.09375
sm6-13,RSVNNWQHWIOIOC-UHFFFAOYSA-N,COc1cc2ncnc(Nc3cccc(C)c3)c2cc1OC,"InChI=1S/C17H17N3O2/c1-11-5-4-6-12(7-11)20-17-13-8-15(21-2)16(22-3)9-14(13)18-10-19-17/h4-10H,1-3H3,(H,18,19,20)",295.132076784,56.27000000000001,3.6990200000000018,5,1,4,c1ccc(Nc2ncnc3ccccc23)cc1,"{'fr_Al_COO': 0, 'fr_Al_OH': 0, 'fr_Al_OH_noTert': 0, 'fr_ArN': 0, 'fr_Ar_COO': 0, 'fr_Ar_N': 2, 'fr_Ar_NH': 0, 'fr_Ar_OH': 0, 'fr_COO': 0, 'fr_COO2': 0, 'fr_C_O': 0, 'fr_C_O_noCOO': 0, 'fr_C_S': 0, 'fr_HOCCN': 0, 'fr_Imine': 0, 'fr_NH0': 2, 'fr_NH1': 1, 'fr_NH2': 0, 'fr_N_O': 0, 'fr_Ndealkylation1': 0, 'fr_Ndealkylation2': 0, 'fr_Nhpyrrole': 0, 'fr_SH': 0, 'fr_aldehyde': 0, 'fr_alkyl_carbamate': 0, 'fr_alkyl_halide': 0, 'fr_allylic_oxid': 0, 'fr_amide': 0, 'fr_amidine': 0, 'fr_aniline': 2, 'fr_aryl_methyl': 1, 'fr_azide': 0, 'fr_azo': 0, 'fr_barbitur': 0, 'fr_benzene': 2, 'fr_benzodiazepine': 0, 'fr_bicyclic': 1, 'fr_diazo': 0, 'fr_dihydropyridine': 0, 'fr_epoxide': 0, 'fr_ester': 0, 'fr_ether': 2, 'fr_furan': 0, 'fr_guanido': 0, 'fr_halogen': 0, 'fr_hdrzine': 0, 'fr_hdrzone': 0, 'fr_imidazole': 0, 'fr_imide': 0, 'fr_isocyan': 0, 'fr_isothiocyan': 0, 'fr_ketone': 0, 'fr_ketone_Topliss': 0, 'fr_lactam': 0, 'fr_lactone': 0, 'fr_methoxy': 2, 'fr_morpholine': 0, 'fr_nitrile': 0, 'fr_nitro': 0, 'fr_nitro_arom': 0, 'fr_nitro_arom_nonortho': 0, 'fr_nitroso': 0, 'fr_oxazole': 0, 'fr_oxime': 0, 'fr_para_hydroxylation': 0, 'fr_phenol': 0, 'fr_phenol_noOrthoHbond': 0, 'fr_phos_acid': 0, 'fr_phos_ester': 0, 'fr_piperdine': 0, 'fr_piperzine': 0, 'fr_priamide': 0, 'fr_prisulfonamd': 0, 'fr_pyridine': 0, 'fr_quatN': 0, 'fr_sulfide': 0, 'fr_sulfonamd': 0, 'fr_sulfone': 0, 'fr_term_acetylene': 0, 'fr_tetrazole': 0, 'fr_thiazole': 0, 'fr_thiocyan': 0, 'fr_thiophene': 0, 'fr_unbrch_alkane': 0, 'fr_urea': 0, 'num_rings': 3, 'num_aromatic_rings': 3, 'num_aliphatic_rings': 0, 'num_aromatic_carbocycles': 2, 'num_aliphatic_carbocycles': 0, 'num_saturated_carbocycles': 0, 'num_heterocycles': 1, 'num_aliphatic_heterocycles': 0, 'num_aromatic_heterocycles': 1, 'num_saturated_heterocycles': 0, 'num_hba': 5, 'num_hbd': 1, 'num_rotatable_bonds': 4}",0.0023595774381743946,0.008734166461655667,0.0,0.11363636363636363
sm6-14,JSQMNGQWESPAOF-UHFFFAOYSA-N,Nc1ccc2c(c1)ncn2-c1ccccc1,"InChI=1S/C13H11N3/c14-10-6-7-13-12(8-10)15-9-16(13)11-4-2-1-3-5-11/h1-9H,14H2",209.095297352,43.84,2.6077000000000004,3,1,1,c1ccc(-n2cnc3ccccc32)cc1,"{'fr_Al_COO': 0, 'fr_Al_OH': 0, 'fr_Al_OH_noTert': 0, 'fr_ArN': 1, 'fr_Ar_COO': 0, 'fr_Ar_N': 2, 'fr_Ar_NH': 0, 'fr_Ar_OH': 0, 'fr_COO': 0, 'fr_COO2': 0, 'fr_C_O': 0, 'fr_C_O_noCOO': 0, 'fr_C_S': 0, 'fr_HOCCN': 0, 'fr_Imine': 0, 'fr_NH0': 2, 'fr_NH1': 0, 'fr_NH2': 1, 'fr_N_O': 0, 'fr_Ndealkylation1': 0, 'fr_Ndealkylation2': 0, 'fr_Nhpyrrole': 0, 'fr_SH': 0, 'fr_aldehyde': 0, 'fr_alkyl_carbamate': 0, 'fr_alkyl_halide': 0, 'fr_allylic_oxid': 0, 'fr_amide': 0, 'fr_amidine': 0, 'fr_aniline': 1, 'fr_aryl_methyl': 0, 'fr_azide': 0, 'fr_azo': 0, 'fr_barbitur': 0, 'fr_benzene': 2, 'fr_benzodiazepine': 0, 'fr_bicyclic': 1, 'fr_diazo': 0, 'fr_dihydropyridine': 0, 'fr_epoxide': 0, 'fr_ester': 0, 'fr_ether': 0, 'fr_furan': 0, 'fr_guanido': 0, 'fr_halogen': 0, 'fr_hdrzine': 0, 'fr_hdrzone': 0, 'fr_imidazole': 1, 'fr_imide': 0, 'fr_isocyan': 0, 'fr_isothiocyan': 0, 'fr_ketone': 0, 'fr_ketone_Topliss': 0, 'fr_lactam': 0, 'fr_lactone': 0, 'fr_methoxy': 0, 'fr_morpholine': 0, 'fr_nitrile': 0, 'fr_nitro': 0, 'fr_nitro_arom': 0, 'fr_nitro_arom_nonortho': 0, 'fr_nitroso': 0, 'fr_oxazole': 0, 'fr_oxime': 0, 'fr_para_hydroxylation': 1, 'fr_phenol': 0, 'fr_phenol_noOrthoHbond': 0, 'fr_phos_acid': 0, 'fr_phos_ester': 0, 'fr_piperdine': 0, 'fr_piperzine': 0, 'fr_priamide': 0, 'fr_prisulfonamd': 0, 'fr_pyridine': 0, 'fr_quatN': 0, 'fr_sulfide': 0, 'fr_sulfonamd': 0, 'fr_sulfone': 0, 'fr_term_acetylene': 0, 'fr_tetrazole': 0, 'fr_thiazole': 0, 'fr_thiocyan': 0, 'fr_thiophene': 0, 'fr_unbrch_alkane': 0, 'fr_urea': 0, 'num_rings': 3, 'num_aromatic_rings': 3, 'num_aliphatic_rings': 0, 'num_aromatic_carbocycles': 2, 'num_aliphatic_carbocycles': 0, 'num_saturated_carbocycles': 0, 'num_heterocycles': 1, 'num_aliphatic_heterocycles': 0, 'num_aromatic_heterocycles': 1, 'num_saturated_heterocycles': 0, 'num_hba': 3, 'num_hbd': 1, 'num_rotatable_bonds': 1}",0.002586366757763693,0.009383970666408148,0.0,0.1
sm6-15,YPKCOJPZSAGCHD-UHFFFAOYSA-N,Oc1ccc(-n2cnc3ccccc32)cc1,"InChI=1S/C13H10N2O/c16-11-7-5-10(6-8-11)15-9-14-12-3-1-2-4-13(12)15/h1-9,16H",210.07931294,38.05,2.731100000000002,3,1,1,c1ccc(-n2cnc3ccccc32)cc1,"{'fr_Al_COO': 0, 'fr_Al_OH': 0, 'fr_Al_OH_noTert': 0, 'fr_ArN': 0, 'fr_Ar_COO': 0, 'fr_Ar_N': 2, 'fr_Ar_NH': 0, 'fr_Ar_OH': 1, 'fr_COO': 0, 'fr_COO2': 0, 'fr_C_O': 0, 'fr_C_O_noCOO': 0, 'fr_C_S': 0, 'fr_HOCCN': 0, 'fr_Imine': 0, 'fr_NH0': 2, 'fr_NH1': 0, 'fr_NH2': 0, 'fr_N_O': 0, 'fr_Ndealkylation1': 0, 'fr_Ndealkylation2': 0, 'fr_Nhpyrrole': 0, 'fr_SH': 0, 'fr_aldehyde': 0, 'fr_alkyl_carbamate': 0, 'fr_alkyl_halide': 0, 'fr_allylic_oxid': 0, 'fr_amide': 0, 'fr_amidine': 0, 'fr_aniline': 0, 'fr_aryl_methyl': 0, 'fr_azide': 0, 'fr_azo': 0, 'fr_barbitur': 0, 'fr_benzene': 2, 'fr_benzodiazepine': 0, 'fr_bicyclic': 1, 'fr_diazo': 0, 'fr_dihydropyridine': 0, 'fr_epoxide': 0, 'fr_ester': 0, 'fr_ether': 0, 'fr_furan': 0, 'fr_guanido': 0, 'fr_halogen': 0, 'fr_hdrzine': 0, 'fr_hdrzone': 0, 'fr_imidazole': 1, 'fr_imide': 0, 'fr_isocyan': 0, 'fr_isothiocyan': 0, 'fr_ketone': 0, 'fr_ketone_Topliss': 0, 'fr_lactam': 0, 'fr_lactone': 0, 'fr_methoxy': 0, 'fr_morpholine': 0, 'fr_nitrile': 0, 'fr_nitro': 0, 'fr_nitro_arom': 0, 'fr_nitro_arom_nonortho': 0, 'fr_nitroso': 0, 'fr_oxazole': 0, 'fr_oxime': 0, 'fr_para_hydroxylation': 2, 'fr_phenol': 1, 'fr_phenol_noOrthoHbond': 1, 'fr_phos_acid': 0, 'fr_phos_ester': 0, 'fr_piperdine': 0, 'fr_piperzine': 0, 'fr_priamide': 0, 'fr_prisulfonamd': 0, 'fr_pyridine': 0, 'fr_quatN': 0, 'fr_sulfide': 0, 'fr_sulfonamd': 0, 'fr_sulfone': 0, 'fr_term_acetylene': 0, 'fr_tetrazole': 0, 'fr_thiazole': 0, 'fr_thiocyan': 0, 'fr_thiophene': 0, 'fr_unbrch_alkane': 0, 'fr_urea': 0, 'num_rings': 3, 'num_aromatic_rings': 3, 'num_aliphatic_rings': 0, 'num_aromatic_carbocycles': 2, 'num_aliphatic_carbocycles': 0, 'num_saturated_carbocycles': 0, 'num_heterocycles': 1, 'num_aliphatic_heterocycles': 0, 'num_aromatic_heterocycles': 1, 'num_saturated_heterocycles': 0, 'num_hba': 3, 'num_hbd': 1, 'num_rotatable_bonds': 1}",0.0025028566644739662,0.009156231493092292,0.0,0.0967741935483871
sm6-16,OLJPUMGNYIOTFM-UHFFFAOYSA-N,O=C(N=c1cc[nH]cc1)c1c(Cl)cccc1Cl,"InChI=1S/C12H8Cl2N2O/c13-9-2-1-3-10(14)11(9)12(17)16-8-4-6-15-7-5-8/h1-7H,(H,15,16,17)",266.001368236,45.22,3.062600000000001,1,1,1,O=C(N=c1cc[nH]cc1)c1ccccc1,"{'fr_Al_COO': 0, 'fr_Al_OH': 0, 'fr_Al_OH_noTert': 0, 'fr_ArN': 0, 'fr_Ar_COO': 0, 'fr_Ar_N': 1, 'fr_Ar_NH': 1, 'fr_Ar_OH': 0, 'fr_COO': 0, 'fr_COO2': 0, 'fr_C_O': 1, 'fr_C_O_noCOO': 1, 'fr_C_S': 0, 'fr_HOCCN': 0, 'fr_Imine': 0, 'fr_NH0': 1, 'fr_NH1': 1, 'fr_NH2': 0, 'fr_N_O': 0, 'fr_Ndealkylation1': 0, 'fr_Ndealkylation2': 0, 'fr_Nhpyrrole': 1, 'fr_SH': 0, 'fr_aldehyde': 0, 'fr_alkyl_carbamate': 0, 'fr_alkyl_halide': 0, 'fr_allylic_oxid': 0, 'fr_amide': 1, 'fr_amidine': 0, 'fr_aniline': 0, 'fr_aryl_methyl': 0, 'fr_azide': 0, 'fr_azo': 0, 'fr_barbitur': 0, 'fr_benzene': 1, 'fr_benzodiazepine': 0, 'fr_bicyclic': 0, 'fr_diazo': 0, 'fr_dihydropyridine': 0, 'fr_epoxide': 0, 'fr_ester': 0, 'fr_ether': 0, 'fr_furan': 0, 'fr_guanido': 0, 'fr_halogen': 2, 'fr_hdrzine': 0, 'fr_hdrzone': 0, 'fr_imidazole': 0, 'fr_imide': 0, 'fr_isocyan': 0, 'fr_isothiocyan': 0, 'fr_ketone': 0, 'fr_ketone_Topliss': 0, 'fr_lactam': 0, 'fr_lactone': 0, 'fr_methoxy': 0, 'fr_morpholine': 0, 'fr_nitrile': 0, 'fr_nitro': 0, 'fr_nitro_arom': 0, 'fr_nitro_arom_nonortho': 0, 'fr_nitroso': 0, 'fr_oxazole': 0, 'fr_oxime': 0, 'fr_para_hydroxylation': 0, 'fr_phenol': 0, 'fr_phenol_noOrthoHbond': 0, 'fr_phos_acid': 0, 'fr_phos_ester': 0, 'fr_piperdine': 0, 'fr_piperzine': 0, 'fr_priamide': 0, 'fr_prisulfonamd': 0, 'fr_pyridine': 1, 'fr_quatN': 0, 'fr_sulfide': 0, 'fr_sulfonamd': 0, 'fr_sulfone': 0, 'fr_term_acetylene': 0, 'fr_tetrazole': 0, 'fr_thiazole': 0, 'fr_thiocyan': 0, 'fr_thiophene': 0, 'fr_unbrch_alkane': 0, 'fr_urea': 0, 'num_rings': 2, 'num_aromatic_rings': 2, 'num_aliphatic_rings': 0, 'num_aromatic_carbocycles': 1, 'num_aliphatic_carbocycles': 0, 'num_saturated_carbocycles': 0, 'num_heterocycles': 1, 'num_aliphatic_heterocycles': 0, 'num_aromatic_heterocycles': 1, 'num_saturated_heterocycles': 0, 'num_hba': 1, 'num_hbd': 1, 'num_rotatable_bonds': 1}",0.002431227468436761,0.008170890756938115,0.0,0.07692307692307693
sm6-17,JYGQRLOMJKRAQM-UHFFFAOYSA-N,c1ccc(CSc2nnc(-c3ccncc3)o2)cc1,"InChI=1S/C14H11N3OS/c1-2-4-11(5-3-1)10-19-14-17-16-13(18-14)12-6-8-15-9-7-12/h1-9H,10H2",269.062282972,51.81,3.423900000000001,5,0,4,c1ccc(CSc2nnc(-c3ccncc3)o2)cc1,"{'fr_Al_COO': 0, 'fr_Al_OH': 0, 'fr_Al_OH_noTert': 0, 'fr_ArN': 0, 'fr_Ar_COO': 0, 'fr_Ar_N': 3, 'fr_Ar_NH': 0, 'fr_Ar_OH': 0, 'fr_COO': 0, 'fr_COO2': 0, 'fr_C_O': 0, 'fr_C_O_noCOO': 0, 'fr_C_S': 0, 'fr_HOCCN': 0, 'fr_Imine': 0, 'fr_NH0': 3, 'fr_NH1': 0, 'fr_NH2': 0, 'fr_N_O': 0, 'fr_Ndealkylation1': 0, 'fr_Ndealkylation2': 0, 'fr_Nhpyrrole': 0, 'fr_SH': 0, 'fr_aldehyde': 0, 'fr_alkyl_carbamate': 0, 'fr_alkyl_halide': 0, 'fr_allylic_oxid': 0, 'fr_amide': 0, 'fr_amidine': 0, 'fr_aniline': 0, 'fr_aryl_methyl': 0, 'fr_azide': 0, 'fr_azo': 0, 'fr_barbitur': 0, 'fr_benzene': 1, 'fr_benzodiazepine': 0, 'fr_bicyclic': 0, 'fr_diazo': 0, 'fr_dihydropyridine': 0, 'fr_epoxide': 0, 'fr_ester': 0, 'fr_ether': 0, 'fr_furan': 0, 'fr_guanido': 0, 'fr_halogen': 0, 'fr_hdrzine': 0, 'fr_hdrzone': 0, 'fr_imidazole': 0, 'fr_imide': 0, 'fr_isocyan': 0, 'fr_isothiocyan': 0, 'fr_ketone': 0, 'fr_ketone_Topliss': 0, 'fr_lactam': 0, 'fr_lactone': 0, 'fr_methoxy': 0, 'fr_morpholine': 0, 'fr_nitrile': 0, 'fr_nitro': 0, 'fr_nitro_arom': 0, 'fr_nitro_arom_nonortho': 0, 'fr_nitroso': 0, 'fr_oxazole': 0, 'fr_oxime': 0, 'fr_para_hydroxylation': 0, 'fr_phenol': 0, 'fr_phenol_noOrthoHbond': 0, 'fr_phos_acid': 0, 'fr_phos_ester': 0, 'fr_piperdine': 0, 'fr_piperzine': 0, 'fr_priamide': 0, 'fr_prisulfonamd': 0, 'fr_pyridine': 1, 'fr_quatN': 0, 'fr_sulfide': 1, 'fr_sulfonamd': 0, 'fr_sulfone': 0, 'fr_term_acetylene': 0, 'fr_tetrazole': 0, 'fr_thiazole': 0, 'fr_thiocyan': 0, 'fr_thiophene': 0, 'fr_unbrch_alkane': 0, 'fr_urea': 0, 'num_rings': 3, 'num_aromatic_rings': 3, 'num_aliphatic_rings': 0, 'num_aromatic_carbocycles': 1, 'num_aliphatic_carbocycles': 0, 'num_saturated_carbocycles': 0, 'num_heterocycles': 2, 'num_aliphatic_heterocycles': 0, 'num_aromatic_heterocycles': 2, 'num_saturated_heterocycles': 0, 'num_hba': 5, 'num_hbd': 0, 'num_rotatable_bonds': 4}",0.0023440565635511447,0.00981755266698189,0.0,0.13157894736842105
sm6-18,NSBOINOQPZJFJR-UHFFFAOYSA-N,OC(CCc1nc(O)c2ccccc2n1)=Nc1ncc(Cc2ccc(F)c(F)c2)s1,"InChI=1S/C21H16F2N4O2S/c22-15-6-5-12(10-16(15)23)9-13-11-24-21(30-13)27-19(28)8-7-18-25-17-4-2-1-3-14(17)20(29)26-18/h1-6,10-11H,7-9H2,(H,24,27,28)(H,25,26,29)",426.0962031920001,91.49,4.881700000000004,6,2,6,C(CCc1ncc2ccccc2n1)=Nc1ncc(Cc2ccccc2)s1,"{'fr_Al_COO': 0, 'fr_Al_OH': 1, 'fr_Al_OH_noTert': 1, 'fr_ArN': 0, 'fr_Ar_COO': 0, 'fr_Ar_N': 3, 'fr_Ar_NH': 0, 'fr_Ar_OH': 1, 'fr_COO': 0, 'fr_COO2': 0, 'fr_C_O': 0, 'fr_C_O_noCOO': 0, 'fr_C_S': 0, 'fr_HOCCN': 0, 'fr_Imine': 1, 'fr_NH0': 4, 'fr_NH1': 0, 'fr_NH2': 0, 'fr_N_O': 0, 'fr_Ndealkylation1': 0, 'fr_Ndealkylation2': 0, 'fr_Nhpyrrole': 0, 'fr_SH': 0, 'fr_aldehyde': 0, 'fr_alkyl_carbamate': 0, 'fr_alkyl_halide': 0, 'fr_allylic_oxid': 0, 'fr_amide': 0, 'fr_amidine': 0, 'fr_aniline': 0, 'fr_aryl_methyl': 1, 'fr_azide': 0, 'fr_azo': 0, 'fr_barbitur': 0, 'fr_benzene': 2, 'fr_benzodiazepine': 0, 'fr_bicyclic': 1, 'fr_diazo': 0, 'fr_dihydropyridine': 0, 'fr_epoxide': 0, 'fr_ester': 0, 'fr_ether': 0, 'fr_furan': 0, 'fr_guanido': 0, 'fr_halogen': 2, 'fr_hdrzine': 0, 'fr_hdrzone': 0, 'fr_imidazole': 0, 'fr_imide': 0, 'fr_isocyan': 0, 'fr_isothiocyan': 0, 'fr_ketone': 0, 'fr_ketone_Topliss': 0, 'fr_lactam': 0, 'fr_lactone': 0, 'fr_methoxy': 0, 'fr_morpholine': 0, 'fr_nitrile': 0, 'fr_nitro': 0, 'fr_nitro_arom': 0, 'fr_nitro_arom_nonortho': 0, 'fr_nitroso': 0, 'fr_oxazole': 0, 'fr_oxime': 0, 'fr_para_hydroxylation': 1, 'fr_phenol': 0, 'fr_phenol_noOrthoHbond': 0, 'fr_phos_acid': 0, 'fr_phos_ester': 0, 'fr_piperdine': 0, 'fr_piperzine': 0, 'fr_priamide': 0, 'fr_prisulfonamd': 0, 'fr_pyridine': 0, 'fr_quatN': 0, 'fr_sulfide': 0, 'fr_sulfonamd': 0, 'fr_sulfone': 0, 'fr_term_acetylene': 0, 'fr_tetrazole': 0, 'fr_thiazole': 1, 'fr_thiocyan': 0, 'fr_thiophene': 0, 'fr_unbrch_alkane': 0, 'fr_urea': 0, 'num_rings': 4, 'num_aromatic_rings': 4, 'num_aliphatic_rings': 0, 'num_aromatic_carbocycles': 2, 'num_aliphatic_carbocycles': 0, 'num_saturated_carbocycles': 0, 'num_heterocycles': 2, 'num_aliphatic_heterocycles': 0, 'num_aromatic_heterocycles': 2, 'num_saturated_heterocycles': 0, 'num_hba': 6, 'num_hbd': 2, 'num_rotatable_bonds': 6}",0.0020933087966710675,0.007733270653729164,0.0,0.10714285714285714
sm6-19me,HBKYFMHOGASEDV-UHFFFAOYSA-N,CCc1ccc2c(c1)SC(N=C(O)Cc1ccc(Cl)c(Cl)c1)[N]2,"InChI=1S/C17H15Cl2N2OS/c1-2-10-4-6-14-15(8-10)23-17(20-14)21-16(22)9-11-3-5-12(18)13(19)7-11/h3-8,17H,2,9H2,1H3,(H,21,22)",365.02821446,46.69,5.380200000000003,2,1,4,C(Cc1ccccc1)=NC1[N]c2ccccc2S1,"{'fr_Al_COO': 0, 'fr_Al_OH': 1, 'fr_Al_OH_noTert': 1, 'fr_ArN': 0, 'fr_Ar_COO': 0, 'fr_Ar_N': 0, 'fr_Ar_NH': 0, 'fr_Ar_OH': 0, 'fr_COO': 0, 'fr_COO2': 0, 'fr_C_O': 0, 'fr_C_O_noCOO': 0, 'fr_C_S': 0, 'fr_HOCCN': 0, 'fr_Imine': 1, 'fr_NH0': 2, 'fr_NH1': 0, 'fr_NH2': 0, 'fr_N_O': 0, 'fr_Ndealkylation1': 0, 'fr_Ndealkylation2': 0, 'fr_Nhpyrrole': 0, 'fr_SH': 0, 'fr_aldehyde': 0, 'fr_alkyl_carbamate': 0, 'fr_alkyl_halide': 0, 'fr_allylic_oxid': 0, 'fr_amide': 0, 'fr_amidine': 0, 'fr_aniline': 0, 'fr_aryl_methyl': 1, 'fr_azide': 0, 'fr_azo': 0, 'fr_barbitur': 0, 'fr_benzene': 2, 'fr_benzodiazepine': 0, 'fr_bicyclic': 1, 'fr_diazo': 0, 'fr_dihydropyridine': 0, 'fr_epoxide': 0, 'fr_ester': 0, 'fr_ether': 0, 'fr_furan': 0, 'fr_guanido': 0, 'fr_halogen': 2, 'fr_hdrzine': 0, 'fr_hdrzone': 0, 'fr_imidazole': 0, 'fr_imide': 0, 'fr_isocyan': 0, 'fr_isothiocyan': 0, 'fr_ketone': 0, 'fr_ketone_Topliss': 0, 'fr_lactam': 0, 'fr_lactone': 0, 'fr_methoxy': 0, 'fr_morpholine': 0, 'fr_nitrile': 0, 'fr_nitro': 0, 'fr_nitro_arom': 0, 'fr_nitro_arom_nonortho': 0, 'fr_nitroso': 0, 'fr_oxazole': 0, 'fr_oxime': 0, 'fr_para_hydroxylation': 0, 'fr_phenol': 0, 'fr_phenol_noOrthoHbond': 0, 'fr_phos_acid': 0, 'fr_phos_ester': 0, 'fr_piperdine': 0, 'fr_piperzine': 0, 'fr_priamide': 0, 'fr_prisulfonamd': 0, 'fr_pyridine': 0, 'fr_quatN': 0, 'fr_sulfide': 1, 'fr_sulfonamd': 0, 'fr_sulfone': 0, 'fr_term_acetylene': 0, 'fr_tetrazole': 0, 'fr_thiazole': 0, 'fr_thiocyan': 0, 'fr_thiophene': 0, 'fr_unbrch_alkane': 0, 'fr_urea': 0, 'num_rings': 3, 'num_aromatic_rings': 2, 'num_aliphatic_rings': 1, 'num_aromatic_carbocycles': 2, 'num_aliphatic_carbocycles': 0, 'num_saturated_carbocycles': 0, 'num_heterocycles': 1, 'num_aliphatic_heterocycles': 1, 'num_aromatic_heterocycles': 0, 'num_saturated_heterocycles': 0, 'num_hba': 2, 'num_hbd': 1, 'num_rotatable_bonds': 4}",0.0022344653443188895,0.008252879540307125,0.0,0.11428571428571428
sm6-20,XQTSESLEAASMKJ-VIZOYTHASA-N,O=C1N=C(O)/C(=C\c2cccc(OCc3ccc(Cl)cc3Cl)c2)S1,"InChI=1S/C17H11Cl2NO3S/c18-12-5-4-11(14(19)8-12)9-23-13-3-1-2-10(6-13)7-15-16(21)20-17(22)24-15/h1-8H,9H2,(H,20,21,22)/b15-7+",378.983669572,58.89,5.736600000000002,3,1,4,O=C1N=CC(=Cc2cccc(OCc3ccccc3)c2)S1,"{'fr_Al_COO': 0, 'fr_Al_OH': 1, 'fr_Al_OH_noTert': 1, 'fr_ArN': 0, 'fr_Ar_COO': 0, 'fr_Ar_N': 0, 'fr_Ar_NH': 0, 'fr_Ar_OH': 0, 'fr_COO': 0, 'fr_COO2': 0, 'fr_C_O': 1, 'fr_C_O_noCOO': 1, 'fr_C_S': 0, 'fr_HOCCN': 0, 'fr_Imine': 1, 'fr_NH0': 1, 'fr_NH1': 0, 'fr_NH2': 0, 'fr_N_O': 0, 'fr_Ndealkylation1': 0, 'fr_Ndealkylation2': 0, 'fr_Nhpyrrole': 0, 'fr_SH': 0, 'fr_aldehyde': 0, 'fr_alkyl_carbamate': 0, 'fr_alkyl_halide': 0, 'fr_allylic_oxid': 0, 'fr_amide': 1, 'fr_amidine': 0, 'fr_aniline': 0, 'fr_aryl_methyl': 0, 'fr_azide': 0, 'fr_azo': 0, 'fr_barbitur': 0, 'fr_benzene': 2, 'fr_benzodiazepine': 0, 'fr_bicyclic': 0, 'fr_diazo': 0, 'fr_dihydropyridine': 0, 'fr_epoxide': 0, 'fr_ester': 0, 'fr_ether': 1, 'fr_furan': 0, 'fr_guanido': 0, 'fr_halogen': 2, 'fr_hdrzine': 0, 'fr_hdrzone': 0, 'fr_imidazole': 0, 'fr_imide': 0, 'fr_isocyan': 0, 'fr_isothiocyan': 0, 'fr_ketone': 0, 'fr_ketone_Topliss': 0, 'fr_lactam': 0, 'fr_lactone': 0, 'fr_methoxy': 0, 'fr_morpholine': 0, 'fr_nitrile': 0, 'fr_nitro': 0, 'fr_nitro_arom': 0, 'fr_nitro_arom_nonortho': 0, 'fr_nitroso': 0, 'fr_oxazole': 0, 'fr_oxime': 0, 'fr_para_hydroxylation': 0, 'fr_phenol': 0, 'fr_phenol_noOrthoHbond': 0, 'fr_phos_acid': 0, 'fr_phos_ester': 0, 'fr_piperdine': 0, 'fr_piperzine': 0, 'fr_priamide': 0, 'fr_prisulfonamd': 0, 'fr_pyridine': 0, 'fr_quatN': 0, 'fr_sulfide': 1, 'fr_sulfonamd': 0, 'fr_sulfone': 0, 'fr_term_acetylene': 0, 'fr_tetrazole': 0, 'fr_thiazole': 0, 'fr_thiocyan': 0, 'fr_thiophene': 0, 'fr_unbrch_alkane': 0, 'fr_urea': 0, 'num_rings': 3, 'num_aromatic_rings': 2, 'num_aliphatic_rings': 1, 'num_aromatic_carbocycles': 2, 'num_aliphatic_carbocycles': 0, 'num_saturated_carbocycles': 0, 'num_heterocycles': 1, 'num_aliphatic_heterocycles': 1, 'num_aromatic_heterocycles': 0, 'num_saturated_heterocycles': 0, 'num_hba': 3, 'num_hbd': 1, 'num_rotatable_bonds': 4}",0.0021434953396358746,0.00825124458580782,0.0,0.10810810810810811
sm6-21,JMFBVEWGVFCOKD-UHFFFAOYSA-N,Fc1cnc(Nc2cccc(Br)c2)[nH]c1=Nc1cccc(Br)c1,"InChI=1S/C16H11Br2FN4/c17-10-3-1-5-12(7-10)21-15-14(19)9-20-16(23-15)22-13-6-2-4-11(18)8-13/h1-9H,(H2,20,21,22,23)",435.9334487720002,53.07,5.049800000000001,3,2,3,c1ccc(N=c2ccnc(Nc3ccccc3)[nH]2)cc1,"{'fr_Al_COO': 0, 'fr_Al_OH': 0, 'fr_Al_OH_noTert': 0, 'fr_ArN': 0, 'fr_Ar_COO': 0, 'fr_Ar_N': 2, 'fr_Ar_NH': 1, 'fr_Ar_OH': 0, 'fr_COO': 0, 'fr_COO2': 0, 'fr_C_O': 0, 'fr_C_O_noCOO': 0, 'fr_C_S': 0, 'fr_HOCCN': 0, 'fr_Imine': 0, 'fr_NH0': 2, 'fr_NH1': 2, 'fr_NH2': 0, 'fr_N_O': 0, 'fr_Ndealkylation1': 0, 'fr_Ndealkylation2': 0, 'fr_Nhpyrrole': 1, 'fr_SH': 0, 'fr_aldehyde': 0, 'fr_alkyl_carbamate': 0, 'fr_alkyl_halide': 0, 'fr_allylic_oxid': 0, 'fr_amide': 0, 'fr_amidine': 0, 'fr_aniline': 2, 'fr_aryl_methyl': 0, 'fr_azide': 0, 'fr_azo': 0, 'fr_barbitur': 0, 'fr_benzene': 2, 'fr_benzodiazepine': 0, 'fr_bicyclic': 0, 'fr_diazo': 0, 'fr_dihydropyridine': 0, 'fr_epoxide': 0, 'fr_ester': 0, 'fr_ether': 0, 'fr_furan': 0, 'fr_guanido': 0, 'fr_halogen': 3, 'fr_hdrzine': 0, 'fr_hdrzone': 0, 'fr_imidazole': 0, 'fr_imide': 0, 'fr_isocyan': 0, 'fr_isothiocyan': 0, 'fr_ketone': 0, 'fr_ketone_Topliss': 0, 'fr_lactam': 0, 'fr_lactone': 0, 'fr_methoxy': 0, 'fr_morpholine': 0, 'fr_nitrile': 0, 'fr_nitro': 0, 'fr_nitro_arom': 0, 'fr_nitro_arom_nonortho': 0, 'fr_nitroso': 0, 'fr_oxazole': 0, 'fr_oxime': 0, 'fr_para_hydroxylation': 0, 'fr_phenol': 0, 'fr_phenol_noOrthoHbond': 0, 'fr_phos_acid': 0, 'fr_phos_ester': 0, 'fr_piperdine': 0, 'fr_piperzine': 0, 'fr_priamide': 0, 'fr_prisulfonamd': 0, 'fr_pyridine': 0, 'fr_quatN': 0, 'fr_sulfide': 0, 'fr_sulfonamd': 0, 'fr_sulfone': 0, 'fr_term_acetylene': 0, 'fr_tetrazole': 0, 'fr_thiazole': 0, 'fr_thiocyan': 0, 'fr_thiophene': 0, 'fr_unbrch_alkane': 0, 'fr_urea': 0, 'num_rings': 3, 'num_aromatic_rings': 3, 'num_aliphatic_rings': 0, 'num_aromatic_carbocycles': 2, 'num_aliphatic_carbocycles': 0, 'num_saturated_carbocycles': 0, 'num_heterocycles': 1, 'num_aliphatic_heterocycles': 0, 'num_aromatic_heterocycles': 1, 'num_saturated_heterocycles': 0, 'num_hba': 3, 'num_hbd': 2, 'num_rotatable_bonds': 3}",0.0024359018222324023,0.00880073204141722,0.0,0.08571428571428572
sm6-22,UXZFQZANDVDGMM-UHFFFAOYSA-N,Oc1c(I)cc(I)c2cccnc12,"InChI=1S/C9H5I2NO/c10-6-4-7(11)9(13)8-5(6)2-1-3-12-8/h1-4,13H",396.84605978,33.120000000000005,3.1496,2,1,0,c1ccc2ncccc2c1,"{'fr_Al_COO': 0, 'fr_Al_OH': 0, 'fr_Al_OH_noTert': 0, 'fr_ArN': 0, 'fr_Ar_COO': 0, 'fr_Ar_N': 1, 'fr_Ar_NH': 0, 'fr_Ar_OH': 1, 'fr_COO': 0, 'fr_COO2': 0, 'fr_C_O': 0, 'fr_C_O_noCOO': 0, 'fr_C_S': 0, 'fr_HOCCN': 0, 'fr_Imine': 0, 'fr_NH0': 1, 'fr_NH1': 0, 'fr_NH2': 0, 'fr_N_O': 0, 'fr_Ndealkylation1': 0, 'fr_Ndealkylation2': 0, 'fr_Nhpyrrole': 0, 'fr_SH': 0, 'fr_aldehyde': 0, 'fr_alkyl_carbamate': 0, 'fr_alkyl_halide': 0, 'fr_allylic_oxid': 0, 'fr_amide': 0, 'fr_amidine': 0, 'fr_aniline': 0, 'fr_aryl_methyl': 0, 'fr_azide': 0, 'fr_azo': 0, 'fr_barbitur': 0, 'fr_benzene': 1, 'fr_benzodiazepine': 0, 'fr_bicyclic': 1, 'fr_diazo': 0, 'fr_dihydropyridine': 0, 'fr_epoxide': 0, 'fr_ester': 0, 'fr_ether': 0, 'fr_furan': 0, 'fr_guanido': 0, 'fr_halogen': 2, 'fr_hdrzine': 0, 'fr_hdrzone': 0, 'fr_imidazole': 0, 'fr_imide': 0, 'fr_isocyan': 0, 'fr_isothiocyan': 0, 'fr_ketone': 0, 'fr_ketone_Topliss': 0, 'fr_lactam': 0, 'fr_lactone': 0, 'fr_methoxy': 0, 'fr_morpholine': 0, 'fr_nitrile': 0, 'fr_nitro': 0, 'fr_nitro_arom': 0, 'fr_nitro_arom_nonortho': 0, 'fr_nitroso': 0, 'fr_oxazole': 0, 'fr_oxime': 0, 'fr_para_hydroxylation': 0, 'fr_phenol': 1, 'fr_phenol_noOrthoHbond': 1, 'fr_phos_acid': 0, 'fr_phos_ester': 0, 'fr_piperdine': 0, 'fr_piperzine': 0, 'fr_priamide': 0, 'fr_prisulfonamd': 0, 'fr_pyridine': 1, 'fr_quatN': 0, 'fr_sulfide': 0, 'fr_sulfonamd': 0, 'fr_sulfone': 0, 'fr_term_acetylene': 0, 'fr_tetrazole': 0, 'fr_thiazole': 0, 'fr_thiocyan': 0, 'fr_thiophene': 0, 'fr_unbrch_alkane': 0, 'fr_urea': 0, 'num_rings': 2, 'num_aromatic_rings': 2, 'num_aliphatic_rings': 0, 'num_aromatic_carbocycles': 1, 'num_aliphatic_carbocycles': 0, 'num_saturated_carbocycles': 0, 'num_heterocycles': 1, 'num_aliphatic_heterocycles': 0, 'num_aromatic_heterocycles': 1, 'num_saturated_heterocycles': 0, 'num_hba': 2, 'num_hbd': 1, 'num_rotatable_bonds': 0}",0.0025556295850538285,0.00929902334241594,0.0,0.09523809523809523
sm6-23me,BKMXVXMNGPLTOJ-UHFFFAOYSA-N,COC(=O)c1ccc(Nc2cc(C)nc(Nc3ccc(C(=O)OC)cc3)n2)cc1,"InChI=1S/C21H20N4O4/c1-13-12-18(23-16-8-4-14(5-9-16)19(26)28-2)25-21(22-13)24-17-10-6-15(7-11-17)20(27)29-3/h4-12H,1-3H3,(H2,22,23,24,25)",392.14845512,102.44,3.8454200000000025,8,2,6,c1ccc(Nc2ccnc(Nc3ccccc3)n2)cc1,"{'fr_Al_COO': 0, 'fr_Al_OH': 0, 'fr_Al_OH_noTert': 0, 'fr_ArN': 0, 'fr_Ar_COO': 0, 'fr_Ar_N': 2, 'fr_Ar_NH': 0, 'fr_Ar_OH': 0, 'fr_COO': 0, 'fr_COO2': 0, 'fr_C_O': 2, 'fr_C_O_noCOO': 2, 'fr_C_S': 0, 'fr_HOCCN': 0, 'fr_Imine': 0, 'fr_NH0': 2, 'fr_NH1': 2, 'fr_NH2': 0, 'fr_N_O': 0, 'fr_Ndealkylation1': 0, 'fr_Ndealkylation2': 0, 'fr_Nhpyrrole': 0, 'fr_SH': 0, 'fr_aldehyde': 0, 'fr_alkyl_carbamate': 0, 'fr_alkyl_halide': 0, 'fr_allylic_oxid': 0, 'fr_amide': 0, 'fr_amidine': 0, 'fr_aniline': 4, 'fr_aryl_methyl': 1, 'fr_azide': 0, 'fr_azo': 0, 'fr_barbitur': 0, 'fr_benzene': 2, 'fr_benzodiazepine': 0, 'fr_bicyclic': 0, 'fr_diazo': 0, 'fr_dihydropyridine': 0, 'fr_epoxide': 0, 'fr_ester': 2, 'fr_ether': 2, 'fr_furan': 0, 'fr_guanido': 0, 'fr_halogen': 0, 'fr_hdrzine': 0, 'fr_hdrzone': 0, 'fr_imidazole': 0, 'fr_imide': 0, 'fr_isocyan': 0, 'fr_isothiocyan': 0, 'fr_ketone': 0, 'fr_ketone_Topliss': 0, 'fr_lactam': 0, 'fr_lactone': 0, 'fr_methoxy': 2, 'fr_morpholine': 0, 'fr_nitrile': 0, 'fr_nitro': 0, 'fr_nitro_arom': 0, 'fr_nitro_arom_nonortho': 0, 'fr_nitroso': 0, 'fr_oxazole': 0, 'fr_oxime': 0, 'fr_para_hydroxylation': 0, 'fr_phenol': 0, 'fr_phenol_noOrthoHbond': 0, 'fr_phos_acid': 0, 'fr_phos_ester': 0, 'fr_piperdine': 0, 'fr_piperzine': 0, 'fr_priamide': 0, 'fr_prisulfonamd': 0, 'fr_pyridine': 0, 'fr_quatN': 0, 'fr_sulfide': 0, 'fr_sulfonamd': 0, 'fr_sulfone': 0, 'fr_term_acetylene': 0, 'fr_tetrazole': 0, 'fr_thiazole': 0, 'fr_thiocyan': 0, 'fr_thiophene': 0, 'fr_unbrch_alkane': 0, 'fr_urea': 0, 'num_rings': 3, 'num_aromatic_rings': 3, 'num_aliphatic_rings': 0, 'num_aromatic_carbocycles': 2, 'num_aliphatic_carbocycles': 0, 'num_saturated_carbocycles': 0, 'num_heterocycles': 1, 'num_aliphatic_heterocycles': 0, 'num_aromatic_heterocycles': 1, 'num_saturated_heterocycles': 0, 'num_hba': 8, 'num_hbd': 2, 'num_rotatable_bonds': 6}",0.001952034412905124,0.007239457271894766,0.0,0.11764705882352941
sm6-24,ARBUGBBNEFAECO-UHFFFAOYSA-N,COc1ccc(-c2oc3ncnc(NCCO)c3c2-c2ccc(OC)cc2)cc1,"InChI=1S/C22H21N3O4/c1-27-16-7-3-14(4-8-16)18-19-21(23-11-12-26)24-13-25-22(19)29-20(18)15-5-9-17(28-2)10-6-15/h3-10,13,26H,11-12H2,1-2H3,(H,23,24,25)",391.153206152,89.64000000000001,3.9782000000000033,7,2,7,c1ccc(-c2oc3ncncc3c2-c2ccccc2)cc1,"{'fr_Al_COO': 0, 'fr_Al_OH': 1, 'fr_Al_OH_noTert': 1, 'fr_ArN': 0, 'fr_Ar_COO': 0, 'fr_Ar_N': 2, 'fr_Ar_NH': 0, 'fr_Ar_OH': 0, 'fr_COO': 0, 'fr_COO2': 0, 'fr_C_O': 0, 'fr_C_O_noCOO': 0, 'fr_C_S': 0, 'fr_HOCCN': 0, 'fr_Imine': 0, 'fr_NH0': 2, 'fr_NH1': 1, 'fr_NH2': 0, 'fr_N_O': 0, 'fr_Ndealkylation1': 0, 'fr_Ndealkylation2': 0, 'fr_Nhpyrrole': 0, 'fr_SH': 0, 'fr_aldehyde': 0, 'fr_alkyl_carbamate': 0, 'fr_alkyl_halide': 0, 'fr_allylic_oxid': 0, 'fr_amide': 0, 'fr_amidine': 0, 'fr_aniline': 1, 'fr_aryl_methyl': 0, 'fr_azide': 0, 'fr_azo': 0, 'fr_barbitur': 0, 'fr_benzene': 2, 'fr_benzodiazepine': 0, 'fr_bicyclic': 1, 'fr_diazo': 0, 'fr_dihydropyridine': 0, 'fr_epoxide': 0, 'fr_ester': 0, 'fr_ether': 2, 'fr_furan': 1, 'fr_guanido': 0, 'fr_halogen': 0, 'fr_hdrzine': 0, 'fr_hdrzone': 0, 'fr_imidazole': 0, 'fr_imide': 0, 'fr_isocyan': 0, 'fr_isothiocyan': 0, 'fr_ketone': 0, 'fr_ketone_Topliss': 0, 'fr_lactam': 0, 'fr_lactone': 0, 'fr_methoxy': 2, 'fr_morpholine': 0, 'fr_nitrile': 0, 'fr_nitro': 0, 'fr_nitro_arom': 0, 'fr_nitro_arom_nonortho': 0, 'fr_nitroso': 0, 'fr_oxazole': 0, 'fr_oxime': 0, 'fr_para_hydroxylation': 0, 'fr_phenol': 0, 'fr_phenol_noOrthoHbond': 0, 'fr_phos_acid': 0, 'fr_phos_ester': 0, 'fr_piperdine': 0, 'fr_piperzine': 0, 'fr_priamide': 0, 'fr_prisulfonamd': 0, 'fr_pyridine': 0, 'fr_quatN': 0, 'fr_sulfide': 0, 'fr_sulfonamd': 0, 'fr_sulfone': 0, 'fr_term_acetylene': 0, 'fr_tetrazole': 0, 'fr_thiazole': 0, 'fr_thiocyan': 0, 'fr_thiophene': 0, 'fr_unbrch_alkane': 0, 'fr_urea': 0, 'num_rings': 4, 'num_aromatic_rings': 4, 'num_aliphatic_rings': 0, 'num_aromatic_carbocycles': 2, 'num_aliphatic_carbocycles': 0, 'num_saturated_carbocycles': 0, 'num_heterocycles': 2, 'num_aliphatic_heterocycles': 0, 'num_aromatic_heterocycles': 2, 'num_saturated_heterocycles': 0, 'num_hba': 7, 'num_hbd': 2, 'num_rotatable_bonds': 7}",0.0020411754579194685,0.007600168027433555,0.0,0.11475409836065574
sm7-25,OXDPYOBJCCTYAF-UHFFFAOYSA-N,O=S(=O)(N=C(O)CCc1ccccc1)c1ccccc1,"InChI=1S/C15H15NO3S/c17-15(12-11-13-7-3-1-4-8-13)16-20(18,19)14-9-5-2-6-10-14/h1-10H,11-12H2,(H,16,17)",289.07726434,66.73,2.964600000000001,2,1,5,O=S(=O)(N=CCCc1ccccc1)c1ccccc1,"{'fr_Al_COO': 0, 'fr_Al_OH': 1, 'fr_Al_OH_noTert': 1, 'fr_ArN': 0, 'fr_Ar_COO': 0, 'fr_Ar_N': 0, 'fr_Ar_NH': 0, 'fr_Ar_OH': 0, 'fr_COO': 0, 'fr_COO2': 0, 'fr_C_O': 0, 'fr_C_O_noCOO': 0, 'fr_C_S': 0, 'fr_HOCCN': 0, 'fr_Imine': 0, 'fr_NH0': 1, 'fr_NH1': 0, 'fr_NH2': 0, 'fr_N_O': 0, 'fr_Ndealkylation1': 0, 'fr_Ndealkylation2': 0, 'fr_Nhpyrrole': 0, 'fr_SH': 0, 'fr_aldehyde': 0, 'fr_alkyl_carbamate': 0, 'fr_alkyl_halide': 0, 'fr_allylic_oxid': 0, 'fr_amide': 0, 'fr_amidine': 0, 'fr_aniline': 0, 'fr_aryl_methyl': 1, 'fr_azide': 0, 'fr_azo': 0, 'fr_barbitur': 0, 'fr_benzene': 2, 'fr_benzodiazepine': 0, 'fr_bicyclic': 0, 'fr_diazo': 0, 'fr_dihydropyridine': 0, 'fr_epoxide': 0, 'fr_ester': 0, 'fr_ether': 0, 'fr_furan': 0, 'fr_guanido': 0, 'fr_halogen': 0, 'fr_hdrzine': 0, 'fr_hdrzone': 0, 'fr_imidazole': 0, 'fr_imide': 0, 'fr_isocyan': 0, 'fr_isothiocyan': 0, 'fr_ketone': 0, 'fr_ketone_Topliss': 0, 'fr_lactam': 0, 'fr_lactone': 0, 'fr_methoxy': 0, 'fr_morpholine': 0, 'fr_nitrile': 0, 'fr_nitro': 0, 'fr_nitro_arom': 0, 'fr_nitro_arom_nonortho': 0, 'fr_nitroso': 0, 'fr_oxazole': 0, 'fr_oxime': 0, 'fr_para_hydroxylation': 0, 'fr_phenol': 0, 'fr_phenol_noOrthoHbond': 0, 'fr_phos_acid': 0, 'fr_phos_ester': 0, 'fr_piperdine': 0, 'fr_piperzine': 0, 'fr_priamide': 0, 'fr_prisulfonamd': 0, 'fr_pyridine': 0, 'fr_quatN': 0, 'fr_sulfide': 0, 'fr_sulfonamd': 1, 'fr_sulfone': 0, 'fr_term_acetylene': 0, 'fr_tetrazole': 0, 'fr_thiazole': 0, 'fr_thiocyan': 0, 'fr_thiophene': 0, 'fr_unbrch_alkane': 0, 'fr_urea': 0, 'num_rings': 2, 'num_aromatic_rings': 2, 'num_aliphatic_rings': 0, 'num_aromatic_carbocycles': 2, 'num_aliphatic_carbocycles': 0, 'num_saturated_carbocycles': 0, 'num_heterocycles': 0, 'num_aliphatic_heterocycles': 0, 'num_aromatic_heterocycles': 0, 'num_saturated_heterocycles': 0, 'num_hba': 2, 'num_hbd': 1, 'num_rotatable_bonds': 5}",0.002175179715940267,0.009066115490795189,0.0,0.14814814814814814
sm7-26,ZYPZFMNTSASEKA-UHFFFAOYSA-N,CC(O)=NS(=O)(=O)CCc1ccccc1,"InChI=1S/C10H13NO3S/c1-9(12)11-15(13,14)8-7-10-5-3-2-4-6-10/h2-6H,7-8H2,1H3,(H,11,12)",227.061614276,66.73,1.5353,2,1,4,c1ccccc1,"{'fr_Al_COO': 0, 'fr_Al_OH': 1, 'fr_Al_OH_noTert': 1, 'fr_ArN': 0, 'fr_Ar_COO': 0, 'fr_Ar_N': 0, 'fr_Ar_NH': 0, 'fr_Ar_OH': 0, 'fr_COO': 0, 'fr_COO2': 0, 'fr_C_O': 0, 'fr_C_O_noCOO': 0, 'fr_C_S': 0, 'fr_HOCCN': 0, 'fr_Imine': 0, 'fr_NH0': 1, 'fr_NH1': 0, 'fr_NH2': 0, 'fr_N_O': 0, 'fr_Ndealkylation1': 0, 'fr_Ndealkylation2': 0, 'fr_Nhpyrrole': 0, 'fr_SH': 0, 'fr_aldehyde': 0, 'fr_alkyl_carbamate': 0, 'fr_alkyl_halide': 0, 'fr_allylic_oxid': 0, 'fr_amide': 0, 'fr_amidine': 0, 'fr_aniline': 0, 'fr_aryl_methyl': 1, 'fr_azide': 0, 'fr_azo': 0, 'fr_barbitur': 0, 'fr_benzene': 1, 'fr_benzodiazepine': 0, 'fr_bicyclic': 0, 'fr_diazo': 0, 'fr_dihydropyridine': 0, 'fr_epoxide': 0, 'fr_ester': 0, 'fr_ether': 0, 'fr_furan': 0, 'fr_guanido': 0, 'fr_halogen': 0, 'fr_hdrzine': 0, 'fr_hdrzone': 0, 'fr_imidazole': 0, 'fr_imide': 0, 'fr_isocyan': 0, 'fr_isothiocyan': 0, 'fr_ketone': 0, 'fr_ketone_Topliss': 0, 'fr_lactam': 0, 'fr_lactone': 0, 'fr_methoxy': 0, 'fr_morpholine': 0, 'fr_nitrile': 0, 'fr_nitro': 0, 'fr_nitro_arom': 0, 'fr_nitro_arom_nonortho': 0, 'fr_nitroso': 0, 'fr_oxazole': 0, 'fr_oxime': 0, 'fr_para_hydroxylation': 0, 'fr_phenol': 0, 'fr_phenol_noOrthoHbond': 0, 'fr_phos_acid': 0, 'fr_phos_ester': 0, 'fr_piperdine': 0, 'fr_piperzine': 0, 'fr_priamide': 0, 'fr_prisulfonamd': 0, 'fr_pyridine': 0, 'fr_quatN': 0, 'fr_sulfide': 0, 'fr_sulfonamd': 1, 'fr_sulfone': 0, 'fr_term_acetylene': 0, 'fr_tetrazole': 0, 'fr_thiazole': 0, 'fr_thiocyan': 0, 'fr_thiophene': 0, 'fr_unbrch_alkane': 0, 'fr_urea': 0, 'num_rings': 1, 'num_aromatic_rings': 1, 'num_aliphatic_rings': 0, 'num_aromatic_carbocycles': 1, 'num_aliphatic_carbocycles': 0, 'num_saturated_carbocycles': 0, 'num_heterocycles': 0, 'num_aliphatic_heterocycles': 0, 'num_aromatic_heterocycles': 0, 'num_saturated_heterocycles': 0, 'num_hba': 2, 'num_hbd': 1, 'num_rotatable_bonds': 4}",0.0022338284961910433,0.009380794628861286,0.0,0.18181818181818182
sm7-27,YPTGBFBXBCZAFG-UHFFFAOYSA-N,CC1(NS(=O)(=O)CCc2ccccc2)COC1,"InChI=1S/C12H17NO3S/c1-12(9-16-10-12)13-17(14,15)8-7-11-5-3-2-4-6-11/h2-6,13H,7-10H2,1H3",255.092914404,55.400000000000006,0.9374,3,1,5,O=S(=O)(CCc1ccccc1)NC1COC1,"{'fr_Al_COO': 0, 'fr_Al_OH': 0, 'fr_Al_OH_noTert': 0, 'fr_ArN': 0, 'fr_Ar_COO': 0, 'fr_Ar_N': 0, 'fr_Ar_NH': 0, 'fr_Ar_OH': 0, 'fr_COO': 0, 'fr_COO2': 0, 'fr_C_O': 0, 'fr_C_O_noCOO': 0, 'fr_C_S': 0, 'fr_HOCCN': 0, 'fr_Imine': 0, 'fr_NH0': 0, 'fr_NH1': 1, 'fr_NH2': 0, 'fr_N_O': 0, 'fr_Ndealkylation1': 0, 'fr_Ndealkylation2': 0, 'fr_Nhpyrrole': 0, 'fr_SH': 0, 'fr_aldehyde': 0, 'fr_alkyl_carbamate': 0, 'fr_alkyl_halide': 0, 'fr_allylic_oxid': 0, 'fr_amide': 0, 'fr_amidine': 0, 'fr_aniline': 0, 'fr_aryl_methyl': 1, 'fr_azide': 0, 'fr_azo': 0, 'fr_barbitur': 0, 'fr_benzene': 1, 'fr_benzodiazepine': 0, 'fr_bicyclic': 0, 'fr_diazo': 0, 'fr_dihydropyridine': 0, 'fr_epoxide': 0, 'fr_ester': 0, 'fr_ether': 1, 'fr_furan': 0, 'fr_guanido': 0, 'fr_halogen': 0, 'fr_hdrzine': 0, 'fr_hdrzone': 0, 'fr_imidazole': 0, 'fr_imide': 0, 'fr_isocyan': 0, 'fr_isothiocyan': 0, 'fr_ketone': 0, 'fr_ketone_Topliss': 0, 'fr_lactam': 0, 'fr_lactone': 0, 'fr_methoxy': 0, 'fr_morpholine': 0, 'fr_nitrile': 0, 'fr_nitro': 0, 'fr_nitro_arom': 0, 'fr_nitro_arom_nonortho': 0, 'fr_nitroso': 0, 'fr_oxazole': 0, 'fr_oxime': 0, 'fr_para_hydroxylation': 0, 'fr_phenol': 0, 'fr_phenol_noOrthoHbond': 0, 'fr_phos_acid': 0, 'fr_phos_ester': 0, 'fr_piperdine': 0, 'fr_piperzine': 0, 'fr_priamide': 0, 'fr_prisulfonamd': 0, 'fr_pyridine': 0, 'fr_quatN': 0, 'fr_sulfide': 0, 'fr_sulfonamd': 1, 'fr_sulfone': 0, 'fr_term_acetylene': 0, 'fr_tetrazole': 0, 'fr_thiazole': 0, 'fr_thiocyan': 0, 'fr_thiophene': 0, 'fr_unbrch_alkane': 0, 'fr_urea': 0, 'num_rings': 2, 'num_aromatic_rings': 1, 'num_aliphatic_rings': 1, 'num_aromatic_carbocycles': 1, 'num_aliphatic_carbocycles': 0, 'num_saturated_carbocycles': 0, 'num_heterocycles': 1, 'num_aliphatic_heterocycles': 1, 'num_aromatic_heterocycles': 0, 'num_saturated_heterocycles': 1, 'num_hba': 3, 'num_hbd': 1, 'num_rotatable_bonds': 5}",0.002259680317636417,0.009366039884587184,0.0,0.14285714285714285
sm7-29,GTQDPTRMCYDNMG-UHFFFAOYSA-N,CS(=O)(=O)NC1(CCc2ccccc2)COC1,"InChI=1S/C12H17NO3S/c1-17(14,15)13-12(9-16-10-12)8-7-11-5-3-2-4-6-11/h2-6,13H,7-10H2,1H3",255.092914404,55.400000000000006,0.9374,3,1,5,c1ccc(CCC2COC2)cc1,"{'fr_Al_COO': 0, 'fr_Al_OH': 0, 'fr_Al_OH_noTert': 0, 'fr_ArN': 0, 'fr_Ar_COO': 0, 'fr_Ar_N': 0, 'fr_Ar_NH': 0, 'fr_Ar_OH': 0, 'fr_COO': 0, 'fr_COO2': 0, 'fr_C_O': 0, 'fr_C_O_noCOO': 0, 'fr_C_S': 0, 'fr_HOCCN': 0, 'fr_Imine': 0, 'fr_NH0': 0, 'fr_NH1': 1, 'fr_NH2': 0, 'fr_N_O': 0, 'fr_Ndealkylation1': 0, 'fr_Ndealkylation2': 0, 'fr_Nhpyrrole': 0, 'fr_SH': 0, 'fr_aldehyde': 0, 'fr_alkyl_carbamate': 0, 'fr_alkyl_halide': 0, 'fr_allylic_oxid': 0, 'fr_amide': 0, 'fr_amidine': 0, 'fr_aniline': 0, 'fr_aryl_methyl': 1, 'fr_azide': 0, 'fr_azo': 0, 'fr_barbitur': 0, 'fr_benzene': 1, 'fr_benzodiazepine': 0, 'fr_bicyclic': 0, 'fr_diazo': 0, 'fr_dihydropyridine': 0, 'fr_epoxide': 0, 'fr_ester': 0, 'fr_ether': 1, 'fr_furan': 0, 'fr_guanido': 0, 'fr_halogen': 0, 'fr_hdrzine': 0, 'fr_hdrzone': 0, 'fr_imidazole': 0, 'fr_imide': 0, 'fr_isocyan': 0, 'fr_isothiocyan': 0, 'fr_ketone': 0, 'fr_ketone_Topliss': 0, 'fr_lactam': 0, 'fr_lactone': 0, 'fr_methoxy': 0, 'fr_morpholine': 0, 'fr_nitrile': 0, 'fr_nitro': 0, 'fr_nitro_arom': 0, 'fr_nitro_arom_nonortho': 0, 'fr_nitroso': 0, 'fr_oxazole': 0, 'fr_oxime': 0, 'fr_para_hydroxylation': 0, 'fr_phenol': 0, 'fr_phenol_noOrthoHbond': 0, 'fr_phos_acid': 0, 'fr_phos_ester': 0, 'fr_piperdine': 0, 'fr_piperzine': 0, 'fr_priamide': 0, 'fr_prisulfonamd': 0, 'fr_pyridine': 0, 'fr_quatN': 0, 'fr_sulfide': 0, 'fr_sulfonamd': 1, 'fr_sulfone': 0, 'fr_term_acetylene': 0, 'fr_tetrazole': 0, 'fr_thiazole': 0, 'fr_thiocyan': 0, 'fr_thiophene': 0, 'fr_unbrch_alkane': 0, 'fr_urea': 0, 'num_rings': 2, 'num_aromatic_rings': 1, 'num_aliphatic_rings': 1, 'num_aromatic_carbocycles': 1, 'num_aliphatic_carbocycles': 0, 'num_saturated_carbocycles': 0, 'num_heterocycles': 1, 'num_aliphatic_heterocycles': 1, 'num_aromatic_heterocycles': 0, 'num_saturated_heterocycles': 1, 'num_hba': 3, 'num_hbd': 1, 'num_rotatable_bonds': 5}",0.002259680317636417,0.009366039884587184,0.0,0.14285714285714285
sm7-30,DSHBIKIQYZMXSV-UHFFFAOYSA-N,O=S(=O)(NC1(CCc2ccccc2)COC1)c1ccccc1,"InChI=1S/C17H19NO3S/c19-22(20,16-9-5-2-6-10-16)18-17(13-21-14-17)12-11-15-7-3-1-4-8-15/h1-10,18H,11-14H2",317.108564468,55.400000000000006,2.3667,3,1,6,O=S(=O)(NC1(CCc2ccccc2)COC1)c1ccccc1,"{'fr_Al_COO': 0, 'fr_Al_OH': 0, 'fr_Al_OH_noTert': 0, 'fr_ArN': 0, 'fr_Ar_COO': 0, 'fr_Ar_N': 0, 'fr_Ar_NH': 0, 'fr_Ar_OH': 0, 'fr_COO': 0, 'fr_COO2': 0, 'fr_C_O': 0, 'fr_C_O_noCOO': 0, 'fr_C_S': 0, 'fr_HOCCN': 0, 'fr_Imine': 0, 'fr_NH0': 0, 'fr_NH1': 1, 'fr_NH2': 0, 'fr_N_O': 0, 'fr_Ndealkylation1': 0, 'fr_Ndealkylation2': 0, 'fr_Nhpyrrole': 0, 'fr_SH': 0, 'fr_aldehyde': 0, 'fr_alkyl_carbamate': 0, 'fr_alkyl_halide': 0, 'fr_allylic_oxid': 0, 'fr_amide': 0, 'fr_amidine': 0, 'fr_aniline': 0, 'fr_aryl_methyl': 1, 'fr_azide': 0, 'fr_azo': 0, 'fr_barbitur': 0, 'fr_benzene': 2, 'fr_benzodiazepine': 0, 'fr_bicyclic': 0, 'fr_diazo': 0, 'fr_dihydropyridine': 0, 'fr_epoxide': 0, 'fr_ester': 0, 'fr_ether': 1, 'fr_furan': 0, 'fr_guanido': 0, 'fr_halogen': 0, 'fr_hdrzine': 0, 'fr_hdrzone': 0, 'fr_imidazole': 0, 'fr_imide': 0, 'fr_isocyan': 0, 'fr_isothiocyan': 0, 'fr_ketone': 0, 'fr_ketone_Topliss': 0, 'fr_lactam': 0, 'fr_lactone': 0, 'fr_methoxy': 0, 'fr_morpholine': 0, 'fr_nitrile': 0, 'fr_nitro': 0, 'fr_nitro_arom': 0, 'fr_nitro_arom_nonortho': 0, 'fr_nitroso': 0, 'fr_oxazole': 0, 'fr_oxime': 0, 'fr_para_hydroxylation': 0, 'fr_phenol': 0, 'fr_phenol_noOrthoHbond': 0, 'fr_phos_acid': 0, 'fr_phos_ester': 0, 'fr_piperdine': 0, 'fr_piperzine': 0, 'fr_priamide': 0, 'fr_prisulfonamd': 0, 'fr_pyridine': 0, 'fr_quatN': 0, 'fr_sulfide': 0, 'fr_sulfonamd': 1, 'fr_sulfone': 0, 'fr_term_acetylene': 0, 'fr_tetrazole': 0, 'fr_thiazole': 0, 'fr_thiocyan': 0, 'fr_thiophene': 0, 'fr_unbrch_alkane': 0, 'fr_urea': 0, 'num_rings': 3, 'num_aromatic_rings': 2, 'num_aliphatic_rings': 1, 'num_aromatic_carbocycles': 2, 'num_aliphatic_carbocycles': 0, 'num_saturated_carbocycles': 0, 'num_heterocycles': 1, 'num_aliphatic_heterocycles': 1, 'num_aromatic_heterocycles': 0, 'num_saturated_heterocycles': 1, 'num_hba': 3, 'num_hbd': 1, 'num_rotatable_bonds': 6}",0.002130906599085775,0.00877024063247556,0.0,0.125
sm7-31,RHDCIYWAWGPHGX-UHFFFAOYSA-N,CN(C)S(=O)(=O)NC1(CCc2ccccc2)COC1,"InChI=1S/C13H20N2O3S/c1-15(2)19(16,17)14-13(10-18-11-13)9-8-12-6-4-3-5-7-12/h3-7,14H,8-11H2,1-2H3",284.1194635,58.64,0.7842000000000002,3,1,6,c1ccc(CCC2COC2)cc1,"{'fr_Al_COO': 0, 'fr_Al_OH': 0, 'fr_Al_OH_noTert': 0, 'fr_ArN': 0, 'fr_Ar_COO': 0, 'fr_Ar_N': 0, 'fr_Ar_NH': 0, 'fr_Ar_OH': 0, 'fr_COO': 0, 'fr_COO2': 0, 'fr_C_O': 0, 'fr_C_O_noCOO': 0, 'fr_C_S': 0, 'fr_HOCCN': 0, 'fr_Imine': 0, 'fr_NH0': 1, 'fr_NH1': 1, 'fr_NH2': 0, 'fr_N_O': 0, 'fr_Ndealkylation1': 0, 'fr_Ndealkylation2': 0, 'fr_Nhpyrrole': 0, 'fr_SH': 0, 'fr_aldehyde': 0, 'fr_alkyl_carbamate': 0, 'fr_alkyl_halide': 0, 'fr_allylic_oxid': 0, 'fr_amide': 0, 'fr_amidine': 0, 'fr_aniline': 0, 'fr_aryl_methyl': 1, 'fr_azide': 0, 'fr_azo': 0, 'fr_barbitur': 0, 'fr_benzene': 1, 'fr_benzodiazepine': 0, 'fr_bicyclic': 0, 'fr_diazo': 0, 'fr_dihydropyridine': 0, 'fr_epoxide': 0, 'fr_ester': 0, 'fr_ether': 1, 'fr_furan': 0, 'fr_guanido': 0, 'fr_halogen': 0, 'fr_hdrzine': 0, 'fr_hdrzone': 0, 'fr_imidazole': 0, 'fr_imide': 0, 'fr_isocyan': 0, 'fr_isothiocyan': 0, 'fr_ketone': 0, 'fr_ketone_Topliss': 0, 'fr_lactam': 0, 'fr_lactone': 0, 'fr_methoxy': 0, 'fr_morpholine': 0, 'fr_nitrile': 0, 'fr_nitro': 0, 'fr_nitro_arom': 0, 'fr_nitro_arom_nonortho': 0, 'fr_nitroso': 0, 'fr_oxazole': 0, 'fr_oxime': 0, 'fr_para_hydroxylation': 0, 'fr_phenol': 0, 'fr_phenol_noOrthoHbond': 0, 'fr_phos_acid': 0, 'fr_phos_ester': 0, 'fr_piperdine': 0, 'fr_piperzine': 0, 'fr_priamide': 0, 'fr_prisulfonamd': 0, 'fr_pyridine': 0, 'fr_quatN': 0, 'fr_sulfide': 0, 'fr_sulfonamd': 0, 'fr_sulfone': 0, 'fr_term_acetylene': 0, 'fr_tetrazole': 0, 'fr_thiazole': 0, 'fr_thiocyan': 0, 'fr_thiophene': 0, 'fr_unbrch_alkane': 0, 'fr_urea': 0, 'num_rings': 2, 'num_aromatic_rings': 1, 'num_aliphatic_rings': 1, 'num_aromatic_carbocycles': 1, 'num_aliphatic_carbocycles': 0, 'num_saturated_carbocycles': 0, 'num_heterocycles': 1, 'num_aliphatic_heterocycles': 1, 'num_aromatic_heterocycles': 0, 'num_saturated_heterocycles': 1, 'num_hba': 3, 'num_hbd': 1, 'num_rotatable_bonds': 6}",0.002368720878594916,0.009310107362831908,0.0,0.1388888888888889
sm7-32,LLATUROHTKAZOV-UHFFFAOYSA-N,CS(=O)(=O)NC1(CCc2ccccc2)CSC1,"InChI=1S/C12H17NO2S2/c1-17(14,15)13-12(9-16-10-12)8-7-11-5-3-2-4-6-11/h2-6,13H,7-10H2,1H3",271.070070784,46.17,1.654,3,1,5,c1ccc(CCC2CSC2)cc1,"{'fr_Al_COO': 0, 'fr_Al_OH': 0, 'fr_Al_OH_noTert': 0, 'fr_ArN': 0, 'fr_Ar_COO': 0, 'fr_Ar_N': 0, 'fr_Ar_NH': 0, 'fr_Ar_OH': 0, 'fr_COO': 0, 'fr_COO2': 0, 'fr_C_O': 0, 'fr_C_O_noCOO': 0, 'fr_C_S': 0, 'fr_HOCCN': 0, 'fr_Imine': 0, 'fr_NH0': 0, 'fr_NH1': 1, 'fr_NH2': 0, 'fr_N_O': 0, 'fr_Ndealkylation1': 0, 'fr_Ndealkylation2': 0, 'fr_Nhpyrrole': 0, 'fr_SH': 0, 'fr_aldehyde': 0, 'fr_alkyl_carbamate': 0, 'fr_alkyl_halide': 0, 'fr_allylic_oxid': 0, 'fr_amide': 0, 'fr_amidine': 0, 'fr_aniline': 0, 'fr_aryl_methyl': 1, 'fr_azide': 0, 'fr_azo': 0, 'fr_barbitur': 0, 'fr_benzene': 1, 'fr_benzodiazepine': 0, 'fr_bicyclic': 0, 'fr_diazo': 0, 'fr_dihydropyridine': 0, 'fr_epoxide': 0, 'fr_ester': 0, 'fr_ether': 0, 'fr_furan': 0, 'fr_guanido': 0, 'fr_halogen': 0, 'fr_hdrzine': 0, 'fr_hdrzone': 0, 'fr_imidazole': 0, 'fr_imide': 0, 'fr_isocyan': 0, 'fr_isothiocyan': 0, 'fr_ketone': 0, 'fr_ketone_Topliss': 0, 'fr_lactam': 0, 'fr_lactone': 0, 'fr_methoxy': 0, 'fr_morpholine': 0, 'fr_nitrile': 0, 'fr_nitro': 0, 'fr_nitro_arom': 0, 'fr_nitro_arom_nonortho': 0, 'fr_nitroso': 0, 'fr_oxazole': 0, 'fr_oxime': 0, 'fr_para_hydroxylation': 0, 'fr_phenol': 0, 'fr_phenol_noOrthoHbond': 0, 'fr_phos_acid': 0, 'fr_phos_ester': 0, 'fr_piperdine': 0, 'fr_piperzine': 0, 'fr_priamide': 0, 'fr_prisulfonamd': 0, 'fr_pyridine': 0, 'fr_quatN': 0, 'fr_sulfide': 1, 'fr_sulfonamd': 1, 'fr_sulfone': 0, 'fr_term_acetylene': 0, 'fr_tetrazole': 0, 'fr_thiazole': 0, 'fr_thiocyan': 0, 'fr_thiophene': 0, 'fr_unbrch_alkane': 0, 'fr_urea': 0, 'num_rings': 2, 'num_aromatic_rings': 1, 'num_aliphatic_rings': 1, 'num_aromatic_carbocycles': 1, 'num_aliphatic_carbocycles': 0, 'num_saturated_carbocycles': 0, 'num_heterocycles': 1, 'num_aliphatic_heterocycles': 1, 'num_aromatic_heterocycles': 0, 'num_saturated_heterocycles': 1, 'num_hba': 3, 'num_hbd': 1, 'num_rotatable_bonds': 5}",0.002245552537501371,0.009350506375260123,0.0,0.14285714285714285
sm7-34,JLVMZWSAFDHYOQ-UHFFFAOYSA-N,CN(C)S(=O)(=O)NC1(CCc2ccccc2)CSC1,"InChI=1S/C13H20N2O2S2/c1-15(2)19(16,17)14-13(10-18-11-13)9-8-12-6-4-3-5-7-12/h3-7,14H,8-11H2,1-2H3",300.09661988,49.41,1.5008000000000004,3,1,6,c1ccc(CCC2CSC2)cc1,"{'fr_Al_COO': 0, 'fr_Al_OH': 0, 'fr_Al_OH_noTert': 0, 'fr_ArN': 0, 'fr_Ar_COO': 0, 'fr_Ar_N': 0, 'fr_Ar_NH': 0, 'fr_Ar_OH': 0, 'fr_COO': 0, 'fr_COO2': 0, 'fr_C_O': 0, 'fr_C_O_noCOO': 0, 'fr_C_S': 0, 'fr_HOCCN': 0, 'fr_Imine': 0, 'fr_NH0': 1, 'fr_NH1': 1, 'fr_NH2': 0, 'fr_N_O': 0, 'fr_Ndealkylation1': 0, 'fr_Ndealkylation2': 0, 'fr_Nhpyrrole': 0, 'fr_SH': 0, 'fr_aldehyde': 0, 'fr_alkyl_carbamate': 0, 'fr_alkyl_halide': 0, 'fr_allylic_oxid': 0, 'fr_amide': 0, 'fr_amidine': 0, 'fr_aniline': 0, 'fr_aryl_methyl': 1, 'fr_azide': 0, 'fr_azo': 0, 'fr_barbitur': 0, 'fr_benzene': 1, 'fr_benzodiazepine': 0, 'fr_bicyclic': 0, 'fr_diazo': 0, 'fr_dihydropyridine': 0, 'fr_epoxide': 0, 'fr_ester': 0, 'fr_ether': 0, 'fr_furan': 0, 'fr_guanido': 0, 'fr_halogen': 0, 'fr_hdrzine': 0, 'fr_hdrzone': 0, 'fr_imidazole': 0, 'fr_imide': 0, 'fr_isocyan': 0, 'fr_isothiocyan': 0, 'fr_ketone': 0, 'fr_ketone_Topliss': 0, 'fr_lactam': 0, 'fr_lactone': 0, 'fr_methoxy': 0, 'fr_morpholine': 0, 'fr_nitrile': 0, 'fr_nitro': 0, 'fr_nitro_arom': 0, 'fr_nitro_arom_nonortho': 0, 'fr_nitroso': 0, 'fr_oxazole': 0, 'fr_oxime': 0, 'fr_para_hydroxylation': 0, 'fr_phenol': 0, 'fr_phenol_noOrthoHbond': 0, 'fr_phos_acid': 0, 'fr_phos_ester': 0, 'fr_piperdine': 0, 'fr_piperzine': 0, 'fr_priamide': 0, 'fr_prisulfonamd': 0, 'fr_pyridine': 0, 'fr_quatN': 0, 'fr_sulfide': 1, 'fr_sulfonamd': 0, 'fr_sulfone': 0, 'fr_term_acetylene': 0, 'fr_tetrazole': 0, 'fr_thiazole': 0, 'fr_thiocyan': 0, 'fr_thiophene': 0, 'fr_unbrch_alkane': 0, 'fr_urea': 0, 'num_rings': 2, 'num_aromatic_rings': 1, 'num_aliphatic_rings': 1, 'num_aromatic_carbocycles': 1, 'num_aliphatic_carbocycles': 0, 'num_saturated_carbocycles': 0, 'num_heterocycles': 1, 'num_aliphatic_heterocycles': 1, 'num_aromatic_heterocycles': 0, 'num_saturated_heterocycles': 1, 'num_hba': 3, 'num_hbd': 1, 'num_rotatable_bonds': 6}",0.0023549386900574695,0.00929549247167343,0.0,0.1388888888888889
sm7-35,IKCCGGPBCKYXJH-UHFFFAOYSA-N,CS(=O)(=O)NC1(CCc2ccccc2)CS(=O)C1,"InChI=1S/C12H17NO3S2/c1-18(15,16)13-12(9-17(14)10-12)8-7-11-5-3-2-4-6-11/h2-6,13H,7-10H2,1H3",287.064985404,63.24,0.6695000000000002,3,1,5,O=S1CC(CCc2ccccc2)C1,"{'fr_Al_COO': 0, 'fr_Al_OH': 0, 'fr_Al_OH_noTert': 0, 'fr_ArN': 0, 'fr_Ar_COO': 0, 'fr_Ar_N': 0, 'fr_Ar_NH': 0, 'fr_Ar_OH': 0, 'fr_COO': 0, 'fr_COO2': 0, 'fr_C_O': 0, 'fr_C_O_noCOO': 0, 'fr_C_S': 0, 'fr_HOCCN': 0, 'fr_Imine': 0, 'fr_NH0': 0, 'fr_NH1': 1, 'fr_NH2': 0, 'fr_N_O': 0, 'fr_Ndealkylation1': 0, 'fr_Ndealkylation2': 0, 'fr_Nhpyrrole': 0, 'fr_SH': 0, 'fr_aldehyde': 0, 'fr_alkyl_carbamate': 0, 'fr_alkyl_halide': 0, 'fr_allylic_oxid': 0, 'fr_amide': 0, 'fr_amidine': 0, 'fr_aniline': 0, 'fr_aryl_methyl': 1, 'fr_azide': 0, 'fr_azo': 0, 'fr_barbitur': 0, 'fr_benzene': 1, 'fr_benzodiazepine': 0, 'fr_bicyclic': 0, 'fr_diazo': 0, 'fr_dihydropyridine': 0, 'fr_epoxide': 0, 'fr_ester': 0, 'fr_ether': 0, 'fr_furan': 0, 'fr_guanido': 0, 'fr_halogen': 0, 'fr_hdrzine': 0, 'fr_hdrzone': 0, 'fr_imidazole': 0, 'fr_imide': 0, 'fr_isocyan': 0, 'fr_isothiocyan': 0, 'fr_ketone': 0, 'fr_ketone_Topliss': 0, 'fr_lactam': 0, 'fr_lactone': 0, 'fr_methoxy': 0, 'fr_morpholine': 0, 'fr_nitrile': 0, 'fr_nitro': 0, 'fr_nitro_arom': 0, 'fr_nitro_arom_nonortho': 0, 'fr_nitroso': 0, 'fr_oxazole': 0, 'fr_oxime': 0, 'fr_para_hydroxylation': 0, 'fr_phenol': 0, 'fr_phenol_noOrthoHbond': 0, 'fr_phos_acid': 0, 'fr_phos_ester': 0, 'fr_piperdine': 0, 'fr_piperzine': 0, 'fr_priamide': 0, 'fr_prisulfonamd': 0, 'fr_pyridine': 0, 'fr_quatN': 0, 'fr_sulfide': 0, 'fr_sulfonamd': 1, 'fr_sulfone': 0, 'fr_term_acetylene': 0, 'fr_tetrazole': 0, 'fr_thiazole': 0, 'fr_thiocyan': 0, 'fr_thiophene': 0, 'fr_unbrch_alkane': 0, 'fr_urea': 0, 'num_rings': 2, 'num_aromatic_rings': 1, 'num_aliphatic_rings': 1, 'num_aromatic_carbocycles': 1, 'num_aliphatic_carbocycles': 0, 'num_saturated_carbocycles': 0, 'num_heterocycles': 1, 'num_aliphatic_heterocycles': 1, 'num_aromatic_heterocycles': 0, 'num_saturated_heterocycles': 1, 'num_hba': 3, 'num_hbd': 1, 'num_rotatable_bonds': 5}",0.0022981396972989775,0.00959797530205762,0.0,0.14814814814814814
sm7-36,IUZDEVPPTVLCPG-UHFFFAOYSA-N,O=S1CC(CCc2ccccc2)(NS(=O)(=O)c2ccccc2)C1,"InChI=1S/C17H19NO3S2/c19-22-13-17(14-22,12-11-15-7-3-1-4-8-15)18-23(20,21)16-9-5-2-6-10-16/h1-10,18H,11-14H2",349.080635468,63.24,2.0988,3,1,6,O=S1CC(CCc2ccccc2)(NS(=O)(=O)c2ccccc2)C1,"{'fr_Al_COO': 0, 'fr_Al_OH': 0, 'fr_Al_OH_noTert': 0, 'fr_ArN': 0, 'fr_Ar_COO': 0, 'fr_Ar_N': 0, 'fr_Ar_NH': 0, 'fr_Ar_OH': 0, 'fr_COO': 0, 'fr_COO2': 0, 'fr_C_O': 0, 'fr_C_O_noCOO': 0, 'fr_C_S': 0, 'fr_HOCCN': 0, 'fr_Imine': 0, 'fr_NH0': 0, 'fr_NH1': 1, 'fr_NH2': 0, 'fr_N_O': 0, 'fr_Ndealkylation1': 0, 'fr_Ndealkylation2': 0, 'fr_Nhpyrrole': 0, 'fr_SH': 0, 'fr_aldehyde': 0, 'fr_alkyl_carbamate': 0, 'fr_alkyl_halide': 0, 'fr_allylic_oxid': 0, 'fr_amide': 0, 'fr_amidine': 0, 'fr_aniline': 0, 'fr_aryl_methyl': 1, 'fr_azide': 0, 'fr_azo': 0, 'fr_barbitur': 0, 'fr_benzene': 2, 'fr_benzodiazepine': 0, 'fr_bicyclic': 0, 'fr_diazo': 0, 'fr_dihydropyridine': 0, 'fr_epoxide': 0, 'fr_ester': 0, 'fr_ether': 0, 'fr_furan': 0, 'fr_guanido': 0, 'fr_halogen': 0, 'fr_hdrzine': 0, 'fr_hdrzone': 0, 'fr_imidazole': 0, 'fr_imide': 0, 'fr_isocyan': 0, 'fr_isothiocyan': 0, 'fr_ketone': 0, 'fr_ketone_Topliss': 0, 'fr_lactam': 0, 'fr_lactone': 0, 'fr_methoxy': 0, 'fr_morpholine': 0, 'fr_nitrile': 0, 'fr_nitro': 0, 'fr_nitro_arom': 0, 'fr_nitro_arom_nonortho': 0, 'fr_nitroso': 0, 'fr_oxazole': 0, 'fr_oxime': 0, 'fr_para_hydroxylation': 0, 'fr_phenol': 0, 'fr_phenol_noOrthoHbond': 0, 'fr_phos_acid': 0, 'fr_phos_ester': 0, 'fr_piperdine': 0, 'fr_piperzine': 0, 'fr_priamide': 0, 'fr_prisulfonamd': 0, 'fr_pyridine': 0, 'fr_quatN': 0, 'fr_sulfide': 0, 'fr_sulfonamd': 1, 'fr_sulfone': 0, 'fr_term_acetylene': 0, 'fr_tetrazole': 0, 'fr_thiazole': 0, 'fr_thiocyan': 0, 'fr_thiophene': 0, 'fr_unbrch_alkane': 0, 'fr_urea': 0, 'num_rings': 3, 'num_aromatic_rings': 2, 'num_aliphatic_rings': 1, 'num_aromatic_carbocycles': 2, 'num_aliphatic_carbocycles': 0, 'num_saturated_carbocycles': 0, 'num_heterocycles': 1, 'num_aliphatic_heterocycles': 1, 'num_aromatic_heterocycles': 0, 'num_saturated_heterocycles': 1, 'num_hba': 3, 'num_hbd': 1, 'num_rotatable_bonds': 6}",0.002161204379246315,0.008957545501512261,0.0,0.1282051282051282
sm7-37,KSLZYUFPIUDTGI-UHFFFAOYSA-N,CN(C)S(=O)(=O)NC1(CCc2ccccc2)CS(=O)C1,"InChI=1S/C13H20N2O3S2/c1-15(2)20(17,18)14-13(10-19(16)11-13)9-8-12-6-4-3-5-7-12/h3-7,14H,8-11H2,1-2H3",316.0915345,66.48,0.5163,3,1,6,O=S1CC(CCc2ccccc2)C1,"{'fr_Al_COO': 0, 'fr_Al_OH': 0, 'fr_Al_OH_noTert': 0, 'fr_ArN': 0, 'fr_Ar_COO': 0, 'fr_Ar_N': 0, 'fr_Ar_NH': 0, 'fr_Ar_OH': 0, 'fr_COO': 0, 'fr_COO2': 0, 'fr_C_O': 0, 'fr_C_O_noCOO': 0, 'fr_C_S': 0, 'fr_HOCCN': 0, 'fr_Imine': 0, 'fr_NH0': 1, 'fr_NH1': 1, 'fr_NH2': 0, 'fr_N_O': 0, 'fr_Ndealkylation1': 0, 'fr_Ndealkylation2': 0, 'fr_Nhpyrrole': 0, 'fr_SH': 0, 'fr_aldehyde': 0, 'fr_alkyl_carbamate': 0, 'fr_alkyl_halide': 0, 'fr_allylic_oxid': 0, 'fr_amide': 0, 'fr_amidine': 0, 'fr_aniline': 0, 'fr_aryl_methyl': 1, 'fr_azide': 0, 'fr_azo': 0, 'fr_barbitur': 0, 'fr_benzene': 1, 'fr_benzodiazepine': 0, 'fr_bicyclic': 0, 'fr_diazo': 0, 'fr_dihydropyridine': 0, 'fr_epoxide': 0, 'fr_ester': 0, 'fr_ether': 0, 'fr_furan': 0, 'fr_guanido': 0, 'fr_halogen': 0, 'fr_hdrzine': 0, 'fr_hdrzone': 0, 'fr_imidazole': 0, 'fr_imide': 0, 'fr_isocyan': 0, 'fr_isothiocyan': 0, 'fr_ketone': 0, 'fr_ketone_Topliss': 0, 'fr_lactam': 0, 'fr_lactone': 0, 'fr_methoxy': 0, 'fr_morpholine': 0, 'fr_nitrile': 0, 'fr_nitro': 0, 'fr_nitro_arom': 0, 'fr_nitro_arom_nonortho': 0, 'fr_nitroso': 0, 'fr_oxazole': 0, 'fr_oxime': 0, 'fr_para_hydroxylation': 0, 'fr_phenol': 0, 'fr_phenol_noOrthoHbond': 0, 'fr_phos_acid': 0, 'fr_phos_ester': 0, 'fr_piperdine': 0, 'fr_piperzine': 0, 'fr_priamide': 0, 'fr_prisulfonamd': 0, 'fr_pyridine': 0, 'fr_quatN': 0, 'fr_sulfide': 0, 'fr_sulfonamd': 0, 'fr_sulfone': 0, 'fr_term_acetylene': 0, 'fr_tetrazole': 0, 'fr_thiazole': 0, 'fr_thiocyan': 0, 'fr_thiophene': 0, 'fr_unbrch_alkane': 0, 'fr_urea': 0, 'num_rings': 2, 'num_aromatic_rings': 1, 'num_aliphatic_rings': 1, 'num_aromatic_carbocycles': 1, 'num_aliphatic_carbocycles': 0, 'num_saturated_carbocycles': 0, 'num_heterocycles': 1, 'num_aliphatic_heterocycles': 1, 'num_aromatic_heterocycles': 0, 'num_saturated_heterocycles': 1, 'num_hba': 3, 'num_hbd': 1, 'num_rotatable_bonds': 6}",0.0024088364041874675,0.009534560982178534,0.0,0.14285714285714285
sm7-38,UGOFJYMDPOFIIG-UHFFFAOYSA-N,CS(=O)(=O)NC1(CCc2ccccc2)CS(=O)(=O)C1,"InChI=1S/C12H17NO4S2/c1-18(14,15)13-12(9-19(16,17)10-12)8-7-11-5-3-2-4-6-11/h2-6,13H,7-10H2,1H3",303.05990002400006,80.31,0.3356000000000004,4,1,5,O=S1(=O)CC(CCc2ccccc2)C1,"{'fr_Al_COO': 0, 'fr_Al_OH': 0, 'fr_Al_OH_noTert': 0, 'fr_ArN': 0, 'fr_Ar_COO': 0, 'fr_Ar_N': 0, 'fr_Ar_NH': 0, 'fr_Ar_OH': 0, 'fr_COO': 0, 'fr_COO2': 0, 'fr_C_O': 0, 'fr_C_O_noCOO': 0, 'fr_C_S': 0, 'fr_HOCCN': 0, 'fr_Imine': 0, 'fr_NH0': 0, 'fr_NH1': 1, 'fr_NH2': 0, 'fr_N_O': 0, 'fr_Ndealkylation1': 0, 'fr_Ndealkylation2': 0, 'fr_Nhpyrrole': 0, 'fr_SH': 0, 'fr_aldehyde': 0, 'fr_alkyl_carbamate': 0, 'fr_alkyl_halide': 0, 'fr_allylic_oxid': 0, 'fr_amide': 0, 'fr_amidine': 0, 'fr_aniline': 0, 'fr_aryl_methyl': 1, 'fr_azide': 0, 'fr_azo': 0, 'fr_barbitur': 0, 'fr_benzene': 1, 'fr_benzodiazepine': 0, 'fr_bicyclic': 0, 'fr_diazo': 0, 'fr_dihydropyridine': 0, 'fr_epoxide': 0, 'fr_ester': 0, 'fr_ether': 0, 'fr_furan': 0, 'fr_guanido': 0, 'fr_halogen': 0, 'fr_hdrzine': 0, 'fr_hdrzone': 0, 'fr_imidazole': 0, 'fr_imide': 0, 'fr_isocyan': 0, 'fr_isothiocyan': 0, 'fr_ketone': 0, 'fr_ketone_Topliss': 0, 'fr_lactam': 0, 'fr_lactone': 0, 'fr_methoxy': 0, 'fr_morpholine': 0, 'fr_nitrile': 0, 'fr_nitro': 0, 'fr_nitro_arom': 0, 'fr_nitro_arom_nonortho': 0, 'fr_nitroso': 0, 'fr_oxazole': 0, 'fr_oxime': 0, 'fr_para_hydroxylation': 0, 'fr_phenol': 0, 'fr_phenol_noOrthoHbond': 0, 'fr_phos_acid': 0, 'fr_phos_ester': 0, 'fr_piperdine': 0, 'fr_piperzine': 0, 'fr_priamide': 0, 'fr_prisulfonamd': 0, 'fr_pyridine': 0, 'fr_quatN': 0, 'fr_sulfide': 0, 'fr_sulfonamd': 1, 'fr_sulfone': 1, 'fr_term_acetylene': 0, 'fr_tetrazole': 0, 'fr_thiazole': 0, 'fr_thiocyan': 0, 'fr_thiophene': 0, 'fr_unbrch_alkane': 0, 'fr_urea': 0, 'num_rings': 2, 'num_aromatic_rings': 1, 'num_aliphatic_rings': 1, 'num_aromatic_carbocycles': 1, 'num_aliphatic_carbocycles': 0, 'num_saturated_carbocycles': 0, 'num_heterocycles': 1, 'num_aliphatic_heterocycles': 1, 'num_aromatic_heterocycles': 0, 'num_saturated_heterocycles': 1, 'num_hba': 4, 'num_hbd': 1, 'num_rotatable_bonds': 5}",0.0022420506042103473,0.009602679889705019,0.0,0.14814814814814814
sm7-39,WQAPJMXIYRTJAI-UHFFFAOYSA-N,O=S1(=O)CC(CCc2ccccc2)(NS(=O)(=O)c2ccccc2)C1,"InChI=1S/C17H19NO4S2/c19-23(20)13-17(14-23,12-11-15-7-3-1-4-8-15)18-24(21,22)16-9-5-2-6-10-16/h1-10,18H,11-14H2",365.07555008800006,80.31,1.7649,4,1,6,O=S1(=O)CC(CCc2ccccc2)(NS(=O)(=O)c2ccccc2)C1,"{'fr_Al_COO': 0, 'fr_Al_OH': 0, 'fr_Al_OH_noTert': 0, 'fr_ArN': 0, 'fr_Ar_COO': 0, 'fr_Ar_N': 0, 'fr_Ar_NH': 0, 'fr_Ar_OH': 0, 'fr_COO': 0, 'fr_COO2': 0, 'fr_C_O': 0, 'fr_C_O_noCOO': 0, 'fr_C_S': 0, 'fr_HOCCN': 0, 'fr_Imine': 0, 'fr_NH0': 0, 'fr_NH1': 1, 'fr_NH2': 0, 'fr_N_O': 0, 'fr_Ndealkylation1': 0, 'fr_Ndealkylation2': 0, 'fr_Nhpyrrole': 0, 'fr_SH': 0, 'fr_aldehyde': 0, 'fr_alkyl_carbamate': 0, 'fr_alkyl_halide': 0, 'fr_allylic_oxid': 0, 'fr_amide': 0, 'fr_amidine': 0, 'fr_aniline': 0, 'fr_aryl_methyl': 1, 'fr_azide': 0, 'fr_azo': 0, 'fr_barbitur': 0, 'fr_benzene': 2, 'fr_benzodiazepine': 0, 'fr_bicyclic': 0, 'fr_diazo': 0, 'fr_dihydropyridine': 0, 'fr_epoxide': 0, 'fr_ester': 0, 'fr_ether': 0, 'fr_furan': 0, 'fr_guanido': 0, 'fr_halogen': 0, 'fr_hdrzine': 0, 'fr_hdrzone': 0, 'fr_imidazole': 0, 'fr_imide': 0, 'fr_isocyan': 0, 'fr_isothiocyan': 0, 'fr_ketone': 0, 'fr_ketone_Topliss': 0, 'fr_lactam': 0, 'fr_lactone': 0, 'fr_methoxy': 0, 'fr_morpholine': 0, 'fr_nitrile': 0, 'fr_nitro': 0, 'fr_nitro_arom': 0, 'fr_nitro_arom_nonortho': 0, 'fr_nitroso': 0, 'fr_oxazole': 0, 'fr_oxime': 0, 'fr_para_hydroxylation': 0, 'fr_phenol': 0, 'fr_phenol_noOrthoHbond': 0, 'fr_phos_acid': 0, 'fr_phos_ester': 0, 'fr_piperdine': 0, 'fr_piperzine': 0, 'fr_priamide': 0, 'fr_prisulfonamd': 0, 'fr_pyridine': 0, 'fr_quatN': 0, 'fr_sulfide': 0, 'fr_sulfonamd': 1, 'fr_sulfone': 1, 'fr_term_acetylene': 0, 'fr_tetrazole': 0, 'fr_thiazole': 0, 'fr_thiocyan': 0, 'fr_thiophene': 0, 'fr_unbrch_alkane': 0, 'fr_urea': 0, 'num_rings': 3, 'num_aromatic_rings': 2, 'num_aliphatic_rings': 1, 'num_aromatic_carbocycles': 2, 'num_aliphatic_carbocycles': 0, 'num_saturated_carbocycles': 0, 'num_heterocycles': 1, 'num_aliphatic_heterocycles': 1, 'num_aromatic_heterocycles': 0, 'num_saturated_heterocycles': 1, 'num_hba': 4, 'num_hbd': 1, 'num_rotatable_bonds': 6}",0.002118658351966025,0.008977841719342067,0.0,0.125
sm7-40,NDFRHTSAJSVBBW-UHFFFAOYSA-N,CN(C)S(=O)(=O)NC1(CCc2ccccc2)CS(=O)(=O)C1,"InChI=1S/C13H20N2O4S2/c1-15(2)21(18,19)14-13(10-20(16,17)11-13)9-8-12-6-4-3-5-7-12/h3-7,14H,8-11H2,1-2H3",332.08644912,83.55000000000001,0.1824000000000001,4,1,6,O=S1(=O)CC(CCc2ccccc2)C1,"{'fr_Al_COO': 0, 'fr_Al_OH': 0, 'fr_Al_OH_noTert': 0, 'fr_ArN': 0, 'fr_Ar_COO': 0, 'fr_Ar_N': 0, 'fr_Ar_NH': 0, 'fr_Ar_OH': 0, 'fr_COO': 0, 'fr_COO2': 0, 'fr_C_O': 0, 'fr_C_O_noCOO': 0, 'fr_C_S': 0, 'fr_HOCCN': 0, 'fr_Imine': 0, 'fr_NH0': 1, 'fr_NH1': 1, 'fr_NH2': 0, 'fr_N_O': 0, 'fr_Ndealkylation1': 0, 'fr_Ndealkylation2': 0, 'fr_Nhpyrrole': 0, 'fr_SH': 0, 'fr_aldehyde': 0, 'fr_alkyl_carbamate': 0, 'fr_alkyl_halide': 0, 'fr_allylic_oxid': 0, 'fr_amide': 0, 'fr_amidine': 0, 'fr_aniline': 0, 'fr_aryl_methyl': 1, 'fr_azide': 0, 'fr_azo': 0, 'fr_barbitur': 0, 'fr_benzene': 1, 'fr_benzodiazepine': 0, 'fr_bicyclic': 0, 'fr_diazo': 0, 'fr_dihydropyridine': 0, 'fr_epoxide': 0, 'fr_ester': 0, 'fr_ether': 0, 'fr_furan': 0, 'fr_guanido': 0, 'fr_halogen': 0, 'fr_hdrzine': 0, 'fr_hdrzone': 0, 'fr_imidazole': 0, 'fr_imide': 0, 'fr_isocyan': 0, 'fr_isothiocyan': 0, 'fr_ketone': 0, 'fr_ketone_Topliss': 0, 'fr_lactam': 0, 'fr_lactone': 0, 'fr_methoxy': 0, 'fr_morpholine': 0, 'fr_nitrile': 0, 'fr_nitro': 0, 'fr_nitro_arom': 0, 'fr_nitro_arom_nonortho': 0, 'fr_nitroso': 0, 'fr_oxazole': 0, 'fr_oxime': 0, 'fr_para_hydroxylation': 0, 'fr_phenol': 0, 'fr_phenol_noOrthoHbond': 0, 'fr_phos_acid': 0, 'fr_phos_ester': 0, 'fr_piperdine': 0, 'fr_piperzine': 0, 'fr_priamide': 0, 'fr_prisulfonamd': 0, 'fr_pyridine': 0, 'fr_quatN': 0, 'fr_sulfide': 0, 'fr_sulfonamd': 0, 'fr_sulfone': 1, 'fr_term_acetylene': 0, 'fr_tetrazole': 0, 'fr_thiazole': 0, 'fr_thiocyan': 0, 'fr_thiophene': 0, 'fr_unbrch_alkane': 0, 'fr_urea': 0, 'num_rings': 2, 'num_aromatic_rings': 1, 'num_aliphatic_rings': 1, 'num_aromatic_carbocycles': 1, 'num_aliphatic_carbocycles': 0, 'num_saturated_carbocycles': 0, 'num_heterocycles': 1, 'num_aliphatic_heterocycles': 1, 'num_aromatic_heterocycles': 0, 'num_saturated_heterocycles': 1, 'num_hba': 4, 'num_hbd': 1, 'num_rotatable_bonds': 6}",0.002348985985559867,0.009534328464303587,0.0,0.14285714285714285
sm7-41,IZPIXDIDZLOIPG-UHFFFAOYSA-N,CS(=O)(=O)Nc1cc(-c2ccccc2)on1,"InChI=1S/C10H10N2O3S/c1-16(13,14)12-10-7-9(15-11-10)8-5-3-2-4-6-8/h2-7H,1H3,(H,11,12)",238.04121318,72.2,1.7130999999999998,4,1,3,c1ccc(-c2ccno2)cc1,"{'fr_Al_COO': 0, 'fr_Al_OH': 0, 'fr_Al_OH_noTert': 0, 'fr_ArN': 0, 'fr_Ar_COO': 0, 'fr_Ar_N': 1, 'fr_Ar_NH': 0, 'fr_Ar_OH': 0, 'fr_COO': 0, 'fr_COO2': 0, 'fr_C_O': 0, 'fr_C_O_noCOO': 0, 'fr_C_S': 0, 'fr_HOCCN': 0, 'fr_Imine': 0, 'fr_NH0': 1, 'fr_NH1': 1, 'fr_NH2': 0, 'fr_N_O': 0, 'fr_Ndealkylation1': 0, 'fr_Ndealkylation2': 0, 'fr_Nhpyrrole': 0, 'fr_SH': 0, 'fr_aldehyde': 0, 'fr_alkyl_carbamate': 0, 'fr_alkyl_halide': 0, 'fr_allylic_oxid': 0, 'fr_amide': 0, 'fr_amidine': 0, 'fr_aniline': 1, 'fr_aryl_methyl': 0, 'fr_azide': 0, 'fr_azo': 0, 'fr_barbitur': 0, 'fr_benzene': 1, 'fr_benzodiazepine': 0, 'fr_bicyclic': 0, 'fr_diazo': 0, 'fr_dihydropyridine': 0, 'fr_epoxide': 0, 'fr_ester': 0, 'fr_ether': 0, 'fr_furan': 0, 'fr_guanido': 0, 'fr_halogen': 0, 'fr_hdrzine': 0, 'fr_hdrzone': 0, 'fr_imidazole': 0, 'fr_imide': 0, 'fr_isocyan': 0, 'fr_isothiocyan': 0, 'fr_ketone': 0, 'fr_ketone_Topliss': 0, 'fr_lactam': 0, 'fr_lactone': 0, 'fr_methoxy': 0, 'fr_morpholine': 0, 'fr_nitrile': 0, 'fr_nitro': 0, 'fr_nitro_arom': 0, 'fr_nitro_arom_nonortho': 0, 'fr_nitroso': 0, 'fr_oxazole': 0, 'fr_oxime': 0, 'fr_para_hydroxylation': 0, 'fr_phenol': 0, 'fr_phenol_noOrthoHbond': 0, 'fr_phos_acid': 0, 'fr_phos_ester': 0, 'fr_piperdine': 0, 'fr_piperzine': 0, 'fr_priamide': 0, 'fr_prisulfonamd': 0, 'fr_pyridine': 0, 'fr_quatN': 0, 'fr_sulfide': 0, 'fr_sulfonamd': 1, 'fr_sulfone': 0, 'fr_term_acetylene': 0, 'fr_tetrazole': 0, 'fr_thiazole': 0, 'fr_thiocyan': 0, 'fr_thiophene': 0, 'fr_unbrch_alkane': 0, 'fr_urea': 0, 'num_rings': 2, 'num_aromatic_rings': 2, 'num_aliphatic_rings': 0, 'num_aromatic_carbocycles': 1, 'num_aliphatic_carbocycles': 0, 'num_saturated_carbocycles': 0, 'num_heterocycles': 1, 'num_aliphatic_heterocycles': 0, 'num_aromatic_heterocycles': 1, 'num_saturated_heterocycles': 0, 'num_hba': 4, 'num_hbd': 1, 'num_rotatable_bonds': 3}",0.0027462008272208177,0.010658289160479272,0.0,0.16
sm7-42,VVXJHLGAEFGYFM-UHFFFAOYSA-N,O=S(=O)(Nc1cc(-c2ccccc2)on1)c1ccccc1,"InChI=1S/C15H12N2O3S/c18-21(19,13-9-5-2-6-10-13)17-15-11-14(20-16-15)12-7-3-1-4-8-12/h1-11H,(H,16,17)",300.056863244,72.2,3.142400000000001,4,1,4,O=S(=O)(Nc1cc(-c2ccccc2)on1)c1ccccc1,"{'fr_Al_COO': 0, 'fr_Al_OH': 0, 'fr_Al_OH_noTert': 0, 'fr_ArN': 0, 'fr_Ar_COO': 0, 'fr_Ar_N': 1, 'fr_Ar_NH': 0, 'fr_Ar_OH': 0, 'fr_COO': 0, 'fr_COO2': 0, 'fr_C_O': 0, 'fr_C_O_noCOO': 0, 'fr_C_S': 0, 'fr_HOCCN': 0, 'fr_Imine': 0, 'fr_NH0': 1, 'fr_NH1': 1, 'fr_NH2': 0, 'fr_N_O': 0, 'fr_Ndealkylation1': 0, 'fr_Ndealkylation2': 0, 'fr_Nhpyrrole': 0, 'fr_SH': 0, 'fr_aldehyde': 0, 'fr_alkyl_carbamate': 0, 'fr_alkyl_halide': 0, 'fr_allylic_oxid': 0, 'fr_amide': 0, 'fr_amidine': 0, 'fr_aniline': 1, 'fr_aryl_methyl': 0, 'fr_azide': 0, 'fr_azo': 0, 'fr_barbitur': 0, 'fr_benzene': 2, 'fr_benzodiazepine': 0, 'fr_bicyclic': 0, 'fr_diazo': 0, 'fr_dihydropyridine': 0, 'fr_epoxide': 0, 'fr_ester': 0, 'fr_ether': 0, 'fr_furan': 0, 'fr_guanido': 0, 'fr_halogen': 0, 'fr_hdrzine': 0, 'fr_hdrzone': 0, 'fr_imidazole': 0, 'fr_imide': 0, 'fr_isocyan': 0, 'fr_isothiocyan': 0, 'fr_ketone': 0, 'fr_ketone_Topliss': 0, 'fr_lactam': 0, 'fr_lactone': 0, 'fr_methoxy': 0, 'fr_morpholine': 0, 'fr_nitrile': 0, 'fr_nitro': 0, 'fr_nitro_arom': 0, 'fr_nitro_arom_nonortho': 0, 'fr_nitroso': 0, 'fr_oxazole': 0, 'fr_oxime': 0, 'fr_para_hydroxylation': 0, 'fr_phenol': 0, 'fr_phenol_noOrthoHbond': 0, 'fr_phos_acid': 0, 'fr_phos_ester': 0, 'fr_piperdine': 0, 'fr_piperzine': 0, 'fr_priamide': 0, 'fr_prisulfonamd': 0, 'fr_pyridine': 0, 'fr_quatN': 0, 'fr_sulfide': 0, 'fr_sulfonamd': 1, 'fr_sulfone': 0, 'fr_term_acetylene': 0, 'fr_tetrazole': 0, 'fr_thiazole': 0, 'fr_thiocyan': 0, 'fr_thiophene': 0, 'fr_unbrch_alkane': 0, 'fr_urea': 0, 'num_rings': 3, 'num_aromatic_rings': 3, 'num_aliphatic_rings': 0, 'num_aromatic_carbocycles': 2, 'num_aliphatic_carbocycles': 0, 'num_saturated_carbocycles': 0, 'num_heterocycles': 1, 'num_aliphatic_heterocycles': 0, 'num_aromatic_heterocycles': 1, 'num_saturated_heterocycles': 0, 'num_hba': 4, 'num_hbd': 1, 'num_rotatable_bonds': 4}",0.0024965892236999336,0.009689949136728916,0.0,0.13333333333333333
sm7-43,NPCJBDMKFDYWEP-UHFFFAOYSA-N,CN(C)S(=O)(=O)Nc1cc(-c2ccccc2)on1,"InChI=1S/C11H13N3O3S/c1-14(2)18(15,16)13-11-8-10(17-12-11)9-6-4-3-5-7-9/h3-8H,1-2H3,(H,12,13)",267.067762276,75.44,1.5598999999999998,4,1,4,c1ccc(-c2ccno2)cc1,"{'fr_Al_COO': 0, 'fr_Al_OH': 0, 'fr_Al_OH_noTert': 0, 'fr_ArN': 0, 'fr_Ar_COO': 0, 'fr_Ar_N': 1, 'fr_Ar_NH': 0, 'fr_Ar_OH': 0, 'fr_COO': 0, 'fr_COO2': 0, 'fr_C_O': 0, 'fr_C_O_noCOO': 0, 'fr_C_S': 0, 'fr_HOCCN': 0, 'fr_Imine': 0, 'fr_NH0': 2, 'fr_NH1': 1, 'fr_NH2': 0, 'fr_N_O': 0, 'fr_Ndealkylation1': 0, 'fr_Ndealkylation2': 0, 'fr_Nhpyrrole': 0, 'fr_SH': 0, 'fr_aldehyde': 0, 'fr_alkyl_carbamate': 0, 'fr_alkyl_halide': 0, 'fr_allylic_oxid': 0, 'fr_amide': 0, 'fr_amidine': 0, 'fr_aniline': 1, 'fr_aryl_methyl': 0, 'fr_azide': 0, 'fr_azo': 0, 'fr_barbitur': 0, 'fr_benzene': 1, 'fr_benzodiazepine': 0, 'fr_bicyclic': 0, 'fr_diazo': 0, 'fr_dihydropyridine': 0, 'fr_epoxide': 0, 'fr_ester': 0, 'fr_ether': 0, 'fr_furan': 0, 'fr_guanido': 0, 'fr_halogen': 0, 'fr_hdrzine': 0, 'fr_hdrzone': 0, 'fr_imidazole': 0, 'fr_imide': 0, 'fr_isocyan': 0, 'fr_isothiocyan': 0, 'fr_ketone': 0, 'fr_ketone_Topliss': 0, 'fr_lactam': 0, 'fr_lactone': 0, 'fr_methoxy': 0, 'fr_morpholine': 0, 'fr_nitrile': 0, 'fr_nitro': 0, 'fr_nitro_arom': 0, 'fr_nitro_arom_nonortho': 0, 'fr_nitroso': 0, 'fr_oxazole': 0, 'fr_oxime': 0, 'fr_para_hydroxylation': 0, 'fr_phenol': 0, 'fr_phenol_noOrthoHbond': 0, 'fr_phos_acid': 0, 'fr_phos_ester': 0, 'fr_piperdine': 0, 'fr_piperzine': 0, 'fr_priamide': 0, 'fr_prisulfonamd': 0, 'fr_pyridine': 0, 'fr_quatN': 0, 'fr_sulfide': 0, 'fr_sulfonamd': 0, 'fr_sulfone': 0, 'fr_term_acetylene': 0, 'fr_tetrazole': 0, 'fr_thiazole': 0, 'fr_thiocyan': 0, 'fr_thiophene': 0, 'fr_unbrch_alkane': 0, 'fr_urea': 0, 'num_rings': 2, 'num_aromatic_rings': 2, 'num_aliphatic_rings': 0, 'num_aromatic_carbocycles': 1, 'num_aliphatic_carbocycles': 0, 'num_saturated_carbocycles': 0, 'num_heterocycles': 1, 'num_aliphatic_heterocycles': 0, 'num_aromatic_heterocycles': 1, 'num_saturated_heterocycles': 0, 'num_hba': 4, 'num_hbd': 1, 'num_rotatable_bonds': 4}",0.0027675275662897274,0.010702183927662144,0.0,0.15384615384615385
sm7-44,GELHRYLBISDEHI-UHFFFAOYSA-N,CS(=O)(=O)Nc1cn(-c2ccccc2)nn1,"InChI=1S/C9H10N4O2S/c1-16(14,15)11-9-7-13(12-10-9)8-5-3-2-4-6-8/h2-7,11H,1H3",238.05244656,76.88,0.6387999999999998,5,1,3,c1ccc(-n2ccnn2)cc1,"{'fr_Al_COO': 0, 'fr_Al_OH': 0, 'fr_Al_OH_noTert': 0, 'fr_ArN': 0, 'fr_Ar_COO': 0, 'fr_Ar_N': 3, 'fr_Ar_NH': 0, 'fr_Ar_OH': 0, 'fr_COO': 0, 'fr_COO2': 0, 'fr_C_O': 0, 'fr_C_O_noCOO': 0, 'fr_C_S': 0, 'fr_HOCCN': 0, 'fr_Imine': 0, 'fr_NH0': 3, 'fr_NH1': 1, 'fr_NH2': 0, 'fr_N_O': 0, 'fr_Ndealkylation1': 0, 'fr_Ndealkylation2': 0, 'fr_Nhpyrrole': 0, 'fr_SH': 0, 'fr_aldehyde': 0, 'fr_alkyl_carbamate': 0, 'fr_alkyl_halide': 0, 'fr_allylic_oxid': 0, 'fr_amide': 0, 'fr_amidine': 0, 'fr_aniline': 1, 'fr_aryl_methyl': 0, 'fr_azide': 0, 'fr_azo': 0, 'fr_barbitur': 0, 'fr_benzene': 1, 'fr_benzodiazepine': 0, 'fr_bicyclic': 0, 'fr_diazo': 0, 'fr_dihydropyridine': 0, 'fr_epoxide': 0, 'fr_ester': 0, 'fr_ether': 0, 'fr_furan': 0, 'fr_guanido': 0, 'fr_halogen': 0, 'fr_hdrzine': 0, 'fr_hdrzone': 0, 'fr_imidazole': 0, 'fr_imide': 0, 'fr_isocyan': 0, 'fr_isothiocyan': 0, 'fr_ketone': 0, 'fr_ketone_Topliss': 0, 'fr_lactam': 0, 'fr_lactone': 0, 'fr_methoxy': 0, 'fr_morpholine': 0, 'fr_nitrile': 0, 'fr_nitro': 0, 'fr_nitro_arom': 0, 'fr_nitro_arom_nonortho': 0, 'fr_nitroso': 0, 'fr_oxazole': 0, 'fr_oxime': 0, 'fr_para_hydroxylation': 1, 'fr_phenol': 0, 'fr_phenol_noOrthoHbond': 0, 'fr_phos_acid': 0, 'fr_phos_ester': 0, 'fr_piperdine': 0, 'fr_piperzine': 0, 'fr_priamide': 0, 'fr_prisulfonamd': 0, 'fr_pyridine': 0, 'fr_quatN': 0, 'fr_sulfide': 0, 'fr_sulfonamd': 1, 'fr_sulfone': 0, 'fr_term_acetylene': 0, 'fr_tetrazole': 0, 'fr_thiazole': 0, 'fr_thiocyan': 0, 'fr_thiophene': 0, 'fr_unbrch_alkane': 0, 'fr_urea': 0, 'num_rings': 2, 'num_aromatic_rings': 2, 'num_aliphatic_rings': 0, 'num_aromatic_carbocycles': 1, 'num_aliphatic_carbocycles': 0, 'num_saturated_carbocycles': 0, 'num_heterocycles': 1, 'num_aliphatic_heterocycles': 0, 'num_aromatic_heterocycles': 1, 'num_saturated_heterocycles': 0, 'num_hba': 5, 'num_hbd': 1, 'num_rotatable_bonds': 3}",0.0026313250826594027,0.010197287461086179,0.0,0.1388888888888889
sm7-45,VBQOGZVHGSKAGT-UHFFFAOYSA-N,O=S(=O)(Nc1cn(-c2ccccc2)nn1)c1ccccc1,"InChI=1S/C14H12N4O2S/c19-21(20,13-9-5-2-6-10-13)16-14-11-18(17-15-14)12-7-3-1-4-8-12/h1-11,16H",300.068096624,76.88,2.0680999999999994,5,1,4,O=S(=O)(Nc1cn(-c2ccccc2)nn1)c1ccccc1,"{'fr_Al_COO': 0, 'fr_Al_OH': 0, 'fr_Al_OH_noTert': 0, 'fr_ArN': 0, 'fr_Ar_COO': 0, 'fr_Ar_N': 3, 'fr_Ar_NH': 0, 'fr_Ar_OH': 0, 'fr_COO': 0, 'fr_COO2': 0, 'fr_C_O': 0, 'fr_C_O_noCOO': 0, 'fr_C_S': 0, 'fr_HOCCN': 0, 'fr_Imine': 0, 'fr_NH0': 3, 'fr_NH1': 1, 'fr_NH2': 0, 'fr_N_O': 0, 'fr_Ndealkylation1': 0, 'fr_Ndealkylation2': 0, 'fr_Nhpyrrole': 0, 'fr_SH': 0, 'fr_aldehyde': 0, 'fr_alkyl_carbamate': 0, 'fr_alkyl_halide': 0, 'fr_allylic_oxid': 0, 'fr_amide': 0, 'fr_amidine': 0, 'fr_aniline': 1, 'fr_aryl_methyl': 0, 'fr_azide': 0, 'fr_azo': 0, 'fr_barbitur': 0, 'fr_benzene': 2, 'fr_benzodiazepine': 0, 'fr_bicyclic': 0, 'fr_diazo': 0, 'fr_dihydropyridine': 0, 'fr_epoxide': 0, 'fr_ester': 0, 'fr_ether': 0, 'fr_furan': 0, 'fr_guanido': 0, 'fr_halogen': 0, 'fr_hdrzine': 0, 'fr_hdrzone': 0, 'fr_imidazole': 0, 'fr_imide': 0, 'fr_isocyan': 0, 'fr_isothiocyan': 0, 'fr_ketone': 0, 'fr_ketone_Topliss': 0, 'fr_lactam': 0, 'fr_lactone': 0, 'fr_methoxy': 0, 'fr_morpholine': 0, 'fr_nitrile': 0, 'fr_nitro': 0, 'fr_nitro_arom': 0, 'fr_nitro_arom_nonortho': 0, 'fr_nitroso': 0, 'fr_oxazole': 0, 'fr_oxime': 0, 'fr_para_hydroxylation': 1, 'fr_phenol': 0, 'fr_phenol_noOrthoHbond': 0, 'fr_phos_acid': 0, 'fr_phos_ester': 0, 'fr_piperdine': 0, 'fr_piperzine': 0, 'fr_priamide': 0, 'fr_prisulfonamd': 0, 'fr_pyridine': 0, 'fr_quatN': 0, 'fr_sulfide': 0, 'fr_sulfonamd': 1, 'fr_sulfone': 0, 'fr_term_acetylene': 0, 'fr_tetrazole': 0, 'fr_thiazole': 0, 'fr_thiocyan': 0, 'fr_thiophene': 0, 'fr_unbrch_alkane': 0, 'fr_urea': 0, 'num_rings': 3, 'num_aromatic_rings': 3, 'num_aliphatic_rings': 0, 'num_aromatic_carbocycles': 2, 'num_aliphatic_carbocycles': 0, 'num_saturated_carbocycles': 0, 'num_heterocycles': 1, 'num_aliphatic_heterocycles': 0, 'num_aromatic_heterocycles': 1, 'num_saturated_heterocycles': 0, 'num_hba': 5, 'num_hbd': 1, 'num_rotatable_bonds': 4}",0.002427373874966339,0.00939547630072933,0.0,0.12195121951219512
sm7-46,GDFIIHOWLLSAAP-UHFFFAOYSA-N,CN(C)S(=O)(=O)Nc1cn(-c2ccccc2)nn1,"InChI=1S/C10H13N5O2S/c1-14(2)18(16,17)12-10-8-15(13-11-10)9-6-4-3-5-7-9/h3-8,12H,1-2H3",267.078995656,80.12,0.4855999999999998,5,1,4,c1ccc(-n2ccnn2)cc1,"{'fr_Al_COO': 0, 'fr_Al_OH': 0, 'fr_Al_OH_noTert': 0, 'fr_ArN': 0, 'fr_Ar_COO': 0, 'fr_Ar_N': 3, 'fr_Ar_NH': 0, 'fr_Ar_OH': 0, 'fr_COO': 0, 'fr_COO2': 0, 'fr_C_O': 0, 'fr_C_O_noCOO': 0, 'fr_C_S': 0, 'fr_HOCCN': 0, 'fr_Imine': 0, 'fr_NH0': 4, 'fr_NH1': 1, 'fr_NH2': 0, 'fr_N_O': 0, 'fr_Ndealkylation1': 0, 'fr_Ndealkylation2': 0, 'fr_Nhpyrrole': 0, 'fr_SH': 0, 'fr_aldehyde': 0, 'fr_alkyl_carbamate': 0, 'fr_alkyl_halide': 0, 'fr_allylic_oxid': 0, 'fr_amide': 0, 'fr_amidine': 0, 'fr_aniline': 1, 'fr_aryl_methyl': 0, 'fr_azide': 0, 'fr_azo': 0, 'fr_barbitur': 0, 'fr_benzene': 1, 'fr_benzodiazepine': 0, 'fr_bicyclic': 0, 'fr_diazo': 0, 'fr_dihydropyridine': 0, 'fr_epoxide': 0, 'fr_ester': 0, 'fr_ether': 0, 'fr_furan': 0, 'fr_guanido': 0, 'fr_halogen': 0, 'fr_hdrzine': 0, 'fr_hdrzone': 0, 'fr_imidazole': 0, 'fr_imide': 0, 'fr_isocyan': 0, 'fr_isothiocyan': 0, 'fr_ketone': 0, 'fr_ketone_Topliss': 0, 'fr_lactam': 0, 'fr_lactone': 0, 'fr_methoxy': 0, 'fr_morpholine': 0, 'fr_nitrile': 0, 'fr_nitro': 0, 'fr_nitro_arom': 0, 'fr_nitro_arom_nonortho': 0, 'fr_nitroso': 0, 'fr_oxazole': 0, 'fr_oxime': 0, 'fr_para_hydroxylation': 1, 'fr_phenol': 0, 'fr_phenol_noOrthoHbond': 0, 'fr_phos_acid': 0, 'fr_phos_ester': 0, 'fr_piperdine': 0, 'fr_piperzine': 0, 'fr_priamide': 0, 'fr_prisulfonamd': 0, 'fr_pyridine': 0, 'fr_quatN': 0, 'fr_sulfide': 0, 'fr_sulfonamd': 0, 'fr_sulfone': 0, 'fr_term_acetylene': 0, 'fr_tetrazole': 0, 'fr_thiazole': 0, 'fr_thiocyan': 0, 'fr_thiophene': 0, 'fr_unbrch_alkane': 0, 'fr_urea': 0, 'num_rings': 2, 'num_aromatic_rings': 2, 'num_aliphatic_rings': 0, 'num_aromatic_carbocycles': 1, 'num_aliphatic_carbocycles': 0, 'num_saturated_carbocycles': 0, 'num_heterocycles': 1, 'num_aliphatic_heterocycles': 0, 'num_aromatic_heterocycles': 1, 'num_saturated_heterocycles': 0, 'num_hba': 5, 'num_hbd': 1, 'num_rotatable_bonds': 4}",0.0025868860230825255,0.010075345020381647,0.0,0.13513513513513514
sm8-1,LPEPZBJOKDYZAD-UHFFFAOYSA-N,O=C(O)c1ccccc1Nc1cccc(C(F)(F)F)c1,"InChI=1S/C14H10F3NO2/c15-14(16,17)9-4-3-5-10(8-9)18-12-7-2-1-6-11(12)13(19)20/h1-8,18H,(H,19,20)",281.06636322,49.33,4.1472000000000016,2,2,3,c1ccc(Nc2ccccc2)cc1,"{'fr_Al_COO': 0, 'fr_Al_OH': 0, 'fr_Al_OH_noTert': 0, 'fr_ArN': 0, 'fr_Ar_COO': 1, 'fr_Ar_N': 0, 'fr_Ar_NH': 0, 'fr_Ar_OH': 0, 'fr_COO': 1, 'fr_COO2': 1, 'fr_C_O': 1, 'fr_C_O_noCOO': 0, 'fr_C_S': 0, 'fr_HOCCN': 0, 'fr_Imine': 0, 'fr_NH0': 0, 'fr_NH1': 1, 'fr_NH2': 0, 'fr_N_O': 0, 'fr_Ndealkylation1': 0, 'fr_Ndealkylation2': 0, 'fr_Nhpyrrole': 0, 'fr_SH': 0, 'fr_aldehyde': 0, 'fr_alkyl_carbamate': 0, 'fr_alkyl_halide': 3, 'fr_allylic_oxid': 0, 'fr_amide': 0, 'fr_amidine': 0, 'fr_aniline': 2, 'fr_aryl_methyl': 0, 'fr_azide': 0, 'fr_azo': 0, 'fr_barbitur': 0, 'fr_benzene': 2, 'fr_benzodiazepine': 0, 'fr_bicyclic': 0, 'fr_diazo': 0, 'fr_dihydropyridine': 0, 'fr_epoxide': 0, 'fr_ester': 0, 'fr_ether': 0, 'fr_furan': 0, 'fr_guanido': 0, 'fr_halogen': 3, 'fr_hdrzine': 0, 'fr_hdrzone': 0, 'fr_imidazole': 0, 'fr_imide': 0, 'fr_isocyan': 0, 'fr_isothiocyan': 0, 'fr_ketone': 0, 'fr_ketone_Topliss': 0, 'fr_lactam': 0, 'fr_lactone': 0, 'fr_methoxy': 0, 'fr_morpholine': 0, 'fr_nitrile': 0, 'fr_nitro': 0, 'fr_nitro_arom': 0, 'fr_nitro_arom_nonortho': 0, 'fr_nitroso': 0, 'fr_oxazole': 0, 'fr_oxime': 0, 'fr_para_hydroxylation': 1, 'fr_phenol': 0, 'fr_phenol_noOrthoHbond': 0, 'fr_phos_acid': 0, 'fr_phos_ester': 0, 'fr_piperdine': 0, 'fr_piperzine': 0, 'fr_priamide': 0, 'fr_prisulfonamd': 0, 'fr_pyridine': 0, 'fr_quatN': 0, 'fr_sulfide': 0, 'fr_sulfonamd': 0, 'fr_sulfone': 0, 'fr_term_acetylene': 0, 'fr_tetrazole': 0, 'fr_thiazole': 0, 'fr_thiocyan': 0, 'fr_thiophene': 0, 'fr_unbrch_alkane': 0, 'fr_urea': 0, 'num_rings': 2, 'num_aromatic_rings': 2, 'num_aliphatic_rings': 0, 'num_aromatic_carbocycles': 2, 'num_aliphatic_carbocycles': 0, 'num_saturated_carbocycles': 0, 'num_heterocycles': 0, 'num_aliphatic_heterocycles': 0, 'num_aromatic_heterocycles': 0, 'num_saturated_heterocycles': 0, 'num_hba': 2, 'num_hbd': 2, 'num_rotatable_bonds': 3}",0.001953134553006675,0.007924411634068589,0.0,0.0967741935483871
sm8-2,ZZZBVBATZOAPQB-UHFFFAOYSA-N,CS(=O)(=O)c1ccc(CCC(=O)O)cc1,"InChI=1S/C10H12O4S/c1-15(13,14)9-5-2-8(3-6-9)4-7-10(11)12/h2-3,5-6H,4,7H2,1H3,(H,11,12)",228.045629864,71.44,1.1073000000000002,3,1,4,c1ccccc1,"{'fr_Al_COO': 1, 'fr_Al_OH': 0, 'fr_Al_OH_noTert': 0, 'fr_ArN': 0, 'fr_Ar_COO': 0, 'fr_Ar_N': 0, 'fr_Ar_NH': 0, 'fr_Ar_OH': 0, 'fr_COO': 1, 'fr_COO2': 1, 'fr_C_O': 1, 'fr_C_O_noCOO': 0, 'fr_C_S': 0, 'fr_HOCCN': 0, 'fr_Imine': 0, 'fr_NH0': 0, 'fr_NH1': 0, 'fr_NH2': 0, 'fr_N_O': 0, 'fr_Ndealkylation1': 0, 'fr_Ndealkylation2': 0, 'fr_Nhpyrrole': 0, 'fr_SH': 0, 'fr_aldehyde': 0, 'fr_alkyl_carbamate': 0, 'fr_alkyl_halide': 0, 'fr_allylic_oxid': 0, 'fr_amide': 0, 'fr_amidine': 0, 'fr_aniline': 0, 'fr_aryl_methyl': 1, 'fr_azide': 0, 'fr_azo': 0, 'fr_barbitur': 0, 'fr_benzene': 1, 'fr_benzodiazepine': 0, 'fr_bicyclic': 0, 'fr_diazo': 0, 'fr_dihydropyridine': 0, 'fr_epoxide': 0, 'fr_ester': 0, 'fr_ether': 0, 'fr_furan': 0, 'fr_guanido': 0, 'fr_halogen': 0, 'fr_hdrzine': 0, 'fr_hdrzone': 0, 'fr_imidazole': 0, 'fr_imide': 0, 'fr_isocyan': 0, 'fr_isothiocyan': 0, 'fr_ketone': 0, 'fr_ketone_Topliss': 0, 'fr_lactam': 0, 'fr_lactone': 0, 'fr_methoxy': 0, 'fr_morpholine': 0, 'fr_nitrile': 0, 'fr_nitro': 0, 'fr_nitro_arom': 0, 'fr_nitro_arom_nonortho': 0, 'fr_nitroso': 0, 'fr_oxazole': 0, 'fr_oxime': 0, 'fr_para_hydroxylation': 0, 'fr_phenol': 0, 'fr_phenol_noOrthoHbond': 0, 'fr_phos_acid': 0, 'fr_phos_ester': 0, 'fr_piperdine': 0, 'fr_piperzine': 0, 'fr_priamide': 0, 'fr_prisulfonamd': 0, 'fr_pyridine': 0, 'fr_quatN': 0, 'fr_sulfide': 0, 'fr_sulfonamd': 0, 'fr_sulfone': 1, 'fr_term_acetylene': 0, 'fr_tetrazole': 0, 'fr_thiazole': 0, 'fr_thiocyan': 0, 'fr_thiophene': 0, 'fr_unbrch_alkane': 0, 'fr_urea': 0, 'num_rings': 1, 'num_aromatic_rings': 1, 'num_aliphatic_rings': 0, 'num_aromatic_carbocycles': 1, 'num_aliphatic_carbocycles': 0, 'num_saturated_carbocycles': 0, 'num_heterocycles': 0, 'num_aliphatic_heterocycles': 0, 'num_aromatic_heterocycles': 0, 'num_saturated_heterocycles': 0, 'num_hba': 3, 'num_hbd': 1, 'num_rotatable_bonds': 4}",0.0021711902400066373,0.009768912071701582,0.0,0.16666666666666666
sm8-3,ZZUFCTLCJUWOSV-UHFFFAOYSA-N,NS(=O)(=O)c1cc(C(=O)O)c(NCc2ccco2)cc1Cl,"InChI=1S/C12H11ClN2O5S/c13-9-5-10(15-6-7-2-1-3-20-7)8(12(16)17)4-11(9)21(14,18)19/h1-5,15H,6H2,(H,16,17)(H2,14,18,19)",330.007720132,122.62999999999998,1.8907,5,3,5,c1ccc(NCc2ccco2)cc1,"{'fr_Al_COO': 0, 'fr_Al_OH': 0, 'fr_Al_OH_noTert': 0, 'fr_ArN': 0, 'fr_Ar_COO': 1, 'fr_Ar_N': 0, 'fr_Ar_NH': 0, 'fr_Ar_OH': 0, 'fr_COO': 1, 'fr_COO2': 1, 'fr_C_O': 1, 'fr_C_O_noCOO': 0, 'fr_C_S': 0, 'fr_HOCCN': 0, 'fr_Imine': 0, 'fr_NH0': 0, 'fr_NH1': 1, 'fr_NH2': 1, 'fr_N_O': 0, 'fr_Ndealkylation1': 0, 'fr_Ndealkylation2': 0, 'fr_Nhpyrrole': 0, 'fr_SH': 0, 'fr_aldehyde': 0, 'fr_alkyl_carbamate': 0, 'fr_alkyl_halide': 0, 'fr_allylic_oxid': 0, 'fr_amide': 0, 'fr_amidine': 0, 'fr_aniline': 1, 'fr_aryl_methyl': 0, 'fr_azide': 0, 'fr_azo': 0, 'fr_barbitur': 0, 'fr_benzene': 1, 'fr_benzodiazepine': 0, 'fr_bicyclic': 0, 'fr_diazo': 0, 'fr_dihydropyridine': 0, 'fr_epoxide': 0, 'fr_ester': 0, 'fr_ether': 0, 'fr_furan': 1, 'fr_guanido': 0, 'fr_halogen': 1, 'fr_hdrzine': 0, 'fr_hdrzone': 0, 'fr_imidazole': 0, 'fr_imide': 0, 'fr_isocyan': 0, 'fr_isothiocyan': 0, 'fr_ketone': 0, 'fr_ketone_Topliss': 0, 'fr_lactam': 0, 'fr_lactone': 0, 'fr_methoxy': 0, 'fr_morpholine': 0, 'fr_nitrile': 0, 'fr_nitro': 0, 'fr_nitro_arom': 0, 'fr_nitro_arom_nonortho': 0, 'fr_nitroso': 0, 'fr_oxazole': 0, 'fr_oxime': 0, 'fr_para_hydroxylation': 0, 'fr_phenol': 0, 'fr_phenol_noOrthoHbond': 0, 'fr_phos_acid': 0, 'fr_phos_ester': 0, 'fr_piperdine': 0, 'fr_piperzine': 0, 'fr_priamide': 0, 'fr_prisulfonamd': 0, 'fr_pyridine': 0, 'fr_quatN': 0, 'fr_sulfide': 0, 'fr_sulfonamd': 1, 'fr_sulfone': 0, 'fr_term_acetylene': 0, 'fr_tetrazole': 0, 'fr_thiazole': 0, 'fr_thiocyan': 0, 'fr_thiophene': 0, 'fr_unbrch_alkane': 0, 'fr_urea': 0, 'num_rings': 2, 'num_aromatic_rings': 2, 'num_aliphatic_rings': 0, 'num_aromatic_carbocycles': 1, 'num_aliphatic_carbocycles': 0, 'num_saturated_carbocycles': 0, 'num_heterocycles': 1, 'num_aliphatic_heterocycles': 0, 'num_aromatic_heterocycles': 1, 'num_saturated_heterocycles': 0, 'num_hba': 5, 'num_hbd': 3, 'num_rotatable_bonds': 5}",0.0022504028921373383,0.00897092873548964,0.0,0.125
sm8-4,PCUVBAAFHAZOHN-UHFFFAOYSA-N,Cc1sc(=Nc2ccc(C#N)c(Cl)c2)[nH]c1C(=O)O,"InChI=1S/C12H8ClN3O2S/c1-6-10(11(17)18)16-12(19-6)15-8-3-2-7(5-14)9(13)4-8/h2-4H,1H3,(H,15,16)(H,17,18)",293.002575176,89.24,2.840300000000001,4,2,2,c1ccc(N=c2[nH]ccs2)cc1,"{'fr_Al_COO': 0, 'fr_Al_OH': 0, 'fr_Al_OH_noTert': 0, 'fr_ArN': 0, 'fr_Ar_COO': 1, 'fr_Ar_N': 1, 'fr_Ar_NH': 1, 'fr_Ar_OH': 0, 'fr_COO': 1, 'fr_COO2': 1, 'fr_C_O': 1, 'fr_C_O_noCOO': 0, 'fr_C_S': 0, 'fr_HOCCN': 0, 'fr_Imine': 0, 'fr_NH0': 2, 'fr_NH1': 1, 'fr_NH2': 0, 'fr_N_O': 0, 'fr_Ndealkylation1': 0, 'fr_Ndealkylation2': 0, 'fr_Nhpyrrole': 1, 'fr_SH': 0, 'fr_aldehyde': 0, 'fr_alkyl_carbamate': 0, 'fr_alkyl_halide': 0, 'fr_allylic_oxid': 0, 'fr_amide': 0, 'fr_amidine': 0, 'fr_aniline': 0, 'fr_aryl_methyl': 1, 'fr_azide': 0, 'fr_azo': 0, 'fr_barbitur': 0, 'fr_benzene': 1, 'fr_benzodiazepine': 0, 'fr_bicyclic': 0, 'fr_diazo': 0, 'fr_dihydropyridine': 0, 'fr_epoxide': 0, 'fr_ester': 0, 'fr_ether': 0, 'fr_furan': 0, 'fr_guanido': 0, 'fr_halogen': 1, 'fr_hdrzine': 0, 'fr_hdrzone': 0, 'fr_imidazole': 0, 'fr_imide': 0, 'fr_isocyan': 0, 'fr_isothiocyan': 0, 'fr_ketone': 0, 'fr_ketone_Topliss': 0, 'fr_lactam': 0, 'fr_lactone': 0, 'fr_methoxy': 0, 'fr_morpholine': 0, 'fr_nitrile': 1, 'fr_nitro': 0, 'fr_nitro_arom': 0, 'fr_nitro_arom_nonortho': 0, 'fr_nitroso': 0, 'fr_oxazole': 0, 'fr_oxime': 0, 'fr_para_hydroxylation': 0, 'fr_phenol': 0, 'fr_phenol_noOrthoHbond': 0, 'fr_phos_acid': 0, 'fr_phos_ester': 0, 'fr_piperdine': 0, 'fr_piperzine': 0, 'fr_priamide': 0, 'fr_prisulfonamd': 0, 'fr_pyridine': 0, 'fr_quatN': 0, 'fr_sulfide': 0, 'fr_sulfonamd': 0, 'fr_sulfone': 0, 'fr_term_acetylene': 0, 'fr_tetrazole': 0, 'fr_thiazole': 1, 'fr_thiocyan': 0, 'fr_thiophene': 0, 'fr_unbrch_alkane': 0, 'fr_urea': 0, 'num_rings': 2, 'num_aromatic_rings': 2, 'num_aliphatic_rings': 0, 'num_aromatic_carbocycles': 1, 'num_aliphatic_carbocycles': 0, 'num_saturated_carbocycles': 0, 'num_heterocycles': 1, 'num_aliphatic_heterocycles': 0, 'num_aromatic_heterocycles': 1, 'num_saturated_heterocycles': 0, 'num_hba': 4, 'num_hbd': 2, 'num_rotatable_bonds': 2}",0.0026047056762204335,0.009214934625829674,0.0,0.11764705882352941
sm8-5,DCOPUUMXTXDBNB-UHFFFAOYSA-N,O=C(O)Cc1ccccc1Nc1c(Cl)cccc1Cl,"InChI=1S/C14H11Cl2NO2/c15-10-5-3-6-11(16)14(10)17-12-7-2-1-4-9(12)8-13(18)19/h1-7,17H,8H2,(H,18,19)",295.016683952,49.33,4.364100000000001,2,2,4,c1ccc(Nc2ccccc2)cc1,"{'fr_Al_COO': 1, 'fr_Al_OH': 0, 'fr_Al_OH_noTert': 0, 'fr_ArN': 0, 'fr_Ar_COO': 0, 'fr_Ar_N': 0, 'fr_Ar_NH': 0, 'fr_Ar_OH': 0, 'fr_COO': 1, 'fr_COO2': 1, 'fr_C_O': 1, 'fr_C_O_noCOO': 0, 'fr_C_S': 0, 'fr_HOCCN': 0, 'fr_Imine': 0, 'fr_NH0': 0, 'fr_NH1': 1, 'fr_NH2': 0, 'fr_N_O': 0, 'fr_Ndealkylation1': 0, 'fr_Ndealkylation2': 0, 'fr_Nhpyrrole': 0, 'fr_SH': 0, 'fr_aldehyde': 0, 'fr_alkyl_carbamate': 0, 'fr_alkyl_halide': 0, 'fr_allylic_oxid': 0, 'fr_amide': 0, 'fr_amidine': 0, 'fr_aniline': 2, 'fr_aryl_methyl': 0, 'fr_azide': 0, 'fr_azo': 0, 'fr_barbitur': 0, 'fr_benzene': 2, 'fr_benzodiazepine': 0, 'fr_bicyclic': 0, 'fr_diazo': 0, 'fr_dihydropyridine': 0, 'fr_epoxide': 0, 'fr_ester': 0, 'fr_ether': 0, 'fr_furan': 0, 'fr_guanido': 0, 'fr_halogen': 2, 'fr_hdrzine': 0, 'fr_hdrzone': 0, 'fr_imidazole': 0, 'fr_imide': 0, 'fr_isocyan': 0, 'fr_isothiocyan': 0, 'fr_ketone': 0, 'fr_ketone_Topliss': 0, 'fr_lactam': 0, 'fr_lactone': 0, 'fr_methoxy': 0, 'fr_morpholine': 0, 'fr_nitrile': 0, 'fr_nitro': 0, 'fr_nitro_arom': 0, 'fr_nitro_arom_nonortho': 0, 'fr_nitroso': 0, 'fr_oxazole': 0, 'fr_oxime': 0, 'fr_para_hydroxylation': 2, 'fr_phenol': 0, 'fr_phenol_noOrthoHbond': 0, 'fr_phos_acid': 0, 'fr_phos_ester': 0, 'fr_piperdine': 0, 'fr_piperzine': 0, 'fr_priamide': 0, 'fr_prisulfonamd': 0, 'fr_pyridine': 0, 'fr_quatN': 0, 'fr_sulfide': 0, 'fr_sulfonamd': 0, 'fr_sulfone': 0, 'fr_term_acetylene': 0, 'fr_tetrazole': 0, 'fr_thiazole': 0, 'fr_thiocyan': 0, 'fr_thiophene': 0, 'fr_unbrch_alkane': 0, 'fr_urea': 0, 'num_rings': 2, 'num_aromatic_rings': 2, 'num_aliphatic_rings': 0, 'num_aromatic_carbocycles': 2, 'num_aliphatic_carbocycles': 0, 'num_saturated_carbocycles': 0, 'num_heterocycles': 0, 'num_aliphatic_heterocycles': 0, 'num_aromatic_heterocycles': 0, 'num_saturated_heterocycles': 0, 'num_hba': 2, 'num_hbd': 2, 'num_rotatable_bonds': 4}",0.0020260468889413542,0.008242774565025158,0.0,0.12121212121212122
sm8-6,VUSFWTZXPQMGCA-UHFFFAOYSA-N,Cc1ccc(Cl)cc1NCc1ccc(C(=O)O)s1,"InChI=1S/C13H12ClNO2S/c1-8-2-3-9(14)6-11(8)15-7-10-4-5-12(18-10)13(16)17/h2-6,15H,7H2,1H3,(H,16,17)",281.027727304,49.33,4.020220000000002,3,2,4,c1ccc(NCc2cccs2)cc1,"{'fr_Al_COO': 0, 'fr_Al_OH': 0, 'fr_Al_OH_noTert': 0, 'fr_ArN': 0, 'fr_Ar_COO': 1, 'fr_Ar_N': 0, 'fr_Ar_NH': 0, 'fr_Ar_OH': 0, 'fr_COO': 1, 'fr_COO2': 1, 'fr_C_O': 1, 'fr_C_O_noCOO': 0, 'fr_C_S': 0, 'fr_HOCCN': 0, 'fr_Imine': 0, 'fr_NH0': 0, 'fr_NH1': 1, 'fr_NH2': 0, 'fr_N_O': 0, 'fr_Ndealkylation1': 0, 'fr_Ndealkylation2': 0, 'fr_Nhpyrrole': 0, 'fr_SH': 0, 'fr_aldehyde': 0, 'fr_alkyl_carbamate': 0, 'fr_alkyl_halide': 0, 'fr_allylic_oxid': 0, 'fr_amide': 0, 'fr_amidine': 0, 'fr_aniline': 1, 'fr_aryl_methyl': 1, 'fr_azide': 0, 'fr_azo': 0, 'fr_barbitur': 0, 'fr_benzene': 1, 'fr_benzodiazepine': 0, 'fr_bicyclic': 0, 'fr_diazo': 0, 'fr_dihydropyridine': 0, 'fr_epoxide': 0, 'fr_ester': 0, 'fr_ether': 0, 'fr_furan': 0, 'fr_guanido': 0, 'fr_halogen': 1, 'fr_hdrzine': 0, 'fr_hdrzone': 0, 'fr_imidazole': 0, 'fr_imide': 0, 'fr_isocyan': 0, 'fr_isothiocyan': 0, 'fr_ketone': 0, 'fr_ketone_Topliss': 0, 'fr_lactam': 0, 'fr_lactone': 0, 'fr_methoxy': 0, 'fr_morpholine': 0, 'fr_nitrile': 0, 'fr_nitro': 0, 'fr_nitro_arom': 0, 'fr_nitro_arom_nonortho': 0, 'fr_nitroso': 0, 'fr_oxazole': 0, 'fr_oxime': 0, 'fr_para_hydroxylation': 0, 'fr_phenol': 0, 'fr_phenol_noOrthoHbond': 0, 'fr_phos_acid': 0, 'fr_phos_ester': 0, 'fr_piperdine': 0, 'fr_piperzine': 0, 'fr_priamide': 0, 'fr_prisulfonamd': 0, 'fr_pyridine': 0, 'fr_quatN': 0, 'fr_sulfide': 0, 'fr_sulfonamd': 0, 'fr_sulfone': 0, 'fr_term_acetylene': 0, 'fr_tetrazole': 0, 'fr_thiazole': 0, 'fr_thiocyan': 0, 'fr_thiophene': 1, 'fr_unbrch_alkane': 0, 'fr_urea': 0, 'num_rings': 2, 'num_aromatic_rings': 2, 'num_aliphatic_rings': 0, 'num_aromatic_carbocycles': 1, 'num_aliphatic_carbocycles': 0, 'num_saturated_carbocycles': 0, 'num_heterocycles': 1, 'num_aliphatic_heterocycles': 0, 'num_aromatic_heterocycles': 1, 'num_saturated_heterocycles': 0, 'num_hba': 3, 'num_hbd': 2, 'num_rotatable_bonds': 4}",0.0024243561862983486,0.00923962846245511,0.0,0.125
sm8-7,DQQJTMKHDDKOJM-UHFFFAOYSA-N,N=c1[nH]c2ccc(Br)cc2n1CC1(O)CCOCC1,"InChI=1S/C13H16BrN3O2/c14-9-1-2-10-11(7-9)17(12(15)16-10)8-13(18)3-5-19-6-4-13/h1-2,7,18H,3-6,8H2,(H2,15,16)",325.042588852,74.03,1.7528700000000002,4,3,2,N=c1[nH]c2ccccc2n1CC1CCOCC1,"{'fr_Al_COO': 0, 'fr_Al_OH': 1, 'fr_Al_OH_noTert': 0, 'fr_ArN': 0, 'fr_Ar_COO': 0, 'fr_Ar_N': 2, 'fr_Ar_NH': 1, 'fr_Ar_OH': 0, 'fr_COO': 0, 'fr_COO2': 0, 'fr_C_O': 0, 'fr_C_O_noCOO': 0, 'fr_C_S': 0, 'fr_HOCCN': 0, 'fr_Imine': 0, 'fr_NH0': 1, 'fr_NH1': 2, 'fr_NH2': 0, 'fr_N_O': 0, 'fr_Ndealkylation1': 0, 'fr_Ndealkylation2': 0, 'fr_Nhpyrrole': 1, 'fr_SH': 0, 'fr_aldehyde': 0, 'fr_alkyl_carbamate': 0, 'fr_alkyl_halide': 0, 'fr_allylic_oxid': 0, 'fr_amide': 0, 'fr_amidine': 0, 'fr_aniline': 0, 'fr_aryl_methyl': 0, 'fr_azide': 0, 'fr_azo': 0, 'fr_barbitur': 0, 'fr_benzene': 1, 'fr_benzodiazepine': 0, 'fr_bicyclic': 1, 'fr_diazo': 0, 'fr_dihydropyridine': 0, 'fr_epoxide': 0, 'fr_ester': 0, 'fr_ether': 1, 'fr_furan': 0, 'fr_guanido': 0, 'fr_halogen': 1, 'fr_hdrzine': 0, 'fr_hdrzone': 0, 'fr_imidazole': 1, 'fr_imide': 0, 'fr_isocyan': 0, 'fr_isothiocyan': 0, 'fr_ketone': 0, 'fr_ketone_Topliss': 0, 'fr_lactam': 0, 'fr_lactone': 0, 'fr_methoxy': 0, 'fr_morpholine': 0, 'fr_nitrile': 0, 'fr_nitro': 0, 'fr_nitro_arom': 0, 'fr_nitro_arom_nonortho': 0, 'fr_nitroso': 0, 'fr_oxazole': 0, 'fr_oxime': 0, 'fr_para_hydroxylation': 0, 'fr_phenol': 0, 'fr_phenol_noOrthoHbond': 0, 'fr_phos_acid': 0, 'fr_phos_ester': 0, 'fr_piperdine': 0, 'fr_piperzine': 0, 'fr_priamide': 0, 'fr_prisulfonamd': 0, 'fr_pyridine': 0, 'fr_quatN': 0, 'fr_sulfide': 0, 'fr_sulfonamd': 0, 'fr_sulfone': 0, 'fr_term_acetylene': 0, 'fr_tetrazole': 0, 'fr_thiazole': 0, 'fr_thiocyan': 0, 'fr_thiophene': 0, 'fr_unbrch_alkane': 0, 'fr_urea': 0, 'num_rings': 3, 'num_aromatic_rings': 2, 'num_aliphatic_rings': 1, 'num_aromatic_carbocycles': 1, 'num_aliphatic_carbocycles': 0, 'num_saturated_carbocycles': 0, 'num_heterocycles': 2, 'num_aliphatic_heterocycles': 1, 'num_aromatic_heterocycles': 1, 'num_saturated_heterocycles': 1, 'num_hba': 4, 'num_hbd': 3, 'num_rotatable_bonds': 2}",0.0024880915191308646,0.008770955279310261,0.0,0.10526315789473684
sm8-8,HHDUJZFMAASDTK-UHFFFAOYSA-N,COC(=O)c1cn2cccc(C(F)(F)F)c2n1,"InChI=1S/C10H7F3N2O2/c1-17-9(16)7-5-15-4-2-3-6(8(15)14-7)10(11,12)13/h2-5H,1H3",244.045962124,43.60000000000001,2.1396999999999995,4,0,1,c1ccn2ccnc2c1,"{'fr_Al_COO': 0, 'fr_Al_OH': 0, 'fr_Al_OH_noTert': 0, 'fr_ArN': 0, 'fr_Ar_COO': 0, 'fr_Ar_N': 2, 'fr_Ar_NH': 0, 'fr_Ar_OH': 0, 'fr_COO': 0, 'fr_COO2': 0, 'fr_C_O': 1, 'fr_C_O_noCOO': 1, 'fr_C_S': 0, 'fr_HOCCN': 0, 'fr_Imine': 0, 'fr_NH0': 2, 'fr_NH1': 0, 'fr_NH2': 0, 'fr_N_O': 0, 'fr_Ndealkylation1': 0, 'fr_Ndealkylation2': 0, 'fr_Nhpyrrole': 0, 'fr_SH': 0, 'fr_aldehyde': 0, 'fr_alkyl_carbamate': 0, 'fr_alkyl_halide': 3, 'fr_allylic_oxid': 0, 'fr_amide': 0, 'fr_amidine': 0, 'fr_aniline': 0, 'fr_aryl_methyl': 0, 'fr_azide': 0, 'fr_azo': 0, 'fr_barbitur': 0, 'fr_benzene': 0, 'fr_benzodiazepine': 0, 'fr_bicyclic': 1, 'fr_diazo': 0, 'fr_dihydropyridine': 0, 'fr_epoxide': 0, 'fr_ester': 1, 'fr_ether': 1, 'fr_furan': 0, 'fr_guanido': 0, 'fr_halogen': 3, 'fr_hdrzine': 0, 'fr_hdrzone': 0, 'fr_imidazole': 1, 'fr_imide': 0, 'fr_isocyan': 0, 'fr_isothiocyan': 0, 'fr_ketone': 0, 'fr_ketone_Topliss': 0, 'fr_lactam': 0, 'fr_lactone': 0, 'fr_methoxy': 1, 'fr_morpholine': 0, 'fr_nitrile': 0, 'fr_nitro': 0, 'fr_nitro_arom': 0, 'fr_nitro_arom_nonortho': 0, 'fr_nitroso': 0, 'fr_oxazole': 0, 'fr_oxime': 0, 'fr_para_hydroxylation': 0, 'fr_phenol': 0, 'fr_phenol_noOrthoHbond': 0, 'fr_phos_acid': 0, 'fr_phos_ester': 0, 'fr_piperdine': 0, 'fr_piperzine': 0, 'fr_priamide': 0, 'fr_prisulfonamd': 0, 'fr_pyridine': 1, 'fr_quatN': 0, 'fr_sulfide': 0, 'fr_sulfonamd': 0, 'fr_sulfone': 0, 'fr_term_acetylene': 0, 'fr_tetrazole': 0, 'fr_thiazole': 0, 'fr_thiocyan': 0, 'fr_thiophene': 0, 'fr_unbrch_alkane': 0, 'fr_urea': 0, 'num_rings': 2, 'num_aromatic_rings': 2, 'num_aliphatic_rings': 0, 'num_aromatic_carbocycles': 0, 'num_aliphatic_carbocycles': 0, 'num_saturated_carbocycles': 0, 'num_heterocycles': 2, 'num_aliphatic_heterocycles': 0, 'num_aromatic_heterocycles': 2, 'num_saturated_heterocycles': 0, 'num_hba': 4, 'num_hbd': 0, 'num_rotatable_bonds': 1}",0.002129781572652942,0.008700324943482335,0.0,0.11428571428571428
sm8-9,NBGDKCHTPMOGRJ-UHFFFAOYSA-N,N=c1[nH]c2ccc(Br)cc2n1CC1(O)CCCCC1,"InChI=1S/C14H18BrN3O/c15-10-4-5-11-12(8-10)18(13(16)17-11)9-14(19)6-2-1-3-7-14/h4-5,8,19H,1-3,6-7,9H2,(H2,16,17)",323.063324296,64.8,2.9065700000000008,3,3,2,N=c1[nH]c2ccccc2n1CC1CCCCC1,"{'fr_Al_COO': 0, 'fr_Al_OH': 1, 'fr_Al_OH_noTert': 0, 'fr_ArN': 0, 'fr_Ar_COO': 0, 'fr_Ar_N': 2, 'fr_Ar_NH': 1, 'fr_Ar_OH': 0, 'fr_COO': 0, 'fr_COO2': 0, 'fr_C_O': 0, 'fr_C_O_noCOO': 0, 'fr_C_S': 0, 'fr_HOCCN': 0, 'fr_Imine': 0, 'fr_NH0': 1, 'fr_NH1': 2, 'fr_NH2': 0, 'fr_N_O': 0, 'fr_Ndealkylation1': 0, 'fr_Ndealkylation2': 0, 'fr_Nhpyrrole': 1, 'fr_SH': 0, 'fr_aldehyde': 0, 'fr_alkyl_carbamate': 0, 'fr_alkyl_halide': 0, 'fr_allylic_oxid': 0, 'fr_amide': 0, 'fr_amidine': 0, 'fr_aniline': 0, 'fr_aryl_methyl': 0, 'fr_azide': 0, 'fr_azo': 0, 'fr_barbitur': 0, 'fr_benzene': 1, 'fr_benzodiazepine': 0, 'fr_bicyclic': 1, 'fr_diazo': 0, 'fr_dihydropyridine': 0, 'fr_epoxide': 0, 'fr_ester': 0, 'fr_ether': 0, 'fr_furan': 0, 'fr_guanido': 0, 'fr_halogen': 1, 'fr_hdrzine': 0, 'fr_hdrzone': 0, 'fr_imidazole': 1, 'fr_imide': 0, 'fr_isocyan': 0, 'fr_isothiocyan': 0, 'fr_ketone': 0, 'fr_ketone_Topliss': 0, 'fr_lactam': 0, 'fr_lactone': 0, 'fr_methoxy': 0, 'fr_morpholine': 0, 'fr_nitrile': 0, 'fr_nitro': 0, 'fr_nitro_arom': 0, 'fr_nitro_arom_nonortho': 0, 'fr_nitroso': 0, 'fr_oxazole': 0, 'fr_oxime': 0, 'fr_para_hydroxylation': 0, 'fr_phenol': 0, 'fr_phenol_noOrthoHbond': 0, 'fr_phos_acid': 0, 'fr_phos_ester': 0, 'fr_piperdine': 0, 'fr_piperzine': 0, 'fr_priamide': 0, 'fr_prisulfonamd': 0, 'fr_pyridine': 0, 'fr_quatN': 0, 'fr_sulfide': 0, 'fr_sulfonamd': 0, 'fr_sulfone': 0, 'fr_term_acetylene': 0, 'fr_tetrazole': 0, 'fr_thiazole': 0, 'fr_thiocyan': 0, 'fr_thiophene': 0, 'fr_unbrch_alkane': 0, 'fr_urea': 0, 'num_rings': 3, 'num_aromatic_rings': 2, 'num_aliphatic_rings': 1, 'num_aromatic_carbocycles': 1, 'num_aliphatic_carbocycles': 1, 'num_saturated_carbocycles': 1, 'num_heterocycles': 1, 'num_aliphatic_heterocycles': 0, 'num_aromatic_heterocycles': 1, 'num_saturated_heterocycles': 0, 'num_hba': 3, 'num_hbd': 3, 'num_rotatable_bonds': 2}",0.0025225400569222492,0.008845004700224148,0.0,0.09090909090909091
sm8-10,XJJYWBGEKDIJIS-UHFFFAOYSA-N,CS(=O)(=O)c1cccc(-c2ccc(CNCc3c(F)cccc3Cl)cc2)c1,"InChI=1S/C21H19ClFNO2S/c1-27(25,26)18-5-2-4-17(12-18)16-10-8-15(9-11-16)13-24-14-19-20(22)6-3-7-21(19)23/h2-12,24H,13-14H2,1H3",403.080905748,46.17,4.839400000000004,3,1,6,c1ccc(CNCc2ccc(-c3ccccc3)cc2)cc1,"{'fr_Al_COO': 0, 'fr_Al_OH': 0, 'fr_Al_OH_noTert': 0, 'fr_ArN': 0, 'fr_Ar_COO': 0, 'fr_Ar_N': 0, 'fr_Ar_NH': 0, 'fr_Ar_OH': 0, 'fr_COO': 0, 'fr_COO2': 0, 'fr_C_O': 0, 'fr_C_O_noCOO': 0, 'fr_C_S': 0, 'fr_HOCCN': 0, 'fr_Imine': 0, 'fr_NH0': 0, 'fr_NH1': 1, 'fr_NH2': 0, 'fr_N_O': 0, 'fr_Ndealkylation1': 0, 'fr_Ndealkylation2': 0, 'fr_Nhpyrrole': 0, 'fr_SH': 0, 'fr_aldehyde': 0, 'fr_alkyl_carbamate': 0, 'fr_alkyl_halide': 0, 'fr_allylic_oxid': 0, 'fr_amide': 0, 'fr_amidine': 0, 'fr_aniline': 0, 'fr_aryl_methyl': 0, 'fr_azide': 0, 'fr_azo': 0, 'fr_barbitur': 0, 'fr_benzene': 3, 'fr_benzodiazepine': 0, 'fr_bicyclic': 0, 'fr_diazo': 0, 'fr_dihydropyridine': 0, 'fr_epoxide': 0, 'fr_ester': 0, 'fr_ether': 0, 'fr_furan': 0, 'fr_guanido': 0, 'fr_halogen': 2, 'fr_hdrzine': 0, 'fr_hdrzone': 0, 'fr_imidazole': 0, 'fr_imide': 0, 'fr_isocyan': 0, 'fr_isothiocyan': 0, 'fr_ketone': 0, 'fr_ketone_Topliss': 0, 'fr_lactam': 0, 'fr_lactone': 0, 'fr_methoxy': 0, 'fr_morpholine': 0, 'fr_nitrile': 0, 'fr_nitro': 0, 'fr_nitro_arom': 0, 'fr_nitro_arom_nonortho': 0, 'fr_nitroso': 0, 'fr_oxazole': 0, 'fr_oxime': 0, 'fr_para_hydroxylation': 0, 'fr_phenol': 0, 'fr_phenol_noOrthoHbond': 0, 'fr_phos_acid': 0, 'fr_phos_ester': 0, 'fr_piperdine': 0, 'fr_piperzine': 0, 'fr_priamide': 0, 'fr_prisulfonamd': 0, 'fr_pyridine': 0, 'fr_quatN': 0, 'fr_sulfide': 0, 'fr_sulfonamd': 0, 'fr_sulfone': 1, 'fr_term_acetylene': 0, 'fr_tetrazole': 0, 'fr_thiazole': 0, 'fr_thiocyan': 0, 'fr_thiophene': 0, 'fr_unbrch_alkane': 0, 'fr_urea': 0, 'num_rings': 3, 'num_aromatic_rings': 3, 'num_aliphatic_rings': 0, 'num_aromatic_carbocycles': 3, 'num_aliphatic_carbocycles': 0, 'num_saturated_carbocycles': 0, 'num_heterocycles': 0, 'num_aliphatic_heterocycles': 0, 'num_aromatic_heterocycles': 0, 'num_saturated_heterocycles': 0, 'num_hba': 3, 'num_hbd': 1, 'num_rotatable_bonds': 6}",0.0019252196734041427,0.008792436584686768,0.0,0.1282051282051282
sm8-12,HHULTXGZBWPPAF-UHFFFAOYSA-N,Cc1ccc(Cc2c[nH]c(=N)nc2N2CCOCC2)cc1,"InChI=1S/C16H20N4O/c1-12-2-4-13(5-3-12)10-14-11-18-16(17)19-15(14)20-6-8-21-9-7-20/h2-5,11H,6-10H2,1H3,(H2,17,18,19)",284.16371126,65.0,1.62499,4,2,3,N=c1nc(N2CCOCC2)c(Cc2ccccc2)c[nH]1,"{'fr_Al_COO': 0, 'fr_Al_OH': 0, 'fr_Al_OH_noTert': 0, 'fr_ArN': 0, 'fr_Ar_COO': 0, 'fr_Ar_N': 2, 'fr_Ar_NH': 1, 'fr_Ar_OH': 0, 'fr_COO': 0, 'fr_COO2': 0, 'fr_C_O': 0, 'fr_C_O_noCOO': 0, 'fr_C_S': 0, 'fr_HOCCN': 0, 'fr_Imine': 0, 'fr_NH0': 2, 'fr_NH1': 2, 'fr_NH2': 0, 'fr_N_O': 0, 'fr_Ndealkylation1': 0, 'fr_Ndealkylation2': 0, 'fr_Nhpyrrole': 1, 'fr_SH': 0, 'fr_aldehyde': 0, 'fr_alkyl_carbamate': 0, 'fr_alkyl_halide': 0, 'fr_allylic_oxid': 0, 'fr_amide': 0, 'fr_amidine': 0, 'fr_aniline': 1, 'fr_aryl_methyl': 1, 'fr_azide': 0, 'fr_azo': 0, 'fr_barbitur': 0, 'fr_benzene': 1, 'fr_benzodiazepine': 0, 'fr_bicyclic': 0, 'fr_diazo': 0, 'fr_dihydropyridine': 0, 'fr_epoxide': 0, 'fr_ester': 0, 'fr_ether': 1, 'fr_furan': 0, 'fr_guanido': 0, 'fr_halogen': 0, 'fr_hdrzine': 0, 'fr_hdrzone': 0, 'fr_imidazole': 0, 'fr_imide': 0, 'fr_isocyan': 0, 'fr_isothiocyan': 0, 'fr_ketone': 0, 'fr_ketone_Topliss': 0, 'fr_lactam': 0, 'fr_lactone': 0, 'fr_methoxy': 0, 'fr_morpholine': 1, 'fr_nitrile': 0, 'fr_nitro': 0, 'fr_nitro_arom': 0, 'fr_nitro_arom_nonortho': 0, 'fr_nitroso': 0, 'fr_oxazole': 0, 'fr_oxime': 0, 'fr_para_hydroxylation': 0, 'fr_phenol': 0, 'fr_phenol_noOrthoHbond': 0, 'fr_phos_acid': 0, 'fr_phos_ester': 0, 'fr_piperdine': 0, 'fr_piperzine': 0, 'fr_priamide': 0, 'fr_prisulfonamd': 0, 'fr_pyridine': 0, 'fr_quatN': 0, 'fr_sulfide': 0, 'fr_sulfonamd': 0, 'fr_sulfone': 0, 'fr_term_acetylene': 0, 'fr_tetrazole': 0, 'fr_thiazole': 0, 'fr_thiocyan': 0, 'fr_thiophene': 0, 'fr_unbrch_alkane': 0, 'fr_urea': 0, 'num_rings': 3, 'num_aromatic_rings': 2, 'num_aliphatic_rings': 1, 'num_aromatic_carbocycles': 1, 'num_aliphatic_carbocycles': 0, 'num_saturated_carbocycles': 0, 'num_heterocycles': 2, 'num_aliphatic_heterocycles': 1, 'num_aromatic_heterocycles': 1, 'num_saturated_heterocycles': 1, 'num_hba': 4, 'num_hbd': 2, 'num_rotatable_bonds': 3}",0.002515764733060632,0.008915084280203305,0.0,0.10526315789473684
sm8-14,CNXOYJDOJBIVDI-UHFFFAOYSA-N,Cc1cc(Cc2c[nH]c(=N)[nH]c2=N)cc(C(C)(C)C)c1O,"InChI=1S/C16H22N4O/c1-9-5-10(7-12(13(9)21)16(2,3)4)6-11-8-19-15(18)20-14(11)17/h5,7-8,21H,6H2,1-4H3,(H4,17,18,19,20)",286.179361324,99.51,2.20406,3,5,2,N=c1[nH]cc(Cc2ccccc2)c(=N)[nH]1,"{'fr_Al_COO': 0, 'fr_Al_OH': 0, 'fr_Al_OH_noTert': 0, 'fr_ArN': 0, 'fr_Ar_COO': 0, 'fr_Ar_N': 2, 'fr_Ar_NH': 2, 'fr_Ar_OH': 1, 'fr_COO': 0, 'fr_COO2': 0, 'fr_C_O': 0, 'fr_C_O_noCOO': 0, 'fr_C_S': 0, 'fr_HOCCN': 0, 'fr_Imine': 0, 'fr_NH0': 0, 'fr_NH1': 4, 'fr_NH2': 0, 'fr_N_O': 0, 'fr_Ndealkylation1': 0, 'fr_Ndealkylation2': 0, 'fr_Nhpyrrole': 2, 'fr_SH': 0, 'fr_aldehyde': 0, 'fr_alkyl_carbamate': 0, 'fr_alkyl_halide': 0, 'fr_allylic_oxid': 0, 'fr_amide': 0, 'fr_amidine': 0, 'fr_aniline': 0, 'fr_aryl_methyl': 1, 'fr_azide': 0, 'fr_azo': 0, 'fr_barbitur': 0, 'fr_benzene': 1, 'fr_benzodiazepine': 0, 'fr_bicyclic': 0, 'fr_diazo': 0, 'fr_dihydropyridine': 0, 'fr_epoxide': 0, 'fr_ester': 0, 'fr_ether': 0, 'fr_furan': 0, 'fr_guanido': 0, 'fr_halogen': 0, 'fr_hdrzine': 0, 'fr_hdrzone': 0, 'fr_imidazole': 0, 'fr_imide': 0, 'fr_isocyan': 0, 'fr_isothiocyan': 0, 'fr_ketone': 0, 'fr_ketone_Topliss': 0, 'fr_lactam': 0, 'fr_lactone': 0, 'fr_methoxy': 0, 'fr_morpholine': 0, 'fr_nitrile': 0, 'fr_nitro': 0, 'fr_nitro_arom': 0, 'fr_nitro_arom_nonortho': 0, 'fr_nitroso': 0, 'fr_oxazole': 0, 'fr_oxime': 0, 'fr_para_hydroxylation': 0, 'fr_phenol': 1, 'fr_phenol_noOrthoHbond': 1, 'fr_phos_acid': 0, 'fr_phos_ester': 0, 'fr_piperdine': 0, 'fr_piperzine': 0, 'fr_priamide': 0, 'fr_prisulfonamd': 0, 'fr_pyridine': 0, 'fr_quatN': 0, 'fr_sulfide': 0, 'fr_sulfonamd': 0, 'fr_sulfone': 0, 'fr_term_acetylene': 0, 'fr_tetrazole': 0, 'fr_thiazole': 0, 'fr_thiocyan': 0, 'fr_thiophene': 0, 'fr_unbrch_alkane': 0, 'fr_urea': 0, 'num_rings': 2, 'num_aromatic_rings': 2, 'num_aliphatic_rings': 0, 'num_aromatic_carbocycles': 1, 'num_aliphatic_carbocycles': 0, 'num_saturated_carbocycles': 0, 'num_heterocycles': 1, 'num_aliphatic_heterocycles': 0, 'num_aromatic_heterocycles': 1, 'num_saturated_heterocycles': 0, 'num_hba': 3, 'num_hbd': 5, 'num_rotatable_bonds': 2}",0.0022778105861844273,0.008540791812783503,0.0,0.12195121951219512
sm8-15,VLMCLFBJKWKCDN-UHFFFAOYSA-N,Cc1ccccc1N=c1[nH]c(Cl)nc2ccccc12,"InChI=1S/C15H12ClN3/c1-10-6-2-4-8-12(10)17-14-11-7-3-5-9-13(11)18-15(16)19-14/h2-9H,1H3,(H,17,18,19)",269.071975064,41.04,3.757120000000002,2,1,1,c1ccc(N=c2[nH]cnc3ccccc23)cc1,"{'fr_Al_COO': 0, 'fr_Al_OH': 0, 'fr_Al_OH_noTert': 0, 'fr_ArN': 0, 'fr_Ar_COO': 0, 'fr_Ar_N': 2, 'fr_Ar_NH': 1, 'fr_Ar_OH': 0, 'fr_COO': 0, 'fr_COO2': 0, 'fr_C_O': 0, 'fr_C_O_noCOO': 0, 'fr_C_S': 0, 'fr_HOCCN': 0, 'fr_Imine': 0, 'fr_NH0': 2, 'fr_NH1': 1, 'fr_NH2': 0, 'fr_N_O': 0, 'fr_Ndealkylation1': 0, 'fr_Ndealkylation2': 0, 'fr_Nhpyrrole': 1, 'fr_SH': 0, 'fr_aldehyde': 0, 'fr_alkyl_carbamate': 0, 'fr_alkyl_halide': 0, 'fr_allylic_oxid': 0, 'fr_amide': 0, 'fr_amidine': 0, 'fr_aniline': 0, 'fr_aryl_methyl': 1, 'fr_azide': 0, 'fr_azo': 0, 'fr_barbitur': 0, 'fr_benzene': 2, 'fr_benzodiazepine': 0, 'fr_bicyclic': 1, 'fr_diazo': 0, 'fr_dihydropyridine': 0, 'fr_epoxide': 0, 'fr_ester': 0, 'fr_ether': 0, 'fr_furan': 0, 'fr_guanido': 0, 'fr_halogen': 1, 'fr_hdrzine': 0, 'fr_hdrzone': 0, 'fr_imidazole': 0, 'fr_imide': 0, 'fr_isocyan': 0, 'fr_isothiocyan': 0, 'fr_ketone': 0, 'fr_ketone_Topliss': 0, 'fr_lactam': 0, 'fr_lactone': 0, 'fr_methoxy': 0, 'fr_morpholine': 0, 'fr_nitrile': 0, 'fr_nitro': 0, 'fr_nitro_arom': 0, 'fr_nitro_arom_nonortho': 0, 'fr_nitroso': 0, 'fr_oxazole': 0, 'fr_oxime': 0, 'fr_para_hydroxylation': 2, 'fr_phenol': 0, 'fr_phenol_noOrthoHbond': 0, 'fr_phos_acid': 0, 'fr_phos_ester': 0, 'fr_piperdine': 0, 'fr_piperzine': 0, 'fr_priamide': 0, 'fr_prisulfonamd': 0, 'fr_pyridine': 0, 'fr_quatN': 0, 'fr_sulfide': 0, 'fr_sulfonamd': 0, 'fr_sulfone': 0, 'fr_term_acetylene': 0, 'fr_tetrazole': 0, 'fr_thiazole': 0, 'fr_thiocyan': 0, 'fr_thiophene': 0, 'fr_unbrch_alkane': 0, 'fr_urea': 0, 'num_rings': 3, 'num_aromatic_rings': 3, 'num_aliphatic_rings': 0, 'num_aromatic_carbocycles': 2, 'num_aliphatic_carbocycles': 0, 'num_saturated_carbocycles': 0, 'num_heterocycles': 1, 'num_aliphatic_heterocycles': 0, 'num_aromatic_heterocycles': 1, 'num_saturated_heterocycles': 0, 'num_hba': 2, 'num_hbd': 1, 'num_rotatable_bonds': 1}",0.002527523660712295,0.00864024950507974,0.0,0.075
sm8-16,WRAOGDJKTDDORV-UHFFFAOYSA-N,CC(C)(C)OC(O)=NCc1nc2ccccc2[nH]1,"InChI=1S/C13H17N3O2/c1-13(2,3)18-12(17)14-8-11-15-9-6-4-5-7-10(9)16-11/h4-7H,8H2,1-3H3,(H,14,17)(H,15,16)",247.132076784,70.5,2.792,3,2,2,c1ccc2[nH]cnc2c1,"{'fr_Al_COO': 0, 'fr_Al_OH': 1, 'fr_Al_OH_noTert': 1, 'fr_ArN': 0, 'fr_Ar_COO': 0, 'fr_Ar_N': 2, 'fr_Ar_NH': 1, 'fr_Ar_OH': 0, 'fr_COO': 0, 'fr_COO2': 0, 'fr_C_O': 0, 'fr_C_O_noCOO': 0, 'fr_C_S': 0, 'fr_HOCCN': 0, 'fr_Imine': 1, 'fr_NH0': 2, 'fr_NH1': 1, 'fr_NH2': 0, 'fr_N_O': 0, 'fr_Ndealkylation1': 0, 'fr_Ndealkylation2': 0, 'fr_Nhpyrrole': 1, 'fr_SH': 0, 'fr_aldehyde': 0, 'fr_alkyl_carbamate': 0, 'fr_alkyl_halide': 0, 'fr_allylic_oxid': 0, 'fr_amide': 0, 'fr_amidine': 0, 'fr_aniline': 0, 'fr_aryl_methyl': 0, 'fr_azide': 0, 'fr_azo': 0, 'fr_barbitur': 0, 'fr_benzene': 1, 'fr_benzodiazepine': 0, 'fr_bicyclic': 1, 'fr_diazo': 0, 'fr_dihydropyridine': 0, 'fr_epoxide': 0, 'fr_ester': 0, 'fr_ether': 1, 'fr_furan': 0, 'fr_guanido': 0, 'fr_halogen': 0, 'fr_hdrzine': 0, 'fr_hdrzone': 0, 'fr_imidazole': 1, 'fr_imide': 0, 'fr_isocyan': 0, 'fr_isothiocyan': 0, 'fr_ketone': 0, 'fr_ketone_Topliss': 0, 'fr_lactam': 0, 'fr_lactone': 0, 'fr_methoxy': 0, 'fr_morpholine': 0, 'fr_nitrile': 0, 'fr_nitro': 0, 'fr_nitro_arom': 0, 'fr_nitro_arom_nonortho': 0, 'fr_nitroso': 0, 'fr_oxazole': 0, 'fr_oxime': 0, 'fr_para_hydroxylation': 2, 'fr_phenol': 0, 'fr_phenol_noOrthoHbond': 0, 'fr_phos_acid': 0, 'fr_phos_ester': 0, 'fr_piperdine': 0, 'fr_piperzine': 0, 'fr_priamide': 0, 'fr_prisulfonamd': 0, 'fr_pyridine': 0, 'fr_quatN': 0, 'fr_sulfide': 0, 'fr_sulfonamd': 0, 'fr_sulfone': 0, 'fr_term_acetylene': 0, 'fr_tetrazole': 0, 'fr_thiazole': 0, 'fr_thiocyan': 0, 'fr_thiophene': 0, 'fr_unbrch_alkane': 0, 'fr_urea': 0, 'num_rings': 2, 'num_aromatic_rings': 2, 'num_aliphatic_rings': 0, 'num_aromatic_carbocycles': 1, 'num_aliphatic_carbocycles': 0, 'num_saturated_carbocycles': 0, 'num_heterocycles': 1, 'num_aliphatic_heterocycles': 0, 'num_aromatic_heterocycles': 1, 'num_saturated_heterocycles': 0, 'num_hba': 3, 'num_hbd': 2, 'num_rotatable_bonds': 2}",0.0025629520925613703,0.008994795619002873,0.0,0.09090909090909091
sm8-17,DEXDPYDXXIZUFE-UHFFFAOYSA-N,N=c1[nH]c2ccc(Br)cc2n1CC1(CO)CCOCC1,"InChI=1S/C14H18BrN3O2/c15-10-1-2-11-12(7-10)18(13(16)17-11)8-14(9-19)3-5-20-6-4-14/h1-2,7,19H,3-6,8-9H2,(H2,16,17)",339.058238916,74.03,2.00047,4,3,3,N=c1[nH]c2ccccc2n1CC1CCOCC1,"{'fr_Al_COO': 0, 'fr_Al_OH': 1, 'fr_Al_OH_noTert': 1, 'fr_ArN': 0, 'fr_Ar_COO': 0, 'fr_Ar_N': 2, 'fr_Ar_NH': 1, 'fr_Ar_OH': 0, 'fr_COO': 0, 'fr_COO2': 0, 'fr_C_O': 0, 'fr_C_O_noCOO': 0, 'fr_C_S': 0, 'fr_HOCCN': 0, 'fr_Imine': 0, 'fr_NH0': 1, 'fr_NH1': 2, 'fr_NH2': 0, 'fr_N_O': 0, 'fr_Ndealkylation1': 0, 'fr_Ndealkylation2': 0, 'fr_Nhpyrrole': 1, 'fr_SH': 0, 'fr_aldehyde': 0, 'fr_alkyl_carbamate': 0, 'fr_alkyl_halide': 0, 'fr_allylic_oxid': 0, 'fr_amide': 0, 'fr_amidine': 0, 'fr_aniline': 0, 'fr_aryl_methyl': 0, 'fr_azide': 0, 'fr_azo': 0, 'fr_barbitur': 0, 'fr_benzene': 1, 'fr_benzodiazepine': 0, 'fr_bicyclic': 1, 'fr_diazo': 0, 'fr_dihydropyridine': 0, 'fr_epoxide': 0, 'fr_ester': 0, 'fr_ether': 1, 'fr_furan': 0, 'fr_guanido': 0, 'fr_halogen': 1, 'fr_hdrzine': 0, 'fr_hdrzone': 0, 'fr_imidazole': 1, 'fr_imide': 0, 'fr_isocyan': 0, 'fr_isothiocyan': 0, 'fr_ketone': 0, 'fr_ketone_Topliss': 0, 'fr_lactam': 0, 'fr_lactone': 0, 'fr_methoxy': 0, 'fr_morpholine': 0, 'fr_nitrile': 0, 'fr_nitro': 0, 'fr_nitro_arom': 0, 'fr_nitro_arom_nonortho': 0, 'fr_nitroso': 0, 'fr_oxazole': 0, 'fr_oxime': 0, 'fr_para_hydroxylation': 0, 'fr_phenol': 0, 'fr_phenol_noOrthoHbond': 0, 'fr_phos_acid': 0, 'fr_phos_ester': 0, 'fr_piperdine': 0, 'fr_piperzine': 0, 'fr_priamide': 0, 'fr_prisulfonamd': 0, 'fr_pyridine': 0, 'fr_quatN': 0, 'fr_sulfide': 0, 'fr_sulfonamd': 0, 'fr_sulfone': 0, 'fr_term_acetylene': 0, 'fr_tetrazole': 0, 'fr_thiazole': 0, 'fr_thiocyan': 0, 'fr_thiophene': 0, 'fr_unbrch_alkane': 0, 'fr_urea': 0, 'num_rings': 3, 'num_aromatic_rings': 2, 'num_aliphatic_rings': 1, 'num_aromatic_carbocycles': 1, 'num_aliphatic_carbocycles': 0, 'num_saturated_carbocycles': 0, 'num_heterocycles': 2, 'num_aliphatic_heterocycles': 1, 'num_aromatic_heterocycles': 1, 'num_saturated_heterocycles': 1, 'num_hba': 4, 'num_hbd': 3, 'num_rotatable_bonds': 3}",0.0024222029294734683,0.008510575610716905,0.0,0.1
sm8-18,VYQOQVFRTFZOKI-UHFFFAOYSA-N,COc1ccc(N=c2[nH]c(Cl)nc3ccccc23)cc1OC,"InChI=1S/C16H14ClN3O2/c1-21-13-8-7-10(9-14(13)22-2)18-15-11-5-3-4-6-12(11)19-16(17)20-15/h3-9H,1-2H3,(H,18,19,20)",315.077454368,59.5,3.4659000000000013,4,1,3,c1ccc(N=c2[nH]cnc3ccccc23)cc1,"{'fr_Al_COO': 0, 'fr_Al_OH': 0, 'fr_Al_OH_noTert': 0, 'fr_ArN': 0, 'fr_Ar_COO': 0, 'fr_Ar_N': 2, 'fr_Ar_NH': 1, 'fr_Ar_OH': 0, 'fr_COO': 0, 'fr_COO2': 0, 'fr_C_O': 0, 'fr_C_O_noCOO': 0, 'fr_C_S': 0, 'fr_HOCCN': 0, 'fr_Imine': 0, 'fr_NH0': 2, 'fr_NH1': 1, 'fr_NH2': 0, 'fr_N_O': 0, 'fr_Ndealkylation1': 0, 'fr_Ndealkylation2': 0, 'fr_Nhpyrrole': 1, 'fr_SH': 0, 'fr_aldehyde': 0, 'fr_alkyl_carbamate': 0, 'fr_alkyl_halide': 0, 'fr_allylic_oxid': 0, 'fr_amide': 0, 'fr_amidine': 0, 'fr_aniline': 0, 'fr_aryl_methyl': 0, 'fr_azide': 0, 'fr_azo': 0, 'fr_barbitur': 0, 'fr_benzene': 2, 'fr_benzodiazepine': 0, 'fr_bicyclic': 1, 'fr_diazo': 0, 'fr_dihydropyridine': 0, 'fr_epoxide': 0, 'fr_ester': 0, 'fr_ether': 2, 'fr_furan': 0, 'fr_guanido': 0, 'fr_halogen': 1, 'fr_hdrzine': 0, 'fr_hdrzone': 0, 'fr_imidazole': 0, 'fr_imide': 0, 'fr_isocyan': 0, 'fr_isothiocyan': 0, 'fr_ketone': 0, 'fr_ketone_Topliss': 0, 'fr_lactam': 0, 'fr_lactone': 0, 'fr_methoxy': 2, 'fr_morpholine': 0, 'fr_nitrile': 0, 'fr_nitro': 0, 'fr_nitro_arom': 0, 'fr_nitro_arom_nonortho': 0, 'fr_nitroso': 0, 'fr_oxazole': 0, 'fr_oxime': 0, 'fr_para_hydroxylation': 1, 'fr_phenol': 0, 'fr_phenol_noOrthoHbond': 0, 'fr_phos_acid': 0, 'fr_phos_ester': 0, 'fr_piperdine': 0, 'fr_piperzine': 0, 'fr_priamide': 0, 'fr_prisulfonamd': 0, 'fr_pyridine': 0, 'fr_quatN': 0, 'fr_sulfide': 0, 'fr_sulfonamd': 0, 'fr_sulfone': 0, 'fr_term_acetylene': 0, 'fr_tetrazole': 0, 'fr_thiazole': 0, 'fr_thiocyan': 0, 'fr_thiophene': 0, 'fr_unbrch_alkane': 0, 'fr_urea': 0, 'num_rings': 3, 'num_aromatic_rings': 3, 'num_aliphatic_rings': 0, 'num_aromatic_carbocycles': 2, 'num_aliphatic_carbocycles': 0, 'num_saturated_carbocycles': 0, 'num_heterocycles': 1, 'num_aliphatic_heterocycles': 0, 'num_aromatic_heterocycles': 1, 'num_saturated_heterocycles': 0, 'num_hba': 4, 'num_hbd': 1, 'num_rotatable_bonds': 3}",0.002404102571653272,0.008692113832410323,0.0,0.10526315789473684
sm8-19,XSAINYBPLYBYDD-UHFFFAOYSA-N,COc1ncc(Cc2cnc(SCc3nc4ccccc4n3C)nc2O)cn1,"InChI=1S/C19H18N6O2S/c1-25-15-6-4-3-5-14(15)23-16(25)11-28-19-22-10-13(17(26)24-19)7-12-8-20-18(27-2)21-9-12/h3-6,8-10H,7,11H2,1-2H3,(H,22,24,26)",394.121194816,98.84,2.750600000000001,9,1,6,c1ccc2[nH]c(CSc3ncc(Cc4cncnc4)cn3)nc2c1,"{'fr_Al_COO': 0, 'fr_Al_OH': 0, 'fr_Al_OH_noTert': 0, 'fr_ArN': 0, 'fr_Ar_COO': 0, 'fr_Ar_N': 6, 'fr_Ar_NH': 0, 'fr_Ar_OH': 1, 'fr_COO': 0, 'fr_COO2': 0, 'fr_C_O': 0, 'fr_C_O_noCOO': 0, 'fr_C_S': 0, 'fr_HOCCN': 0, 'fr_Imine': 0, 'fr_NH0': 6, 'fr_NH1': 0, 'fr_NH2': 0, 'fr_N_O': 0, 'fr_Ndealkylation1': 0, 'fr_Ndealkylation2': 0, 'fr_Nhpyrrole': 0, 'fr_SH': 0, 'fr_aldehyde': 0, 'fr_alkyl_carbamate': 0, 'fr_alkyl_halide': 0, 'fr_allylic_oxid': 0, 'fr_amide': 0, 'fr_amidine': 0, 'fr_aniline': 0, 'fr_aryl_methyl': 1, 'fr_azide': 0, 'fr_azo': 0, 'fr_barbitur': 0, 'fr_benzene': 1, 'fr_benzodiazepine': 0, 'fr_bicyclic': 1, 'fr_diazo': 0, 'fr_dihydropyridine': 0, 'fr_epoxide': 0, 'fr_ester': 0, 'fr_ether': 1, 'fr_furan': 0, 'fr_guanido': 0, 'fr_halogen': 0, 'fr_hdrzine': 0, 'fr_hdrzone': 0, 'fr_imidazole': 1, 'fr_imide': 0, 'fr_isocyan': 0, 'fr_isothiocyan': 0, 'fr_ketone': 0, 'fr_ketone_Topliss': 0, 'fr_lactam': 0, 'fr_lactone': 0, 'fr_methoxy': 1, 'fr_morpholine': 0, 'fr_nitrile': 0, 'fr_nitro': 0, 'fr_nitro_arom': 0, 'fr_nitro_arom_nonortho': 0, 'fr_nitroso': 0, 'fr_oxazole': 0, 'fr_oxime': 0, 'fr_para_hydroxylation': 2, 'fr_phenol': 0, 'fr_phenol_noOrthoHbond': 0, 'fr_phos_acid': 0, 'fr_phos_ester': 0, 'fr_piperdine': 0, 'fr_piperzine': 0, 'fr_priamide': 0, 'fr_prisulfonamd': 0, 'fr_pyridine': 0, 'fr_quatN': 0, 'fr_sulfide': 1, 'fr_sulfonamd': 0, 'fr_sulfone': 0, 'fr_term_acetylene': 0, 'fr_tetrazole': 0, 'fr_thiazole': 0, 'fr_thiocyan': 0, 'fr_thiophene': 0, 'fr_unbrch_alkane': 0, 'fr_urea': 0, 'num_rings': 4, 'num_aromatic_rings': 4, 'num_aliphatic_rings': 0, 'num_aromatic_carbocycles': 1, 'num_aliphatic_carbocycles': 0, 'num_saturated_carbocycles': 0, 'num_heterocycles': 3, 'num_aliphatic_heterocycles': 0, 'num_aromatic_heterocycles': 3, 'num_saturated_heterocycles': 0, 'num_hba': 9, 'num_hbd': 1, 'num_rotatable_bonds': 6}",0.0018312052717296857,0.006994028182038385,0.0,0.1111111111111111
sm8-20,AHZYOIVYZHOXBU-UHFFFAOYSA-N,N=c1[nH][nH]c2nc(-c3ccccc3)c(Cl)cc12,"InChI=1S/C12H9ClN4/c13-9-6-8-11(14)16-17-12(8)15-10(9)7-4-2-1-3-5-7/h1-6H,(H3,14,15,16,17)",244.051573968,68.32,2.69087,2,3,1,N=c1[nH][nH]c2nc(-c3ccccc3)ccc12,"{'fr_Al_COO': 0, 'fr_Al_OH': 0, 'fr_Al_OH_noTert': 0, 'fr_ArN': 0, 'fr_Ar_COO': 0, 'fr_Ar_N': 3, 'fr_Ar_NH': 2, 'fr_Ar_OH': 0, 'fr_COO': 0, 'fr_COO2': 0, 'fr_C_O': 0, 'fr_C_O_noCOO': 0, 'fr_C_S': 0, 'fr_HOCCN': 0, 'fr_Imine': 0, 'fr_NH0': 1, 'fr_NH1': 3, 'fr_NH2': 0, 'fr_N_O': 0, 'fr_Ndealkylation1': 0, 'fr_Ndealkylation2': 0, 'fr_Nhpyrrole': 2, 'fr_SH': 0, 'fr_aldehyde': 0, 'fr_alkyl_carbamate': 0, 'fr_alkyl_halide': 0, 'fr_allylic_oxid': 0, 'fr_amide': 0, 'fr_amidine': 0, 'fr_aniline': 0, 'fr_aryl_methyl': 0, 'fr_azide': 0, 'fr_azo': 0, 'fr_barbitur': 0, 'fr_benzene': 1, 'fr_benzodiazepine': 0, 'fr_bicyclic': 1, 'fr_diazo': 0, 'fr_dihydropyridine': 0, 'fr_epoxide': 0, 'fr_ester': 0, 'fr_ether': 0, 'fr_furan': 0, 'fr_guanido': 0, 'fr_halogen': 1, 'fr_hdrzine': 0, 'fr_hdrzone': 0, 'fr_imidazole': 0, 'fr_imide': 0, 'fr_isocyan': 0, 'fr_isothiocyan': 0, 'fr_ketone': 0, 'fr_ketone_Topliss': 0, 'fr_lactam': 0, 'fr_lactone': 0, 'fr_methoxy': 0, 'fr_morpholine': 0, 'fr_nitrile': 0, 'fr_nitro': 0, 'fr_nitro_arom': 0, 'fr_nitro_arom_nonortho': 0, 'fr_nitroso': 0, 'fr_oxazole': 0, 'fr_oxime': 0, 'fr_para_hydroxylation': 0, 'fr_phenol': 0, 'fr_phenol_noOrthoHbond': 0, 'fr_phos_acid': 0, 'fr_phos_ester': 0, 'fr_piperdine': 0, 'fr_piperzine': 0, 'fr_priamide': 0, 'fr_prisulfonamd': 0, 'fr_pyridine': 1, 'fr_quatN': 0, 'fr_sulfide': 0, 'fr_sulfonamd': 0, 'fr_sulfone': 0, 'fr_term_acetylene': 0, 'fr_tetrazole': 0, 'fr_thiazole': 0, 'fr_thiocyan': 0, 'fr_thiophene': 0, 'fr_unbrch_alkane': 0, 'fr_urea': 0, 'num_rings': 3, 'num_aromatic_rings': 3, 'num_aliphatic_rings': 0, 'num_aromatic_carbocycles': 1, 'num_aliphatic_carbocycles': 0, 'num_saturated_carbocycles': 0, 'num_heterocycles': 2, 'num_aliphatic_heterocycles': 0, 'num_aromatic_heterocycles': 2, 'num_saturated_heterocycles': 0, 'num_hba': 2, 'num_hbd': 3, 'num_rotatable_bonds': 1}",0.002363116269900382,0.008255250717640819,0.0,0.08823529411764706
sm8-21,KURIUXFGDYETDJ-UHFFFAOYSA-N,COc1cc(Cc2c(OC)nc(=N)[nH]c2N)cc(OC)c1O,"InChI=1S/C14H18N4O4/c1-20-9-5-7(6-10(21-2)11(9)19)4-8-12(15)17-14(16)18-13(8)22-3/h5-6,19H,4H2,1-3H3,(H4,15,16,17,18)",306.13280505599994,126.47,0.7935699999999999,7,4,5,N=c1ncc(Cc2ccccc2)c[nH]1,"{'fr_Al_COO': 0, 'fr_Al_OH': 0, 'fr_Al_OH_noTert': 0, 'fr_ArN': 1, 'fr_Ar_COO': 0, 'fr_Ar_N': 2, 'fr_Ar_NH': 1, 'fr_Ar_OH': 1, 'fr_COO': 0, 'fr_COO2': 0, 'fr_C_O': 0, 'fr_C_O_noCOO': 0, 'fr_C_S': 0, 'fr_HOCCN': 0, 'fr_Imine': 0, 'fr_NH0': 1, 'fr_NH1': 2, 'fr_NH2': 1, 'fr_N_O': 0, 'fr_Ndealkylation1': 0, 'fr_Ndealkylation2': 0, 'fr_Nhpyrrole': 1, 'fr_SH': 0, 'fr_aldehyde': 0, 'fr_alkyl_carbamate': 0, 'fr_alkyl_halide': 0, 'fr_allylic_oxid': 0, 'fr_amide': 0, 'fr_amidine': 0, 'fr_aniline': 1, 'fr_aryl_methyl': 0, 'fr_azide': 0, 'fr_azo': 0, 'fr_barbitur': 0, 'fr_benzene': 1, 'fr_benzodiazepine': 0, 'fr_bicyclic': 0, 'fr_diazo': 0, 'fr_dihydropyridine': 0, 'fr_epoxide': 0, 'fr_ester': 0, 'fr_ether': 3, 'fr_furan': 0, 'fr_guanido': 0, 'fr_halogen': 0, 'fr_hdrzine': 0, 'fr_hdrzone': 0, 'fr_imidazole': 0, 'fr_imide': 0, 'fr_isocyan': 0, 'fr_isothiocyan': 0, 'fr_ketone': 0, 'fr_ketone_Topliss': 0, 'fr_lactam': 0, 'fr_lactone': 0, 'fr_methoxy': 3, 'fr_morpholine': 0, 'fr_nitrile': 0, 'fr_nitro': 0, 'fr_nitro_arom': 0, 'fr_nitro_arom_nonortho': 0, 'fr_nitroso': 0, 'fr_oxazole': 0, 'fr_oxime': 0, 'fr_para_hydroxylation': 0, 'fr_phenol': 1, 'fr_phenol_noOrthoHbond': 1, 'fr_phos_acid': 0, 'fr_phos_ester': 0, 'fr_piperdine': 0, 'fr_piperzine': 0, 'fr_priamide': 0, 'fr_prisulfonamd': 0, 'fr_pyridine': 0, 'fr_quatN': 0, 'fr_sulfide': 0, 'fr_sulfonamd': 0, 'fr_sulfone': 0, 'fr_term_acetylene': 0, 'fr_tetrazole': 0, 'fr_thiazole': 0, 'fr_thiocyan': 0, 'fr_thiophene': 0, 'fr_unbrch_alkane': 0, 'fr_urea': 0, 'num_rings': 2, 'num_aromatic_rings': 2, 'num_aliphatic_rings': 0, 'num_aromatic_carbocycles': 1, 'num_aliphatic_carbocycles': 0, 'num_saturated_carbocycles': 0, 'num_heterocycles': 1, 'num_aliphatic_heterocycles': 0, 'num_aromatic_heterocycles': 1, 'num_saturated_heterocycles': 0, 'num_hba': 7, 'num_hbd': 4, 'num_rotatable_bonds': 5}",0.0021117929795734258,0.007733525968990449,0.0,0.1206896551724138
sm8-22,HWIIAAVGRHKSOJ-UHFFFAOYSA-N,COc1cc2nc(Cl)[nH]c(=N)c2cc1OC,"InChI=1S/C10H10ClN3O2/c1-15-7-3-5-6(4-8(7)16-2)13-10(11)14-9(5)12/h3-4H,1-2H3,(H2,12,13,14)",239.04615424,70.99000000000001,1.7129699999999994,4,2,2,N=c1[nH]cnc2ccccc12,"{'fr_Al_COO': 0, 'fr_Al_OH': 0, 'fr_Al_OH_noTert': 0, 'fr_ArN': 0, 'fr_Ar_COO': 0, 'fr_Ar_N': 2, 'fr_Ar_NH': 1, 'fr_Ar_OH': 0, 'fr_COO': 0, 'fr_COO2': 0, 'fr_C_O': 0, 'fr_C_O_noCOO': 0, 'fr_C_S': 0, 'fr_HOCCN': 0, 'fr_Imine': 0, 'fr_NH0': 1, 'fr_NH1': 2, 'fr_NH2': 0, 'fr_N_O': 0, 'fr_Ndealkylation1': 0, 'fr_Ndealkylation2': 0, 'fr_Nhpyrrole': 1, 'fr_SH': 0, 'fr_aldehyde': 0, 'fr_alkyl_carbamate': 0, 'fr_alkyl_halide': 0, 'fr_allylic_oxid': 0, 'fr_amide': 0, 'fr_amidine': 0, 'fr_aniline': 0, 'fr_aryl_methyl': 0, 'fr_azide': 0, 'fr_azo': 0, 'fr_barbitur': 0, 'fr_benzene': 1, 'fr_benzodiazepine': 0, 'fr_bicyclic': 1, 'fr_diazo': 0, 'fr_dihydropyridine': 0, 'fr_epoxide': 0, 'fr_ester': 0, 'fr_ether': 2, 'fr_furan': 0, 'fr_guanido': 0, 'fr_halogen': 1, 'fr_hdrzine': 0, 'fr_hdrzone': 0, 'fr_imidazole': 0, 'fr_imide': 0, 'fr_isocyan': 0, 'fr_isothiocyan': 0, 'fr_ketone': 0, 'fr_ketone_Topliss': 0, 'fr_lactam': 0, 'fr_lactone': 0, 'fr_methoxy': 2, 'fr_morpholine': 0, 'fr_nitrile': 0, 'fr_nitro': 0, 'fr_nitro_arom': 0, 'fr_nitro_arom_nonortho': 0, 'fr_nitroso': 0, 'fr_oxazole': 0, 'fr_oxime': 0, 'fr_para_hydroxylation': 0, 'fr_phenol': 0, 'fr_phenol_noOrthoHbond': 0, 'fr_phos_acid': 0, 'fr_phos_ester': 0, 'fr_piperdine': 0, 'fr_piperzine': 0, 'fr_priamide': 0, 'fr_prisulfonamd': 0, 'fr_pyridine': 0, 'fr_quatN': 0, 'fr_sulfide': 0, 'fr_sulfonamd': 0, 'fr_sulfone': 0, 'fr_term_acetylene': 0, 'fr_tetrazole': 0, 'fr_thiazole': 0, 'fr_thiocyan': 0, 'fr_thiophene': 0, 'fr_unbrch_alkane': 0, 'fr_urea': 0, 'num_rings': 2, 'num_aromatic_rings': 2, 'num_aliphatic_rings': 0, 'num_aromatic_carbocycles': 1, 'num_aliphatic_carbocycles': 0, 'num_saturated_carbocycles': 0, 'num_heterocycles': 1, 'num_aliphatic_heterocycles': 0, 'num_aromatic_heterocycles': 1, 'num_saturated_heterocycles': 0, 'num_hba': 4, 'num_hbd': 2, 'num_rotatable_bonds': 2}",0.002578492572989315,0.00936582322866241,0.0,0.12121212121212122
sm8-23,LAKVUPMDDFICNR-UHFFFAOYSA-N,Cc1nc2cc(O)ccc2s1,"InChI=1S/C8H7NOS/c1-5-9-7-4-6(10)2-3-8(7)11-5/h2-4,10H,1H3",165.024834844,33.120000000000005,2.3103200000000004,3,1,0,c1ccc2scnc2c1,"{'fr_Al_COO': 0, 'fr_Al_OH': 0, 'fr_Al_OH_noTert': 0, 'fr_ArN': 0, 'fr_Ar_COO': 0, 'fr_Ar_N': 1, 'fr_Ar_NH': 0, 'fr_Ar_OH': 1, 'fr_COO': 0, 'fr_COO2': 0, 'fr_C_O': 0, 'fr_C_O_noCOO': 0, 'fr_C_S': 0, 'fr_HOCCN': 0, 'fr_Imine': 0, 'fr_NH0': 1, 'fr_NH1': 0, 'fr_NH2': 0, 'fr_N_O': 0, 'fr_Ndealkylation1': 0, 'fr_Ndealkylation2': 0, 'fr_Nhpyrrole': 0, 'fr_SH': 0, 'fr_aldehyde': 0, 'fr_alkyl_carbamate': 0, 'fr_alkyl_halide': 0, 'fr_allylic_oxid': 0, 'fr_amide': 0, 'fr_amidine': 0, 'fr_aniline': 0, 'fr_aryl_methyl': 1, 'fr_azide': 0, 'fr_azo': 0, 'fr_barbitur': 0, 'fr_benzene': 1, 'fr_benzodiazepine': 0, 'fr_bicyclic': 1, 'fr_diazo': 0, 'fr_dihydropyridine': 0, 'fr_epoxide': 0, 'fr_ester': 0, 'fr_ether': 0, 'fr_furan': 0, 'fr_guanido': 0, 'fr_halogen': 0, 'fr_hdrzine': 0, 'fr_hdrzone': 0, 'fr_imidazole': 0, 'fr_imide': 0, 'fr_isocyan': 0, 'fr_isothiocyan': 0, 'fr_ketone': 0, 'fr_ketone_Topliss': 0, 'fr_lactam': 0, 'fr_lactone': 0, 'fr_methoxy': 0, 'fr_morpholine': 0, 'fr_nitrile': 0, 'fr_nitro': 0, 'fr_nitro_arom': 0, 'fr_nitro_arom_nonortho': 0, 'fr_nitroso': 0, 'fr_oxazole': 0, 'fr_oxime': 0, 'fr_para_hydroxylation': 0, 'fr_phenol': 1, 'fr_phenol_noOrthoHbond': 1, 'fr_phos_acid': 0, 'fr_phos_ester': 0, 'fr_piperdine': 0, 'fr_piperzine': 0, 'fr_priamide': 0, 'fr_prisulfonamd': 0, 'fr_pyridine': 0, 'fr_quatN': 0, 'fr_sulfide': 0, 'fr_sulfonamd': 0, 'fr_sulfone': 0, 'fr_term_acetylene': 0, 'fr_tetrazole': 0, 'fr_thiazole': 1, 'fr_thiocyan': 0, 'fr_thiophene': 0, 'fr_unbrch_alkane': 0, 'fr_urea': 0, 'num_rings': 2, 'num_aromatic_rings': 2, 'num_aliphatic_rings': 0, 'num_aromatic_carbocycles': 1, 'num_aliphatic_carbocycles': 0, 'num_saturated_carbocycles': 0, 'num_heterocycles': 1, 'num_aliphatic_heterocycles': 0, 'num_aromatic_heterocycles': 1, 'num_saturated_heterocycles': 0, 'num_hba': 3, 'num_hbd': 1, 'num_rotatable_bonds': 0}",0.0026511403639496206,0.010088480243233547,0.0,0.13043478260869565
