,compn,exp.pKa,pred.pKa,M.U.E
0,110phenanthroline_cation->neut (+1 -> +0),4.9,5.05936093888752,0.15936093888751923
1,1133tetramethylguanidine_cation->neut (+1 -> +0),13.6,13.368188838380586,0.2318111616194134
2,11dinitroethane_neut->an (+0 -> -1),5.21,4.314021875838788,0.8959781241612124
3,123Nmethyltriazole_cation->neut (+1 -> +0),1.25,1.8880291383487977,0.6380291383487977
4,123triazole_cation->neut (+1 -> +0),1.17,1.4911688040464028,0.3211688040464029
5,123triazole_neut->an (+0 -> -1),9.26,9.099110727015185,0.16088927298481437
6,124Nmethyltriazole_cation->neut (+1 -> +0),3.2,2.7225836830854027,0.4774163169145975
7,124triazole_cation->neut (+1 -> +0),2.39,2.5475689830760793,0.15756898307607914
8,124triazole_neut->an (+0 -> -1),10.26,9.647237056480549,0.612762943519451
9,11cyclopentanediacetic_neut->an (+0 -> -1),3.8,3.4147876822982726,0.38521231770172726
10,11cyclopentanediacetic_an->2an (-1 -> -2),6.77,7.1575128249002145,0.3875128249002149
11,12dihydro1methyl2oxopyrazine_cation->neut (+1 -> +0),-0.04,0.01313995486946773,0.05313995486946773
12,12dimethylindole_cation->neut (+1 -> +0),0.33,1.1991887510138062,0.8691887510138061
13,12dimethylurazole_neut->an (+0 -> -1),7.5,7.751459789052782,0.2514597890527819
14,12ethanediamine_2cation->cation (+2 -> +1),6.85,7.009522851461631,0.15952285146163092
15,12ethanediamine_cation->neut (+1 -> +0),9.92,10.092957055434608,0.17295705543460826
16,12phenylenediamine_2cation->cation (+2 -> +1),0.8,0.7800490340516433,0.01995096594835677
17,12phenylenediamine_cation->neut (+1 -> +0),4.47,5.399247700034282,0.9292477000342823
18,13cyclohexanedione_neut->an (+0 -> -1),5.26,4.78358801434271,0.4764119856572897
19,135benzenetricarboxylic_neut->an (+0 -> -1),3.12,2.487141943957865,0.6328580560421351
20,135benzenetricarboxylic_an->2an (-1 -> -2),3.89,4.37134260435994,0.48134260435994003
21,135benzenetricarboxylic_2an->3an (-2 -> -3),4.7,4.594217875218227,0.10578212478177296
22,13phenylenediamine_2cation->cation (+2 -> +1),2.54,2.5315740241436986,0.008425975856301449
23,13phenylenediamine_cation->neut (+1 -> +0),4.88,4.925213184742684,0.045213184742683765
24,13propanediamine_2cation->cation (+2 -> +1),8.49,8.104911476369523,0.3850885236304773
25,13propanediamine_cation->neut (+1 -> +0),10.47,10.2195994047233,0.2504005952766999
26,14dimethylurazole_neut->an (+0 -> -1),5.3,6.140061418667177,0.8400614186671769
27,14phenylenediamine_2cation->cation (+2 -> +1),2.97,2.9314420350461736,0.03855796495382657
28,14phenylenediamine_cation->neut (+1 -> +0),5.94,6.3198172661686,0.37981726616859923
29,17phenanthroline_cation->neut (+1 -> +0),4.3,4.522825199814708,0.22282519981470816
30,1amino2naphtalenesulfonic_neut->an (+0 -> -1),1.71,2.3279056772002287,0.6179056772002287
31,1amino3naphtalenesulfonic_neut->an (+0 -> -1),3.2,3.1900384351925917,0.009961564807408507
32,1amino4naphtalenesulfonic_neut->an (+0 -> -1),2.81,2.8520837555419423,0.042083755541942214
33,1amino5naphtalenesulfonic_neut->an (+0 -> -1),3.69,3.6666830009320117,0.02331699906798823
34,1amino6naphtalenesulfonic_neut->an (+0 -> -1),3.8,3.7191750301632727,0.08082496983672716
35,1amino7naphtalenesulfonic_neut->an (+0 -> -1),3.66,3.5961530141839866,0.06384698581601356
36,1amino8naphtalenesulfonic_neut->an (+0 -> -1),5.03,4.97237398108277,0.057626018917230404
37,1aminoacridine_cation->neut (+1 -> +0),6.02,6.323288458050681,0.30328845805068116
38,1aminocyclopropane_cation->neut (+1 -> +0),9.1,9.492611454620242,0.3926114546202424
39,1cyanomethylpiperidine_cation->neut (+1 -> +0),4.55,4.569256695267918,0.01925669526791829
40,1hydroxyacridine_cation->neut (+1 -> +0),5.72,5.339815462499189,0.3801845375008108
41,1hydroxyacridine_neut->an (+0 -> -1),8.51,8.828744554650033,0.31874455465003315
42,1methyl3pyrroline_cation->neut (+1 -> +0),9.88,8.343995793204748,1.536004206795253
43,1methylhistidine_2cation->cation (+2 -> +1),1.69,1.739586158090951,0.04958615809095113
44,1methylhistidine_cation->neut (+1 -> +0),6.48,5.831518946351902,0.6484810536480987
45,1methylhistidine_neut->an (+0 -> -1),8.85,9.436730314395094,0.5867303143950942
46,1methylimidazole_cation->neut (+1 -> +0),7.31,7.084267696321512,0.2257323036784875
47,1methylxanthine_an->2an (-1 -> -2),12.0,11.674100255325357,0.32589974467464344
48,1naphtoic_neut->an (+0 -> -1),3.7,4.103361170780389,0.40336117078038924
49,1naphtol_neut->an (+0 -> -1),9.34,9.3880856345097,0.04808563450970027
50,1naphtylamine_cation->neut (+1 -> +0),3.92,3.8081108796741923,0.11188912032580767
51,1phenylurazole_neut->an (+0 -> -1),4.8,4.7692058361631,0.030794163836899813
52,2-methylpropanoic_neut->an (+0 -> -1),4.84,4.711678568034668,0.12832143196533163
53,22bipyridine_2cation->cation (+2 -> +1),0.05,0.3685021778360795,0.31850217783607954
54,22bipyridine_cation->neut (+1 -> +0),4.4,4.627405907087863,0.22740590708786268
55,22dibromopropanoic_neut->an (+0 -> -1),1.48,2.154648164549859,0.674648164549859
56,22dichloropropanoic_neut->an (+0 -> -1),2.06,1.5503678269321117,0.5096321730678883
57,2345tetramethylpyrrole_cation->neut (+1 -> +0),3.78,3.4373258847782973,0.34267411522170255
58,234trimethylpyrrole_cation->neut (+1 -> +0),3.92,3.9085816711497925,0.011418328850207438
59,23butanediamine_2cation->cation (+2 -> +1),6.91,6.756827856497321,0.15317214350267871
60,23butanediamine_cation->neut (+1 -> +0),10.0,10.373253922358316,0.373253922358316
61,23dichlorophenol_neut->an (+0 -> -1),7.44,8.024955148963809,0.5849551489638083
62,23dimethylaniline_cation->neut (+1 -> +0),4.7,4.474563117406874,0.2254368825931259
63,23dimethylbenzoic_neut->an (+0 -> -1),3.77,4.599319998348576,0.8293199983485757
64,23dimethylphenol_neut->an (+0 -> -1),10.5,10.578372021730534,0.0783720217305337
65,23dimethylquinoline_cation->neut (+1 -> +0),4.94,5.209197174133374,0.26919717413337363
66,23dinitrobenzoic_neut->an (+0 -> -1),1.85,1.2277321067068447,0.6222678932931553
67,23dimethylsuccinic_neut->an (+0 -> -1),3.93,3.64762043661083,0.28237956338917014
68,23dimethylsuccinic_an->2an (-1 -> -2),6.0,6.1098287431841705,0.10982874318417046
69,234trimethylphenol_neut->an (+0 -> -1),10.59,10.644744755324542,0.05474475532454193
70,245trifluorophenol_neut->an (+0 -> -1),7.37,7.788025982220376,0.41802598222037624
71,245trimethylimidazole_cation->neut (+1 -> +0),8.92,8.818931407483158,0.10106859251684241
72,245trimethylthiazole_cation->neut (+1 -> +0),4.55,4.6684588034550885,0.11845880345508863
73,246trimethylbenzoic_neut->an (+0 -> -1),3.45,3.8571882585922674,0.40718825859226726
74,246trimethylphenol_neut->an (+0 -> -1),10.88,11.029790527167762,0.1497905271677613
75,246trimethylpyridine_cation->neut (+1 -> +0),7.43,7.765605104945532,0.3356051049455324
76,246trinitrobenzoic_neut->an (+0 -> -1),0.65,0.6686074293098256,0.01860742930982562
77,246tribromobenzoic_neut->an (+0 -> -1),1.41,1.1593051749990426,0.2506948250009573
78,246trimethylpyridineNoxyde_cation->neut (+1 -> +0),1.99,1.5384774483310002,0.4515225516689998
79,24dichloro6nitroaniline_cation->neut (+1 -> +0),-3.0,-3.2318539317010364,0.2318539317010364
80,24dichlorophenol_neut->an (+0 -> -1),7.85,7.987377989629486,0.13737798962948666
81,24dimethyl8hydroxyquinoline_cation->neut (+1 -> +0),6.2,6.120161596047257,0.07983840395274289
82,24dimethyl8hydroxyquinoline_neut->an (+0 -> -1),10.6,10.223095154513707,0.3769048454862922
83,24dimethylaniline_cation->neut (+1 -> +0),4.89,4.980551178358174,0.09055117835817406
84,24dimethylbenzoic_neut->an (+0 -> -1),4.22,4.386979263967299,0.16697926396729912
85,24dimethylimidazole_cation->neut (+1 -> +0),8.38,8.256832104851922,0.1231678951480788
86,24dimethylphenol_neut->an (+0 -> -1),10.58,10.570373076640678,0.009626923359322248
87,24dimethylpyridine_cation->neut (+1 -> +0),6.74,6.522287143584092,0.21771285641590854
88,24dimethylpyridineNoxyde_cation->neut (+1 -> +0),1.63,1.6689030976769752,0.03890309767697531
89,24dimethylthiazole_cation->neut (+1 -> +0),3.76,3.653101524078104,0.10689847592189583
90,24dinitrobenzoic_neut->an (+0 -> -1),1.43,1.8901350399755978,0.4601350399755979
91,24dinitrophenol_neut->an (+0 -> -1),4.08,4.702613937175914,0.6226139371759141
92,25dichloro4nitroaniline_cation->neut (+1 -> +0),-1.74,-1.801430195966327,0.06143019596632704
93,25dimethylaniline_cation->neut (+1 -> +0),4.53,4.635866080199694,0.10586608019969379
94,25dimethylbenzoic_neut->an (+0 -> -1),3.99,4.209684297999767,0.21968429799976708
95,25dimethylphenol_neut->an (+0 -> -1),10.22,10.205850763686382,0.014149236313619085
96,25dimethylpiperazine_2cation->cation (+2 -> +1),5.2,5.814638508996438,0.6146385089964381
97,25dimethylpiperazine_cation->neut (+1 -> +0),9.66,9.61068208594023,0.049317914059770374
98,25dimethylpyrazine_cation->neut (+1 -> +0),1.9,1.9854275687004979,0.08542756870049795
99,25dimethylpyridine_cation->neut (+1 -> +0),6.43,6.503740699883186,0.07374069988318599
100,25dimethylpyridineNoxyde_cation->neut (+1 -> +0),1.21,1.3343835437555969,0.1243835437555969
101,25dimethylthiazole_cation->neut (+1 -> +0),3.91,3.896276862382148,0.013723137617851933
102,25dinitrobenzoic_neut->an (+0 -> -1),1.62,1.652404000362245,0.032404000362245
103,25dinitrophenol_neut->an (+0 -> -1),5.22,5.392591580445453,0.1725915804454532
104,25dioxybenzoquinone_neut->an (+0 -> -1),2.71,2.736878363891095,0.026878363891094992
105,25dioxybenzoquinone_an->2an (-1 -> -2),5.18,4.989759714862155,0.19024028513784508
106,25dioxydinitrobenzoquinone_an->2an (-1 -> -2),-0.5,0.5068569418920692,1.0068569418920692
107,26dichloro4nitroaniline_cation->neut (+1 -> +0),-3.31,-3.131838594259971,0.17816140574002892
108,26dichlorophenol_neut->an (+0 -> -1),6.78,6.412999301829804,0.3670006981701963
109,26dihydroxybenzoic_neut->an (+0 -> -1),1.3,1.0109263632383874,0.2890736367616127
110,26dimethylquinoline_cation->neut (+1 -> +0),5.46,5.432114260433804,0.02788573956619622
111,26dimethyl4nitrophenol_neut->an (+0 -> -1),7.19,6.660342133405662,0.5296578665943388
112,26dimethylaniline_cation->neut (+1 -> +0),3.95,4.1881973813104665,0.2381973813104663
113,26dimethylbenzoic_neut->an (+0 -> -1),3.36,3.3036209682111854,0.05637903178881443
114,26dimethylphenol_neut->an (+0 -> -1),10.59,10.24138131235772,0.3486186876422792
115,26dimethylpiperidine_cation->neut (+1 -> +0),11.07,10.724208008664895,0.34579199133510485
116,26dimethylpyrazine_cation->neut (+1 -> +0),2.2,1.9749764614804857,0.2250235385195145
117,26dimethylpyridine_cation->neut (+1 -> +0),6.71,6.213750036845044,0.4962499631549564
118,26dimethylpyridineNoxyde_cation->neut (+1 -> +0),1.37,1.1764140107315315,0.1935859892684686
119,26dimethylpyrimidine_cation->neut (+1 -> +0),2.7,3.356185494437711,0.656185494437711
120,26dinitrobenzoic_neut->an (+0 -> -1),1.14,1.0517850351845128,0.08821496481548707
121,26dinitrophenol_neut->an (+0 -> -1),3.71,3.371183924032491,0.3388160759675092
122,2acetamidobenzoic_neut->an (+0 -> -1),3.63,2.9654369318898786,0.6645630681101213
123,2acetyl1133tetramethylguanidine_cation->neut (+1 -> +0),7.5,7.889429384864055,0.3894293848640551
124,2acetylbenzoic_neut->an (+0 -> -1),4.13,3.003177319632333,1.1268226803676669
125,2acetamidobutanoic_neut->an (+0 -> -1),3.72,3.626098964801307,0.09390103519869308
126,2acetylphenol_neut->an (+0 -> -1),9.19,9.650887320231213,0.4608873202312136
127,2acetylpyridine_cation->neut (+1 -> +0),2.64,2.363134702961812,0.2768652970381882
128,2aminobutanoic_cation->neut (+1 -> +0),2.29,2.3568737225586576,0.06687372255865753
129,2aminobutanoic_neut->an (+0 -> -1),9.83,9.60103806856793,0.22896193143206922
130,2amino1naphtalenesulfonic_neut->an (+0 -> -1),2.35,3.0485009197407074,0.6985009197407073
131,2amino2cyanopropane_cation->neut (+1 -> +0),5.3,5.520432603182086,0.22043260318208624
132,2amino3methylpyridine_cation->neut (+1 -> +0),7.14,6.85121533771622,0.2887846622837795
133,2amino4methylpyridine_cation->neut (+1 -> +0),7.48,7.548267566389166,0.06826756638916542
134,2amino4naphtalenesulfonic_neut->an (+0 -> -1),3.79,3.483708082131945,0.3062919178680552
135,2amino56dihydropyrimidin4one_cation->neut (+1 -> +0),7.05,6.875938426231273,0.17406157376872677
136,2amino5methylpyridine_cation->neut (+1 -> +0),7.22,7.07848545344198,0.1415145465580201
137,2amino6methylpyridine_cation->neut (+1 -> +0),7.41,7.05388199321156,0.3561180067884404
138,2amino6naphtalenesulfonic_neut->an (+0 -> -1),3.79,3.63076098897984,0.15923901102016025
139,2amino8naphtalenesulfonic_neut->an (+0 -> -1),3.89,3.8085819772966047,0.08141802270339538
140,2aminoacridine_cation->neut (+1 -> +0),5.9,6.1143387346278475,0.21433873462784714
141,2aminobenzoic_cation->neut (+1 -> +0),2.09,2.0737685943325435,0.0162314056674564
142,2aminobenzoic_neut->an (+0 -> -1),4.79,4.636406726027553,0.15359327397244726
143,2aminobenzoicmethylester_cation->neut (+1 -> +0),2.36,2.2877450980232465,0.07225490197675333
144,2aminobenzosulfonic_neut->an (+0 -> -1),2.46,2.851840333205039,0.39184033320503886
145,2aminobenzothiazole_cation->neut (+1 -> +0),4.48,4.028407349494391,0.45159265050560915
146,2aminobiphenyl_cation->neut (+1 -> +0),3.78,3.7167760666877525,0.0632239333122473
147,2aminoethylphosphonic_an->2an (-1 -> -2),10.8,9.375432020491182,1.4245679795088186
148,2aminoethylphosphonic_cation->neut (+1 -> +0),2.45,1.560698800404336,0.8893011995956641
149,2aminoethylphosphonic_neut->an (+0 -> -1),7.0,8.839544245940136,1.8395442459401359
150,2aminoimidazole_cation->neut (+1 -> +0),8.46,8.278857852952983,0.1811421470470176
151,2aminopyrazine_cation->neut (+1 -> +0),3.07,2.940682593563144,0.12931740643685563
152,2aminopyridine_cation->neut (+1 -> +0),6.71,6.724895833719397,0.014895833719396734
153,2aminopyrimidine_cation->neut (+1 -> +0),3.55,3.9279026290603225,0.3779026290603227
154,2aminopropanol_cation->neut (+1 -> +0),9.47,9.479178105977192,0.00917810597719182
155,2aminoquinoline_cation->neut (+1 -> +0),7.34,7.335148774914715,0.004851225085285016
156,2aminothiazole_cation->neut (+1 -> +0),5.36,5.528297107068803,0.16829710706880263
157,2aminothiophenol_neut->an (+0 -> -1),5.9,5.663277657572592,0.23672234242740853
158,2bromo6nitrobenzoic_neut->an (+0 -> -1),1.37,1.926190458218013,0.5561904582180128
159,2bromoaniline_cation->neut (+1 -> +0),2.53,2.4063234971332976,0.12367650286670218
160,2bromobenzoic_neut->an (+0 -> -1),2.85,2.6450421889674445,0.20495781103255561
161,2bromophenol_neut->an (+0 -> -1),8.45,8.705260545013836,0.25526054501383655
162,2bromophenylacetic_neut->an (+0 -> -1),2.21,3.071685534672974,0.8616855346729739
163,2bromophenylphosphonic_an->2an (-1 -> -2),7.37,7.609221951547827,0.23922195154782688
164,2bromophenylphosphonic_neut->an (+0 -> -1),1.53,1.8638973198248578,0.3338973198248578
165,2bromopropanoic_neut->an (+0 -> -1),2.97,2.8254947951445173,0.1445052048554829
166,2bromopyridine_cation->neut (+1 -> +0),0.84,0.631474866390926,0.208525133609074
167,2bromoquinoline_cation->neut (+1 -> +0),1.5,0.26472563940464955,1.2352743605953505
168,2carbamoylpyridine_cation->neut (+1 -> +0),2.1,1.3065114922104124,0.7934885077895877
169,2chloro2methylpropanoic_neut->an (+0 -> -1),2.98,3.2760690744746466,0.2960690744746466
170,2chloro3nitrobenzoic_neut->an (+0 -> -1),2.02,2.6027495822256643,0.5827495822256643
171,2chloro4nitrobenzoic_neut->an (+0 -> -1),1.96,1.9900265602906808,0.030026560290680848
172,2chloro5nitrobenzoic_neut->an (+0 -> -1),2.17,2.0059654478789186,0.1640345521210813
173,2chloro6nitroaniline_cation->neut (+1 -> +0),-2.41,-2.255505591992229,0.15449440800777126
174,2chloroimidazole_cation->neut (+1 -> +0),3.55,3.2408499188789026,0.3091500811210972
175,2chloroisocrotonic_neut->an (+0 -> -1),2.8,3.1180612576882716,0.31806125768827176
176,2chloropropanoic_neut->an (+0 -> -1),2.84,2.6978049656715184,0.14219503432848146
177,2chloropyridine_cation->neut (+1 -> +0),0.47,0.6931304519356294,0.22313045193562941
178,2cyano2methylpropanoic_neut->an (+0 -> -1),2.29,2.62151255894521,0.33151255894521015
179,2cyanopropanoic_neut->an (+0 -> -1),2.37,2.8602457627870983,0.4902457627870982
180,2cyanopyridine_cation->neut (+1 -> +0),-0.26,-0.4068774962391215,0.1468774962391215
181,2dicyanoethylamine_cation->neut (+1 -> +0),5.14,5.4367979032230105,0.2967979032230108
182,2dimethylaminopyrazine_cation->neut (+1 -> +0),3.24,3.013010700663127,0.22698929933687317
183,2fluoroaniline_cation->neut (+1 -> +0),3.2,3.418300918377385,0.21830091837738497
184,2fluoropyridine_cation->neut (+1 -> +0),-0.44,-0.23213668003370014,0.20786331996629986
185,2hydroxy3methylbenzoic_neut->an (+0 -> -1),2.99,2.843141390350044,0.14685860964995623
186,2hydroxy3nitrobenzoic_neut->an (+0 -> -1),1.87,2.642279657858495,0.772279657858495
187,2hydroxy4methylpyridine_cation->neut (+1 -> +0),1.14,0.9824178104554244,0.15758218954457548
188,2hydroxy4methylpyridine_neut->an (+0 -> -1),12.23,12.373335850749497,0.14333585074949617
189,2hydroxy1naphtoic_neut->an (+0 -> -1),2.7,3.577431917824776,0.8774319178247758
190,2hydroxy1naphtoic_an->2an (-1 -> -2),11.9,11.041778312715884,0.8582216872841162
191,2hydroxy5nitrobenzoic_neut->an (+0 -> -1),2.12,2.5087854796788314,0.38878547967883126
192,2hydroxy6nitrobenzoic_neut->an (+0 -> -1),2.24,1.3093045860609687,0.9306954139390315
193,2hydroxyacridine_cation->neut (+1 -> +0),5.62,5.405364350242229,0.2146356497577715
194,2hydroxyacridine_neut->an (+0 -> -1),8.85,8.933930585431753,0.08393058543175336
195,2hydroxybenzaldehyde_neut->an (+0 -> -1),8.34,8.208359705471016,0.1316402945289834
196,2hydroxybenzamide_neut->an (+0 -> -1),8.47,8.329287320242337,0.1407126797576641
197,2hydroxypyridine_neut->an (+0 -> -1),11.6,11.567653342925563,0.03234665707443618
198,2hydroxypyridineNoxyde_cation->neut (+1 -> +0),-0.8,-0.49062700918228774,0.3093729908177123
199,2hydroxypyridineNoxyde_neut->an (+0 -> -1),5.97,5.83102228286697,0.13897771713302998
200,2hydroxyquinoline_cation->neut (+1 -> +0),-0.31,-0.24180938415262343,0.06819061584737657
201,2hydroxyquinoline_neut->an (+0 -> -1),11.74,11.973414859229472,0.23341485922947136
202,2iodoaniline_cation->neut (+1 -> +0),2.54,3.094493670576272,0.5544936705762717
203,2iodobenzoic_neut->an (+0 -> -1),2.86,2.748421170386898,0.11157882961310195
204,2iodophenol_neut->an (+0 -> -1),8.46,8.161241047656993,0.2987589523430074
205,2iodopyridine_cation->neut (+1 -> +0),1.82,2.9485572493474557,1.1285572493474556
206,2iodopropanoic_neut->an (+0 -> -1),3.11,3.351736475371161,0.24173647537116105
207,2mercaptopropanoic_neut->an (+0 -> -1),3.64,4.124402704625692,0.4844027046256918
208,2mercaptopropanoic_an->2an (-1 -> -2),10.21,9.482873710239183,0.7271262897608182
209,2mercaptopyridine_cation->neut (+1 -> +0),-1.07,-1.1056608922684292,0.03566089226842917
210,2mercaptopyridine_neut->an (+0 -> -1),10.0,9.71632380869316,0.2836761913068404
211,2mercaptoquinoline_cation->neut (+1 -> +0),-1.44,-2.1397029595679147,0.6997029595679147
212,2mercaptoquinoline_neut->an (+0 -> -1),10.21,10.299709188761593,0.08970918876159217
213,2methoxycarbonylpyridine_cation->neut (+1 -> +0),2.21,2.029191915732512,0.18080808426748796
214,2methoxyethylamine_cation->neut (+1 -> +0),9.45,9.581316372403265,0.13131637240326555
215,2methoxypyridine_cation->neut (+1 -> +0),3.06,3.1428334339506936,0.08283343395069354
216,4methyl34dihydroquinazoline_cation->neut (+1 -> +0),9.19,9.07951081998497,0.11048918001502983
217,2methyl4nitrobenzoic_neut->an (+0 -> -1),2.95,2.992144960361733,0.042144960361732764
218,2methyl6nitrobenzoic_neut->an (+0 -> -1),1.87,2.543851556230604,0.6738515562306038
219,2methylaminopyrazine_cation->neut (+1 -> +0),3.39,3.6345189993149543,0.24451899931495413
220,2methylimidazole_cation->neut (+1 -> +0),7.85,8.035228320491818,0.18522832049181837
221,2methylindole_cation->neut (+1 -> +0),-0.2,0.20221368575821508,0.4022136857582151
222,2methylpiperidine_cation->neut (+1 -> +0),11.08,10.990296338720523,0.08970366127947749
223,2methylpyrazine_cation->neut (+1 -> +0),1.46,1.393161174162299,0.06683882583770107
224,2methylpyridine_cation->neut (+1 -> +0),5.96,5.828167779421782,0.13183222057821808
225,2methylpyridinenoxyde_cation->neut (+1 -> +0),1.03,1.1349542917087856,0.10495429170878556
226,2methylquinazoline_cation->neut (+1 -> +0),3.0,3.096297266889821,0.09629726688982121
227,2methylquinoline_cation->neut (+1 -> +0),5.7,5.393635459148639,0.30636454085136133
228,2methyltetrahydropyridine_cation->neut (+1 -> +0),9.55,9.482820866303598,0.06717913369640272
229,2methylthiazole_cation->neut (+1 -> +0),3.59,3.5412118525519514,0.04878814744804849
230,2naphtoic_neut->an (+0 -> -1),4.16,3.9845959828472957,0.17540401715270448
231,2naphtol_neut->an (+0 -> -1),9.57,9.581508712828349,0.011508712828348422
232,2naphtylamine_cation->neut (+1 -> +0),4.11,4.053810996472849,0.056189003527151726
233,2nitrohydroquinone_an->2an (-1 -> -2),10.03,10.113190776530335,0.08319077653033524
234,2nitrohydroquinone_neut->an (+0 -> -1),7.63,7.505017441840358,0.12498255815964221
235,2nitroimidazole_cation->neut (+1 -> +0),-0.81,-0.722919848010176,0.0870801519898241
236,2nitropyridine_cation->neut (+1 -> +0),-2.06,-1.9852296058894394,0.07477039411056063
237,2nndimethylaminobenzoic_cation->neut (+1 -> +0),1.4,2.230529502480856,0.8305295024808559
238,2nndimethylaminobenzoic_neut->an (+0 -> -1),8.51,8.34706164515763,0.1629383548423693
239,2oxopropanoic_neut->an (+0 -> -1),2.49,2.1372266167172578,0.35277338328274244
240,2oxynaphtoquinone_neut->an (+0 -> -1),4.0,4.286811794555224,0.28681179455522443
241,2pchlorocinnamic_neut->an (+0 -> -1),4.23,3.950713061513402,0.2792869384865986
242,2ph5phimidazole_cation->neut (+1 -> +0),5.64,5.561213907980279,0.07878609201972075
243,2ph5phimidazole_neut->an (+0 -> -1),12.53,12.201979864355266,0.3280201356447332
244,2phbenzimidazole_neut->an (+0 -> -1),11.91,11.72435413184194,0.18564586815806017
245,2phenylimidazole_cation->neut (+1 -> +0),6.43,6.095446882993628,0.33455311700637136
246,2phenylimidazole_neut->an (+0 -> -1),13.32,12.97262263339816,0.34737736660184027
247,2tertbutylbenzoic_neut->an (+0 -> -1),3.57,2.9301123297124665,0.6398876702875333
248,2tertbutylphenol_neut->an (+0 -> -1),10.62,10.967267719770785,0.34726771977078563
249,2tertbutylpyridine_cation->neut (+1 -> +0),5.76,5.927628186859654,0.16762818685965453
250,2tertbutylthiazole_cation->neut (+1 -> +0),3.0,3.5558302805663056,0.5558302805663056
251,2thiophenecarboxylic_neut->an (+0 -> -1),3.53,3.474821325562984,0.05517867443701574
252,2vinylpyridine_cation->neut (+1 -> +0),4.98,4.490885724822051,0.4891142751779496
253,333trichlorolactic_neut->an (+0 -> -1),2.34,1.3941575367566168,0.9458424632433831
254,33bipyridine_2cation->cation (+2 -> +1),3.0,3.1955989194603287,0.1955989194603287
255,33bipyridine_cation->neut (+1 -> +0),4.6,4.572066972837839,0.027933027162160506
256,34dichlorophenol_neut->an (+0 -> -1),8.63,8.5492453289481,0.08075467105190093
257,34dimethylaniline_cation->neut (+1 -> +0),5.17,5.121400269359163,0.048599730640837
258,34dimethylbenzoic_neut->an (+0 -> -1),4.41,4.343686301233914,0.06631369876608595
259,34dimethyl8hydroxyquinoline_cation->neut (+1 -> +0),5.8,5.898111533242625,0.09811153324262545
260,34dimethyl8hydroxyquinoline_neut->an (+0 -> -1),10.05,10.161708077236275,0.1117080772362744
261,34dimethylphenol_neut->an (+0 -> -1),10.32,10.37484950767384,0.05484950767383978
262,34dimethylpyridine_cation->neut (+1 -> +0),6.47,6.394455105821977,0.07554489417802301
263,34dimethylpyridineNoxyde_cation->neut (+1 -> +0),1.49,1.485047549609499,0.004952450390500962
264,34dinitrobenzoic_neut->an (+0 -> -1),2.82,2.856946611585964,0.03694661158596402
265,34dinitrophenol_neut->an (+0 -> -1),5.42,5.476034729233965,0.05603472923396513
266,345trifluorophenol_neut->an (+0 -> -1),7.84,8.07235271906644,0.23235271906644073
267,345trimethylphenol_neut->an (+0 -> -1),10.25,10.426474789801048,0.17647478980104836
268,35dibromoaniline_cation->neut (+1 -> +0),2.35,2.2982336842788005,0.05176631572119961
269,35dibromophenol_neut->an (+0 -> -1),8.06,7.9643477737855735,0.09565222621442704
270,35dichlorophenol_neut->an (+0 -> -1),8.48,8.1127470561289,0.36725294387110097
271,35dihydroxybenzoic_neut->an (+0 -> -1),4.04,3.9810598543353626,0.058940145664637456
272,35diiodoaniline_cation->neut (+1 -> +0),2.37,2.826356465288252,0.4563564652882519
273,35diiodophenol_neut->an (+0 -> -1),8.1,8.39217941599371,0.29217941599370967
274,35dimethoxyaniline_cation->neut (+1 -> +0),3.86,3.906015005840331,0.046015005840331025
275,35dimethoxyphenol_neut->an (+0 -> -1),9.35,9.523337254742838,0.17333725474283845
276,35dimethyl4nitrophenol_neut->an (+0 -> -1),8.25,7.60449479413144,0.6455052058685604
277,35dimethylbenzoic_neut->an (+0 -> -1),4.3,4.285028012507795,0.01497198749220452
278,35dimethylphenol_neut->an (+0 -> -1),10.15,9.986709929904098,0.16329007009590235
279,35dimethylpyridine_cation->neut (+1 -> +0),6.09,5.884623221450227,0.20537677854977243
280,35dimethylpyridineNoxyde_cation->neut (+1 -> +0),1.18,0.6888389099777497,0.4911610900222503
281,35dinitroaniline_cation->neut (+1 -> +0),0.23,0.3356182270656598,0.10561822706565979
282,35dinitrobenzoic_neut->an (+0 -> -1),2.85,2.6459445276217037,0.20405547237829635
283,35dinitrophenol_neut->an (+0 -> -1),6.73,6.794294661554743,0.06429466155474284
284,36dichlorophtalic_neut->an (+0 -> -1),1.46,1.7239375554010445,0.2639375554010446
285,36dimethylpyridazine_cation->neut (+1 -> +0),3.99,4.371470226577238,0.38147022657723806
286,3acetamidobenzoic_neut->an (+0 -> -1),4.07,3.7189225690922054,0.35107743090779486
287,3acetoxybenzoic_neut->an (+0 -> -1),4.0,4.043429004855933,0.04342900485593315
288,3acetylbenzoic_neut->an (+0 -> -1),3.83,3.870774406198275,0.04077440619827488
289,3acetylpyridine_cation->neut (+1 -> +0),3.26,3.318289608141801,0.058289608141801175
290,3amino1naphtoic_cation->neut (+1 -> +0),2.61,3.523657847370308,0.9136578473703083
291,3amino1naphtoic_neut->an (+0 -> -1),4.39,4.363692753796051,0.026307246203948864
292,3aminobenzoic_cation->neut (+1 -> +0),3.07,3.4068256687905736,0.33682566879057374
293,3aminobenzoic_neut->an (+0 -> -1),4.79,4.512502625682967,0.2774973743170328
294,3aminobenzoicmethylester_cation->neut (+1 -> +0),3.58,3.2742386750976893,0.3057613249023108
295,3aminobenzonitrile_cation->neut (+1 -> +0),2.75,2.5953489117850834,0.15465108821491658
296,3aminobenzosulfonic_neut->an (+0 -> -1),3.74,3.520156451098466,0.219843548901534
297,3aminobiphenyl_cation->neut (+1 -> +0),4.18,4.344790618668715,0.16479061866871536
298,3aminoisoquinoline_cation->neut (+1 -> +0),4.95,4.8717525102981885,0.07824748970181172
299,3aminopropanoic_cation->neut (+1 -> +0),3.55,3.499017270824031,0.0509827291759688
300,3aminopropanoic_neut->an (+0 -> -1),10.24,9.868483589837457,0.37151641016254366
301,3aminopyridine_cation->neut (+1 -> +0),6.03,6.194766520043837,0.16476652004383663
302,3aminopyridineNoxyde_cation->neut (+1 -> +0),1.47,0.98190266610185,0.48809733389815
303,3aminoquinoline_cation->neut (+1 -> +0),4.95,4.957018581189563,0.007018581189562667
304,3bromoaniline_cation->neut (+1 -> +0),3.53,3.490223979153889,0.03977602084611087
305,3bromobenzoic_neut->an (+0 -> -1),3.81,3.689920407536648,0.1200795924633522
306,3bromophenol_neut->an (+0 -> -1),9.03,9.012662467545649,0.017337532454350324
307,3bromophenylphosphonic_an->2an (-1 -> -2),6.69,6.622783553965363,0.06721644603463783
308,3bromophenylphosphonic_neut->an (+0 -> -1),1.45,1.7470413630164812,0.2970413630164812
309,3chloro4mehtylaniline_cation->neut (+1 -> +0),4.05,3.8510171597727227,0.19898284022727708
310,3chlorocrotonic_neut->an (+0 -> -1),3.84,4.330929112656556,0.4909291126565565
311,3chloroisocrotonic_neut->an (+0 -> -1),4.02,3.7910329317930644,0.22896706820693513
312,3chlorootoluidine_cation->neut (+1 -> +0),2.49,3.8310487735540226,1.3410487735540224
313,3chloropyridine_cation->neut (+1 -> +0),2.84,2.763150900762013,0.07684909923798688
314,3chloroquinoline_cation->neut (+1 -> +0),2.63,2.603323288934207,0.026676711065793057
315,3cyanopyridine_cation->neut (+1 -> +0),1.39,1.4182107826235315,0.028210782623531605
316,3fluoroaniline_cation->neut (+1 -> +0),3.58,3.3294663834058573,0.25053361659414275
317,3fluoropyridine_cation->neut (+1 -> +0),2.97,3.270493238491823,0.30049323849182263
318,3hydroxyacridine_neut->an (+0 -> -1),9.72,9.721465152840253,0.0014651528402520597
319,3hydroxyacridine_cation->neut (+1 -> +0),5.3,5.050609864936516,0.24939013506348395
320,3hydroxybenzaldehyde_neut->an (+0 -> -1),9.0,9.066512980862477,0.06651298086247692
321,3hydroxypyridine_cation->neut (+1 -> +0),4.8,4.772857002763603,0.027142997236397015
322,3hydroxypyridine_neut->an (+0 -> -1),8.72,8.79231078417342,0.0723107841734194
323,3hydroxyquinoline_cation->neut (+1 -> +0),4.3,4.21266336613948,0.08733663386052015
324,3hydroxyquinoline_neut->an (+0 -> -1),8.06,8.613306332590845,0.5533063325908447
325,3iodoaniline_cation->neut (+1 -> +0),3.58,3.650747009357242,0.07074700935724199
326,3iodobenzoic_neut->an (+0 -> -1),3.86,3.8878935272151267,0.027893527215126834
327,3iodophenol_neut->an (+0 -> -1),8.88,9.214549210142543,0.33454921014254246
328,3iodopyridine_cation->neut (+1 -> +0),3.25,3.5433584108367775,0.2933584108367775
329,3methylthiophenol_neut->an (+0 -> -1),9.53,9.88537149654339,0.3553714965433912
330,3methylxanthine_neut->an (+0 -> -1),8.1,8.029614715757972,0.07038528424202717
331,3methylxanthine_an->2an (-1 -> -2),11.3,11.932630935692796,0.632630935692795
332,3mercaptopyridine_cation->neut (+1 -> +0),2.28,2.560025106865959,0.2800251068659594
333,3mercaptopyridine_neut->an (+0 -> -1),7.01,7.121866141610011,0.11186614161001085
334,3mercaptoquinoline_cation->neut (+1 -> +0),2.33,2.76667295984797,0.4366729598479697
335,3mercaptoquinoline_neut->an (+0 -> -1),6.13,5.886184698254796,0.2438153017452036
336,3mercapto12propanediol_neut->an (+0 -> -1),9.43,8.80802667434806,0.6219733256519397
337,3mercaptopropanoic_an->2an (-1 -> -2),10.84,11.275027279021472,0.4350272790214724
338,3methylpyridineNoxyde_cation->neut (+1 -> +0),1.08,1.28766504054743,0.20766504054742985
339,3methoxycarbonylpyridine_cation->neut (+1 -> +0),3.13,3.131952827454353,0.001952827454353212
340,3methoxypyridazine_cation->neut (+1 -> +0),2.5,2.749819815684317,0.249819815684317
341,3methoxypyridine_cation->neut (+1 -> +0),4.91,4.713150982890537,0.19684901710946345
342,3methylisoquinoline_cation->neut (+1 -> +0),5.64,5.3408710185670785,0.2991289814329212
343,3methylpiperidine_cation->neut (+1 -> +0),11.07,11.273327542625795,0.20332754262579478
344,3methylpyridine_cation->neut (+1 -> +0),5.68,5.845287375232418,0.16528737523241865
345,3methylquinoline_cation->neut (+1 -> +0),5.15,5.048400690706964,0.10159930929303673
346,3methylsulfonylaniline_cation->neut (+1 -> +0),2.68,2.1679528126138665,0.5120471873861336
347,3methylsulfonylbenzoic_neut->an (+0 -> -1),3.52,3.393552452421723,0.12644754757827714
348,3methylsulfonylphenol_neut->an (+0 -> -1),9.33,8.466304194753828,0.8636958052461718
349,3methylthiopyridazine_cation->neut (+1 -> +0),2.26,1.84385676946395,0.41614323053604974
350,3nitropyridine_cation->neut (+1 -> +0),0.79,1.029092541447775,0.23909254144777492
351,3pchlorocinnamic_neut->an (+0 -> -1),4.29,4.645246000844804,0.3552460008448044
352,3pyrroline_cation->neut (+1 -> +0),10.46,9.64810595580098,0.8118940441990201
353,3sulfamylbenzoic_neut->an (+0 -> -1),3.54,3.645538888381946,0.10553888838194592
354,3sulfobenzoic_an->2an (-1 -> -2),3.78,4.126891963399458,0.3468919633994578
355,3sulfophenol_an->2an (-1 -> -2),9.07,9.281822136548076,0.2118221365480757
356,3tertbutylbenzoic_neut->an (+0 -> -1),4.2,4.593593963488005,0.393593963488005
357,3tertbutylphenol_neut->an (+0 -> -1),10.12,10.136260042249145,0.016260042249145457
358,3tertbutylpyridine_cation->neut (+1 -> +0),5.82,5.8167822126133615,0.003217787386638804
359,3thiophenecarboxylic_neut->an (+0 -> -1),4.1,4.167426665030612,0.06742666503061212
360,3trimethylsilylbenzoic_neut->an (+0 -> -1),4.09,4.316394666443461,0.2263946664434613
361,4-aza-benzotriazoleoxime_neut->an (+0 -> -1),4.09,4.215131322961647,0.1251313229616473
362,44bipyridine_2cation->cation (+2 -> +1),3.17,3.3235690310952375,0.15356903109523756
363,44bipyridine_cation->neut (+1 -> +0),4.82,4.911511127202629,0.09151112720262855
364,45dimethylthiazole_cation->neut (+1 -> +0),3.73,3.679833577213553,0.05016642278644712
365,4acetamidobenzoic_neut->an (+0 -> -1),4.28,4.811311603249357,0.5313116032493568
366,4acetoxybenzoic_neut->an (+0 -> -1),4.38,3.7146431930578823,0.6653568069421176
367,4acetylbenzoic_neut->an (+0 -> -1),3.7,3.828472441366004,0.12847244136600366
368,4acetylpyridine_cation->neut (+1 -> +0),3.51,3.412577484480402,0.09742251551959757
369,4amino25dimethylphenol_cation->neut (+1 -> +0),5.28,5.7840130801829615,0.5040130801829612
370,4amino25dimethylphenol_neut->an (+0 -> -1),10.4,10.406197836156288,0.006197836156287551
371,4amino2naphtoic_cation->neut (+1 -> +0),2.89,2.8915669805231508,0.0015669805231506295
372,4amino2naphtoic_neut->an (+0 -> -1),4.46,4.27680665271665,0.1831933472833498
373,4amino3methylpyridine_cation->neut (+1 -> +0),9.43,9.328000361830764,0.10199963816923585
374,4aminobenzoic_cation->neut (+1 -> +0),2.41,2.4302614568851304,0.020261456885130258
375,4aminobenzoic_neut->an (+0 -> -1),4.85,4.601438438914692,0.24856156108530758
376,4aminobenzoicmethylester_cation->neut (+1 -> +0),2.45,2.5445391411343676,0.09453914113436745
377,4aminobenzonitrile_cation->neut (+1 -> +0),1.74,1.9854055059610243,0.24540550596102428
378,4aminobenzophenone_cation->neut (+1 -> +0),2.15,2.294157933887906,0.144157933887906
379,4aminobenzosulfonic_neut->an (+0 -> -1),3.23,3.393754149342845,0.16375414934284516
380,4aminobiphenyl_cation->neut (+1 -> +0),4.27,4.305621699754615,0.035621699754615044
381,4aminoisoquinoline_cation->neut (+1 -> +0),6.27,6.183900456015812,0.0860995439841874
382,4aminopyridine_cation->neut (+1 -> +0),9.11,9.000354942749372,0.10964505725062779
383,4aminopyrimidine_cation->neut (+1 -> +0),5.69,5.980812819409366,0.290812819409366
384,4aminoquinoline_cation->neut (+1 -> +0),9.13,9.233543674785777,0.10354367478577586
385,4aminosalicylic_an->2an (-1 -> -2),13.74,13.697465348813648,0.04253465118635269
386,4aminosalicylic_cation->neut (+1 -> +0),1.78,1.5528184687248698,0.2271815312751302
387,4aminosalicylic_neut->an (+0 -> -1),3.73,3.629346924130733,0.1006530758692672
388,4azaindole_cation->neut (+1 -> +0),6.9,6.685474059982451,0.2145259400175492
389,4bromoaniline_cation->neut (+1 -> +0),3.88,3.776315371441563,0.10368462855843674
390,4bromobenzoic_neut->an (+0 -> -1),3.99,3.9638360398725068,0.026163960127493446
391,4bromophenol_neut->an (+0 -> -1),9.34,9.007374021459682,0.3326259785403174
392,4bromophenylphosphonic_an->2an (-1 -> -2),6.83,7.1532926484346655,0.32329264843466543
393,4bromophenylphosphonic_neut->an (+0 -> -1),1.6,1.416306113861162,0.1836938861388382
394,4bromopyridine_cation->neut (+1 -> +0),3.71,3.371739291205855,0.33826070879414516
395,4butyrobetaine_cation->neut (+1 -> +0),3.94,3.996755243132047,0.05675524313204727
396,4chloro26dinitrophenol_neut->an (+0 -> -1),2.97,3.3614253208849387,0.39142532088493853
397,4chloro2nitroaniline_cation->neut (+1 -> +0),-1.1,-1.143389047582411,0.0433890475824108
398,4chloro3methylphenol_neut->an (+0 -> -1),9.55,9.607514598005395,0.057514598005393935
399,4chloronmethylaniline_cation->neut (+1 -> +0),3.9,3.6653009811359327,0.2346990188640672
400,4chlorootoluidine_cation->neut (+1 -> +0),3.39,3.961630005240866,0.5716300052408658
401,4chlorophenylacetic_neut->an (+0 -> -1),4.19,4.300279854768865,0.11027985476886482
402,4chloropyridine_cation->neut (+1 -> +0),3.83,3.750884805980257,0.0791151940197432
403,4chlorothiophenol_neut->an (+0 -> -1),5.9,5.857870631175897,0.042129368824103786
404,4cyano26dimethylphenol_neut->an (+0 -> -1),8.27,8.13046271331865,0.13953728668134957
405,4cyano35dimethylphenol_neut->an (+0 -> -1),8.21,8.1819597867404,0.028040213259600932
406,4cyanopyridine_cation->neut (+1 -> +0),1.9,1.8877941087007901,0.012205891299209792
407,4fluoroaniline_cation->neut (+1 -> +0),4.65,4.428259883046835,0.22174011695316498
408,4hydroxybenzaldehyde_neut->an (+0 -> -1),7.62,7.492267425840248,0.1277325741597517
409,4hydroxyisoquinoline_cation->neut (+1 -> +0),4.77,4.852677369653736,0.0826773696537364
410,4hydroxypteridine_cation->neut (+1 -> +0),-0.17,0.1083284373813651,0.27832843738136515
411,4hydroxypteridine_neut->an (+0 -> -1),7.89,7.806457464476421,0.08354253552357882
412,4hydroxypyridine_cation->neut (+1 -> +0),3.23,3.2920374594314517,0.06203745943145167
413,4hydroxypyridine_neut->an (+0 -> -1),11.09,11.023925011876228,0.06607498812377166
414,4hydroxyquinoline_cation->neut (+1 -> +0),2.27,2.264579422291166,0.0054205777088340845
415,4hydroxyquinoline_neut->an (+0 -> -1),11.25,11.26594275030853,0.015942750308530762
416,4iodoaniline_cation->neut (+1 -> +0),3.82,3.5438833255424207,0.27611667445757915
417,4iodobenzoic_neut->an (+0 -> -1),4.0,3.80692696607852,0.1930730339214799
418,4iodophenol_neut->an (+0 -> -1),9.2,9.03704125853394,0.16295874146605982
419,4iodopyridine_cation->neut (+1 -> +0),4.02,4.352283375653707,0.3322833756537076
420,4isopropylpyridine_cation->neut (+1 -> +0),6.02,5.950642608288817,0.06935739171118271
421,4mercaptopyridine_cation->neut (+1 -> +0),1.43,1.2677530777210162,0.16224692227898374
422,4mercaptopyridine_neut->an (+0 -> -1),8.86,8.81418279255249,0.04581720744750939
423,4mercaptoquinoline_cation->neut (+1 -> +0),0.77,0.40266444488892805,0.36733555511107197
424,4mercaptoquinoline_neut->an (+0 -> -1),8.83,9.27822745705339,0.44822745705338995
425,4methoxycarbonylpyridine_cation->neut (+1 -> +0),3.26,3.1968428901182744,0.0631571098817254
426,4methylpiperidine_cation->neut (+1 -> +0),11.23,10.8257334490978,0.4042665509022001
427,4methoxypyridazine_cation->neut (+1 -> +0),3.68,3.8403544630648048,0.1603544630648046
428,4methylpyridine_cation->neut (+1 -> +0),6.0,5.9992755675872,0.0007244324127997359
429,4methylpyridinenoxyde_cation->neut (+1 -> +0),1.26,0.990199398211626,0.26980060178837406
430,4methylpyrimidine_cation->neut (+1 -> +0),1.95,2.144647119949215,0.19464711994921502
431,4methylquinazoline_cation->neut (+1 -> +0),2.8,2.7471666217574917,0.05283337824250811
432,4methylquinoline_cation->neut (+1 -> +0),5.5,5.67540748175864,0.17540748175863996
433,4methylsulfonylaniline_cation->neut (+1 -> +0),1.48,1.7945753996914968,0.31457539969149684
434,4methylsulfonylbenzoic_neut->an (+0 -> -1),3.64,3.3080401840022233,0.3319598159977768
435,4methylsulfonylphenol_neut->an (+0 -> -1),7.83,7.463056350976783,0.3669436490232174
436,4methylthiazole_cation->neut (+1 -> +0),3.16,3.096319329511263,0.06368067048873716
437,4methylthiopyridazine_cation->neut (+1 -> +0),3.25,3.3160191752026273,0.06601917520262734
438,4mnitrophenylpyridine_cation->neut (+1 -> +0),4.87,4.907526192751577,0.03752619275157709
439,4nitroimidazole_cation->neut (+1 -> +0),-0.16,-0.6231704955044064,0.46317049550440637
440,4nitroisoquinoline_cation->neut (+1 -> +0),1.35,1.4567204369126587,0.10672043691265864
441,4nitropyridine_cation->neut (+1 -> +0),1.23,1.1535006867485809,0.07649931325141912
442,4pchlorocinnamic_neut->an (+0 -> -1),4.41,4.1119087169606985,0.29809128303930166
443,4phenylpyridine_cation->neut (+1 -> +0),5.55,5.486863584519365,0.06313641548063487
444,4phenylurazole_neut->an (+0 -> -1),5.2,6.28803518189993,1.0880351818999294
445,4pnitrophenylpyridine_cation->neut (+1 -> +0),4.87,4.57587324294554,0.29412675705446034
446,4sulfamylbenzoic_neut->an (+0 -> -1),3.47,3.404060138943308,0.06593986105669236
447,4sulfobenzoic_an->2an (-1 -> -2),3.72,3.909636304159412,0.18963630415941202
448,4sulfophenol_an->2an (-1 -> -2),8.56,8.492039114826277,0.0679608851737239
449,4tertbutylaniline_cation->neut (+1 -> +0),4.93,5.022613168719253,0.09261316871925285
450,4tertbutylbenzoic_neut->an (+0 -> -1),4.39,4.049821362321778,0.3401786376782221
451,4tertbutylphenol_neut->an (+0 -> -1),10.23,9.894358969044792,0.3356410309552089
452,4tertbutylpyridine_cation->neut (+1 -> +0),5.99,5.871690693330087,0.11830930666991346
453,4tertbutylthiazole_cation->neut (+1 -> +0),3.04,2.954626431831703,0.085373568168297
454,4trimethylsilylbenzoic_neut->an (+0 -> -1),4.19,4.004321314253386,0.1856786857466144
455,4vinylpyridine_cation->neut (+1 -> +0),5.62,5.681234523038156,0.061234523038155686
456,55dimethyl24dioxothiazolidin_neut->an (+0 -> -1),6.63,6.849841990787771,0.21984199078777067
457,55dimethylhydantoin_neut->an (+0 -> -1),9.19,8.821475957290978,0.36852404270902106
458,5aminoisoquinoline_cation->neut (+1 -> +0),5.58,5.52093142553606,0.059068574463940315
459,5aminopyrimidine_cation->neut (+1 -> +0),2.6,2.4552612992068763,0.1447387007931238
460,5aminoquinoline_cation->neut (+1 -> +0),5.46,5.466504897731498,0.00650489773149765
461,5aminosalicylic_cation->neut (+1 -> +0),2.74,3.102725366402095,0.36272536640209463
462,5aminosalicylic_neut->an (+0 -> -1),5.84,4.906465649057319,0.933534350942681
463,5azaindole_cation->neut (+1 -> +0),8.3,8.090444753787814,0.20955524621218657
464,5bromoquinoline_cation->neut (+1 -> +0),3.62,3.913785372795272,0.2937853727952717
465,5chlorootoluidine_cation->neut (+1 -> +0),3.85,3.2597963711766296,0.5902036288233705
466,5hydroxyisoquinoline_cation->neut (+1 -> +0),5.39,5.320794819788895,0.06920518021110489
467,5hydroxyquinoline_cation->neut (+1 -> +0),5.2,5.199153909799985,0.0008460902000155812
468,5hydroxyquinoline_neut->an (+0 -> -1),8.54,8.729706683141615,0.18970668314161543
469,5methylquinazoline_cation->neut (+1 -> +0),2.31,2.1690003611559776,0.14099963884402245
470,5methylquinoline_cation->neut (+1 -> +0),4.62,5.097589563916847,0.4775895639168466
471,5methylthiazole_cation->neut (+1 -> +0),3.03,2.8377505560931873,0.19224944390681253
472,5nitro110phenanthroline_cation->neut (+1 -> +0),3.23,3.1970833469185287,0.03291665308147129
473,5nitroindazole_cation->neut (+1 -> +0),-0.96,-0.4535425928914707,0.5064574071085293
474,5nitroisoquinoline_cation->neut (+1 -> +0),3.51,3.375630719701322,0.134369280298678
475,5phenylimidazole_cation->neut (+1 -> +0),6.05,5.857080571113289,0.19291942888671088
476,6aminoisoquinoline_cation->neut (+1 -> +0),7.16,7.3431532577992265,0.1831532577992263
477,6aminophenanthridine_cation->neut (+1 -> +0),7.07,7.686609583085275,0.6166095830852747
478,6aminoquinoline_cation->neut (+1 -> +0),5.63,5.657089720123299,0.02708972012329891
479,6azaindole_cation->neut (+1 -> +0),7.9,7.742029083570485,0.1579709164295151
480,6chlorootoluidine_cation->neut (+1 -> +0),2.22,1.8967806821434214,0.32321931785657876
481,6chloroquinoline_cation->neut (+1 -> +0),4.0,3.9764622011927644,0.02353779880723561
482,6hydroxyisoquinoline_cation->neut (+1 -> +0),5.84,6.171587611839002,0.3315876118390024
483,6hydroxyquinoline_cation->neut (+1 -> +0),5.17,5.007918062711442,0.16208193728855758
484,6hydroxyquinoline_neut->an (+0 -> -1),8.88,9.022407352673017,0.14240735267301652
485,6methoxyquinoline_cation->neut (+1 -> +0),5.03,4.885246977039107,0.14475302296089332
486,6methylquinazoline_cation->neut (+1 -> +0),2.16,2.244589321398136,0.08458932139813591
487,6methylquinoline_cation->neut (+1 -> +0),5.1,5.042263197293687,0.05773680270631232
488,6nitroindazole_cation->neut (+1 -> +0),-0.97,-0.6282595685946211,0.3417404314053789
489,6nitroisoquinoline_cation->neut (+1 -> +0),3.45,3.3823997440998363,0.06760025590016383
490,7-aza-benzotriazoleoxime_neut->an (+0 -> -1),4.65,4.241068369323332,0.40893163067666816
491,7aminoisoquinoline_cation->neut (+1 -> +0),6.19,6.112396852207219,0.07760314779278144
492,7aminoquinoline_cation->neut (+1 -> +0),6.63,6.809481969316755,0.17948196931675486
493,7azaindole_cation->neut (+1 -> +0),4.6,4.608304895540457,0.008304895540457657
494,7chloroquinoline_cation->neut (+1 -> +0),3.85,3.981138986999399,0.13113898699939908
495,7hydroxyisoquinoline_cation->neut (+1 -> +0),5.69,5.59089365904173,0.09910634095827042
496,7hydroxyquinoline_cation->neut (+1 -> +0),5.48,5.467587534311068,0.012412465688932173
497,7hydroxyquinoline_neut->an (+0 -> -1),8.85,9.053401082583257,0.20340108258325706
498,7methoxyquinoline_cation->neut (+1 -> +0),5.03,5.626050971445942,0.5960509714459414
499,7methylquinazoline_cation->neut (+1 -> +0),2.54,2.324595696051653,0.21540430394834686
500,7methylxanthine_neut->an (+0 -> -1),8.33,8.233116505292596,0.09688349470740398
501,7methylxanthine_an->2an (-1 -> -2),13.0,13.663364029735014,0.6633640297350141
502,7nitroisoquinoline_cation->neut (+1 -> +0),3.59,3.6312893716959476,0.04128937169594771
503,8aminoisoquinoline_cation->neut (+1 -> +0),6.05,5.9958195277818325,0.05418047221816735
504,8aminoquinaldine_cation->neut (+1 -> +0),4.86,4.345209831829313,0.5147901681706877
505,8aminoquinoline_cation->neut (+1 -> +0),3.97,4.278767699008122,0.3087676990081216
506,8amino2naphthol_cation->neut (+1 -> +0),4.2,4.586432858787736,0.38643285878773614
507,8chloroquinoline_cation->neut (+1 -> +0),3.12,3.3619653576843618,0.24196535768436167
508,8hydroxy2methylquinoline_cation->neut (+1 -> +0),5.58,5.389495362808521,0.19050463719147892
509,8hydroxy4methylquinoline_cation->neut (+1 -> +0),5.56,5.122709246797,0.4372907532029995
510,8hydroxyisoquinoline_cation->neut (+1 -> +0),5.65,5.659373535610597,0.00937353561059684
511,8hydroxyquinoline_cation->neut (+1 -> +0),4.91,4.813150325371486,0.09684967462851457
512,8hydroxyquinoline_neut->an (+0 -> -1),9.81,9.819017167356058,0.009017167356057953
513,8hydroxyquinoline5sulfonic_an->2an (-1 -> -2),8.76,8.8469283828368,0.08692838283680082
514,8hydroxyquinoline5sulfonic_neut->an (+0 -> -1),4.11,4.145333373830213,0.03533337383021262
515,8methylquinazoline_cation->neut (+1 -> +0),2.15,2.2443022852969863,0.09430228529698637
516,8nitroisoquinoline_cation->neut (+1 -> +0),3.57,3.5820486748179166,0.012048674817916716
517,8oxoguanine_cation->neut (+1 -> +0),-0.1,0.2453611087983747,0.34536110879837467
518,8oxoguanine_neut->an (+0 -> -1),8.55,8.83209450147567,0.28209450147566884
519,9aminoacrydine_cation->neut (+1 -> +0),10.0,10.147369433051242,0.14736943305124228
520,9methoxycarbonylacridine_cation->neut (+1 -> +0),3.43,3.645413860503351,0.21541386050335065
521,9methyluric_neut->an (+0 -> -1),5.77,5.162658380187847,0.6073416198121526
522,9methylxanthine_neut->an (+0 -> -1),6.25,6.225528222325781,0.024471777674219375
523,aaatrifluoromcresol_neut->an (+0 -> -1),8.95,8.64236593583989,0.3076340641601085
524,abietic_neut->an (+0 -> -1),4.94,5.5668499980784345,0.6268499980784341
525,acetamidine_cation->neut (+1 -> +0),12.2,12.609564981856806,0.409564981856807
526,acetamidopyridine_cation->neut (+1 -> +0),4.37,3.216921637705612,1.153078362294388
527,acetic_neut->an (+0 -> -1),4.76,4.62689047939885,0.1331095206011499
528,acetohydrazine_cation->neut (+1 -> +0),3.24,2.7956293804905687,0.44437061950943146
529,acetohydroxamic_neut->an (+0 -> -1),9.4,9.420183781709106,0.02018378170910573
530,acetoneoxime_neut->an (+0 -> -1),12.2,13.33244665238228,1.1324466523822814
531,acetylacetic_neut->an (+0 -> -1),3.58,4.147169902674341,0.5671699026743413
532,acetylenedicarboxylic_an->2an (-1 -> -2),2.34,1.7566313012936048,0.5833686987063951
533,acetylenedicarboxylic_neut->an (+0 -> -1),0.66,1.115973242672884,0.45597324267288386
534,acetylguanidine_cation->neut (+1 -> +0),8.23,8.17232022685533,0.05767977314467032
535,acetylpiperazine_cation->neut (+1 -> +0),7.94,8.610525992049487,0.6705259920494866
536,acetylsalicylic_neut->an (+0 -> -1),3.47,3.4987225425019313,0.02872254250193107
537,achlorocrotonic_neut->an (+0 -> -1),3.14,3.2994452884428735,0.15944528844287342
538,acridine_cation->neut (+1 -> +0),5.6,5.401714010330331,0.19828598966966826
539,acrylic_neut->an (+0 -> -1),4.26,4.292320260462122,0.03232026046212244
540,adenine_neut->an (+0 -> -1),9.75,10.133763913598212,0.38376391359821227
541,adenineNoxyde_neut->an (+0 -> -1),8.845,8.662177533562959,0.1828224664370417
542,adrenaline_cation->neut (+1 -> +0),8.64,9.562874198528855,0.922874198528854
543,adrenaline_neut->an (+0 -> -1),9.96,9.834305399845453,0.1256946001545476
544,afluoroacrilic_neut->an (+0 -> -1),2.55,2.442344347825551,0.10765565217444895
545,alanine_cation->neut (+1 -> +0),2.34,2.6041055274522913,0.26410552745229143
546,alanine_neut->an (+0 -> -1),9.69,9.696959328223041,0.006959328223041794
547,alanylalanine_cation->neut (+1 -> +0),3.13,3.6465704651342534,0.5165704651342535
548,alanylalanine_neut->an (+0 -> -1),8.13,7.85324447929945,0.27675552070055076
549,alaninemethylester_cation->neut (+1 -> +0),7.74,7.878755816729991,0.13875581672999093
550,alanylglycine_cation->neut (+1 -> +0),3.11,2.9799697176742983,0.13003028232570157
551,alanylglycine_neut->an (+0 -> -1),8.11,8.179834569589747,0.06983456958974799
552,allothreonine_cation->neut (+1 -> +0),2.11,2.2088779348957726,0.09887793489577268
553,allothreonine_neut->an (+0 -> -1),9.1,8.953075146114845,0.14692485388515486
554,alloxan_neut->an (+0 -> -1),6.63,5.291512511698646,1.3384874883013538
555,allylacetic_neut->an (+0 -> -1),4.68,4.738205482226377,0.058205482226377114
556,allylamine_cation->neut (+1 -> +0),9.69,9.840817843353868,0.1508178433538685
557,aminoantipyrine_cation->neut (+1 -> +0),4.94,4.824179447098393,0.11582055290160742
558,aminomalonic_neut->an (+0 -> -1),3.32,3.1486559136839016,0.1713440863160982
559,aminomalonic_an->2an (-1 -> -2),9.83,9.226401339806463,0.603598660193537
560,aminomethylphosphonic_an->2an (-1 -> -2),10.0,7.9690023828287195,2.0309976171712805
561,aminomethylphosphonic_cation->neut (+1 -> +0),1.8,0.5162484510886749,1.2837515489113251
562,aminomethylphosphonic_neut->an (+0 -> -1),5.4,8.213804180511351,2.813804180511351
563,aminomethylsulfonic_neut->an (+0 -> -1),5.57,5.069991393105127,0.5000086068948733
564,aminotetrazole_neut->an (+0 -> -1),6.07,6.311326828206395,0.24132682820639495
565,aminotetrazole_cation->neut (+1 -> +0),1.76,1.0213520702062837,0.7386479297937163
566,angelic_neut->an (+0 -> -1),4.29,4.363733927492814,0.07373392749281393
567,anhydroplatynecine_cation->neut (+1 -> +0),9.4,8.770534568979464,0.6294654310205363
568,aniline_cation->neut (+1 -> +0),4.6,4.663456465531222,0.06345646553122197
569,anthraquinone1carboxylic_neut->an (+0 -> -1),3.37,2.6245015044295803,0.7454984955704198
570,anthraquinone2carboxylic_neut->an (+0 -> -1),3.42,3.244777057154349,0.1752229428456511
571,anthraquinonemonoxime_neut->an (+0 -> -1),9.78,9.05458481647631,0.7254151835236886
572,anthrazene1carboxylic_neut->an (+0 -> -1),3.68,4.055153224107331,0.37515322410733054
573,anthrazene2carboxylic_neut->an (+0 -> -1),4.18,4.054921195589364,0.12507880441063612
574,anthrazene9carboxylic_neut->an (+0 -> -1),3.65,3.368494039877959,0.2815059601220411
575,antipyrine_cation->neut (+1 -> +0),1.45,1.5960749279975035,0.14607492799750355
576,apomorphine_cation->neut (+1 -> +0),7.0,7.3846301931643055,0.38463019316430547
577,arginine_2cation->cation (+2 -> +1),2.17,2.077014747066176,0.09298525293382376
578,arginine_cation->neut (+1 -> +0),9.04,9.041271647802725,0.0012716478027261502
579,asparagine_cation->neut (+1 -> +0),2.02,2.389298128145281,0.3692981281452812
580,asparagine_neut->an (+0 -> -1),8.8,8.796651969163932,0.003348030836068716
581,aspartic_an->2an (-1 -> -2),9.6,9.249695332294717,0.35030466770528257
582,aspartic_cation->neut (+1 -> +0),1.89,1.89687371209956,0.006873712099560114
583,aspartic_neut->an (+0 -> -1),3.65,4.422869199959073,0.7728691999590729
584,aspidospermine_cation->neut (+1 -> +0),7.65,8.146050440579602,0.49605044057960157
585,azetidine_cation->neut (+1 -> +0),11.29,11.103174649238401,0.18682535076159823
586,balaninemethylester_cation->neut (+1 -> +0),9.17,8.94079692030645,0.22920307969354958
587,barbituric_neut->an (+0 -> -1),4.06,4.947934899307166,0.8879348993071661
588,bbdifluoroacrilic_neut->an (+0 -> -1),3.17,3.8133879472090406,0.6433879472090407
589,bbdimethylacrylic_neut->an (+0 -> -1),5.12,5.146708892639516,0.026708892639516257
590,benz34isothiazole_cation->neut (+1 -> +0),-0.1,0.315279063469438,0.415279063469438
591,benzenehydroxamic_neut->an (+0 -> -1),8.89,8.337717153166096,0.5522828468339043
592,benzilic_neut->an (+0 -> -1),3.09,2.4605471049538377,0.6294528950461622
593,benzimidazole_cation->neut (+1 -> +0),5.55,5.471606241971443,0.07839375802855653
594,benzimidazole_neut->an (+0 -> -1),12.3,12.67911622278583,0.3791162227858287
595,benzoic_neut->an (+0 -> -1),4.2,4.001793461910681,0.19820653808931876
596,benzoquinonemonoxime_neut->an (+0 -> -1),6.2,6.132645218045519,0.06735478195448152
597,benzothiazole_cation->neut (+1 -> +0),1.2,1.2805021614389522,0.08050216143895228
598,benzotriazole_cation->neut (+1 -> +0),0.42,1.4455774662751137,1.0255774662751138
599,benzotriazoleoxime_neut->an (+0 -> -1),5.65,5.446290879525465,0.20370912047453515
600,benzoxazole_cation->neut (+1 -> +0),0.5,-0.3567275814054689,0.8567275814054689
601,benzylalcohol_neut->an (+0 -> -1),15.4,14.908228045847451,0.49177195415254893
602,benzylamine_cation->neut (+1 -> +0),9.38,9.397632197562366,0.017632197562365448
603,benzylmethylamine_cation->neut (+1 -> +0),9.58,9.428789227246643,0.15121077275335715
604,betaeucaine_cation->neut (+1 -> +0),9.35,9.585463231863962,0.235463231863962
605,betaine_cation->neut (+1 -> +0),1.83,1.9435096204983653,0.11350962049836522
606,bromoacetic_neut->an (+0 -> -1),2.9,3.196236592159422,0.2962365921594219
607,bromomethylphosphonic_an->2an (-1 -> -2),6.52,7.222851528438344,0.7028515284383445
608,bromomethylphosphonic_neut->an (+0 -> -1),1.14,1.4009604533631217,0.2609604533631218
609,bromotetrazole_neut->an (+0 -> -1),2.13,2.9009709776420474,0.7709709776420475
610,brtetronic_neut->an (+0 -> -1),2.23,2.3491681997247316,0.11916819972473158
611,caffeine_cation->neut (+1 -> +0),0.6,0.7830305210335053,0.18303052103350537
612,canaline_2cation->cation (+2 -> +1),2.4,2.1735328736486794,0.2264671263513205
613,canaline_cation->neut (+1 -> +0),3.7,3.729842079508704,0.02984207950870399
614,canaline_neut->an (+0 -> -1),9.2,9.67377960648679,0.4737796064867901
615,canavanine_2cation->cation (+2 -> +1),2.5,1.7330941612000528,0.7669058387999472
616,canavanine_cation->neut (+1 -> +0),6.6,6.728119180836333,0.12811918083633334
617,canavanine_neut->an (+0 -> -1),9.25,9.181975909281459,0.06802409071854143
618,carbamodithioic_neut->an (+0 -> -1),2.95,2.1080986949543012,0.8419013050456989
619,carbamoylacetic_neut->an (+0 -> -1),3.64,3.955080315345051,0.315080315345051
620,carbamoylalanine_neut->an (+0 -> -1),3.89,4.147030984229106,0.2570309842291061
621,carbamoylbalanine_neut->an (+0 -> -1),4.99,4.142953968191826,0.8470460318081745
622,carbamoylglicine_neut->an (+0 -> -1),3.88,3.84117771145229,0.03882228854770986
623,carbedazim_cation->neut (+1 -> +0),4.53,4.1414455071227625,0.38855449287723776
624,carnitine_cation->neut (+1 -> +0),3.8,3.1028234979671456,0.6971765020328542
625,chloro-benzotriazoleoxime_neut->an (+0 -> -1),4.62,4.737016625828193,0.11701662582819328
626,chloroacetic_neut->an (+0 -> -1),2.87,2.7893933697799493,0.08060663022005077
627,chlorodifluoroacetic_neut->an (+0 -> -1),0.46,0.18692936764797974,0.2730706323520203
628,chloromethylphosphonic_an->2an (-1 -> -2),6.3,6.4286373026803085,0.1286373026803087
629,chloromethylphosphonic_neut->an (+0 -> -1),1.4,1.1543414310211508,0.24565856897884908
630,chloropropynoic_neut->an (+0 -> -1),1.85,1.7823300328259073,0.0676699671740928
631,chlorotetrazole_neut->an (+0 -> -1),2.07,2.2255034940215133,0.15550349402151342
632,cinchonine_2cation->cation (+2 -> +1),4.04,4.18229934769019,0.14229934769018993
633,cinchonine_cation->neut (+1 -> +0),8.15,8.783305242754997,0.6333052427549966
634,cinnoline_cation->neut (+1 -> +0),2.35,2.4525201026003884,0.10252010260038835
635,cis12cyclohexanediamine_2cation->cation (+2 -> +1),6.43,7.071011854756361,0.6410118547563615
636,cis12cyclohexanediamine_cation->neut (+1 -> +0),9.93,9.765063546357021,0.16493645364297826
637,ciscyclohexan12dicarboxylic_neut->an (+0 -> -1),4.34,4.625811211849238,0.2858112118492384
638,ciscyclohexan12dicarboxylic_an->2an (-1 -> -2),6.76,6.8288751002477595,0.06887510024775967
639,cis13cyclohexanedicarboxylic_an->2an (-1 -> -2),5.46,5.319729035245747,0.1402709647542526
640,cis13cyclohexanedicarboxylic_neut->an (+0 -> -1),4.1,4.306595562517867,0.20659556251786704
641,cischloroacrylic_neut->an (+0 -> -1),3.65,3.622878854806583,0.027121145193417018
642,ciscinnamic_neut->an (+0 -> -1),3.88,4.110309856840107,0.2303098568401074
643,cisethyleneoxidedicarboxylic_an->2an (-1 -> -2),3.92,3.921638700281979,0.0016387002819788776
644,cisethyleneoxidedicarboxylic_neut->an (+0 -> -1),1.93,2.1601944426425943,0.23019444264259437
645,cltetronic_neut->an (+0 -> -1),2.13,2.312867763373867,0.18286776337386712
646,codeine_cation->neut (+1 -> +0),8.22,8.21477871121326,0.005221288786740885
647,creatine_cation->neut (+1 -> +0),2.79,2.945176468943896,0.15517646894389614
648,creatine_neut->an (+0 -> -1),12.07,12.24070944343001,0.1707094434300096
649,creatinine_cation->neut (+1 -> +0),4.83,5.231716301717946,0.40171630171794614
650,cumenehydroperoxide_neut->an (+0 -> -1),12.33,11.863931209139011,0.46606879086098907
651,cyanoacetic_neut->an (+0 -> -1),2.46,2.2641570336225794,0.1958429663774206
652,cyanoethylamine_cation->neut (+1 -> +0),7.7,8.008627708523782,0.3086277085237823
653,cyanomethylamine_cation->neut (+1 -> +0),5.34,4.95671627254046,0.3832837274595402
654,cyclobutan11dicarboxylic_neut->an (+0 -> -1),3.01,2.9367432158766764,0.07325678412332337
655,cyclobutan11dicarboxylic_an->2an (-1 -> -2),5.55,5.57981904902537,0.029819049025370248
656,cyclobutan12cisdicarboxylic_neut->an (+0 -> -1),3.9,3.8871509070782757,0.012849092921724203
657,cyclobutan12cisdicarboxylic_an->2an (-1 -> -2),5.89,6.767700230434939,0.8777002304349395
658,cyclobutan12transdicarboxylic_neut->an (+0 -> -1),3.79,2.7969508353152577,0.9930491646847424
659,cyclobutan12transdicarboxylic_an->2an (-1 -> -2),5.61,6.331079720633388,0.7210797206333881
660,cyclobutan13cisdicarboxylic_neut->an (+0 -> -1),4.03,3.764759121366394,0.26524087863360624
661,cyclobutan13cisdicarboxylic_an->2an (-1 -> -2),5.3,5.826224312164983,0.5262243121649828
662,cyclobutan13transdicarboxylic_neut->an (+0 -> -1),3.8,4.067377909226921,0.26737790922692106
663,cyclobutan13transdicarboxylic_an->2an (-1 -> -2),5.28,5.527704994968635,0.24770499496863518
664,cyclobutancarboxylic_neut->an (+0 -> -1),4.79,5.212707691910847,0.4227076919108468
665,cyclohexan14transdicarboxylic_neut->an (+0 -> -1),4.18,4.374577317594069,0.19457731759406904
666,cyclohexan14transdicarboxylic_an->2an (-1 -> -2),5.42,5.525453809337063,0.10545380933706294
667,cyclohexan1amino1carboxylic_neut->an (+0 -> -1),10.03,10.357985595797182,0.32798559579718223
668,cyclohexan1amino1carboxylic_cation->neut (+1 -> +0),2.65,2.348577871871912,0.3014221281280878
669,cyclohexan2amino1carboxylic_neut->an (+0 -> -1),10.21,8.746871247666434,1.4631287523335672
670,cyclohexan2amino1carboxylic_cation->neut (+1 -> +0),3.56,3.958210452042981,0.398210452042981
671,cyclohexylamine_cation->neut (+1 -> +0),10.64,10.706135689124665,0.06613568912466405
672,cyclopentan11dicarboxylic_neut->an (+0 -> -1),3.09,2.969991779348213,0.12000822065178696
673,cyclopentan11dicarboxylic_an->2an (-1 -> -2),5.8,6.16365120600128,0.36365120600128
674,cyclopentan12transdicarboxylic_neut->an (+0 -> -1),3.96,3.796958215237196,0.16304178476280384
675,cyclopentan12transdicarboxylic_an->2an (-1 -> -2),5.85,7.0969979742509,1.2469979742509008
676,cyclopentan13cisdicarboxylic_neut->an (+0 -> -1),4.23,4.456227384554607,0.22622738455460656
677,cyclopentan13cisdicarboxylic_an->2an (-1 -> -2),5.53,6.492982559574507,0.962982559574507
678,cyclopentan13transdicarboxylic_neut->an (+0 -> -1),4.32,4.432003105172435,0.11200310517243484
679,cyclopentan13transdicarboxylic_an->2an (-1 -> -2),5.42,5.537141363862885,0.11714136386288487
680,cyclopentylamine_cation->neut (+1 -> +0),10.65,10.556843400270246,0.09315659972975432
681,cyclopropan11dicarboxylic_neut->an (+0 -> -1),1.68,2.4881033727556607,0.8081033727556608
682,cyclopropan11dicarboxylic_an->2an (-1 -> -2),7.22,6.94694365619791,0.27305634380208943
683,cyclopropan12cisdicarboxylic_neut->an (+0 -> -1),3.33,3.5593799953911303,0.2293799953911302
684,cyclopropan12cisdicarboxylic_an->2an (-1 -> -2),6.47,6.100565759415863,0.36943424058413665
685,cyclopropan12transdicarboxylic_neut->an (+0 -> -1),3.65,3.5714943321984594,0.07850566780154056
686,cyclopropan12transdicarboxylic_an->2an (-1 -> -2),5.13,5.148251790579219,0.018251790579219218
687,cyclopropancarboxylic_neut->an (+0 -> -1),4.83,4.662562167846205,0.16743783215379526
688,cysteine_an->2an (-1 -> -2),10.76,10.34832379616413,0.411676203835869
689,cysteine_cation->neut (+1 -> +0),1.98,1.6645134220422388,0.31548657795776114
690,cysteine_neut->an (+0 -> -1),8.38,8.413174330907083,0.033174330907081995
691,cysteamine_cation->neut (+1 -> +0),8.23,9.08845910597406,0.8584591059740596
692,cysteamine_neut->an (+0 -> -1),10.53,10.26229650468202,0.26770349531797955
693,cysteinemethylester_cation->neut (+1 -> +0),6.38,6.105095375944655,0.27490462405534455
694,cysteinemethylester_neut->an (+0 -> -1),9.17,9.790370124009314,0.6203701240093142
695,cytosine_cation->neut (+1 -> +0),4.58,4.366258181704667,0.21374181829533345
696,cytosine_neut->an (+0 -> -1),12.15,12.177908574066112,0.027908574066112024
697,DABCO_2cation->cation (+2 -> +1),2.97,3.0721168117326485,0.1021168117326483
698,DABCO_cation->neut (+1 -> +0),8.82,9.65600196124396,0.8360019612439604
699,dibromoacetic_neut->an (+0 -> -1),1.39,1.3330855615170805,0.05691443848291944
700,dibromosuccinic_neut->an (+0 -> -1),1.48,1.0372128327751042,0.44278716722489575
701,dichloroacetic_neut->an (+0 -> -1),1.26,1.5748379068607772,0.3148379068607772
702,dichloromethylphosphonic_an->2an (-1 -> -2),5.58,5.328151448715149,0.2518485512848514
703,dichloromethylphosphonic_neut->an (+0 -> -1),0.7,-0.252465475415252,0.952465475415252
704,dichlorosuccinic_neut->an (+0 -> -1),1.68,1.5710526990718288,0.10894730092817118
705,dichlorosuccinic_an->2an (-1 -> -2),3.18,2.841475464248303,0.3385245357516973
706,dicyclohexylamine_cation->neut (+1 -> +0),11.25,10.904322154585543,0.3456778454144569
707,dicyclopentylamine_cation->neut (+1 -> +0),10.93,11.35893425470897,0.4289342547089703
708,difluoroacetic_neut->an (+0 -> -1),1.33,1.5486260384148336,0.21862603841483352
709,dihydroxymandelic_neut->an (+0 -> -1),1.1,0.8861987042612247,0.21380129573877538
710,diisopropylamine_cation->neut (+1 -> +0),11.12,11.14140243552512,0.02140243552512011
711,dimethylamine_cation->neut (+1 -> +0),10.77,10.565584113953841,0.20441588604615823
712,dimethylaminophenylphosphonic_an->2an (-1 -> -2),7.35,7.738879825425226,0.38887982542522614
713,dimethylaminophenylphosphonic_cation->neut (+1 -> +0),2.0,1.3458437379507675,0.6541562620492325
714,dimethylaminophenylphosphonic_neut->an (+0 -> -1),4.2,4.6907336991082085,0.4907336991082083
715,dimethylcyclohexylamine_cation->neut (+1 -> +0),10.7,10.308303278997759,0.3916967210022406
716,dimethylethanethiol_neut->an (+0 -> -1),11.22,10.951653762222882,0.2683462377771182
717,dimethylglyoxime_neut->an (+0 -> -1),10.6,11.231046867308084,0.6310468673080845
718,dimethylguanidine_cation->neut (+1 -> +0),13.6,12.830305240099825,0.7696947599001742
719,dimethylisobutylamine_cation->neut (+1 -> +0),9.91,10.420659995611073,0.5106599956110731
720,dimethylmalonic_an->2an (-1 -> -2),5.68,5.92368122085258,0.24368122085258026
721,dimethylmalonic_neut->an (+0 -> -1),3.01,3.271788779491163,0.2617887794911633
722,dimethylpiperazine_2cation->cation (+2 -> +1),4.63,3.9618082377511303,0.6681917622488696
723,dimethylpiperazine_cation->neut (+1 -> +0),8.54,8.766806098640515,0.22680609864051604
724,dimethylphosphoric_neut->an (+0 -> -1),0.76,0.5576166799645073,0.20238332003549275
725,dinitromethane_neut->an (+0 -> -1),3.63,3.2416026999569407,0.38839730004305917
726,diphenylacetic_neut->an (+0 -> -1),3.94,3.90528502506121,0.03471497493878983
727,diphenylamine_cation->neut (+1 -> +0),0.9,1.3451991635858755,0.4451991635858755
728,dithioerythritol_neut->an (+0 -> -1),9.5,7.518520970041824,1.9814790299581757
729,dopamine_cation->neut (+1 -> +0),8.87,9.766817944541291,0.8968179445412918
730,dopamine_neut->an (+0 -> -1),10.63,9.344194605487584,1.2858053945124173
731,ecgonine_neut->an (+0 -> -1),10.21,9.538051408302826,0.6719485916971752
732,ephedrine_cation->neut (+1 -> +0),9.54,8.986870016230483,0.5531299837695158
733,ethanedithiol_an->2an (-1 -> -2),10.54,10.333029190420987,0.20697080957901193
734,ethanedithiol_neut->an (+0 -> -1),8.96,9.715112659804358,0.7551126598043574
735,ethanethiol_neut->an (+0 -> -1),10.61,10.659981208527714,0.049981208527714927
736,ethanol_neut->an (+0 -> -1),15.9,15.490964755472088,0.40903524452791196
737,ethanolamine_cation->neut (+1 -> +0),9.5,8.863041777883627,0.6369582221163732
738,ethylamine_cation->neut (+1 -> +0),10.63,10.74641022718976,0.11641022718975869
739,ethyleneglycol_neut->an (+0 -> -1),14.77,15.387531166008607,0.6175311660086074
740,ethylhydroperoxyde_neut->an (+0 -> -1),11.8,11.454705954999042,0.3452940450009585
741,ethylphosphinic_neut->an (+0 -> -1),3.29,3.307349667352989,0.01734966735298915
742,formylglycine_neut->an (+0 -> -1),3.43,3.399862564863807,0.030137435136193158
743,fluoroacetic_neut->an (+0 -> -1),2.58,3.2057576834533394,0.6257576834533394
744,formic_neut->an (+0 -> -1),3.75,3.469084040917294,0.28091595908270595
745,gallic_neut->an (+0 -> -1),4.21,4.127313254873767,0.08268674512623253
746,glutamic_cation->neut (+1 -> +0),2.19,2.317997457393056,0.127997457393056
747,glutamic_neut->an (+0 -> -1),4.25,3.7813786347985197,0.46862136520148034
748,glutamic_an->2an (-1 -> -2),9.67,10.523002366219764,0.8530023662197639
749,glutamine_neut->an (+0 -> -1),9.13,8.989371899675252,0.14062810032474893
750,glutamine_cation->neut (+1 -> +0),2.17,2.4341369899133243,0.26413698991332435
751,glutarimide_neut->an (+0 -> -1),11.43,10.670382161025685,0.7596178389743145
752,glyceric_neut->an (+0 -> -1),3.64,2.900196892822029,0.7398031071779712
753,glycolic_neut->an (+0 -> -1),3.83,3.9384127825843223,0.10841278258432219
754,glycylalanine_cation->neut (+1 -> +0),3.15,2.9536967601091906,0.19630323989080933
755,glycylalanine_neut->an (+0 -> -1),8.33,8.1555916336876,0.17440836631240053
756,glycylglycylglycine_cation->neut (+1 -> +0),3.38,2.8936402194716893,0.48635978052831064
757,glycylglycylglycine_neut->an (+0 -> -1),7.88,7.86230053101202,0.017699468987979472
758,glycilglycine_cation->neut (+1 -> +0),3.13,2.9953857764811413,0.13461422351885854
759,glycilglycine_neut->an (+0 -> -1),8.25,8.48469584020891,0.23469584020891077
760,glycilproline_cation->neut (+1 -> +0),2.81,3.3876436059360957,0.5776436059360956
761,glycilproline_neut->an (+0 -> -1),8.65,8.322028799015087,0.32797120098491384
762,glycylserine_cation->neut (+1 -> +0),2.98,2.6819950608154297,0.29800493918457027
763,glycylserine_neut->an (+0 -> -1),8.38,8.286996340519776,0.0930036594802246
764,glycyltyrosine_cation->neut (+1 -> +0),2.93,3.1254115279513863,0.19541152795138617
765,glycyltyrosine_neut->an (+0 -> -1),8.45,7.493068910736086,0.9569310892639136
766,glycyltyrosine_an->2an (-1 -> -2),10.49,10.41279389239078,0.07720610760921964
767,glycylvaline_cation->neut (+1 -> +0),3.15,2.7484799067128503,0.40152009328714966
768,glycylvaline_neut->an (+0 -> -1),8.18,8.124048412817515,0.055951587182484275
769,glycine_cation->neut (+1 -> +0),2.34,2.61687057885419,0.2768705788541901
770,glycine_neut->an (+0 -> -1),9.6,9.030427390609852,0.5695726093901481
771,glycineamide_cation->neut (+1 -> +0),8.03,7.468676967182001,0.5613230328179988
772,glycinemethylester_cation->neut (+1 -> +0),7.59,7.518668048442428,0.0713319515575721
773,glycinehydroxamic_cation->neut (+1 -> +0),7.1,7.370505753854514,0.2705057538545139
774,glycinehydroxamic_neut->an (+0 -> -1),9.1,8.84020657923027,0.25979342076973033
775,gtrifluoromethylcrotonic_neut->an (+0 -> -1),3.36,3.0254435258364145,0.33455647416358536
776,guanidine_cation->neut (+1 -> +0),13.6,12.039429760223497,1.5605702397765029
777,guanidineacetic_cation->neut (+1 -> +0),2.81,3.487504471461474,0.6775044714614737
778,guanine_an->2an (-1 -> -2),12.3,12.41949463785166,0.11949463785165904
779,harmine_cation->neut (+1 -> +0),7.45,7.64361120383622,0.19361120383621966
780,heroin_cation->neut (+1 -> +0),7.6,7.688979380038227,0.0889793800382277
781,hexafluoro2propanol_neut->an (+0 -> -1),9.42,8.868081027617265,0.5519189723827349
782,hippuric_neut->an (+0 -> -1),3.65,3.822872918176299,0.1728729181762989
783,histidine_2cation->cation (+2 -> +1),1.82,1.8538675349609903,0.033867534960990264
784,histidine_cation->neut (+1 -> +0),6.0,6.0678296621958046,0.06782966219580455
785,histidine_neut->an (+0 -> -1),9.17,8.890191793691116,0.2798082063088838
786,homocysteine_an->2an (-1 -> -2),10.86,10.819680230970517,0.04031976902948209
787,homocysteine_cation->neut (+1 -> +0),2.22,2.6383397009299907,0.4183397009299905
788,homocysteine_neut->an (+0 -> -1),8.87,8.943656271697517,0.07365627169751754
789,homogentisic_neut->an (+0 -> -1),4.4,3.867393442720531,0.5326065572794692
790,homoserine_cation->neut (+1 -> +0),2.71,2.0965725896126495,0.6134274103873505
791,homoserine_neut->an (+0 -> -1),9.72,8.681418451891028,1.0385815481089722
792,hydantoin_neut->an (+0 -> -1),9.12,9.002688415414553,0.11731158458544577
793,hypoxanthine_cation->neut (+1 -> +0),1.19,2.065979892516058,0.875979892516058
794,hypoxanthine_neut->an (+0 -> -1),8.5,8.906869950376201,0.4068699503762012
795,imidazole_cation->neut (+1 -> +0),6.95,6.900993860242177,0.04900613975782342
796,imidazole_neut->an (+0 -> -1),14.17,13.37453953565229,0.7954604643477108
797,indazole_cation->neut (+1 -> +0),1.25,1.3811236219258465,0.13112362192584648
798,indazole_neut->an (+0 -> -1),13.9,13.242495754720913,0.6575042452790871
799,indoline_cation->neut (+1 -> +0),4.9,5.165312180644222,0.265312180644222
800,iodoacetic_neut->an (+0 -> -1),3.18,3.246703457298647,0.0667034572986469
801,isoasparagine_cation->neut (+1 -> +0),2.97,2.789732133898264,0.18026786610173628
802,isoasparagine_neut->an (+0 -> -1),8.02,8.219367763413043,0.19936776341304352
803,isoglutamine_cation->neut (+1 -> +0),3.81,4.198823381795049,0.38882338179504883
804,isoglutamine_neut->an (+0 -> -1),7.88,7.553816157295062,0.32618384270493817
805,isohistamine_2cation->cation (+2 -> +1),6.04,5.865979824758997,0.17402017524100266
806,isohistamine_cation->neut (+1 -> +0),9.27,9.426196985245095,0.15619698524509573
807,isoleucine_cation->neut (+1 -> +0),2.36,2.6246665423347704,0.2646665423347705
808,isoleucine_neut->an (+0 -> -1),9.68,9.4780742226288,0.20192577737119954
809,lysergic_cation->neut (+1 -> +0),3.44,3.059495342658826,0.3805046573411741
810,lysergic_neut->an (+0 -> -1),7.68,7.490952114420516,0.18904788557948393
811,isopropylamine_cation->neut (+1 -> +0),10.64,10.655704947740022,0.01570494774002107
812,isopropylmalonic_an->2an (-1 -> -2),5.88,6.007167414768902,0.12716741476890192
813,isopropylmalonic_neut->an (+0 -> -1),2.94,2.0940834035792086,0.8459165964207913
814,isopropylphosphinic_neut->an (+0 -> -1),3.56,3.3981085566152016,0.16189144338479844
815,isoquinoline_cation->neut (+1 -> +0),5.4,5.395824757493023,0.004175242506977206
816,isoretronecanol_cation->neut (+1 -> +0),10.83,10.60961982862575,0.22038017137425037
817,isothiazole_cation->neut (+1 -> +0),-0.5,-0.3106819978070048,0.18931800219299522
818,isoserine_cation->neut (+1 -> +0),2.72,2.4774938788647995,0.24250612113520065
819,isoserine_neut->an (+0 -> -1),9.25,9.043769294699388,0.20623070530061227
820,isovanillin_neut->an (+0 -> -1),8.89,9.280833681684328,0.3908336816843274
821,itaconic_an->2an (-1 -> -2),5.45,5.608815203787493,0.15881520378749325
822,itaconic_neut->an (+0 -> -1),3.63,3.266004163720549,0.3639958362794511
823,lactic_neut->an (+0 -> -1),3.86,4.975512736975244,1.1155127369752438
824,leucine_cation->neut (+1 -> +0),2.33,2.5841822444165015,0.2541822444165014
825,leucine_neut->an (+0 -> -1),9.6,9.350073181359427,0.24992681864057253
826,lumacine_neut->an (+0 -> -1),7.92,7.646921209278767,0.2730787907212333
827,isolysergic_cation->neut (+1 -> +0),3.33,2.6429077267241787,0.6870922732758213
828,isolysergic_neut->an (+0 -> -1),8.46,9.074882947973787,0.6148829479737863
829,lysine_2cation->cation (+2 -> +1),2.18,1.9033969696376776,0.2766030303623226
830,lysine_cation->neut (+1 -> +0),8.94,9.443692478726152,0.503692478726153
831,lysine_neut->an (+0 -> -1),10.53,10.154632156585869,0.3753678434141303
832,m-acetylaniline_cation->neut (+1 -> +0),3.58,3.6039734043515503,0.023973404351550265
833,m-acetylphenol_neut->an (+0 -> -1),9.19,9.26190896445502,0.07190896445502126
834,m-aminophenol_neut->an (+0 -> -1),9.87,9.887338209279559,0.017338209279559536
835,m-chlorobenzoic_neut->an (+0 -> -1),3.83,3.608355978916703,0.22164402108329728
836,m-chlorophenol_neut->an (+0 -> -1),9.1,8.989178057103826,0.1108219428961732
837,m-claniline_cation->neut (+1 -> +0),3.52,3.56771500490746,0.047715004907459946
838,m-cresol_neut->an (+0 -> -1),10.0,10.065117998455165,0.06511799845516464
839,m-cyanobenzoic_neut->an (+0 -> -1),3.6,3.469586308861345,0.13041369113865509
840,m-cyanophenol_neut->an (+0 -> -1),8.61,8.668445433796403,0.05844543379640399
841,m-fluorobenzoic_neut->an (+0 -> -1),3.87,3.8499895003818514,0.020010499618148714
842,m-fluorophenol_neut->an (+0 -> -1),9.29,9.088439443164908,0.20156055683509067
843,m-hydroxybenzoic_neut->an (+0 -> -1),4.08,4.092667102976132,0.01266710297613205
844,m-hydroxybenzoic_an->2an (-1 -> -2),9.85,9.750094633845833,0.09990536615416623
845,m-hydroxyphenol_neut->an (+0 -> -1),9.2,9.48029478891282,0.2802947889128209
846,m-hydroxyphenol_an->2an (-1 -> -2),10.9,10.930269531738258,0.030269531738257527
847,m-methoxybenzoic_neut->an (+0 -> -1),4.08,3.948565522730811,0.1314344772691891
848,m-methoxyphenol_neut->an (+0 -> -1),9.65,9.594337175531852,0.05566282446814874
849,m-methylbenzoic_neut->an (+0 -> -1),4.27,4.128396498294419,0.141603501705581
850,m-nitroaniline_cation->neut (+1 -> +0),2.5,2.263991014626698,0.23600898537330206
851,m-nitrobenzoic_neut->an (+0 -> -1),3.46,3.5171880105740163,0.057188010574016346
852,m-nitrophenol_neut->an (+0 -> -1),8.36,8.520940572695043,0.16094057269504347
853,m-phenylphenol_neut->an (+0 -> -1),9.63,9.240288701410286,0.38971129858971487
854,m-trifluoromethylaniline_cation->neut (+1 -> +0),3.5,3.0236112838140086,0.47638871618599143
855,maleic_neut->an (+0 -> -1),1.92,1.7397004109796876,0.1802995890203123
856,maleic_an->2an (-1 -> -2),6.23,5.9087150650332285,0.3212849349667719
857,malic_neut->an (+0 -> -1),3.46,3.0258491457407803,0.4341508542592196
858,malic_an->2an (-1 -> -2),5.1,4.851050792636475,0.24894920736352422
859,malonic_neut->an (+0 -> -1),2.7,2.321868619130421,0.3781313808695792
860,malonic_an->2an (-1 -> -2),5.26,6.235876002786602,0.9758760027866025
861,mandelic_neut->an (+0 -> -1),3.4,2.8540385688507515,0.5459614311492484
862,manisidine_cation->neut (+1 -> +0),4.2,4.148494138375616,0.051505861624383975
863,mbenzbetaine_cation->neut (+1 -> +0),3.217,2.9870787197019686,0.2299212802980315
864,mercaptopurine_neut->an (+0 -> -1),7.77,7.648645276748825,0.12135472325117469
865,mesaconic_neut->an (+0 -> -1),3.09,2.7478741738737025,0.3421258261262974
866,mesaconic_an->2an (-1 -> -2),4.75,5.004463714948025,0.25446371494802467
867,mesodibromosuccinic_neut->an (+0 -> -1),1.42,2.7288635995078527,1.3088635995078528
868,mesodibromosuccinic_an->2an (-1 -> -2),2.97,2.4695654449967828,0.5004345550032174
869,mesodichlorosuccinic_neut->an (+0 -> -1),1.74,2.0593458851061497,0.3193458851061497
870,mesodichlorosuccinic_an->2an (-1 -> -2),3.24,2.585334497942985,0.6546655020570151
871,meso23dimethylsuccinic_neut->an (+0 -> -1),3.77,3.955949772769146,0.18594977276914593
872,meso23dimethylsuccinic_an->2an (-1 -> -2),5.36,5.8132790101086425,0.45327901010864213
873,metacrylic_neut->an (+0 -> -1),4.66,4.362334460371373,0.2976655396286274
874,methanethiol_neut->an (+0 -> -1),10.7,10.28267538053995,0.4173246194600502
875,methanol_neut->an (+0 -> -1),15.54,16.037395546425394,0.49739554642539474
876,methionine_cation->neut (+1 -> +0),2.28,2.1344170402008524,0.14558295979914737
877,methionine_neut->an (+0 -> -1),9.21,9.369019108952067,0.15901910895206584
878,methoxyacetic_neut->an (+0 -> -1),3.57,3.224769353138911,0.3452306468610886
879,methoxyphenylphosphonic_neut->an (+0 -> -1),2.4,2.1304776615978875,0.26952233840211237
880,methoxyphenylphosphonic_an->2an (-1 -> -2),7.15,7.5219842631341205,0.37198426313412014
881,methylamine_cation->neut (+1 -> +0),10.62,10.553546621165733,0.06645337883426627
882,methylazetidine_cation->neut (+1 -> +0),10.4,10.55036947147931,0.15036947147931023
883,methylguanidine_cation->neut (+1 -> +0),13.4,12.878851949512061,0.5211480504879393
884,methylphosphinic_neut->an (+0 -> -1),3.08,3.1781234473158557,0.09812344731585565
885,methylphosphonic_neut->an (+0 -> -1),2.38,2.8592714697314516,0.47927146973145174
886,methylphosphonic_an->2an (-1 -> -2),7.74,8.080861434998493,0.34086143499849264
887,methylphosphoric_neut->an (+0 -> -1),1.54,2.1716127529631404,0.6316127529631403
888,methylphosphoric_an->2an (-1 -> -2),6.31,5.186084246616827,1.123915753383173
889,methylpiperidine_cation->neut (+1 -> +0),10.19,10.050464065632056,0.13953593436794343
890,methylpyrrolidine_cation->neut (+1 -> +0),10.46,10.3111682725277,0.14883172747230056
891,methylsulfonylacetic_neut->an (+0 -> -1),2.36,2.318770816253327,0.04122918374667295
892,methyltetrazole_neut->an (+0 -> -1),5.5,5.9476367676129795,0.44763676761297955
893,morphine_cation->neut (+1 -> +0),8.21,8.228451765424705,0.018451765424703837
894,morpholine_cation->neut (+1 -> +0),8.43,9.296202631752092,0.8662026317520919
895,mphtalic_neut->an (+0 -> -1),3.7,3.6111877222934465,0.08881227770655364
896,mphtalic_an->2an (-1 -> -2),4.6,4.6519397438336965,0.051939743833696816
897,mthiocresol_neut->an (+0 -> -1),6.58,6.603261931604072,0.02326193160407186
898,mtoluidine_cation->neut (+1 -> +0),4.69,4.802678588088027,0.112678588088027
899,myosmine_cation->neut (+1 -> +0),5.26,5.413771899185037,0.15377189918503742
900,n2dimethylpiperidine_cation->neut (+1 -> +0),10.26,10.344848172678315,0.08484817267831524
901,n2dimethylpyrrolidine_cation->neut (+1 -> +0),10.26,9.79126953413127,0.46873046586872924
902,nacetylalanine_neut->an (+0 -> -1),3.72,3.5647653407819373,0.1552346592180629
903,nacetylbalanine_neut->an (+0 -> -1),4.46,4.621616387547399,0.16161638754739904
904,nacetylpenicilamine_neut->an (+0 -> -1),9.9,9.087791145192202,0.8122088548077979
905,Nacetylglycine_neut->an (+0 -> -1),3.67,3.708642413757599,0.03864241375759914
906,nacetylimidazole_cation->neut (+1 -> +0),3.6,3.570820698764127,0.0291793012358732
907,Nacetyltetrametylguanidine_cation->neut (+1 -> +0),9.1,9.694297382174675,0.5942973821746751
908,Nacetyltrimetylguanidine_cation->neut (+1 -> +0),8.93,9.340306208392043,0.41030620839204346
909,naphtimidazole_cation->neut (+1 -> +0),5.16,5.204336090690227,0.04433609069022726
910,naphtohydroquinone_neut->an (+0 -> -1),9.37,10.640382033797646,1.270382033797647
911,naphtohydroquinone_an->2an (-1 -> -2),10.93,10.860213845089175,0.0697861549108243
912,naphtoquinonemonoxime_neut->an (+0 -> -1),8.01,8.242390368091383,0.2323903680913837
913,Nbenzoylpiperazine_cation->neut (+1 -> +0),7.75,8.10573178627883,0.3557317862788292
914,nicotine_2cation->cation (+2 -> +1),3.13,3.2067388181331253,0.07673881813312544
915,nicotine_cation->neut (+1 -> +0),8.11,7.617931226672113,0.4920687733278868
916,nisopropylaniline_cation->neut (+1 -> +0),5.5,5.78191940667217,0.28191940667216997
917,nitro-benzotriazoleoxime_neut->an (+0 -> -1),2.75,3.078122056687162,0.3281220566871621
918,nitroacetic_neut->an (+0 -> -1),1.68,1.8454408835477842,0.1654408835477843
919,nitroethane_neut->an (+0 -> -1),8.57,9.524635213129477,0.9546352131294764
920,nitromesitol_neut->an (+0 -> -1),8.98,9.256132709207055,0.27613270920705446
921,nitromethane_neut->an (+0 -> -1),10.12,10.526732600626133,0.4067326006261336
922,nitrourea_neut->an (+0 -> -1),4.15,3.8226973032299743,0.3273026967700261
923,nmethylalanine_cation->neut (+1 -> +0),2.22,2.107102930916809,0.11289706908319141
924,nmethylalanine_neut->an (+0 -> -1),10.19,9.90151549709846,0.2884845029015395
925,Nmethylaniline_cation->neut (+1 -> +0),4.85,4.3408657016051615,0.5091342983948381
926,Nmethylaziridine_cation->neut (+1 -> +0),7.86,7.370941416653327,0.4890585833466732
927,nmethylbenzpyrazole_cation->neut (+1 -> +0),0.4,0.9180508945067256,0.5180508945067256
928,nmethylbenzymidazole_cation->neut (+1 -> +0),5.24,5.4354135034082445,0.19541350340824426
929,Nmethylmethoxyamine_cation->neut (+1 -> +0),4.75,5.085853796497007,0.3358537964970072
930,nmethylmorpholine_cation->neut (+1 -> +0),7.41,7.624255156457648,0.21425515645764825
931,nndimethylglycylglycine_cation->neut (+1 -> +0),3.11,3.1974002702438797,0.08740027024387986
932,nndimethylglycylglycine_neut->an (+0 -> -1),8.09,7.136531826010056,0.9534681739899442
933,nndimethylotoluidine_cation->neut (+1 -> +0),5.86,5.690193270560921,0.16980672943907926
934,nndimethylptoluidine_cation->neut (+1 -> +0),5.5,5.207573232169295,0.29242676783070465
935,nndimethylaniline_cation->neut (+1 -> +0),5.15,5.166886616506231,0.016886616506230467
936,nndimethylglycine_cation->neut (+1 -> +0),2.15,2.2703525405196467,0.12035254051964683
937,nndimethylglycine_neut->an (+0 -> -1),9.94,9.13764810581731,0.8023518941826904
938,noradrenaline_cation->neut (+1 -> +0),8.64,8.347886301983285,0.29211369801671516
939,noradrenaline_neut->an (+0 -> -1),9.7,9.685351865239394,0.014648134760605558
940,o-acetylaniline_cation->neut (+1 -> +0),2.3,2.556853696888111,0.2568536968881112
941,o-chlorophenol_neut->an (+0 -> -1),8.55,8.315569182031346,0.23443081796865428
942,o-claniline_cation->neut (+1 -> +0),2.64,2.7273905938047065,0.08739059380470637
943,o-cresol_neut->an (+0 -> -1),10.26,9.820264043950072,0.4397359560499279
944,o-fluorobenzoic_neut->an (+0 -> -1),3.27,4.016946891943133,0.7469468919431326
945,o-hydroxyphenol_neut->an (+0 -> -1),9.4,9.267842648350374,0.13215735164962616
946,o-hydroxyphenol_an->2an (-1 -> -2),12.4,11.96840398936089,0.4315960106391099
947,o-methoxyphenol_neut->an (+0 -> -1),9.99,9.797361122128043,0.192638877871957
948,o-methylbenzoic_neut->an (+0 -> -1),3.9,4.198963537413179,0.29896353741317894
949,o-methylisourea_cation->neut (+1 -> +0),9.72,9.961454893102033,0.2414548931020324
950,omethylthreonine_cation->neut (+1 -> +0),2.02,1.8464644335973404,0.17353556640265966
951,omethylthreonine_neut->an (+0 -> -1),9.0,9.290740868480928,0.2907408684809276
952,omethyltyrosine_cation->neut (+1 -> +0),2.21,2.4509514793574914,0.2409514793574914
953,omethyltyrosine_neut->an (+0 -> -1),9.35,9.421146302214904,0.07114630221490437
954,o-nitroaniline_cation->neut (+1 -> +0),-0.28,-0.31150385545179127,0.03150385545179124
955,o-nitrophenol_neut->an (+0 -> -1),7.22,7.150694530383911,0.06930546961608908
956,oanisidine_cation->neut (+1 -> +0),4.53,4.649221940863541,0.11922194086354043
957,ofluorophenol_neut->an (+0 -> -1),8.73,8.790197312976044,0.060197312976043804
958,omethoxybenzoic_neut->an (+0 -> -1),4.09,4.164661954648225,0.07466195464822523
959,ophtalic_neut->an (+0 -> -1),2.95,3.0414698455763585,0.09146984557635829
960,ophtalic_an->2an (-1 -> -2),5.41,5.133586353594427,0.2764136464055733
961,ornitine_2cation->cation (+2 -> +1),1.94,2.4614700070647926,0.5214700070647926
962,ornitine_cation->neut (+1 -> +0),8.65,7.713589010430214,0.9364109895697865
963,ornitine_neut->an (+0 -> -1),10.76,10.670640796752387,0.08935920324761248
964,otoluidine_cation->neut (+1 -> +0),4.45,4.1818590471512165,0.2681409528487837
965,oxalic_an->2an (-1 -> -2),4.27,4.537169269042733,0.26716926904273386
966,oxalic_neut->an (+0 -> -1),1.28,1.2140886072307904,0.06591139276920965
967,oxazole_cation->neut (+1 -> +0),0.8,1.1513437864355742,0.3513437864355742
968,p-acetylphenol_neut->an (+0 -> -1),8.05,8.000969765629646,0.049030234370354364
969,p-aminophenol_neut->an (+0 -> -1),10.3,10.600681106369255,0.3006811063692538
970,p-aminophenol_cation->neut (+1 -> +0),5.48,5.425084365340217,0.05491563465978366
971,p-chlorobenzoic_neut->an (+0 -> -1),3.99,4.005044791605895,0.015044791605895114
972,p-chlorophenol_neut->an (+0 -> -1),9.43,9.553956596179168,0.12395659617916799
973,p-claniline_cation->neut (+1 -> +0),3.99,3.9163749902218505,0.07362500977814967
974,p-cresol_neut->an (+0 -> -1),10.26,10.24370289311996,0.0162971068800406
975,p-cyanobenzoic_neut->an (+0 -> -1),3.55,3.6178106067225793,0.06781060672257944
976,p-cyanophenol_neut->an (+0 -> -1),7.95,7.870334538842719,0.07966546115728157
977,p-fluorobenzoic_neut->an (+0 -> -1),4.14,4.1225915876710015,0.017408412328998146
978,p-fluorophenol_neut->an (+0 -> -1),9.89,9.81659811929638,0.07340188070362075
979,p-hydroxybenzoic_an->2an (-1 -> -2),9.23,9.189414203499915,0.040585796500085536
980,p-hydroxybenzoic_neut->an (+0 -> -1),4.58,4.396649916008009,0.18335008399199104
981,p-hydroxyphenol_neut->an (+0 -> -1),9.91,10.404696470443394,0.4946964704433938
982,p-hydroxyphenol_an->2an (-1 -> -2),12.04,12.016213880484996,0.023786119515003534
983,p-mercaptophenol_neut->an (+0 -> -1),9.53,9.129115295346864,0.4008847046531354
984,p-methoxybenzoic_neut->an (+0 -> -1),4.49,4.539233459690452,0.04923345969045201
985,p-methoxyphenol_neut->an (+0 -> -1),10.2,9.93731320632215,0.2626867936778492
986,p-methylbenzoic_neut->an (+0 -> -1),4.36,4.291201698009765,0.06879830199023562
987,p-nitroaniline_cation->neut (+1 -> +0),1.01,1.023119578616659,0.013119578616658911
988,p-nitrobenzoic_neut->an (+0 -> -1),3.44,3.73019472508937,0.29019472508936994
989,p-nitrophenol_neut->an (+0 -> -1),7.15,6.71377874634634,0.4362212536536605
990,p-phenylphenol_neut->an (+0 -> -1),9.55,9.669281355880525,0.11928135588052413
991,p-trifluoromethylaniline_cation->neut (+1 -> +0),2.6,2.9199935365878344,0.31999353658783436
992,panisidine_cation->neut (+1 -> +0),5.36,5.1161015528205755,0.24389844717942477
993,pbenzbetaine_cation->neut (+1 -> +0),3.25,2.6140226543567335,0.6359773456432665
994,perimidine_cation->neut (+1 -> +0),6.35,5.933017026765438,0.41698297323456135
995,perlolidine_cation->neut (+1 -> +0),4.01,4.374053072505318,0.3640530725053184
996,perlolidine_neut->an (+0 -> -1),11.39,10.828910278571925,0.5610897214280754
997,peroxyacetic_neut->an (+0 -> -1),8.2,7.434769219613651,0.7652307803863483
998,phealanine_cation->neut (+1 -> +0),1.83,1.9586966248666355,0.12869662486663547
999,phealanine_neut->an (+0 -> -1),9.83,9.52907772234968,0.3009222776503204
1000,phenanthridine_cation->neut (+1 -> +0),4.52,4.662156594649152,0.1421565946491521
1001,phenazine_cation->neut (+1 -> +0),1.2,1.032189669080056,0.1678103309199439
1002,phenol_neut->an (+0 -> -1),9.99,9.89937086525648,0.09062913474352108
1003,phenoxyacetic_neut->an (+0 -> -1),3.71,3.159063193241728,0.5509368067582718
1004,phenylacetic_neut->an (+0 -> -1),4.31,4.047536088593645,0.2624639114063543
1005,phenylhidrazine_cation->neut (+1 -> +0),5.2,6.126743262807158,0.9267432628071575
1006,phenylmalonic_an->2an (-1 -> -2),5.59,5.748368563791493,0.1583685637914929
1007,phenylmalonic_neut->an (+0 -> -1),2.52,2.0247353560893577,0.4952646439106423
1008,phenylphosphinic_neut->an (+0 -> -1),2.1,2.5327684526147944,0.43276845261479435
1009,phosphoramidic_an->2an (-1 -> -2),8.25,7.960828995081284,0.2891710049187157
1010,phosphoramidic_neut->an (+0 -> -1),2.83,2.3355193796532845,0.4944806203467156
1011,phtalazine_cation->neut (+1 -> +0),3.47,3.792257059153564,0.32225705915356384
1012,phthalimide_neut->an (+0 -> -1),8.3,8.863559192537636,0.5635591925376353
1013,physostigmine_cation->neut (+1 -> +0),7.88,7.811886714979593,0.0681132850204067
1014,picolinic_cation->neut (+1 -> +0),1.01,1.0547226437232995,0.04472264372329948
1015,picolinic_neut->an (+0 -> -1),5.32,5.27358429177232,0.0464157082276806
1016,picric_neut->an (+0 -> -1),0.42,1.4063548174329457,0.9863548174329457
1017,piperazine_2cation->cation (+2 -> +1),5.33,5.302459122475766,0.027540877524233842
1018,piperazine_cation->neut (+1 -> +0),9.73,9.772597888888843,0.042597888888842306
1019,piperidine_cation->neut (+1 -> +0),11.12,11.215508027131753,0.09550802713175344
1020,pphenoxybenzoic_neut->an (+0 -> -1),4.52,3.697732566602313,0.8222674333976867
1021,pphtalic_neut->an (+0 -> -1),3.54,3.3480902359981286,0.19190976400187143
1022,pphtalic_an->2an (-1 -> -2),4.46,4.188549529827867,0.271450470172133
1023,proline_cation->neut (+1 -> +0),1.99,1.936293513871183,0.05370648612881701
1024,proline_neut->an (+0 -> -1),10.6,10.916088090610266,0.31608809061026655
1025,propanoic_neut->an (+0 -> -1),4.87,4.665366217633469,0.20463378236653096
1026,propargylalcohol_neut->an (+0 -> -1),13.55,13.822178955575758,0.27217895557575744
1027,propiolic_neut->an (+0 -> -1),1.88,1.9213704251784414,0.04137042517844147
1028,pseudotropine_cation->neut (+1 -> +0),9.86,10.235216306114395,0.37521630611439605
1029,pthiocresol_neut->an (+0 -> -1),6.52,6.48922663900262,0.030773360997379484
1030,ptoluidine_cation->neut (+1 -> +0),5.08,4.970137722500929,0.1098622774990714
1031,ptolylphosphonic_neut->an (+0 -> -1),1.84,1.670027818254721,0.16997218174527906
1032,ptolylphosphonic_an->2an (-1 -> -2),7.33,7.240922827049321,0.08907717295067918
1033,purine_neut->an (+0 -> -1),8.92,8.970005978080485,0.05000597808048468
1034,pyrazine_cation->neut (+1 -> +0),0.6,1.384541520850271,0.784541520850271
1035,pyridazine_cation->neut (+1 -> +0),2.33,2.8097349015486595,0.4797349015486594
1036,pyridine_cation->neut (+1 -> +0),5.17,5.405922972569739,0.23592297256973893
1037,pyridine26dicarboxylic_neut->an (+0 -> -1),2.22,0.8530245251330504,1.3669754748669498
1038,pyridine26dicarboxylic_an->2an (-1 -> -2),5.22,6.160920275416649,0.9409202754166497
1039,pyridineoxide_cation->neut (+1 -> +0),0.69,0.7204611565005585,0.030461156500558584
1040,pyrimidine_cation->neut (+1 -> +0),1.3,1.6462506876165195,0.34625068761651945
1041,pyrrole2carboxylic_neut->an (+0 -> -1),4.43,4.322034704804677,0.1079652951953225
1042,pyrrole3carboxylic_neut->an (+0 -> -1),5.07,5.323188894696422,0.2531888946964216
1043,pyrrolidine_cation->neut (+1 -> +0),11.31,10.703909838399596,0.6060901616004042
1044,quinazoline_cation->neut (+1 -> +0),1.95,2.146635162509101,0.19663516250910118
1045,quinidine_2cation->cation (+2 -> +1),4.2,4.03568538789025,0.1643146121097505
1046,quinidine_cation->neut (+1 -> +0),8.8,8.361472910830473,0.43852708916952743
1047,quinine_2cation->cation (+2 -> +1),4.33,3.980905991226644,0.3490940087733563
1048,quinine_cation->neut (+1 -> +0),8.59,8.6115173269122,0.021517326912199763
1049,quinoline_cation->neut (+1 -> +0),4.8,4.8535578251703315,0.0535578251703317
1050,quinoxaline_cation->neut (+1 -> +0),0.72,0.7926041125553285,0.0726041125553285
1051,rubeanic_neut->an (+0 -> -1),10.89,10.216647912542605,0.6733520874573955
1052,s-methylisothiourea_cation->neut (+1 -> +0),9.83,9.533916416869573,0.29608358313042693
1053,saccharin_neut->an (+0 -> -1),2.32,2.335635746504801,0.01563574650480115
1054,salicylic_an->2an (-1 -> -2),12.38,13.275162780422445,0.895162780422444
1055,salicylic_neut->an (+0 -> -1),2.78,2.8754760455476154,0.09547604554761557
1056,sarcosin_cation->neut (+1 -> +0),2.12,2.384824598710339,0.26482459871033903
1057,sarcosin_neut->an (+0 -> -1),10.2,9.897367931345265,0.30263206865473435
1058,sarcosinamide_cation->neut (+1 -> +0),8.02,7.706426686635506,0.31357331336449334
1059,sarcosindimethylamide_cation->neut (+1 -> +0),8.86,8.599784112749468,0.26021588725053135
1060,sarcosinmethylamide_cation->neut (+1 -> +0),8.28,7.868802615555894,0.4111973844441055
1061,semicarbazide_cation->neut (+1 -> +0),3.53,4.032561869564753,0.5025618695647531
1062,serine_cation->neut (+1 -> +0),2.21,2.249179882746656,0.03917988274665607
1063,serine_neut->an (+0 -> -1),9.15,8.834392162310031,0.3156078376899689
1064,serinemethylester_cation->neut (+1 -> +0),7.03,6.816847756012373,0.21315224398762744
1065,sparteine_2cation->cation (+2 -> +1),4.49,4.206088233608105,0.2839117663918955
1066,sparteine_cation->neut (+1 -> +0),11.76,12.606289088824532,0.8462890888245322
1067,spinacine_2cation->cation (+2 -> +1),1.65,1.4967071793571485,0.15329282064285144
1068,spinacine_cation->neut (+1 -> +0),4.94,5.175605591028369,0.23560559102836898
1069,spinacine_neut->an (+0 -> -1),8.66,8.610590219631908,0.049409780368092626
1070,squaric_an->2an (-1 -> -2),3.48,3.7575753857866534,0.2775753857866534
1071,squaric_neut->an (+0 -> -1),0.59,0.22543682953119148,0.3645631704688085
1072,strychnine_cation->neut (+1 -> +0),8.2,8.218546596135923,0.018546596135923465
1073,succinamic_neut->an (+0 -> -1),4.39,4.382536953710437,0.007463046289562847
1074,succinic_neut->an (+0 -> -1),4.21,3.933641666886592,0.2763583331134081
1075,succinic_an->2an (-1 -> -2),5.64,5.666865859432114,0.026865859432114725
1076,succinimide_neut->an (+0 -> -1),9.62,8.97391387660238,0.6460861233976196
1077,sulfoacetic_an->2an (-1 -> -2),4.0,4.176687632043778,0.17668763204377758
1078,tartaric_neut->an (+0 -> -1),3.03,2.531698423397441,0.4983015766025587
1079,tartaric_an->2an (-1 -> -2),4.37,3.6078113823107874,0.7621886176892128
1080,taurine_neut->an (+0 -> -1),9.06,9.11149334098865,0.05149334098864955
1081,tbutylphosphonic_neut->an (+0 -> -1),2.79,2.7570745132750503,0.03292548672494977
1082,tbutylphosphonic_an->2an (-1 -> -2),8.88,8.599323277922995,0.2806767220770059
1083,tbutylthiol_neut->an (+0 -> -1),11.2,11.034876171840942,0.16512382815905724
1084,tertbutanoic_neut->an (+0 -> -1),5.03,4.930055669544395,0.09994433045560491
1085,tertbutanol_neut->an (+0 -> -1),16.0,16.202290768485977,0.2022907684859767
1086,tertbutylamine_cation->neut (+1 -> +0),10.69,10.846254218804976,0.15625421880497647
1087,tertbutylaniline_cation->neut (+1 -> +0),7.1,6.231364897311974,0.8686351026880255
1088,tertbutyldimethylamine_cation->neut (+1 -> +0),10.52,10.739134964419453,0.21913496441945313
1089,tertbutylhydroperoxide_neut->an (+0 -> -1),12.8,12.722957686566627,0.07704231343337398
1090,tetrahydroisoquinoline_cation->neut (+1 -> +0),9.41,8.781042196131935,0.6289578038680652
1091,tetrahydroquinazoline_cation->neut (+1 -> +0),7.63,8.185435020128708,0.5554350201287077
1092,tetrahydroquinoline_cation->neut (+1 -> +0),5.03,4.977618432182217,0.05238156781778347
1093,tetrahydroquinoxaline_cation->neut (+1 -> +0),4.48,4.930386691052388,0.4503866910523877
1094,tetramethylbenzoic_neut->an (+0 -> -1),3.42,3.402482216412552,0.017517783587448044
1095,tetramethylethylenediamine_2cation->cation (+2 -> +1),5.85,6.19254146899788,0.3425414689978803
1096,tetramethylethylenediamine_cation->neut (+1 -> +0),8.97,8.76009576960187,0.20990423039813066
1097,tetramethylpyrazine_cation->neut (+1 -> +0),3.6,3.3473705069502975,0.2526294930497026
1098,tetramethylpyridine_cation->neut (+1 -> +0),7.9,7.621169040817622,0.2788309591823781
1099,tetramethylsuccinic_an->2an (-1 -> -2),7.28,7.009545530130259,0.2704544698697413
1100,tetramethylsuccinic_neut->an (+0 -> -1),3.5,3.360633627504437,0.13936637249556316
1101,tetrazole_neut->an (+0 -> -1),4.86,5.518384083554162,0.6583840835541617
1102,tetrolic_neut->an (+0 -> -1),2.62,2.4768414868867303,0.14315851311326977
1103,tetronic_neut->an (+0 -> -1),3.76,3.8512103412178904,0.09121034121789062
1104,thebaine_cation->neut (+1 -> +0),7.95,8.267011602736165,0.3170116027361649
1105,theobromine_cation->neut (+1 -> +0),0.68,0.41060109649396015,0.2693989035060399
1106,theobromine_neut->an (+0 -> -1),9.97,9.905503455907368,0.06449654409263239
1107,theophilline_neut->an (+0 -> -1),8.55,9.023071248476242,0.4730712484762414
1108,thiabendazole_cation->neut (+1 -> +0),4.64,4.747577594794933,0.10757759479493334
1109,thioacetic_neut->an (+0 -> -1),3.33,2.7073396794737166,0.6226603205262835
1110,thiocyanatoacetic_neut->an (+0 -> -1),2.58,2.627086906852629,0.04708690685262873
1111,thiodiacetic_an->2an (-1 -> -2),4.29,6.081199609347581,1.791199609347581
1112,thiodiacetic_neut->an (+0 -> -1),3.32,2.299374711996191,1.0206252880038087
1113,thiophenol_neut->an (+0 -> -1),6.5,6.49644876126272,0.003551238737279583
1114,thiosemicarbazide_cation->neut (+1 -> +0),1.5,1.0455631149876181,0.4544368850123819
1115,thiourea_cation->neut (+1 -> +0),-1.58,-1.9026660421153991,0.32266604211539907
1116,threonine_cation->neut (+1 -> +0),2.09,1.9751563172409945,0.11484368275900536
1117,threonine_neut->an (+0 -> -1),9.1,9.223046047549271,0.12304604754927162
1118,thymine_neut->an (+0 -> -1),9.9,9.612526698489159,0.2874733015108415
1119,tiglic_neut->an (+0 -> -1),4.96,4.698316460476016,0.26168353952398427
1120,tolylhydroquinone_neut->an (+0 -> -1),10.03,10.254476650103213,0.22447665010321316
1121,tolylhydroquinone_an->2an (-1 -> -2),11.62,11.947660275139796,0.327660275139797
1122,trans12cyclohexanedicarboxylic_an->2an (-1 -> -2),5.93,5.452753180554866,0.47724681944513403
1123,trans12cyclohexanedicarboxylic_neut->an (+0 -> -1),4.18,4.333123096878977,0.15312309687897763
1124,trans1cyanocyclohexane2carboxylic_neut->an (+0 -> -1),3.87,4.273787930514904,0.4037879305149037
1125,trans2bromocinnamic_neut->an (+0 -> -1),4.41,4.038986001954794,0.3710139980452061
1126,trans4cyclohexene12dicarboxylic_an->2an (-1 -> -2),5.81,5.650239810926744,0.15976018907325518
1127,trans4cyclohexene12dicarboxylic_neut->an (+0 -> -1),3.95,4.303521308467679,0.3535213084676787
1128,trans4hydroxyproline_cation->neut (+1 -> +0),1.82,1.9479904318753443,0.1279904318753442
1129,trans4hydroxyproline_neut->an (+0 -> -1),9.66,10.110328676768994,0.4503286767689936
1130,transchloroacrylic_neut->an (+0 -> -1),3.32,3.71428247535425,0.3942824753542502
1131,transcinnamic_neut->an (+0 -> -1),4.45,4.6039783263307825,0.15397832633078234
1132,transcrotonic_neut->an (+0 -> -1),4.68,4.604865972340919,0.07513402765908062
1133,transcyclohexanediamine_2cation->cation (+2 -> +1),6.34,5.88127884836664,0.4587211516333598
1134,transcyclohexanediamine_cation->neut (+1 -> +0),9.74,10.184658934092136,0.44465893409213564
1135,transethyleneoxidedicarboxylic_an->2an (-1 -> -2),3.25,3.775958236883789,0.5259582368837892
1136,transethyleneoxidedicarboxylic_neut->an (+0 -> -1),1.93,2.326329701158664,0.39632970115866395
1137,triacetylmethane_neut->an (+0 -> -1),5.85,5.267940625273364,0.5820593747266356
1138,tribromoacetic_neut->an (+0 -> -1),0.72,1.0580644701556743,0.3380644701556743
1139,trichloroacetic_neut->an (+0 -> -1),0.52,0.3398742734138853,0.1801257265861147
1140,trichloroacrilic_neut->an (+0 -> -1),1.15,2.1015946492296056,0.9515946492296057
1141,trichloroetanamine_cation->neut (+1 -> +0),5.47,4.632918494036565,0.8370815059634351
1142,trichloroethanol_neut->an (+0 -> -1),12.02,12.053634392594585,0.03363439259458545
1143,trichloromethylphosphonic_an->2an (-1 -> -2),4.71,4.542275810962609,0.16772418903739084
1144,triethylamine_cation->neut (+1 -> +0),10.72,10.324527857009315,0.3954721429906858
1145,trifluoroacetic_neut->an (+0 -> -1),0.5,0.03101260723625998,0.46898739276374
1146,trifluoroacrilic_neut->an (+0 -> -1),1.79,2.1331875032785783,0.3431875032785783
1147,trifluoroethanol_neut->an (+0 -> -1),12.43,12.4305258612262,0.0005258612262011297
1148,trimethylamine_cation->neut (+1 -> +0),9.8,9.746666830004852,0.05333316999514892
1149,trinitromethane_neut->an (+0 -> -1),0.06,-0.7670065493961671,0.8270065493961671
1150,triphenylacetic_neut->an (+0 -> -1),3.96,3.515992748803556,0.44400725119644413
1151,tromethamine_cation->neut (+1 -> +0),8.08,7.745687703437351,0.3343122965626488
1152,tropacocaine_cation->neut (+1 -> +0),9.51,9.172034178429826,0.3379658215701742
1153,tropine_cation->neut (+1 -> +0),10.33,10.422045383250783,0.09204538325078282
1154,tropolone_cation->neut (+1 -> +0),-0.5,0.0270671905723594,0.5270671905723594
1155,tropolone_neut->an (+0 -> -1),6.9,6.593389170392666,0.306610829607334
1156,tryphtophan_cation->neut (+1 -> +0),2.38,2.146386826119067,0.23361317388093283
1157,tryphtophan_neut->an (+0 -> -1),9.39,9.772406669123736,0.38240666912373555
1158,tyramine_cation->neut (+1 -> +0),9.74,9.521535765567005,0.21846423443299479
1159,tyramine_neut->an (+0 -> -1),10.52,10.08237643588535,0.4376235641146504
1160,tyrosineamide_cation->neut (+1 -> +0),7.48,7.169377501571902,0.3106224984280983
1161,tyrosineamide_neut->an (+0 -> -1),9.89,10.213048824585478,0.32304882458547723
1162,tyrosine_cation->neut (+1 -> +0),2.18,1.914257468014668,0.26574253198533215
1163,tyrosine_neut->an (+0 -> -1),9.11,9.43378550812414,0.323785508124141
1164,tyrosine_an->2an (-1 -> -2),10.6,10.481126210708222,0.1188737892917775
1165,uracil_neut->an (+0 -> -1),9.4,9.289626101673788,0.11037389832621258
1166,urazole_neut->an (+0 -> -1),5.8,6.627130229125994,0.8271302291259941
1167,uric_neut->an (+0 -> -1),5.4,5.896991971231745,0.4969919712317443
1168,uric_an->2an (-1 -> -2),9.8,10.064912307923555,0.264912307923554
1169,valineamide_cation->neut (+1 -> +0),8.0,7.868695065086971,0.13130493491302886
1170,valine_cation->neut (+1 -> +0),2.3,2.657019989316491,0.35701998931649115
1171,valine_neut->an (+0 -> -1),9.79,9.968221378067469,0.17822137806746952
1172,valinemethylester_cation->neut (+1 -> +0),7.49,7.743198754370828,0.2531987543708274
1173,vanillin_neut->an (+0 -> -1),7.4,7.291046019912204,0.10895398008779633
1174,veronal_neut->an (+0 -> -1),8.02,8.032857736242306,0.012857736242306572
1175,vinylalcohol_neut->an (+0 -> -1),15.52,14.942112591048094,0.5778874089519057
1176,2367tetrahydroimiazo12apyrimidin51hone_cation->neut (+1 -> +0),8.25,8.321399741011128,0.07139974101112756
1177,5678tetrahydropteridine_cation->neut (+1 -> +0),6.63,7.129624766223881,0.4996247662238815
1178,4bromoisoquinoline_cation->neut (+1 -> +0),3.31,3.01859313188102,0.2914068681189801
1179,2aminoquinazoline_cation->neut (+1 -> +0),4.83,4.578147129372367,0.2518528706276335
1180,4aminoquinazoline_cation->neut (+1 -> +0),5.76,6.196115957915215,0.4361159579152156
1181,4methoxycinnoline_cation->neut (+1 -> +0),3.14,3.7289700954460985,0.5889700954460984
1182,4methylthiocinnoline_cation->neut (+1 -> +0),3.15,2.8273762075031508,0.32262379249684914
1183,2bromopyrimidine_cation->neut (+1 -> +0),-1.63,-1.755843907007617,0.12584390700761716
1184,1methylthionaphtalazine_cation->neut (+1 -> +0),3.46,3.306878032483543,0.1531219675164568
1185,1aminonaphtalazine_cation->neut (+1 -> +0),6.58,6.5103375547510405,0.06966244524895959
1186,2methoxyquinoxaline_cation->neut (+1 -> +0),0.28,0.16550587120158422,0.1144941287984158
1187,23dimethoxyquinoxaline_cation->neut (+1 -> +0),-1.15,-0.10057515089562585,1.049424849104374
1188,6methoxyphenanthridine_cation->neut (+1 -> +0),2.38,2.9693246306772485,0.5893246306772486
1189,2amino7methylbenzothiazole_cation->neut (+1 -> +0),4.25,4.556950724871428,0.30695072487142827
1190,2amino5methoxybenzothiazole_cation->neut (+1 -> +0),4.29,4.380804362247217,0.09080436224721655
1191,2amino15dihydro4Himidazol4one_cation->neut (+1 -> +0),4.8,4.790800034339755,0.009199965660244835
1192,nacetylimidazolin2imine_cation->neut (+1 -> +0),7.48,6.8296226944172025,0.6503773055827979
1193,4carbamoylimidazole_cation->neut (+1 -> +0),3.7,3.553429797423008,0.14657020257699216
1194,4chloro1methylimidazole_cation->neut (+1 -> +0),3.1,3.3735424761918695,0.27354247619186944
1195,4methyl1phenylimidazole_cation->neut (+1 -> +0),5.78,6.032923259238119,0.252923259238119
1196,pyrazole_cation->neut (+1 -> +0),2.48,2.5108337507003133,0.030833750700313356
1197,nmethylpyrazole_cation->neut (+1 -> +0),2.08,2.2439951178576134,0.16399511785761334
1198,13dimethylpyrazole_cation->neut (+1 -> +0),2.97,2.9147212019256585,0.05527879807434166
1199,3methylpyrazole_cation->neut (+1 -> +0),3.43,3.123056880448452,0.3069431195515482
1200,35dimethylpyrazole_cation->neut (+1 -> +0),4.25,4.32525816851367,0.0752581685136704
1201,2methoxypyrazine_cation->neut (+1 -> +0),0.75,0.6124425845795347,0.1375574154204653
1202,2methylthiopyrazine_cation->neut (+1 -> +0),0.51,0.6175208174004689,0.10752081740046893
1203,2carbamoylpyrazine_cation->neut (+1 -> +0),-0.5,-0.274706651357862,0.225293348642138
1204,1mercaptoisoquinoline_neut->an (+0 -> -1),10.84,10.932950061753976,0.09295006175397624
1205,6bromo4chloroquinoline_cation->neut (+1 -> +0),2.83,2.685793178037917,0.1442068219620829
1206,2amino5chloropyrimidine_cation->neut (+1 -> +0),1.73,2.0225842761305968,0.2925842761305968
1207,2amino5pchlorphenylpyrimidine_cation->neut (+1 -> +0),3.14,2.9472978993357692,0.19270210066423088
1208,2amino5cyanopyrimidine_cation->neut (+1 -> +0),0.66,0.8126599681729525,0.15265996817295246
1209,2amino4methylpyrimidine_cation->neut (+1 -> +0),4.13,4.493882047730825,0.3638820477308249
1210,2amino46dimethylpyrimidine_cation->neut (+1 -> +0),4.86,4.730946145240321,0.1290538547596789
1211,4amino6methylpyrimidine_cation->neut (+1 -> +0),6.16,6.255726124797223,0.0957261247972232
1212,4amino6chloropyrimidine_cation->neut (+1 -> +0),2.1,2.080821404255219,0.0191785957447812
1213,mesomercaptosuccinic_neut->an (+0 -> -1),2.4,2.7331503629376144,0.33315036293761446
1214,mesomercaptosuccinic_an->2an (-1 -> -2),3.46,3.0279064701351226,0.43209352986487737
1215,mesomercaptosuccinic_2an->3an (-2 -> -3),9.44,9.79400200082297,0.3540020008229696
1216,mesomercaptosuccinic_3an->4an (-3 -> -4),11.82,10.951822527966474,0.8681774720335262
1217,benzenehexacarboxylic_neut->an (+0 -> -1),0.68,0.3910781891492583,0.28892181085074176
1218,benzenehexacarboxylic_an->2an (-1 -> -2),2.21,3.032482480092278,0.8224824800922779
1219,benzenehexacarboxylic_4an->5an (-4 -> -5),6.32,5.515691823930643,0.8043081760693571
1220,benzenehexacarboxylic_5an->6an (-5 -> -6),7.49,5.459770140153127,2.030229859846873
1221,benzenepentacarboxylic_4an->5an (-4 -> -5),6.46,7.232936965924432,0.7729369659244316
1222,benzenepentacarboxylic_neut->an (+0 -> -1),1.8,2.0836539775138254,0.2836539775138254
1223,1245benzenetetracarboxylic_neut->an (+0 -> -1),1.92,2.361551603113824,0.44155160311382424
1224,1245benzenetetracarboxylic_3an->4an (-3 -> -4),5.63,5.550170545493651,0.07982945450634915
1225,1235benzenetetracarboxylic_3an->4an (-3 -> -4),5.81,6.454578816427054,0.6445788164270541
1226,1235benzenetetracarboxylic_neut->an (+0 -> -1),2.38,2.9108881417110704,0.5308881417110705
1227,1234benzenetetracarboxylic_3an->4an (-3 -> -4),6.21,5.998424114952115,0.2115758850478846
1228,1234benzenetetracarboxylic_neut->an (+0 -> -1),2.05,2.167690481810297,0.11769048181029707
1229,123benzenetricarboxylic_2an->3an (-2 -> -3),5.87,5.592179609326388,0.27782039067361186
1230,123benzenetricarboxylic_an->2an (-1 -> -2),4.2,3.6347816183008455,0.5652183816991547
1231,123benzenetricarboxylic_neut->an (+0 -> -1),2.8,3.0383127276863044,0.23831272768630463
1232,4pyridinealdoxime_cation->neut (+1 -> +0),4.73,4.845588078682213,0.11558807868221255
1233,4pyridinealdoxime_neut->an (+0 -> -1),10.02,9.555222234351241,0.4647777656487584
1234,2pyridinealdoxime_cation->neut (+1 -> +0),3.56,3.3889539930642805,0.17104600693571959
1235,2pyridinealdoxime_neut->an (+0 -> -1),10.17,10.786367422373374,0.6163674223733739
1236,ptolylarsonic_neut->an (+0 -> -1),3.7,3.660956434446012,0.039043565553988024
1237,ptolylarsonic_an->2an (-1 -> -2),8.68,8.948664893700261,0.2686648937002616
1238,mtolylarsonic_neut->an (+0 -> -1),3.82,3.7623472918097116,0.05765270819028823
1239,mtolylarsonic_an->2an (-1 -> -2),8.6,8.716181264361236,0.1161812643612361
1240,otolylarsonic_neut->an (+0 -> -1),3.82,3.9052990020448597,0.08529900204485985
1241,otolylarsonic_an->2an (-1 -> -2),8.85,8.75764253324084,0.09235746675915912
1242,methylarsonic_neut->an (+0 -> -1),4.12,5.0060188300835815,0.8860188300835814
1243,methylarsonic_an->2an (-1 -> -2),9.14,8.951157772367116,0.18884222763288427
1244,1naphtylarsonic_neut->an (+0 -> -1),3.66,4.79794907756642,1.1379490775664198
1245,1naphtylarsonic_an->2an (-1 -> -2),8.66,7.935880389308128,0.7241196106918721
1246,2nitrophenylarsonic_neut->an (+0 -> -1),3.37,3.6227631056845606,0.2527631056845605
1247,2nitrophenylarsonic_an->2an (-1 -> -2),8.54,8.929447292858868,0.38944729285886837
1248,3nitrophenylarsonic_neut->an (+0 -> -1),3.41,3.040652713951167,0.36934728604883293
1249,3nitrophenylarsonic_an->2an (-1 -> -2),7.8,8.180622033312801,0.3806220333128012
1250,4nitrophenylarsonic_neut->an (+0 -> -1),2.9,3.5589297967943034,0.6589297967943035
1251,4nitrophenylarsonic_an->2an (-1 -> -2),7.8,7.756793494764857,0.04320650523514313
1252,2chloropropylarsonic_neut->an (+0 -> -1),3.76,3.1235419290959614,0.6364580709040384
1253,2chloropropylarsonic_an->2an (-1 -> -2),8.39,7.969737564084518,0.4202624359154825
1254,4bromophenylarsonic_neut->an (+0 -> -1),3.25,3.909668563294237,0.659668563294237
1255,4bromophenylarsonic_an->2an (-1 -> -2),8.19,8.016130387499306,0.17386961250069355
1256,4chlorophenylarsonic_neut->an (+0 -> -1),3.33,3.7700178873236263,0.44001788732362623
1257,4chlorophenylarsonic_an->2an (-1 -> -2),8.25,8.180188725691643,0.06981127430835699
1258,diazepam_cation->neut (+1 -> +0),3.3,3.3880360837424854,0.08803608374248562
1259,lycodine_2cation->cation (+2 -> +1),3.97,3.9840988762909433,0.014098876290943085
1260,lycodine_cation->neut (+1 -> +0),8.08,9.128688269988654,1.048688269988654
1261,harmaline_cation->neut (+1 -> +0),9.55,8.57869036736129,0.971309632638711
1262,dimethylarsinic_neut->an (+0 -> -1),6.29,6.992642825831418,0.7026428258314183
1263,clonazepam_cation->neut (+1 -> +0),1.5,2.2305405288836626,0.7305405288836626
1264,clonazepam_neut->an (+0 -> -1),10.5,10.311886331597027,0.1881136684029734
1265,nphenylimidazolin2imine_cation->neut (+1 -> +0),10.24,10.258081157504861,0.018081157504861167
1266,n4nitrophenylimidazolin2imine_cation->neut (+1 -> +0),8.52,8.56530008057478,0.045300080574779855
1267,n4methoxyphenylimidazolin2imine_cation->neut (+1 -> +0),10.62,9.88077748067224,0.7392225193277593
1268,n4acetylphenylimidazolin2imine_cation->neut (+1 -> +0),9.11,8.828646668993207,0.28135333100679283
1269,n2chloro4nitrophenylimidazolin2imine_cation->neut (+1 -> +0),7.29,6.86385407940997,0.42614592059003
1270,n2fluoro4nitrophenylimidazolin2imine_cation->neut (+1 -> +0),7.41,7.035118514930567,0.37488148506943286
1271,n3chloro4nitrophenylimidazolin2imine_cation->neut (+1 -> +0),8.07,8.024490370294387,0.04550962970561301
1272,n3fluoro4nitrophenylimidazolin2imine_cation->neut (+1 -> +0),7.8,7.281319711149329,0.5186802888506712
1273,n3pyridylimidazolin2imine_2cation->cation (+2 -> +1),3.05,2.525669722397618,0.5243302776023819
1274,n3pyridylimidazolin2imine_cation->neut (+1 -> +0),8.99,8.95553964452234,0.0344603554776608
1275,n2pyridylimidazolin2imine_cation->neut (+1 -> +0),9.45,8.854497582387701,0.5955024176122983
1276,nphenylguanidine_cation->neut (+1 -> +0),10.9,10.621230921590884,0.27876907840911613
1277,4aminophenylguanidine_cation->neut (+1 -> +0),12.01,11.375305005025666,0.6346949949743337
1278,4aminophenylguanidine_2cation->cation (+2 -> +1),3.63,3.3734767866206683,0.2565232133793316
1279,benzodioxolylguanidine_cation->neut (+1 -> +0),11.03,10.512157609559429,0.5178423904405705
1280,245trimethylphenylguanidine_cation->neut (+1 -> +0),11.35,11.107071652958052,0.2429283470419481
1281,4nitropyridinenoxide_cation->neut (+1 -> +0),-1.7,-1.415057863386325,0.28494213661367485
1282,2hydroxypyrimidine_cation->neut (+1 -> +0),2.24,2.5081770951928863,0.26817709519288613
1283,2hydroxypyrimidine_neut->an (+0 -> -1),9.17,9.607927333690292,0.4379273336902916
1284,4hydroxypyrimidine_neut->an (+0 -> -1),8.59,8.832621367069429,0.24262136706942883
1285,hydroxytropolone_neut->an (+0 -> -1),6.7,7.0727604673701,0.3727604673700995
1286,hydroxytropolone_an->2an (-1 -> -2),11.5,11.446369308537669,0.053630691462331015
1287,histamine_2cation->cation (+2 -> +1),6.04,5.021052551001696,1.0189474489983041
1288,histamine_cation->neut (+1 -> +0),9.2,9.544616211862472,0.3446162118624727
1289,diphenylmethanol_neut->an (+0 -> -1),13.54,15.667804733588461,2.1278047335884622
1290,235trimethylpyrrole_cation->neut (+1 -> +0),2.0,2.879841255916187,0.8798412559161868
1291,24dimethylpyrrole_cation->neut (+1 -> +0),2.55,2.646575851106797,0.09657585110679712
1292,pyrazole_neut->an (+0 -> -1),13.91,13.669993626466873,0.24000637353312726
1293,benzotriazole_neut->an (+0 -> -1),8.38,8.176173052069592,0.20382694793040912
1294,Smethyl2mercaptopyridine_cation->neut (+1 -> +0),3.62,3.7525448049850514,0.13254480498505128
1295,Nmethyl2mercaptopyridine_cation->neut (+1 -> +0),-1.22,-0.7806724197250414,0.43932758027495855
1296,Smethyl3mercaptopyridine_cation->neut (+1 -> +0),4.45,4.338283992096296,0.11171600790370384
1297,Nmethyl3mercaptopyridine_cation->neut (+1 -> +0),2.27,2.2018833210756563,0.0681166789243437
1298,Smethyl4mercaptopyridine_cation->neut (+1 -> +0),5.97,5.504448456302839,0.4655515436971607
1299,Nmethyl4mercaptopyridine_cation->neut (+1 -> +0),1.3,1.1649719839364083,0.13502801606359172
1300,Smethyl2mercaptoquinoline_cation->neut (+1 -> +0),3.71,3.5384241793657774,0.1715758206342226
1301,Smethyl3mercaptoquinoline_cation->neut (+1 -> +0),3.88,3.697938258435679,0.1820617415643211
1302,Smethyl4mercaptoquinoline_cation->neut (+1 -> +0),5.81,5.5239052765953405,0.28609472340465913
1303,5mercaptoquinoline_cation->neut (+1 -> +0),3.31,3.4662457747464472,0.15624577474644719
1304,5mercaptoquinoline_neut->an (+0 -> -1),6.48,6.235600380104712,0.24439961989528847
1305,Smethyl5mercaptoquinoline_cation->neut (+1 -> +0),4.5,4.407227595895363,0.09277240410463694
1306,Nmethyl5mercaptoquinoline_cation->neut (+1 -> +0),3.22,3.5270217492120075,0.3070217492120073
1307,6mercaptoquinoline_cation->neut (+1 -> +0),3.95,4.607301310321006,0.6573013103210057
1308,6mercaptoquinoline_neut->an (+0 -> -1),6.5,5.888961184744286,0.6110388152557142
1309,Smethyl6mercaptoquinoline_cation->neut (+1 -> +0),4.12,4.674729614811485,0.5547296148114853
1310,Nmethyl6mercaptoquinoline_cation->neut (+1 -> +0),4.75,4.478820980976259,0.27117901902374086
1311,8mercaptoquinoline_cation->neut (+1 -> +0),2.05,1.5049914473538717,0.5450085526461281
1312,8mercaptoquinoline_neut->an (+0 -> -1),8.29,9.620350714796883,1.330350714796884
1313,Smethyl8mercptoquinoline_cation->neut (+1 -> +0),3.5,3.122807929561721,0.3771920704382792
1314,1mercaptoisoquinoline_cation->neut (+1 -> +0),-1.9,-2.8608838042262565,0.9608838042262566
1315,Smethyl1mercaptoisoquinoline_cation->neut (+1 -> +0),3.93,3.6644239364392925,0.2655760635607076
1316,Nmethyl1mercaptoisoquinoline_cation->neut (+1 -> +0),-2.13,-2.414739902991384,0.28473990299138396
1317,3mercaptoisoquinoline_cation->neut (+1 -> +0),0.39,-0.1758727559135833,0.5658727559135833
1318,3mercaptoisoquinoline_neut->an (+0 -> -1),8.58,8.493702025007224,0.08629797499277636
1319,Smethyl3mercaptoisoquinoline_cation->neut (+1 -> +0),3.41,3.126216487704715,0.283783512295285
1320,2methoxyquinoline_cation->neut (+1 -> +0),3.17,3.1597756146418776,0.010224385358122312
1321,4methoxyquinoline_cation->neut (+1 -> +0),6.65,6.337825842819308,0.3121741571806922
1322,acridone_cation->neut (+1 -> +0),-0.26,-0.3541640243040378,0.09416402430403781
1323,2hydroxypyrazine_neut->an (+0 -> -1),8.23,8.531319855621383,0.30131985562138297
1324,4hydroxypyridazine_cation->neut (+1 -> +0),1.07,1.066191984966773,0.003808015033227141
1325,4hydroxypyridazine_neut->an (+0 -> -1),8.68,8.98710970502649,0.30710970502649104
1326,3hydroxypyridazine_neut->an (+0 -> -1),10.46,10.293710674097213,0.16628932590278822
1327,4methoxypyrimidine_cation->neut (+1 -> +0),2.5,3.08819147756697,0.5881914775669701
1328,1methyl2pirimidinone_cation->neut (+1 -> +0),2.5,2.757592669226276,0.257592669226276
1329,1methyl4pirimidinone_cation->neut (+1 -> +0),1.8,2.1880694324850305,0.38806943248503045
1330,4hydroxycinnoline_cation->neut (+1 -> +0),-0.35,-0.5125626807370987,0.16256268073709867
1331,4hydroxycinnoline_neut->an (+0 -> -1),9.27,9.691596037864747,0.421596037864747
1332,3hydroxycinnoline_neut->an (+0 -> -1),8.64,8.607182908842539,0.032817091157461675
1333,5hydroxycinnoline_cation->neut (+1 -> +0),1.92,2.724048944500315,0.8040489445003152
1334,5hydroxycinnoline_neut->an (+0 -> -1),7.4,7.867234081840733,0.4672340818407328
1335,6hydroxycinnoline_cation->neut (+1 -> +0),3.65,3.2143523916223318,0.43564760837766814
1336,6hydroxycinnoline_neut->an (+0 -> -1),7.52,7.816896751810656,0.29689675181065667
1337,7hydroxycinnoline_cation->neut (+1 -> +0),3.31,3.4163121918515156,0.10631219185151553
1338,7hydroxycinnoline_neut->an (+0 -> -1),7.56,8.285305162782375,0.7253051627823757
1339,8hydroxycinnoline_cation->neut (+1 -> +0),2.74,2.3400149656329443,0.3999850343670559
1340,8hydroxycinnoline_neut->an (+0 -> -1),8.2,8.374429894122073,0.1744298941220741
1341,2hydroxyquinoxaline_neut->an (+0 -> -1),9.08,9.598186262536675,0.5181862625366751
1342,5hydroxyquinoxaline_cation->neut (+1 -> +0),0.9,0.8236915862155962,0.07630841378440378
1343,5hydroxyquinoxaline_neut->an (+0 -> -1),8.65,8.556423352470265,0.09357664752973527
1344,6hydroxyquinoxaline_cation->neut (+1 -> +0),1.4,1.8471510499511314,0.44715104995113153
1345,6hydroxyquinoxaline_neut->an (+0 -> -1),7.92,8.09246083510616,0.1724608351061594
1346,1hydroxyphenazine_cation->neut (+1 -> +0),1.44,1.36660732053568,0.07339267946432004
1347,1hydroxyphenazine_neut->an (+0 -> -1),8.5,8.561617662431264,0.06161766243126365
1348,2hydroxyphenazine_cation->neut (+1 -> +0),2.6,2.7419730731007927,0.14197307310079266
1349,2hydroxyphenazine_neut->an (+0 -> -1),7.5,7.601095173513321,0.10109517351332098
1350,145triazanaphtalene_cation->neut (+1 -> +0),1.2,1.5533437496341849,0.3533437496341849
1351,146triazanaphtalene_cation->neut (+1 -> +0),2.47,2.661865037408626,0.19186503740862593
1352,1methoxyphtalazine_cation->neut (+1 -> +0),3.7,3.3537556066660565,0.34624439333394363
1353,3aminoacridine_cation->neut (+1 -> +0),8.0,7.999489121513103,0.000510878486896793
1354,4aminoacridine_cation->neut (+1 -> +0),4.2,4.556752357547427,0.3567523575474265
1355,78benzquinoline_cation->neut (+1 -> +0),4.25,4.031495835233182,0.21850416476681822
1356,56benzquinoline_cation->neut (+1 -> +0),5.15,4.683648430039307,0.46635156996069327
1357,4pamino56benzquinoline_cation->neut (+1 -> +0),5.2,4.667644332292374,0.532355667707626
1358,67benzquinoline_cation->neut (+1 -> +0),5.05,5.056148392217853,0.006148392217853349
1359,3amino67benzquinoline_cation->neut (+1 -> +0),4.78,4.7325084266491455,0.04749157335085474
1360,34benzacridine_cation->neut (+1 -> +0),4.7,5.3341807860070505,0.6341807860070503
1361,8amino12benzacridine_cation->neut (+1 -> +0),6.72,6.26138180177805,0.4586181982219495
1362,135triazaindene_cation->neut (+1 -> +0),6.1,6.229596581140297,0.12959658114029704
1363,135triazaindene_neut->an (+0 -> -1),10.88,10.908149915147465,0.028149915147464455
1364,2hydroxy135triazaindene_neut->an (+0 -> -1),10.12,10.096828039476335,0.02317196052366377
1365,2hydroxy135triazaindene_cation->neut (+1 -> +0),6.12,5.6279181612335,0.49208183876650047
1366,2mercapto135triazaindene_cation->neut (+1 -> +0),4.93,4.963459370766072,0.03345937076607264
1367,2mercapto135triazaindene_neut->an (+0 -> -1),8.63,8.178993559810806,0.4510064401891949
1368,6chloro2hydroxy135triazaindene_cation->neut (+1 -> +0),1.77,1.4065429210253964,0.36345707897460366
1369,6chloro2hydroxy135triazaindene_neut->an (+0 -> -1),9.48,9.307559106925607,0.17244089307439303
1370,6chloro2hydroxy135triazaindene_an->2an (-1 -> -2),14.36,13.934976848356385,0.4250231516436145
1371,6chloro135triazaindene_neut->an (+0 -> -1),10.19,10.109257788097022,0.0807422119029777
1372,4chloro135triazaindene_neut->an (+0 -> -1),9.83,9.964865530648325,0.13486553064832485
1373,6chloro2mercapto135triazaindene_cation->neut (+1 -> +0),0.81,0.8740948030534028,0.06409480305340276
1374,6chloro2mercapto135triazaindene_neut->an (+0 -> -1),7.76,7.594746352606022,0.1652536473939774
1375,6chloro2mercapto135triazaindene_an->2an (-1 -> -2),13.4,12.942064260565068,0.45793573943493193
1376,26dichloro135triazaindene_cation->neut (+1 -> +0),1.35,1.0305201987914918,0.3194798012085083
1377,26dichloro135triazaindene_neut->an (+0 -> -1),6.85,6.733650731354796,0.11634926864520345
1378,Nmethyl2oxopyridine_cation->neut (+1 -> +0),0.32,0.7301845615858671,0.4101845615858671
1379,Nmethyl4oxopyridine_cation->neut (+1 -> +0),3.33,3.210393271222719,0.11960672877728129
1380,Nmethyl6amino2oxopyridine_cation->neut (+1 -> +0),2.09,1.9388906885068922,0.1511093114931077
1381,Nmethyl5amino2oxopyridine_cation->neut (+1 -> +0),3.8,4.0745471615011954,0.2745471615011956
1382,Nmethyl3amino2oxopyridine_cation->neut (+1 -> +0),2.94,3.6479839335009494,0.7079839335009495
1383,Nmethyl3amino4oxopyridine_cation->neut (+1 -> +0),3.88,3.7180172324294745,0.16198276757052543
1384,3hydroxyN1methylpyridazine_cation->neut (+1 -> +0),2.31,2.085358412162379,0.2246415878376209
1385,4hydroxyN1methylpyridazine_cation->neut (+1 -> +0),1.07,1.0517618019934067,0.01823819800659332
1386,4hydroxyN2methylpyridazine_cation->neut (+1 -> +0),1.74,2.360418710069605,0.620418710069605
1387,36dimercaptopyridazine_neut->an (+0 -> -1),2.06,2.739721409475785,0.6797214094757851
1388,36dimercaptopyridazine_an->2an (-1 -> -2),10.36,11.67314736967867,1.3131473696786706
1389,3thiomethyl6mercaptopyridazine_neut->an (+0 -> -1),8.19,8.358438090168036,0.16843809016803668
1390,36dithiomethylpyridazine_cation->neut (+1 -> +0),1.95,2.396435739564562,0.44643573956456195
1391,36dihydroxypyridazine_neut->an (+0 -> -1),5.67,6.051402489128917,0.3814024891289174
1392,36dihydroxypyridazine_an->2an (-1 -> -2),13.0,14.23618385693646,1.23618385693646
1393,36dimethoxypyridazine_cation->neut (+1 -> +0),1.61,1.9402492783734866,0.3302492783734865
1394,2methylthio135triazaindene_neut->an (+0 -> -1),9.95,9.709892756324553,0.2401072436754461
1395,paracetamol_neut->an (+0 -> -1),9.61,9.215338018889973,0.39466198111002626
1396,acetazolamide_neut->an (+0 -> -1),7.2,7.944114900149528,0.744114900149528
1397,acetazolamide_an->2an (-1 -> -2),8.8,8.023310694467959,0.7766893055320416
1398,6acetylmorphine_cation->neut (+1 -> +0),8.19,8.372299998182715,0.18229999818271558
1399,6acetylmorphine_neut->an (+0 -> -1),9.55,9.936438056626733,0.3864380566267318
1400,proflavine_2cation->cation (+2 -> +1),0.3,0.44345369777610344,0.14345369777610345
1401,proflavine_cation->neut (+1 -> +0),9.65,9.154098288757165,0.4959017112428352
1402,aminoacridineyellow_2cation->cation (+2 -> +1),0.5,0.46651996918101,0.03348003081898998
1403,aminoacridineyellow_cation->neut (+1 -> +0),8.9,8.814861612743947,0.0851383872560536
1404,amantadine_cation->neut (+1 -> +0),10.71,10.603797176098553,0.10620282390144808
1405,amiloride_cation->neut (+1 -> +0),8.7,7.7310122176402185,0.9689877823597808
1406,6aminopenicillanic_cation->neut (+1 -> +0),2.3,2.3430625904695326,0.04306259046953276
1407,6aminopenicillanic_neut->an (+0 -> -1),4.9,4.776149966998437,0.12385003300156328
1408,aminopyrine_cation->neut (+1 -> +0),5.06,5.843279202193803,0.7832792021938033
1409,5aminosalicylic_an->2an (-1 -> -2),13.9,13.691099728929736,0.20890027107026476
1410,amphetamine_cation->neut (+1 -> +0),9.94,10.098935970399424,0.15893597039942442
1411,4methoxyamphetamine_cation->neut (+1 -> +0),9.99,10.26099999398507,0.27099999398507
1412,anagrelide_cation->neut (+1 -> +0),2.87,3.0266167110893836,0.15661671108938346
1413,anagrelide_neut->an (+0 -> -1),10.0,9.875360042297483,0.12463995770251657
1414,arecaidine_neut->an (+0 -> -1),9.07,9.062922011435127,0.007077988564873294
1415,arecaidinemethylester_cation->neut (+1 -> +0),7.64,7.431201901541205,0.2087980984587947
1416,1phenylpiperazine_cation->neut (+1 -> +0),9.02,8.925824479091496,0.09417552090850378
1417,3chloroazuloic_neut->an (+0 -> -1),4.95,5.097371904120036,0.14737190412003542
1418,3bromoazuloic_neut->an (+0 -> -1),4.87,5.145401423280462,0.2754014232804618
1419,3nitroazuloic_neut->an (+0 -> -1),4.32,4.162376561575369,0.1576234384246309
1420,55dibromobarbituric_neut->an (+0 -> -1),5.68,5.140118748048768,0.5398812519512317
1421,55dichlorobarbituric_neut->an (+0 -> -1),5.55,5.0891875725173685,0.4608124274826313
1422,55dimethylbarbituric_neut->an (+0 -> -1),8.51,8.562359145627155,0.05235914562715571
1423,phenylmethylbarbituric_neut->an (+0 -> -1),7.78,7.917798602088153,0.13779860208815276
1424,55diphenylbarbituric_neut->an (+0 -> -1),7.3,7.150453597262149,0.14954640273785103
1425,55diphenylbarbituric_an->2an (-1 -> -2),11.9,11.769587339581907,0.1304126604180933
1426,55cyclopropanbarbituric_neut->an (+0 -> -1),8.73,8.630965481418025,0.0990345185819752
1427,55cyclobutanbarbituric_neut->an (+0 -> -1),8.82,8.56395070459442,0.25604929540557997
1428,55cyclopentanbarbituric_neut->an (+0 -> -1),8.83,8.701401935399595,0.12859806460040524
1429,55cyclohexanbarbituric_neut->an (+0 -> -1),8.88,8.61029320753007,0.2697067924699308
1430,pnitrobenzenesulfonamide_neut->an (+0 -> -1),8.63,7.653102936417533,0.9768970635824674
1431,pchlorobenzenesulfonamide_neut->an (+0 -> -1),9.23,9.9646679749269,0.7346679749269001
1432,benzenesulfonamide_neut->an (+0 -> -1),10.0,9.904853636833678,0.09514636316632163
1433,pmethylbenzenesulfonamide_neut->an (+0 -> -1),9.9,10.226075348635195,0.32607534863519483
1434,pmethoxybenzenesulfonamide_neut->an (+0 -> -1),10.22,9.879913390955085,0.3400866090449153
1435,mnitrobenzenesulfonamide_neut->an (+0 -> -1),9.2,8.101615584228668,1.0983844157713314
1436,nphenylbenzenesulfonamide_neut->an (+0 -> -1),8.31,8.799298126819139,0.4892981268191381
1437,nphenylpnitrobenzenesulfonamide_neut->an (+0 -> -1),7.42,7.359831214271553,0.06016878572844675
1438,nphenylpaminobenzenesulfonamide_neut->an (+0 -> -1),8.89,8.358095951592963,0.5319040484070374
1439,nphenylpchlorobenzenesulfonamide_neut->an (+0 -> -1),7.98,7.523780749588148,0.4562192504118521
1440,nphenylpmethylbenzenesulfonamide_neut->an (+0 -> -1),8.46,8.024467411789797,0.43553258821020435
1441,nphenylpmethoxybenzenesulfonamide_neut->an (+0 -> -1),8.66,8.715181023465979,0.05518102346597864
1442,nphenylmnitrobenzenesulfonamide_neut->an (+0 -> -1),7.5,7.775433328078499,0.2754333280784991
1443,benzocaine_cation->neut (+1 -> +0),2.53,2.397159528380258,0.13284047161974177
1444,lorazepam_cation->neut (+1 -> +0),1.3,0.19344299026794953,1.1065570097320505
1445,medazepam_cation->neut (+1 -> +0),6.19,5.784110650733347,0.4058893492666531
1446,nitrazepam_cation->neut (+1 -> +0),3.2,2.9622090577534808,0.23779094224651942
1447,nitrazepam_neut->an (+0 -> -1),10.39,10.32836756411648,0.06163243588352074
1448,oxazepam_cation->neut (+1 -> +0),1.8,1.2401178257204846,0.5598821742795155
1449,oxazepam_neut->an (+0 -> -1),11.1,10.348751382456719,0.7512486175432809
1450,chlordiazepoxide_cation->neut (+1 -> +0),4.6,5.278945481944517,0.6789454819445178
1451,7acetamidonitrazepan_cation->neut (+1 -> +0),3.2,3.6151747446287414,0.41517474462874127
1452,7acetamidonitrazepan_neut->an (+0 -> -1),12.4,12.817838129407148,0.4178381294071478
1453,7aminoonitrazepan_2cation->cation (+2 -> +1),2.5,1.8370590220040777,0.6629409779959223
1454,7aminoonitrazepan_cation->neut (+1 -> +0),4.6,4.078338249438347,0.5216617505616528
1455,7aminoonitrazepan_neut->an (+0 -> -1),13.1,12.854312899423846,0.24568710057615384
1456,benzoylecgoninemethylester_cation->neut (+1 -> +0),8.7,8.781136054314274,0.08113605431427473
1457,benzoylecgonine_neut->an (+0 -> -1),10.14,10.644084472464861,0.5040844724648608
1458,penicilinG_neut->an (+0 -> -1),2.73,2.5811922208318814,0.1488077791681186
1459,ampicilin_cation->neut (+1 -> +0),2.53,2.7863652547824787,0.25636525478247885
1460,ampicilin_neut->an (+0 -> -1),7.24,6.985543605592631,0.2544563944073692
1461,ascorbic_neut->an (+0 -> -1),4.05,4.351289522121868,0.3012895221218681
1462,ascorbic_an->2an (-1 -> -2),11.62,10.685402251867842,0.9345977481321572
1463,allobarbital_neut->an (+0 -> -1),7.81,7.72022073464104,0.08977926535895975
1464,2benzenesulfonylamidopyrimidine_neut->an (+0 -> -1),5.91,6.02513250808791,0.11513250808790954
1465,8bromotheophyline_neut->an (+0 -> -1),5.45,5.655326141375444,0.20532614137544414
1466,camptothecin_cation->neut (+1 -> +0),1.18,1.7899001348518837,0.6099001348518838
1467,captopril_neut->an (+0 -> -1),3.7,3.5177674677737736,0.1822325322262266
1468,captopril_an->2an (-1 -> -2),9.8,10.87338744527164,1.0733874452716385
1469,chloralhydrate_neut->an (+0 -> -1),10.04,9.559074388455912,0.4809256115440874
1470,8chlorotheophylline_neut->an (+0 -> -1),5.3,5.083021328083525,0.21697867191647457
1471,chlorothiazide_neut->an (+0 -> -1),6.85,6.6225752391040915,0.22742476089590813
1472,chlorothiazide_an->2an (-1 -> -2),9.45,9.04824610228594,0.4017538977140589
1473,cinoxacin_neut->an (+0 -> -1),5.38,4.718461320013887,0.6615386799861129
1474,clioquinol_neut->an (+0 -> -1),8.16,7.133985408907701,1.0260145910922995
1475,clonidine_cation->neut (+1 -> +0),8.12,6.965623228549736,1.1543767714502629
1476,clozapine_2cation->cation (+2 -> +1),4.02,4.108271505614533,0.08827150561453312
1477,clozapine_cation->neut (+1 -> +0),7.6,7.592112211924115,0.00788778807588475
1478,2cyanoguanidinophenytoin_neut->an (+0 -> -1),5.3,5.23865562671518,0.06134437328482001
1479,cycliramine_2cation->cation (+2 -> +1),3.64,4.362879547964442,0.7228795479644421
1480,cycliramine_cation->neut (+1 -> +0),8.78,8.273898184164917,0.5061018158350823
1481,cycloserine_cation->neut (+1 -> +0),4.53,5.924407445540175,1.3944074455401747
1482,cycloserine_neut->an (+0 -> -1),7.31,8.084395556998572,0.7743955569985728
1483,dihydrocodeine_cation->neut (+1 -> +0),8.75,8.672411706718158,0.07758829328184191
1484,dihydromorphine_cation->neut (+1 -> +0),9.35,8.708316779596007,0.6416832204039924
1485,diphenic_neut->an (+0 -> -1),3.2,2.3608953437264395,0.8391046562735607
1486,diphenic_an->2an (-1 -> -2),5.06,5.945014249372638,0.8850142493726381
1487,dipnehylpyraline_cation->neut (+1 -> +0),8.9,8.911205302673558,0.011205302673557682
1488,ecgoninemethylester_cation->neut (+1 -> +0),9.16,8.316872915917152,0.8431270840828482
1489,epinastine_cation->neut (+1 -> +0),11.2,10.07685258154386,1.1231474184561385
1490,estazolam_cation->neut (+1 -> +0),2.84,2.9711248014367166,0.1311248014367168
1491,fludiazepam_cation->neut (+1 -> +0),2.29,3.21956077326593,0.9295607732659299
1492,flumequine_neut->an (+0 -> -1),6.38,6.214847097988622,0.16515290201137756
1493,flunitrazepam_cation->neut (+1 -> +0),1.71,1.7158539569990907,0.005853956999090748
1494,5fluorouracil_neut->an (+0 -> -1),8.0,7.820794819712435,0.17920518028756494
1495,5fluorouracil_an->2an (-1 -> -2),13.0,12.650621269478236,0.3493787305217637
1496,5fluoro1methoxycarbonyluracil_neut->an (+0 -> -1),6.8,6.653322677374858,0.1466773226251421
1497,gluteghimide_neut->an (+0 -> -1),10.5,11.115332564793162,0.615332564793162
1498,heliotridane_cation->neut (+1 -> +0),11.4,10.918964068317724,0.48103593168227654
1499,heliotridene_cation->neut (+1 -> +0),10.55,10.094025916229,0.45597408377100024
1500,4hydroxycoumarin_neut->an (+0 -> -1),4.13,4.365828727404663,0.23582872740466332
1501,4pyridinecarboxylic_cation->neut (+1 -> +0),1.78,1.7163846691215143,0.0636153308784857
1502,4pyridinecarboxylic_neut->an (+0 -> -1),4.85,4.9941238462681525,0.1441238462681529
1503,ketamine_cation->neut (+1 -> +0),7.5,7.956134620869024,0.45613462086902423
1504,mecamylamine_cation->neut (+1 -> +0),11.2,11.014069852615002,0.18593014738499747
1505,methyl4hydroxybenzoate_neut->an (+0 -> -1),8.15,8.28337731474209,0.13337731474208958
1506,mianserin_cation->neut (+1 -> +0),7.5,7.826399835820343,0.32639983582034304
1507,midazolam_2cation->cation (+2 -> +1),1.7,1.6601692129876717,0.03983078701232823
1508,midazolam_cation->neut (+1 -> +0),6.5,6.206562511776551,0.29343748822344917
1509,nicotinamide_cation->neut (+1 -> +0),3.33,3.55639778382265,0.22639778382264986
1510,3pyridinecarboxylic_cation->neut (+1 -> +0),2.03,2.2934653736211246,0.26346537362112477
1511,3pyridinecarboxylic_neut->an (+0 -> -1),4.83,4.726267733138276,0.10373226686172377
1512,phenytoin_neut->an (+0 -> -1),8.31,7.6750410032026055,0.634958996797395
1513,pseudoecgonine_neut->an (+0 -> -1),9.7,10.181937990950022,0.48193799095002277
1514,pseudoecgoninemethylester_cation->neut (+1 -> +0),8.15,8.72972069077884,0.5797206907788404
1515,ciprofloxacin_cation->neut (+1 -> +0),6.09,6.132280141560586,0.04228014156058624
1516,ciprofloxacin_neut->an (+0 -> -1),8.74,8.58650849750833,0.15349150249167032
1517,difloxacin_cation->neut (+1 -> +0),6.06,5.848037695271692,0.21196230472830724
1518,difloxacin_neut->an (+0 -> -1),7.63,7.981722635792548,0.35172263579254803
1519,nalixidic_neut->an (+0 -> -1),5.95,5.9142936441433855,0.035706355856614636
1520,ofloxacin_cation->neut (+1 -> +0),6.05,6.2425364923073845,0.19253649230738468
1521,ofloxacin_neut->an (+0 -> -1),8.22,8.00813465971737,0.21186534028263004
1522,nethylquinolonecarboxylic_neut->an (+0 -> -1),6.51,7.046717920944472,0.5367179209444721
1523,sorbic_neut->an (+0 -> -1),4.51,4.787278306451461,0.27727830645146145
1524,sulfamethazine_cation->neut (+1 -> +0),2.65,1.1022283102252546,1.5477716897747453
1525,sulfamethazine_neut->an (+0 -> -1),7.59,7.581646006065721,0.008353993934278492
1526,sulfamethoxypyridazine_neut->an (+0 -> -1),7.19,7.374669498203629,0.184669498203629
1527,sulfanylamide_cation->neut (+1 -> +0),2.36,1.9779279951048752,0.3820720048951247
1528,sulfanylamide_neut->an (+0 -> -1),10.43,10.704685747108318,0.27468574710831817
1529,sulfabenzamide_cation->neut (+1 -> +0),1.78,1.4721715626030951,0.3078284373969049
1530,sulfabenzamide_neut->an (+0 -> -1),4.57,4.426300901125874,0.14369909887412646
1531,tecomine_cation->neut (+1 -> +0),7.2,7.416325984955408,0.21632598495540822
1532,tetrahydrozoline_cation->neut (+1 -> +0),10.51,10.0996961010334,0.4103038989665997
1533,tolazoline_cation->neut (+1 -> +0),10.3,10.486180138459236,0.18618013845923542
1534,35dibenzamido124triazole_neut->an (+0 -> -1),10.21,9.235060942048285,0.9749390579517154
1535,35diparanitrobenzamido124triazole_neut->an (+0 -> -1),8.64,8.649138967247929,0.009138967247928065
1536,sulfathiazole_neut->an (+0 -> -1),7.49,7.369263401828712,0.12073659817128846
1537,vanilic_neut->an (+0 -> -1),4.53,4.623848518295546,0.09384851829554552
1538,ovanillin_neut->an (+0 -> -1),7.91,8.415918540823697,0.5059185408236964
1539,histaminemonoiodo_2cation->cation (+2 -> +1),4.11,3.7599013180282075,0.35009868197179284
1540,histaminemonoiodo_neut->an (+0 -> -1),11.88,12.520906762925335,0.6409067629253347
1541,histaminediiodo_2cation->cation (+2 -> +1),2.31,2.9179954169479707,0.6079954169479707
1542,histaminediiodo_neut->an (+0 -> -1),10.11,10.067189153385655,0.0428108466143442
1543,6methyl24diaminopteridine_cation->neut (+1 -> +0),5.33,5.378051766770341,0.04805176677034062
1544,sulfacetamide_cation->neut (+1 -> +0),1.76,1.8666562003002536,0.10665620030025358
1545,sulfacetamide_neut->an (+0 -> -1),5.22,5.6803967221957565,0.4603967221957568
1546,bentazone_neut->an (+0 -> -1),3.51,3.647803315930992,0.13780331593099238
1547,debrisoquine_cation->neut (+1 -> +0),11.9,12.476297338207381,0.5762973382073806
1548,ioxynil_neut->an (+0 -> -1),4.08,4.241432023695819,0.1614320236958191
1549,pentachlorophenol_neut->an (+0 -> -1),4.69,4.477671901257479,0.21232809874252112
1550,pirimicarb_cation->neut (+1 -> +0),4.54,5.230017594622708,0.6900175946227076
1551,56difluorobenzimidazole_cation->neut (+1 -> +0),4.5,4.2263727557061,0.27362724429390006
1552,56difluorobenzimidazole_neut->an (+0 -> -1),11.7,11.767776378809224,0.06777637880922427
1553,4567tetrafluorobenzimidazole_cation->neut (+1 -> +0),2.1,1.8996596539389055,0.20034034606109463
1554,4567tetrafluorobenzimidazole_neut->an (+0 -> -1),9.4,9.601799251552817,0.20179925155281708
1555,pyridoxine_cation->neut (+1 -> +0),5.0,5.539615975170433,0.5396159751704328
1556,pyridoxine_neut->an (+0 -> -1),8.96,9.122416931661547,0.16241693166154647
1557,sulfapyridine_neut->an (+0 -> -1),8.2,7.6030065916528855,0.5969934083471138
1558,mirtazapine_cation->neut (+1 -> +0),7.1,7.8132628741237795,0.7132628741237799
1559,7hydroxyphenanthridine_cation->neut (+1 -> +0),4.39,5.335578076114701,0.9455780761147015
1560,7hydroxyphenanthridine_neut->an (+0 -> -1),8.68,8.084978242607377,0.5950217573926224
1561,1pyrroline_cation->neut (+1 -> +0),6.7,6.442297090764803,0.25770290923519745
1562,1piperideine_cation->neut (+1 -> +0),7.93,8.469045792810855,0.539045792810855
1563,3piperideine_cation->neut (+1 -> +0),10.43,10.374755222368794,0.05524477763120572
1564,2methyl34dihydroquinazoline_cation->neut (+1 -> +0),10.16,9.995175041496578,0.16482495850342183
1565,quinmerac_neut->an (+0 -> -1),3.96,3.666850009766512,0.29314999023348776
1566,clopyralid_neut->an (+0 -> -1),2.32,2.190212843337479,0.12978715666252105
1567,1phenyl4methylurazole_neut->an (+0 -> -1),4.7,4.469483257766277,0.2305167422337231
1568,1methylurazole_neut->an (+0 -> -1),5.3,6.157653581243656,0.8576535812436559
1569,1methyl4phenylurazole_neut->an (+0 -> -1),4.7,5.232964505860308,0.5329645058603081
1570,1methyl2phenylurazole_neut->an (+0 -> -1),6.97,6.971931108959302,0.0019311089593019304
1571,1methylxanthine_neut->an (+0 -> -1),7.7,7.770197695991551,0.0701976959915509
1572,adenine_cation->neut (+1 -> +0),4.17,3.7839839335097523,0.38601606649024767
1573,adenineNoxyde_cation->neut (+1 -> +0),2.69,2.0916587396988477,0.5983412603011522
1574,allopurinol_neut->an (+0 -> -1),9.4,9.26385539486445,0.13614460513555038
1575,guanine_cation->neut (+1 -> +0),3.3,2.8239491055224404,0.47605089447755944
1576,isoguanine_cation->neut (+1 -> +0),4.5,4.326456502480081,0.17354349751991904
1577,isoguanine_neut->an (+0 -> -1),9.0,8.923592858524927,0.0764071414750731
1578,purine_cation->neut (+1 -> +0),2.52,2.694388295439256,0.17438829543925616
1579,2hydroxypyrazine_cation->neut (+1 -> +0),-0.1,0.1504423800193484,0.2504423800193484
1580,6chloro135triazaindene_cation->neut (+1 -> +0),2.7,2.6229344089557722,0.07706559104422794
1581,2methylthioquinoxaline_cation->neut (+1 -> +0),0.29,0.48554425990155536,0.19554425990155538
1582,4hydroxypyrimidine_cation->neut (+1 -> +0),1.85,1.965881517132468,0.11588151713246786
1583,6chloro2methylthio135triazaindene_cation->neut (+1 -> +0),1.35,2.104634631566758,0.7546346315667578
1584,6chloro2methylthio135triazaindene_neut->an (+0 -> -1),8.75,8.720516861891056,0.029483138108943763
1585,2methylthio135triazaindene_cation->neut (+1 -> +0),5.98,5.958571702226829,0.02142829777317168
1586,18dihydroxyadenine_cation->neut (+1 -> +0),2.45,2.953224899149398,0.5032248991493979
1587,18dihydroxyadenine_neut->an (+0 -> -1),8.12,8.051350980670794,0.06864901932920553
1588,18dihydroxyadenine_an->2an (-1 -> -2),11.4,12.263162311402766,0.8631623114027658
1589,19dimethyladenine_2cation->cation (+2 -> +1),-0.7,-0.2791602809928406,0.42083971900715933
1590,19dimethyladenine_cation->neut (+1 -> +0),9.1,9.133770616595696,0.03377061659569591
1591,79dimethyladenine_2cation->cation (+2 -> +1),0.5,0.693369300982063,0.19336930098206295
1592,79dimethylguanine_cation->neut (+1 -> +0),7.22,6.7742290475971645,0.44577095240283526
1593,79dimethylhypoxanthine_cation->neut (+1 -> +0),6.46,7.02284122447497,0.5628412244749699
1594,669trimethyladenine_2cation->cation (+2 -> +1),-0.77,-0.24965650761785607,0.520343492382144
1595,669trimethyladenine_cation->neut (+1 -> +0),4.18,4.571657382548194,0.3916573825481944
1596,nmethylcitosine_cation->neut (+1 -> +0),4.5,5.066215124618317,0.5662151246183171
1597,nmethylguanine_cation->neut (+1 -> +0),3.1,2.6275291356098416,0.4724708643901585
1598,nmethylguanine_neut->an (+0 -> -1),9.5,9.560267633674506,0.06026763367450627
1599,nmethyluracil_neut->an (+0 -> -1),9.7,9.631514689599541,0.06848531040045813
1600,9methylisoguanine_cation->neut (+1 -> +0),4.5,4.023139410812181,0.4768605891878188
1601,9methylisoguanine_neut->an (+0 -> -1),9.0,9.896611888606278,0.8966118886062784
1602,9methyladenine_2cation->cation (+2 -> +1),-0.64,-0.48364937473127956,0.15635062526872046
1603,9methyladenine_cation->neut (+1 -> +0),4.1,4.2163402384809165,0.1163402384809169
1604,9methylhypoxanthine_cation->neut (+1 -> +0),1.87,2.335811412297309,0.4658114122973087
1605,9methylhypoxanthine_neut->an (+0 -> -1),9.21,9.345722091656707,0.13572209165670657
1606,isocytosine_cation->neut (+1 -> +0),4.07,4.040550331380889,0.02944966861911169
1607,isocytosine_neut->an (+0 -> -1),9.47,9.257919686027684,0.21208031397231686
1608,56dimethyl2thiouracil_neut->an (+0 -> -1),8.08,8.140783192353098,0.060783192353097704
1609,6methyl2thiouracil_neut->an (+0 -> -1),7.73,7.874093922614012,0.14409392261401166
1610,5methyl2thiouracil_neut->an (+0 -> -1),7.71,7.665945676087709,0.044054323912290805
1611,4dimethylamino6methoxypyrimidine_cation->neut (+1 -> +0),4.23,4.258517032511308,0.028517032511307328
1612,4dimethylamino6methylthiopyrimidine_cation->neut (+1 -> +0),4.57,3.955133520493444,0.6148664795065564
1613,4dimethylamino6mercaptopyrimidine_cation->neut (+1 -> +0),-0.27,0.21654738847113375,0.48654738847113377
1614,4dimethylamino6mercaptopyrimidine_neut->an (+0 -> -1),9.5,9.801622530564181,0.3016225305641811
1615,4dimethylamino6hydroxypyrimidine_cation->neut (+1 -> +0),1.22,1.282719946293752,0.062719946293752
1616,4dimethylamino6hydroxypyrimidine_neut->an (+0 -> -1),10.42,10.540084772779096,0.12008477277909613
1617,4dimethylamino2methylthiopyrimidine_cation->neut (+1 -> +0),5.73,5.1724066198473775,0.5575933801526229
1618,4dimethylamino2mercaptopyrimidine_cation->neut (+1 -> +0),2.4,2.182348862527907,0.21765113747209286
1619,4dimethylamino2mercaptopyrimidine_neut->an (+0 -> -1),11.18,11.226290495610908,0.04629049561090781
1620,4amino6methylthiopyrimidine_cation->neut (+1 -> +0),3.94,4.287711013445367,0.34771101344536737
1621,4amino6mercaptopyrimidine_cation->neut (+1 -> +0),0.24,-0.15760737945816583,0.3976073794581658
1622,4amino6mercaptopyrimidine_neut->an (+0 -> -1),9.25,9.310091829504941,0.060091829504941074
1623,4amino6hydroxypyrimidine_cation->neut (+1 -> +0),1.36,1.371338218969127,0.0113382189691269
1624,4amino6hydroxypyrimidine_neut->an (+0 -> -1),10.05,9.987115314955755,0.06288468504424571
1625,4amino2methylthiopyrimidine_cation->neut (+1 -> +0),4.91,5.351085891427425,0.4410858914274245
1626,4amino2methoxypyrimidine_cation->neut (+1 -> +0),5.53,5.729676161971363,0.19967616197136273
1627,4amino2mercaptopyrimidine_cation->neut (+1 -> +0),2.4,3.094334619516549,0.6943346195165492
1628,4amino2mercaptopyrimidine_neut->an (+0 -> -1),11.18,10.516090642805818,0.6639093571941821
1629,2thiouracil_neut->an (+0 -> -1),7.46,7.744561499305811,0.284561499305811
1630,2dimethylamino4methylthiopyrimidine_cation->neut (+1 -> +0),5.04,4.73557041985745,0.30442958014254984
1631,2dimethylamino4methoxypyrimidine_cation->neut (+1 -> +0),5.87,5.614177378892348,0.25582262110765175
1632,2dimethylamino4hydroxypyrimidine_cation->neut (+1 -> +0),3.68,3.842169894620551,0.16216989462055098
1633,2dimethylamino4hydroxypyrimidine_neut->an (+0 -> -1),9.89,9.623347273665349,0.26665272633465165
1634,2amino4methylthiopyrimidine_cation->neut (+1 -> +0),4.75,4.771134950513884,0.021134950513883588
1635,2amino4methoxypyrimidine_cation->neut (+1 -> +0),5.53,5.609184891683576,0.07918489168357556
1636,2amino4mercaptopyrimidine_cation->neut (+1 -> +0),2.86,2.9917392948044865,0.13173929480448665
1637,2amino4mercaptopyrimidine_neut->an (+0 -> -1),8.03,7.544344228514646,0.4856557714853533
1638,2dimethylamino4mercaptopyrimidine_cation->neut (+1 -> +0),2.2,2.285030223695636,0.08503022369563595
1639,2dimethylamino4mercaptopyrimidine_neut->an (+0 -> -1),8.02,8.531662117415678,0.5116621174156784
1640,4mercaptopyrimidine_neut->an (+0 -> -1),6.9,7.078572817788306,0.17857281778830547
1641,2mercaptopyrimidine_neut->an (+0 -> -1),7.1,7.393760856286104,0.29376085628610404
1642,pentamethylguanidine_cation->neut (+1 -> +0),13.8,14.735513127040354,0.9355131270403536
1643,2phenyl1133tetramethylguanidine_cation->neut (+1 -> +0),11.77,13.073947378028382,1.3039473780283828
1644,2chlorophenyliminotripyrrolizinophosphorane_cation->neut (+1 -> +0),9.98,10.467369105471292,0.4873691054712914
1645,4bromophenyliminotripyrrolizinophosphorane_cation->neut (+1 -> +0),11.23,11.135154440941353,0.09484555905864767
1646,4cf3phenyliminotripyrrolizinophosphorane_cation->neut (+1 -> +0),10.59,10.760113251498892,0.17011325149889167
1647,4chloro2nitrophenyliminotripyrrolizinophosphorane_cation->neut (+1 -> +0),8.37,9.81840465909934,1.4484046590993405
1648,4dimeaminophenyliminotripyrrolizinophosphorane_cation->neut (+1 -> +0),12.0,12.082583306648969,0.08258330664896896
1649,4mef32nitrophenyliminotripyrrolizinophosphorane_cation->neut (+1 -> +0),8.14,9.42268749147313,1.2826874914731299
1650,4meophenyliminotripyrrolizinophosphorane_cation->neut (+1 -> +0),11.94,12.211319411892777,0.27131941189277775
1651,4nitrophenyliminotripyrrolizinophosphorane_cation->neut (+1 -> +0),9.22,8.859373113891444,0.3606268861085571
1652,5chloro2nitrophenyliminotripyrrolizinophosphorane_cation->neut (+1 -> +0),8.33,6.901631701966662,1.4283682980333383
1653,24dinitrophenyliminotripyrrolizinophosphorane_cation->neut (+1 -> +0),7.34,5.61782622747996,1.7221737725200397
1654,25dichlorophenyliminotripyrrolizinophosphorane_cation->neut (+1 -> +0),9.21,8.75724953532055,0.45275046467945046
1655,26dichloro4nitrophenyliminotripyrrolizinophosphorane_cation->neut (+1 -> +0),7.5,6.511514577017792,0.9884854229822082
1656,26dichloroophenyliminotripyrrolizinophosphorane_cation->neut (+1 -> +0),9.0,9.530071162983322,0.5300711629833224
1657,iminotripyrrolizinophosphorane_cation->neut (+1 -> +0),13.93,13.869759619840032,0.0602403801599678
1658,phenyliminotripyrrolizinophosphorane_cation->neut (+1 -> +0),11.6,11.360571703363782,0.239428296636218
1659,phenyltrisdimethylamizinophosphorane_cation->neut (+1 -> +0),10.6,10.892314012270106,0.292314012270106
1660,trisdimethylamizinophosphorane_cation->neut (+1 -> +0),13.32,13.873188064794483,0.5531880647944831
1661,18dimethylaminonaphtalene_cation->neut (+1 -> +0),12.1,9.747892900786141,2.3521070992138586
1662,azobenzene34diol_neut->an (+0 -> -1),7.5,7.30580925642979,0.1941907435702097
1663,azobenzene34diol_an->2an (-1 -> -2),11.45,12.057744847635032,0.6077448476350327
1664,4nitroazobenzene34diol_neut->an (+0 -> -1),6.87,7.003557399942679,0.13355739994267868
1665,4nitroazobenzene34diol_an->2an (-1 -> -2),11.25,11.81151484997395,0.5615148499739497
1666,3methoxy6ptolyl45dihydropyridazine_cation->neut (+1 -> +0),5.01,5.247299298937695,0.2372992989376952
1667,3phenyl45dihydro1Hpyridazin6one_cation->neut (+1 -> +0),1.41,-0.6521946941310777,2.062194694131078
1668,159triazaciclododecane_cation->neut (+1 -> +0),12.2,11.686944735208073,0.5130552647919266
1669,159triazaciclododecane_2cation->cation (+2 -> +1),7.57,7.500362126742589,0.06963787325741144
1670,159triazaciclododecane_3cation->2cation (+3 -> +2),2.41,3.8904103257898948,1.4804103257898946
1671,36dichloropyridazine_cation->neut (+1 -> +0),-1.5,-2.3619377427978714,0.8619377427978714
1672,36bisdimethylaminepyridazine_cation->neut (+1 -> +0),6.71,7.010541083751518,0.30054108375151767
1673,3hydroxy6methylpyridazine_cation->neut (+1 -> +0),-0.81,-0.21023131680309337,0.5997686831969067
1674,3dimethylaminepyridazine_cation->neut (+1 -> +0),4.59,4.845807394471169,0.2558073944711694
1675,3dimethylamine6phenylpyridazine_cation->neut (+1 -> +0),4.49,5.500354641460869,1.0103546414608688
1676,3dimethylamine6chloropyridazine_cation->neut (+1 -> +0),2.82,3.7022790633136777,0.8822790633136779
1677,3chloro6phenylpyridazine_cation->neut (+1 -> +0),-0.06,0.8231324925194317,0.8831324925194317
1678,3chloro6methylpyridazine_cation->neut (+1 -> +0),0.89,1.7665471136143696,0.8765471136143695
1679,16dihydro1methyl4methylamino6thiopyrimidine_cation->neut (+1 -> +0),-0.48,0.5535100205667911,1.033510020566791
1680,16dihydro1methyl4methylamino6oxopyrimidine_cation->neut (+1 -> +0),0.82,1.7650352934923301,0.9450352934923302
1681,16dihydro1methyl4amino6thiopyrimidine_cation->neut (+1 -> +0),0.98,0.1029534049114087,0.8770465950885913
1682,4dimethylamino12dihydro1methyl2thiopyrimidine_cation->neut (+1 -> +0),2.62,3.671723304573935,1.051723304573935
1683,2dimethylamino16dihydro1methyl6thiopyrimidine_cation->neut (+1 -> +0),2.0,2.3876477680683434,0.38764776806834345
1684,2dimethylamino16dihydro1methyl6oxopyrimidine_cation->neut (+1 -> +0),3.49,3.399810273390824,0.09018972660917601
1685,2amino16dihydro1methyl6thiopyrimidine_cation->neut (+1 -> +0),2.92,2.4976258950859007,0.4223741049140992
1686,4hydroxy6methylaminopyrimidine_cation->neut (+1 -> +0),1.7,1.3653145086160583,0.33468549138394166
1687,4hydroxy6methylaminopyrimidine_neut->an (+0 -> -1),10.47,10.443906731281777,0.02609326871822404
1688,4methoxy6methylaminopyrimidine_cation->neut (+1 -> +0),4.23,4.0632010768342885,0.16679892316571188
1689,carbazole_neut->an (+0 -> -1),15.16,15.347569293122495,0.18756929312249504
1690,indolizine_cation->neut (+1 -> +0),3.9,4.496967294199606,0.5969672941996058
1691,isoxazole_cation->neut (+1 -> +0),-2.03,-1.8681348679431418,0.16186513205685804
1692,1Hpyrazol3ol_neut->an (+0 -> -1),7.94,7.350257567089824,0.5897424329101764
1693,45dibromotriazole_neut->an (+0 -> -1),5.37,5.769191113591121,0.3991911135911206
1694,4hpyran4one_cation->neut (+1 -> +0),0.1,-0.6624703763869517,0.7624703763869517
1695,homoquinoline_cation->neut (+1 -> +0),3.2,4.0507814364049946,0.8507814364049944
1696,2aminoquinoxaline_cation->neut (+1 -> +0),3.96,4.392246646983019,0.4322466469830193
1697,5aminoquinoxaline_cation->neut (+1 -> +0),2.62,1.6621724085520464,0.9578275914479537
1698,6aminoquinoxaline_cation->neut (+1 -> +0),2.95,2.9805525298732123,0.03055252987321211
1699,23diaminoquinoxaline_cation->neut (+1 -> +0),4.7,4.357776506369754,0.34222349363024573
1700,neutralred_cation->neut (+1 -> +0),6.75,7.014921182423289,0.2649211824232891
1701,5methyl10hphenazin1ol_neut->an (+0 -> -1),9.5,9.147994245444428,0.3520057545555719
1702,pyocyanine_cation->neut (+1 -> +0),5.0,4.662757646748175,0.33724235325182494
1703,isoxazole3carboxylic_neut->an (+0 -> -1),2.69,2.577662348268741,0.11233765173125887
1704,isoxazole4carboxylic_neut->an (+0 -> -1),3.42,3.415212269062317,0.004787730937683143
1705,isoxazole5carboxylic_neut->an (+0 -> -1),2.04,2.254734608836321,0.2147346088363209
1706,isoxazole5phenyl3carboxylic_neut->an (+0 -> -1),2.26,2.4794002654853777,0.21940026548537794
1707,3phenyl4benzoyl5isoxazolone_neut->an (+0 -> -1),1.3,1.2116349006308011,0.0883650993691989
1708,3methyl4benzoyl5isoxazolone_neut->an (+0 -> -1),1.4,1.6482901539257862,0.24829015392578624
1709,pyrazole3carboxylic_neut->an (+0 -> -1),3.84,3.570128449667039,0.26987155033296073
1710,5nitroindazole_neut->an (+0 -> -1),11.69,11.711821307497864,0.021821307497864595
1711,6nitroindazole_neut->an (+0 -> -1),11.67,11.392523706199398,0.2774762938006017
1712,7nitroindazole_neut->an (+0 -> -1),12.48,12.14295445430832,0.3370455456916801
1713,4hydroxyindazole_neut->an (+0 -> -1),8.65,8.687497224407771,0.0374972244077707
1714,5hydroxyindazole_neut->an (+0 -> -1),10.05,10.127809889882663,0.07780988988266202
1715,6hydroxyindazole_neut->an (+0 -> -1),9.35,9.337564327116464,0.012435672883535531
1716,7hydroxyindazole_neut->an (+0 -> -1),8.6,8.505980737467436,0.09401926253256399
1717,6aminoindazole_cation->neut (+1 -> +0),3.66,2.9997585864690803,0.6602414135309198
1718,quinazolinehydrate_cation->neut (+1 -> +0),7.77,7.666675829041311,0.10332417095868873
1719,4methyl2methylthioquinazoline_cation->neut (+1 -> +0),1.86,1.8901890054790824,0.03018900547908232
1720,1456tetrahydropyrimidine_cation->neut (+1 -> +0),13.0,12.586414401717821,0.4135855982821788
1721,2amino1456tetrahydropyrimidine_cation->neut (+1 -> +0),14.1,13.12101851768388,0.9789814823161205
1722,2phenyl1456tetrahydropyrimidine_cation->neut (+1 -> +0),12.8,12.106081213346767,0.6939187866532333
1723,2methoxy1456tetrahydropyrimidine_cation->neut (+1 -> +0),10.79,10.582413385433803,0.2075866145661962
1724,5methoxy1456tetrahydropyrimidine_cation->neut (+1 -> +0),11.72,11.335967187492958,0.38403281250704246
1725,5hydroxy1456tetrahydropyrimidine_cation->neut (+1 -> +0),10.9,11.360150103113948,0.4601501031139481
1726,5hydroxy2methyl1456tetrahydropyrimidine_cation->neut (+1 -> +0),11.4,11.993597414138108,0.5935974141381077
1727,22466pentamethyl1256tetrahydropyrimidine_cation->neut (+1 -> +0),8.11,8.22839209929736,0.11839209929735972
1728,2amino5bromopyrimidine_cation->neut (+1 -> +0),1.95,1.7250785908879118,0.22492140911208813
1729,2amino5bromo4tertbutylpyrimidine_cation->neut (+1 -> +0),2.93,2.9596114800417803,0.029611480041780158
1730,2amino5bromo4methylpyrimidine_cation->neut (+1 -> +0),2.66,2.7418580471011813,0.08185804710118116
1731,2amino5bromo46dimethylpyrimidine_cation->neut (+1 -> +0),3.35,3.3865910582951013,0.03659105829510123
1732,2amino5bromo4hydroxypyrimidine_cation->neut (+1 -> +0),2.56,2.64410086426874,0.08410086426873997
1733,2amino5bromo4hydroxypyrimidine_neut->an (+0 -> -1),8.05,8.298410763431676,0.248410763431675
1734,2amino5chloro4hydroxypyrimidine_cation->neut (+1 -> +0),2.53,3.0399036882633643,0.5099036882633645
1735,2amino5chloro4hydroxypyrimidine_neut->an (+0 -> -1),7.97,7.73587663254723,0.23412336745276985
1736,2amino5fluoro4hydroxypyrimidine_cation->neut (+1 -> +0),2.57,2.799474626383838,0.2294746263838383
1737,2amino5fluoro4hydroxypyrimidine_neut->an (+0 -> -1),8.04,7.987924349712542,0.05207565028745709
1738,2amino4chloro6hydroxypyrimidine_cation->neut (+1 -> +0),0.5,0.3468005293635148,0.1531994706364852
1739,2amino4chloro6hydroxypyrimidine_neut->an (+0 -> -1),8.06,8.117939296302755,0.05793929630275407
1740,2amino5cyano46dimethylpyrimidine_cation->neut (+1 -> +0),1.67,2.1700788235850172,0.5000788235850173
1741,2amino5cyano4methylpyrimidine_cation->neut (+1 -> +0),1.14,1.5187127911510467,0.37871279115104683
1742,2amino46diphenylpyrimidine_cation->neut (+1 -> +0),3.78,3.588059663614584,0.19194033638541574
1743,2amino5iodopyrimidine_cation->neut (+1 -> +0),2.23,2.3086305657832975,0.07863056578329752
1744,2amino4fluoro6hydroxypyrimidine_neut->an (+0 -> -1),8.38,8.5402433240081,0.16024332400809982
1745,5bromo2methoxypyrimidine_cation->neut (+1 -> +0),-0.77,-0.3694710096578202,0.4005289903421798
1746,5bromo2methylthiopyrimidine_cation->neut (+1 -> +0),-0.9,-0.6363919316835398,0.2636080683164602
1747,5bromo2methylaminopyrimidine_cation->neut (+1 -> +0),2.09,2.1749298703667925,0.08492987036679267
1748,4acetamidopyrimidine_cation->neut (+1 -> +0),2.76,2.8802548818101252,0.12025488181012545
1749,4amino5bromopyrimidine_cation->neut (+1 -> +0),3.97,4.01164616520233,0.041646165202329666
1750,4amino5bromo2hydroxypyrimidine_cation->neut (+1 -> +0),3.04,2.626004238445799,0.4139957615542009
1751,4amino5bromo2hydroxypyrimidine_neut->an (+0 -> -1),10.33,10.197139647838958,0.13286035216104253
1752,4amino5chloro2hydroxypyrimidine_cation->neut (+1 -> +0),2.94,2.8897412435723293,0.05025875642767064
1753,4amino5chloro2hydroxypyrimidine_neut->an (+0 -> -1),10.36,10.142538678452276,0.21746132154772368
1754,4amino5fluoro2hydroxypyrimidine_cation->neut (+1 -> +0),2.83,2.6783909447968526,0.1516090552031475
1755,4amino5fluoro2hydroxypyrimidine_neut->an (+0 -> -1),10.87,10.53515017667895,0.33484982332104885
1756,4amino6chloro2hydroxypyrimidine_cation->neut (+1 -> +0),3.26,3.0137373457388232,0.24626265426117655
1757,4amino6chloro2hydroxypyrimidine_neut->an (+0 -> -1),8.59,8.525095356496156,0.06490464350384428
1758,4amino6fluoro2hydroxypyrimidine_cation->neut (+1 -> +0),1.5,1.821539296086394,0.3215392960863941
1759,4amino6fluoro2hydroxypyrimidine_neut->an (+0 -> -1),9.05,8.76610944069575,0.28389055930425044
1760,4amino5cyanopyrimidine_cation->neut (+1 -> +0),2.54,2.476639765394469,0.06336023460553086
1761,4amino5cyano2methylpyrimidine_cation->neut (+1 -> +0),3.51,3.3576783518406934,0.15232164815930638
1762,5bromo2hydroxypyrimidine_cation->neut (+1 -> +0),0.44,0.7246209656115621,0.2846209656115621
1763,5bromo2mercaptopyrimidine_neut->an (+0 -> -1),5.47,5.3379983751096685,0.1320016248903313
1764,5bromo2hydroxypyrimidine_neut->an (+0 -> -1),7.36,7.134508041203065,0.22549195879693507
1765,5bromo4hydroxypyrimidine_cation->neut (+1 -> +0),0.43,0.39611580652679645,0.03388419347320354
1766,5bromo4hydroxypyrimidine_neut->an (+0 -> -1),7.15,7.362561738500717,0.21256173850071658
1767,5bromo4mercaptopyrimidine_cation->neut (+1 -> +0),-0.46,-0.4378285077953752,0.022171492204624832
1768,5bromo4mercaptopyrimidine_neut->an (+0 -> -1),5.6,6.197579700619902,0.5975797006199022
1769,5bromo4methoxypyrimidine_cation->neut (+1 -> +0),1.35,1.5324996729936888,0.18249967299368874
1770,46diaminopyrimidine_cation->neut (+1 -> +0),6.01,6.134929561058253,0.12492956105825304
1771,46diamino5bromopyrimidine_cation->neut (+1 -> +0),4.22,4.017305509790554,0.20269449020944563
1772,46diamino25dimethyl_cation->neut (+1 -> +0),7.08,6.805479098236952,0.2745209017630481
1773,46dihydroxypyrimidine_cation->neut (+1 -> +0),0.26,-0.10040690736134383,0.36040690736134384
1774,46dimercaptopyrimidine_neut->an (+0 -> -1),3.6,4.621084020700621,1.0210840207006213
1775,46dimercaptopyrimidine_an->2an (-1 -> -2),9.7,9.589939537863847,0.11006046213615228
1776,46dimethoxypyrimidine_cation->neut (+1 -> +0),1.49,1.7515195427181869,0.2615195427181869
1777,246triaminopyrimidine_2cation->cation (+2 -> +1),1.07,1.8115103279854825,0.7415103279854824
1778,246triaminopyrimidine_cation->neut (+1 -> +0),7.18,6.47958467822187,0.7004153217781299
1779,123trimethylindole_cation->neut (+1 -> +0),-0.66,0.10831139729963812,0.7683113972996382
1780,25dimethylindole_cation->neut (+1 -> +0),0.26,0.4365688675581323,0.17656886755813228
1781,2methyl2hindazole_cation->neut (+1 -> +0),2.02,2.776122639504199,0.7561226395041989
1782,phenophosphazine_neut->an (+0 -> -1),3.0,2.9490910546063285,0.05090894539367152
1783,chromane2carboxylic_neut->an (+0 -> -1),3.28,3.528202549694905,0.24820254969490518
1784,2345tetrahydrobenzoboxepine2carboxylic_neut->an (+0 -> -1),3.63,3.7422917204247,0.11229172042470026
1785,23dihydrobenzofuran2carboxylic_neut->an (+0 -> -1),3.25,3.3694438473540824,0.11944384735408242
1786,acridine4carboxylic_neut->an (+0 -> -1),7.4,7.138348477270672,0.2616515227293288
1787,acridine2carboxylic_neut->an (+0 -> -1),5.0,5.467360958857579,0.46736095885757933
1788,acridine9carboxylic_neut->an (+0 -> -1),4.8,5.627796659465044,0.8277966594650445
1789,9aminobenzaacridine_cation->neut (+1 -> +0),7.1,6.998953241480846,0.10104675851915346
1790,10aminobenzaacridine_cation->neut (+1 -> +0),6.4,5.702479450362702,0.6975205496372983
1791,3amino6chloroacridine_cation->neut (+1 -> +0),6.8,7.059116741537687,0.25911674153768693
1792,3amino9chloroacridine_cation->neut (+1 -> +0),6.4,6.352564553447131,0.047435446552869465
1793,9amino3chloroacridine_cation->neut (+1 -> +0),8.9,9.105647806194671,0.20564780619467093
1794,9amino2methoxyacridine_cation->neut (+1 -> +0),9.2,9.842530654194608,0.6425306541946085
1795,tacrine_cation->neut (+1 -> +0),10.0,10.271620446259107,0.27162044625910653
1796,27diaminoacridine_cation->neut (+1 -> +0),5.9,5.520281961391349,0.37971803860865094
1797,39diaminoacridine_cation->neut (+1 -> +0),11.1,11.014663133460402,0.08533686653959727
1798,45diaminoacridine_cation->neut (+1 -> +0),4.07,3.660166922383862,0.4098330776161383
1799,9methylacridine_cation->neut (+1 -> +0),5.6,5.78552339248854,0.18552339248854022
1800,4methylacridine_cation->neut (+1 -> +0),5.4,5.137305804827652,0.26269419517234827
1801,2methylacridine_cation->neut (+1 -> +0),5.5,5.298090959938797,0.20190904006120292
1802,pyridine2sulfonic_neut->an (+0 -> -1),1.75,2.543815328947063,0.7938153289470629
1803,pyridine3sulfonic_neut->an (+0 -> -1),3.22,3.326743914047989,0.10674391404798866
1804,pyridine4sulfonic_neut->an (+0 -> -1),3.44,3.4721647700804796,0.03216477008047969
1805,26lutidine3sulfonic_neut->an (+0 -> -1),4.89,5.182475192392536,0.29247519239253617
1806,26lutidine4sulfonic_neut->an (+0 -> -1),5.09,5.077029257930161,0.012970742069838614
1807,2methyl6azauracil_neut->an (+0 -> -1),6.99,6.995118323336734,0.005118323336733788
1808,23diaminopyrazine_cation->neut (+1 -> +0),4.88,3.938737915851167,0.9412620841488328
1809,23diaminopyrazine_2cation->cation (+2 -> +1),0.76,-0.3409279307569788,1.1009279307569788
1810,23diamino56dimethylpyrazine_2cation->cation (+2 -> +1),1.23,1.4041392238316543,0.17413922383165437
1811,23diamino56dimethylpyrazine_cation->neut (+1 -> +0),5.36,3.9848186743176086,1.3751813256823917
1812,5amino23dimethylpyrazine_cation->neut (+1 -> +0),3.89,3.0491103882635153,0.8408896117364848
1813,2amino3cyanopyrazine_cation->neut (+1 -> +0),-0.43,0.3785169234492125,0.8085169234492124
1814,2amino3dimethylaminopyrazine_2cation->cation (+2 -> +1),-0.24,0.16305106082892884,0.40305106082892883
1815,2amino3dimethylaminopyrazine_cation->neut (+1 -> +0),4.29,3.743367421957359,0.5466325780426411
1816,5methyl2thiophenecarboxylic_neut->an (+0 -> -1),3.7,3.9752736607414976,0.2752736607414974
1817,4methyl2thiophenecarboxylic_neut->an (+0 -> -1),3.58,3.692151834515909,0.11215183451590871
1818,TBD_cation->neut (+1 -> +0),14.5,14.036919788270955,0.4630802117290447
1819,DBU_cation->neut (+1 -> +0),13.5,13.848963901198537,0.3489639011985375
1820,MTBD_cation->neut (+1 -> +0),13.0,14.454431545915147,1.4544315459151473
1821,fluoradene_neut->an (+0 -> -1),11.1,10.12876548129245,0.9712345187075488
1822,isoxazolidine_cation->neut (+1 -> +0),5.05,4.574310822472293,0.47568917752770723
1823,isoxazolidine5carboxylic_neut->an (+0 -> -1),4.77,5.608027216688982,0.8380272166889826
1824,isoxazolidine5carboxylic_cation->neut (+1 -> +0),2.18,3.108494648012978,0.9284946480129777
1825,35dimethylisoxazole_cation->neut (+1 -> +0),-1.26,-0.5247205613071424,0.7352794386928576
1826,5methylisoxazole_cation->neut (+1 -> +0),-1.61,-1.9667099830129997,0.3567099830129996
1827,3methylisoxazole_cation->neut (+1 -> +0),-1.22,-1.7391391368704623,0.5191391368704623
1828,3methylisothiazole_cation->neut (+1 -> +0),0.88,0.5823687967906039,0.29763120320939607
1829,5methylisothiazole_cation->neut (+1 -> +0),0.42,0.41473198560215874,0.0052680143978412475
1830,35dimethylisothiazole_cation->neut (+1 -> +0),1.52,1.7235688046862583,0.20356880468625826
1831,245trimethyl12oxazol32Hone_cation->neut (+1 -> +0),-1.36,-1.462100794260496,0.1021007942604959
1832,15naphtyridine_cation->neut (+1 -> +0),3.05,3.124698595809069,0.07469859580906935
1833,pempidine_cation->neut (+1 -> +0),11.25,11.239371407502176,0.010628592497823774
1834,tetramethylpiperidine_cation->neut (+1 -> +0),11.24,10.981197316097209,0.2588026839027915
1835,126trimethylpiperidine_cation->neut (+1 -> +0),10.21,10.558198878400317,0.34819887840031605
1836,1224tetramethylpiperidine_cation->neut (+1 -> +0),10.24,10.577004795949811,0.33700479594981125
1837,4nitrophenylmalononitrile_neut->an (+0 -> -1),2.3,2.076234414361502,0.2237655856384979
1838,meldrumsacid_neut->an (+0 -> -1),4.97,6.001032694208928,1.0310326942089283
1839,dimedone_neut->an (+0 -> -1),5.25,6.543068714230202,1.293068714230202
1840,pyridine26dimethyl35dicarboxylic_cation->neut (+1 -> +0),1.72,1.4187405661353374,0.3012594338646626
1841,pyridine26dimethyl35dicarboxylic_neut->an (+0 -> -1),2.81,2.807729288994289,0.002270711005710968
1842,pyridine26dimethyl35dicarboxylic_an->2an (-1 -> -2),6.16,6.113263007548956,0.046736992451044124
1843,pyridine35dicarboxylic_cation->neut (+1 -> +0),1.1,0.9405418769094132,0.15945812309058693
1844,pyridine35dicarboxylic_neut->an (+0 -> -1),2.72,2.6570617858096535,0.06293821419034673
1845,pyridine35dicarboxylic_an->2an (-1 -> -2),4.62,4.7910840313776974,0.17108403137769734
1846,pyridine246trimethyl35dicarboxylic_neut->an (+0 -> -1),1.77,3.2114922694346797,1.4414922694346797
1847,pyridine246trimethyl35dicarboxylic_an->2an (-1 -> -2),6.54,6.432729762602089,0.10727023739791086
1848,chelidamic_an->2an (-1 -> -2),3.2,3.4100876853140756,0.2100876853140754
1849,chelidamic_2an->3an (-2 -> -3),11.4,11.791401590160127,0.3914015901601271
1850,pyridine345tricarboxylic_2an->3an (-2 -> -3),5.48,5.46040723734796,0.019592762652040463
1851,xanthopterin_cation->neut (+1 -> +0),2.17,1.6535007218649618,0.5164992781350382
1852,xanthopterin_neut->an (+0 -> -1),6.3,6.731754509076236,0.431754509076236
1853,xanthopterin_an->2an (-1 -> -2),9.23,9.647654076387553,0.4176540763875529
1854,8oxy24diaminopteridine_cation->neut (+1 -> +0),2.17,2.5032948347631336,0.3332948347631337
1855,8oxypterin_cation->neut (+1 -> +0),-0.63,-0.2359805670483448,0.3940194329516552
1856,8oxypterin_neut->an (+0 -> -1),6.94,6.909914443497031,0.030085556502969624
1857,6chloro24diaminopteridine_cation->neut (+1 -> +0),4.36,4.4862700230553845,0.12627002305538415
1858,2amino56dihydro6thioxopteridin43Hone_cation->neut (+1 -> +0),0.97,1.261090572492166,0.29109057249216597
1859,2amino56dihydro6thioxopteridin43Hone_neut->an (+0 -> -1),4.7,5.1116754829997255,0.41167548299972534
1860,2amino56dihydro6thioxopteridin43Hone_an->2an (-1 -> -2),9.23,9.006452950129498,0.22354704987050233
1861,2amino7sulfanylidene38dihydropteridin4one_cation->neut (+1 -> +0),-0.92,-1.0527575538973828,0.13275755389738275
1862,2amino7sulfanylidene38dihydropteridin4one_neut->an (+0 -> -1),5.82,6.394349859465905,0.5743498594659044
1863,2amino7sulfanylidene38dihydropteridin4one_an->2an (-1 -> -2),9.4,9.633097694035378,0.2330976940353775
1864,isoxanthopterin_cation->neut (+1 -> +0),-0.5,-0.8686167924904344,0.36861679249043444
1865,isoxanthopterin_neut->an (+0 -> -1),7.34,7.436222288940523,0.09622228894052309
1866,isoxanthopterin_an->2an (-1 -> -2),10.06,10.231440278930277,0.1714402789302767
1867,2amino5nitropyrimidine_cation->neut (+1 -> +0),0.35,-0.06633124345156816,0.41633124345156813
1868,cubane14dicarboxylic_neut->an (+0 -> -1),3.63,4.250936452889293,0.6209364528892927
1869,cubane14dicarboxylic_an->2an (-1 -> -2),4.76,4.585664632178712,0.17433536782128822
1870,cubane2chloro14dicarboxylic_neut->an (+0 -> -1),3.17,3.4876740349600333,0.3176740349600333
1871,cubane2chloro14dicarboxylic_an->2an (-1 -> -2),4.09,3.8694277261354273,0.22057227386457257
1872,cubane27dichloro14dicarboxylic_neut->an (+0 -> -1),2.73,2.570140786548177,0.15985921345182286
1873,cubane27dichloro14dicarboxylic_an->2an (-1 -> -2),3.68,4.510240361684164,0.8302403616841638
1874,cubane23dichloro14dicarboxylic_neut->an (+0 -> -1),2.7,2.8608692464839898,0.1608692464839896
1875,cubane23dichloro14dicarboxylic_an->2an (-1 -> -2),3.63,3.6811516319443696,0.05115163194436967
1876,iodomethylphosphonic_neut->an (+0 -> -1),1.3,1.223546671325015,0.07645332867498511
1877,iodomethylphosphonic_an->2an (-1 -> -2),6.72,7.067798603739707,0.34779860373970717
1878,hydroxymethylphosphonic_neut->an (+0 -> -1),1.91,2.259847348136538,0.34984734813653806
1879,hydroxymethylphosphonic_an->2an (-1 -> -2),7.15,8.417216526781948,1.2672165267819473
1880,4cyanophenylphosphonic_neut->an (+0 -> -1),1.27,1.3400522043472458,0.0700522043472458
1881,4cyanophenylphosphonic_an->2an (-1 -> -2),6.79,6.527092937242811,0.262907062757189
1882,2fluorophenylphosphonic_neut->an (+0 -> -1),1.64,1.3859256198826353,0.2540743801173646
1883,2fluorophenylphosphonic_an->2an (-1 -> -2),6.8,6.701531800619092,0.09846819938090778
1884,2chlorophenylphosphonic_neut->an (+0 -> -1),1.63,1.5700358714391438,0.05996412856085609
1885,2chlorophenylphosphonic_an->2an (-1 -> -2),6.98,6.9508804683337315,0.029119531666268905
1886,3chlorophenylphosphonic_neut->an (+0 -> -1),1.53,1.6312894178266815,0.10128941782668144
1887,3chlorophenylphosphonic_an->2an (-1 -> -2),7.1,7.0094736554376675,0.0905263445623321
1888,2methoxyphenylphosphonic_neut->an (+0 -> -1),2.16,1.3491587677411596,0.8108412322588405
1889,2methoxyphenylphosphonic_an->2an (-1 -> -2),7.77,7.876222809040092,0.10622280904009251
1890,2methylphenylphosphonic_neut->an (+0 -> -1),2.1,2.0817424962882596,0.018257503711740508
1891,2methylphenylphosphonic_an->2an (-1 -> -2),7.71,8.015649633085648,0.30564963308564774
1892,3nitrophenylphosphonic_neut->an (+0 -> -1),1.2,1.7651548786551698,0.5651548786551699
1893,3nitrophenylphosphonic_an->2an (-1 -> -2),6.69,6.484524228420537,0.20547577157946328
1894,3methylphenylphosphonic_neut->an (+0 -> -1),1.88,1.926601376723256,0.04660137672325604
1895,3methylphenylphosphonic_an->2an (-1 -> -2),7.44,7.682550346034173,0.24255034603417247
1896,3hydroxyphenylphosphonic_neut->an (+0 -> -1),1.78,1.8255284102506497,0.04552841025064969
1897,3hydroxyphenylphosphonic_an->2an (-1 -> -2),7.03,7.18162206395208,0.15162206395207978
1898,26dimethylphenylphosphonic_neut->an (+0 -> -1),2.39,2.216935410193206,0.17306458980679418
1899,26dimethylphenylphosphonic_an->2an (-1 -> -2),7.7,8.735841196659386,1.0358411966593861
1900,NNNtrimethyl147triazacyclononane_cation->neut (+1 -> +0),11.7,11.411092436026241,0.2889075639737584
1901,NNNtrimethyl147triazacyclononane_2cation->cation (+2 -> +1),5.2,5.466696349781131,0.26669634978113077
1902,NNNtrimethyl147triazacyclononane_3cation->2cation (+3 -> +2),0.6,2.6958123436703776,2.0958123436703775
1903,NNNtrimethyl159triazaciclododecane_cation->neut (+1 -> +0),12.8,12.16122310019879,0.6387768998012113
1904,NNNtrimethyl159triazaciclododecane_2cation->cation (+2 -> +1),5.7,6.746825629575216,1.046825629575216
1905,NNNtrimethyl159triazaciclododecane_3cation->2cation (+3 -> +2),2.9,2.8245697173600384,0.07543028263996154
1906,3hydroxy6dimethylaminopyridazine_cation->neut (+1 -> +0),1.36,1.7852724357594658,0.4252724357594657
1907,1azahomocubane_cation->neut (+1 -> +0),9.7,8.01771352158303,1.6822864784169695
1908,1azabicylco222octane_cation->neut (+1 -> +0),11.1,11.574416330155248,0.47441633015524864
1909,1azabicylco221heptane_cation->neut (+1 -> +0),11.5,10.33848217318442,1.1615178268155795
1910,3carboxylictropolone_an->2an (-1 -> -2),7.98,8.089335456135345,0.10933545613534434
1911,3carboxylictropolone_neut->an (+0 -> -1),3.2,4.3653485012893585,1.1653485012893583
1912,4carboxylictropolone_an->2an (-1 -> -2),7.03,7.395299321363459,0.3652993213634588
1913,4carboxylictropolone_neut->an (+0 -> -1),3.42,3.4247103223613466,0.004710322361346719
1914,5carboxylictropolone_neut->an (+0 -> -1),4.05,3.547094979607989,0.5029050203920109
1915,5carboxylictropolone_an->2an (-1 -> -2),6.41,6.40502649139975,0.004973508600250476
1916,5nitrotropolone_neut->an (+0 -> -1),3.3,2.958889690299814,0.34111030970018597
1917,bicyclo211hexane1carboxylic_neut->an (+0 -> -1),4.46,4.500823749319018,0.040823749319018
1918,1aminocyclopentane1carboxylate_cation->neut (+1 -> +0),2.62,2.512564035060805,0.10743596493919494
1919,1aminocyclopentane1carboxylate_neut->an (+0 -> -1),10.01,10.390249183214564,0.38024918321456447
1920,3azetidinecarboxylic_cation->neut (+1 -> +0),3.2,3.036932908796481,0.16306709120351925
1921,3azetidinecarboxylic_neut->an (+0 -> -1),10.3,9.63500180915089,0.6649981908491114
1922,2azetidinecarboxylic_cation->neut (+1 -> +0),2.01,2.1583836131926146,0.14838361319261484
1923,2azetidinecarboxylic_neut->an (+0 -> -1),10.21,9.834708244775165,0.37529175522483627
1924,nphenylazetidine_cation->neut (+1 -> +0),3.6,3.210609919018826,0.3893900809811739
1925,18diaminonaphtalene_cation->neut (+1 -> +0),4.61,3.4376642240510504,1.1723357759489499
1926,18dimeaminonaphtalene_cation->neut (+1 -> +0),5.61,4.892118783350736,0.7178812166492641
1927,1234tetrahydronaphtho18ef14diazepine_cation->neut (+1 -> +0),4.62,3.6515323910629185,0.9684676089370816
1928,12dimethylhexahydropyridazine_cation->neut (+1 -> +0),6.66,6.740584189806272,0.08058418980627202
1929,23dimethyl23diazabicyclo221heptane_cation->neut (+1 -> +0),6.89,8.230993253990569,1.3409932539905691
1930,tetrahydro36pyridazinedione_neut->an (+0 -> -1),8.1,8.440848329619918,0.3408483296199183
1931,21iminotetramethylene2imidazoline_cation->neut (+1 -> +0),11.26,12.269701170985474,1.0097011709854744
1932,16diazabicyclo440decane_cation->neut (+1 -> +0),6.79,7.611960866176107,0.8219608661761066
1933,23dimethyl23diazabicyclo222octane_cation->neut (+1 -> +0),7.14,6.8487692170734285,0.29123078292657123
1934,quinuclidine4carboxamide_cation->neut (+1 -> +0),9.47,9.701997092657411,0.23199709265741042
1935,quinuclidine4chloro_cation->neut (+1 -> +0),8.78,8.579010292883801,0.20098970711619835
1936,quinuclidine4cyano_cation->neut (+1 -> +0),8.23,8.13860775611538,0.09139224388461997
1937,quinuclidine4hydroxy_cation->neut (+1 -> +0),9.53,9.543651647617175,0.0136516476171753
1938,quinuclidine3methyl_cation->neut (+1 -> +0),11.29,11.216402775931073,0.07359722406892644
1939,quinuclidine3hydroxy_cation->neut (+1 -> +0),9.91,10.279591446295393,0.3695914462953933
1940,quinuclidine3carboxamide_cation->neut (+1 -> +0),9.82,9.097318718811394,0.7226812811886063
1941,quinuclidine2chloro_cation->neut (+1 -> +0),6.98,6.5787015550192685,0.40129844498073197
1942,quinuclidine2cyano_cation->neut (+1 -> +0),5.85,6.11813846321582,0.2681384632158208
1943,quinuclidine2methyl_cation->neut (+1 -> +0),11.33,11.172671448887664,0.1573285511123359
1944,quinuclidine2carboxamide_cation->neut (+1 -> +0),9.04,8.370798423724832,0.6692015762751673
1945,quinuclidine4chloromethyl_cation->neut (+1 -> +0),10.27,10.118361955703644,0.1516380442963552
1946,quinuclidine4acetyl_cation->neut (+1 -> +0),9.13,8.976710279577755,0.15328972042224542
1947,hexahydropyrazolo12apyrazole_cation->neut (+1 -> +0),7.91,8.472803889474129,0.5628038894741287
1948,12dimethylpyrazolidine_cation->neut (+1 -> +0),6.67,7.262954480762552,0.5929544807625522
1949,3fluorobicyclo111pentane1carboxylic_neut->an (+0 -> -1),3.29,3.2719413624477784,0.01805863755222159
1950,3cf3cyclo111pentane1carboxylic_neut->an (+0 -> -1),3.25,3.222019395228494,0.0279806047715061
1951,3cyanocyclo111pentane1carboxylic_neut->an (+0 -> -1),3.21,3.3643790403155984,0.15437904031559846
1952,3nitrocyclo111pentane1carboxylic_neut->an (+0 -> -1),3.08,3.0206174557492647,0.059382544250735414
1953,3methylcyclo111pentane1carboxylic_neut->an (+0 -> -1),3.08,3.8162138983134213,0.7362138983134212
1954,benzoccinnoline_cation->neut (+1 -> +0),2.2,2.2707014475643748,0.07070144756437458
1955,norharmane_cation->neut (+1 -> +0),7.2,6.543622154605038,0.656377845394962
1956,norharmane_neut->an (+0 -> -1),14.5,14.129348251464531,0.3706517485354688
1957,naphtimidazole_neut->an (+0 -> -1),12.36,12.219086621653267,0.1409133783467329
1958,47phenanthroline_cation->neut (+1 -> +0),4.0,4.304390746873274,0.30439074687327405
1959,47phenanthroline_2cation->cation (+2 -> +1),2.4,2.1070829535588844,0.2929170464411155
1960,2methylnaphtimidazole_cation->neut (+1 -> +0),6.02,5.892334266505392,0.12766573349460764
1961,2methylnaphtimidazole_neut->an (+0 -> -1),12.73,12.999730867833478,0.2697308678334771
1962,38dimethyl110phenanthroline_cation->neut (+1 -> +0),5.23,5.1435889846684955,0.08641101533150497
1963,3568tetramethyl110phenanthroline_cation->neut (+1 -> +0),5.54,5.9839962964736415,0.44399629647364147
1964,56dichloro110phenanthroline_cation->neut (+1 -> +0),3.47,3.359338887882192,0.11066111211780827
1965,47dichloro110phenanthroline_cation->neut (+1 -> +0),3.03,3.408002682199073,0.3780026821990732
1966,29dimethyl110phenanthroline_cation->neut (+1 -> +0),6.17,5.756301178793705,0.4136988212062951
1967,3478tetramethyl110phenanthroline_cation->neut (+1 -> +0),6.31,6.193066302580775,0.11693369741922499
1968,2479tetramethyl110phenanthroline_cation->neut (+1 -> +0),6.5,6.146930525083474,0.3530694749165262
1969,47dimethoxy110phenanthroline_cation->neut (+1 -> +0),6.45,6.488947448025184,0.03894744802518346
1970,56dimethoxy110phenanthroline_cation->neut (+1 -> +0),4.42,4.435111489432727,0.015111489432727332
1971,1aza6helicene_cation->neut (+1 -> +0),4.55,5.181174471535614,0.6311744715356138
1972,2aza6helicene_cation->neut (+1 -> +0),5.28,5.584045594044789,0.3040455940447888
1973,24thiazolidinedione_neut->an (+0 -> -1),6.24,6.490343657143151,0.25034365714315054
1974,2thioxothiazolidin4one_neut->an (+0 -> -1),6.9,5.485087476040889,1.414912523959111
1975,5azadihydrouracil_neut->an (+0 -> -1),10.7,11.153375631355557,0.4533756313555575
1976,1methyl56dinitrobenzimidazole_cation->neut (+1 -> +0),1.6,1.60694812726868,0.006948127268679993
1977,aziridine_cation->neut (+1 -> +0),8.04,7.8531087380420646,0.1868912619579346
1978,1methylaziridine_cation->neut (+1 -> +0),8.5,8.246713541109054,0.2532864588909458
1979,11dimethylaziridine_cation->neut (+1 -> +0),8.61,9.051405676226828,0.4414056762268288
1980,12dimethylaziridine_cation->neut (+1 -> +0),8.69,8.887890008716692,0.19789000871669238
1981,12cisdimethylaziridine_cation->neut (+1 -> +0),8.72,8.616126779438442,0.10387322056155845
1982,thiazolidine_cation->neut (+1 -> +0),6.2,5.8347117556298125,0.3652882443701877
1983,hexamethylenetetramine_cation->neut (+1 -> +0),6.3,5.932988819780953,0.36701118021904655
1984,cyclopenta25dien12dcarbonitrile_neut->an (+0 -> -1),1.11,0.9500119020584519,0.15998809794154822
1985,cyclopenta25dien25dcarbonitrile_neut->an (+0 -> -1),2.52,1.8758237227578807,0.6441762772421193
1986,2phenylmalononitrile_neut->an (+0 -> -1),5.8,4.566665740806828,1.233334259193172
1987,2bromomalononitrile_neut->an (+0 -> -1),5.0,3.8230672085604676,1.1769327914395324
1988,malononitrile_neut->an (+0 -> -1),11.19,9.569467368066624,1.6205326319333757
1989,trimethylaminenoxyde_cation->neut (+1 -> +0),4.64,5.5442294822459095,0.9042294822459098
1990,fluoronitromethane_neut->an (+0 -> -1),9.55,10.021125680607426,0.4711256806074253
1991,chloronitromethane_neut->an (+0 -> -1),7.2,8.137883751849568,0.9378837518495677
1992,45benzotropolone_neut->an (+0 -> -1),10.0,8.455720924702232,1.5442790752977675
1993,12diazepine12dimethylhexahydro_cation->neut (+1 -> +0),6.66,6.828512255770949,0.16851225577094908
1994,tetramethylhydrazine_cation->neut (+1 -> +0),6.18,6.510074202449762,0.3300742024497625
1995,NNpbipyrrolidine_cation->neut (+1 -> +0),7.16,7.223064187104704,0.06306418710470396
1996,NNpbipiridine_cation->neut (+1 -> +0),7.09,7.505673001135854,0.41567300113585404
1997,nmethylhydrazine_cation->neut (+1 -> +0),7.85,8.162709982139589,0.3127099821395891
1998,nndimethylhydrazine_cation->neut (+1 -> +0),7.12,6.995768308318364,0.12423169168163639
1999,nnnptrimethylhydrazine_cation->neut (+1 -> +0),6.58,7.172518559535835,0.5925185595358347
2000,dimethylhydrazine_cation->neut (+1 -> +0),7.49,8.70867869461944,1.21867869461944
2001,isopropylhidrazine_cation->neut (+1 -> +0),7.6,8.594737895551216,0.9947378955512161
2002,pyrrolidin1amine_cation->neut (+1 -> +0),7.75,7.64752195824528,0.1024780417547202
2003,piperidine1amine_cation->neut (+1 -> +0),7.51,7.488806260819188,0.02119373918081191
2004,1aminohomopiperidine_cation->neut (+1 -> +0),7.92,7.698505845535188,0.22149415446481235
2005,tolylhydrazine_cation->neut (+1 -> +0),5.32,5.18352402901031,0.13647597098969033
2006,4hydrazinebenzonitrile_cation->neut (+1 -> +0),4.25,4.390280535685566,0.14028053568556587
2007,4chlorophenyhydrazine_cation->neut (+1 -> +0),4.96,4.9825963484292295,0.02259634842922953
2008,4nitrophenyhydrazine_cation->neut (+1 -> +0),3.7,3.3658352014062727,0.3341647985937275
2009,4bromophenyhydrazine_cation->neut (+1 -> +0),5.05,5.08712124414517,0.03712124414516982
2010,3methylphenylhydrazine_cation->neut (+1 -> +0),5.26,5.59317029328657,0.3331702932865701
2011,2methylphenylhydrazine_cation->neut (+1 -> +0),5.32,5.3850769283404825,0.06507692834048218
2012,3hydrazinebenzonitrile_cation->neut (+1 -> +0),5.57,4.428733929826502,1.141266070173498
2013,3methoxyphenylhydrazine_cation->neut (+1 -> +0),5.3,5.318188591516644,0.01818859151664398
2014,4methoxyphenylhydrazine_cation->neut (+1 -> +0),5.71,5.560347122575655,0.1496528774243453
2015,2methoxyphenylhydrazine_cation->neut (+1 -> +0),5.53,5.3173192740087325,0.21268072599126775
2016,2chlorophenylhydrazine_cation->neut (+1 -> +0),4.65,4.858636611906698,0.20863661190669802
2017,3chlorophenylhydrazine_cation->neut (+1 -> +0),4.78,5.042773087537014,0.26277308753701334
2018,3nitrophenylhydrazine_cation->neut (+1 -> +0),4.39,4.831218057701668,0.44121805770166844
2019,2nitrophenylhydrazine_cation->neut (+1 -> +0),3.5,2.985503145435147,0.514496854564853
2020,3bromoophenylhydrazine_cation->neut (+1 -> +0),4.84,4.7538392083851555,0.08616079161484436
2021,2bromoophenylhydrazine_cation->neut (+1 -> +0),4.54,4.4020859139861175,0.13791408601388255
2022,12dimethyl1236tetrahydropyridazine_cation->neut (+1 -> +0),5.7,5.740378463669857,0.04037846366985676
2023,prop2ynylhydrazine_cation->neut (+1 -> +0),5.46,5.833210918701007,0.3732109187010071
2024,quinuclidine4amine_2cation->cation (+2 -> +1),6.74,7.95462013153111,1.2146201315311096
2025,quinuclidine4amine_cation->neut (+1 -> +0),10.14,10.234751695135067,0.09475169513506643
2026,quinuclidine2hydroxy_cation->neut (+1 -> +0),10.07,9.043830010793275,1.0261699892067249
2027,quinuclidin3one_cation->neut (+1 -> +0),7.53,7.044004025803851,0.4859959741961495
2028,4fluoroquinuclidine_cation->neut (+1 -> +0),8.55,8.535093771346734,0.014906228653266851
2029,4ethynylquinuclidine_cation->neut (+1 -> +0),9.48,9.466229454651845,0.013770545348155139
2030,4ethylquinuclidine_cation->neut (+1 -> +0),11.09,11.132217855399784,0.042217855399783843
2031,4ethenylquinuclidine_cation->neut (+1 -> +0),10.56,10.15031957535328,0.40968042464672116
2032,quinuclidine4methylamino_2cation->cation (+2 -> +1),6.91,7.426615139564143,0.5166151395641432
2033,quinuclidine4methylamino_cation->neut (+1 -> +0),10.32,10.40425428325106,0.08425428325105955
2034,quinuclidine2methoxy_cation->neut (+1 -> +0),8.87,8.751527677418217,0.11847232258178231
2035,quinuclidine4methylvinyl_cation->neut (+1 -> +0),10.52,10.560247042117421,0.04024704211742147
2036,quinuclidine4isopropyl_cation->neut (+1 -> +0),11.2,11.103246904071131,0.09675309592886805
2037,quinuclidine4dimethylamino_2cation->cation (+2 -> +1),6.41,6.66838990980908,0.25838990980907983
2038,quinuclidine4dimethylamino_cation->neut (+1 -> +0),10.15,10.214889630892294,0.06488963089229394
2039,quinuclidine4nitroo_cation->neut (+1 -> +0),7.64,7.754838953714888,0.11483895371488817
2040,quinuclidine4methylthio_cation->neut (+1 -> +0),9.46,9.917044240859386,0.45704424085938555
2041,quinuclidine4tertbutyl_cation->neut (+1 -> +0),11.27,11.218337916609276,0.05166208339072398
2042,quinuclidine2chloromethyl_cation->neut (+1 -> +0),9.68,9.871845386975394,0.19184538697539466
2043,quinuclidine3chloromethyl_cation->neut (+1 -> +0),10.15,9.553522552825665,0.596477447174335
2044,quinuclidine4methylsulfonyl_cation->neut (+1 -> +0),7.89,8.091730038281902,0.2017300382819025
2045,quinuclidine4bromo_cation->neut (+1 -> +0),8.47,8.7052057730237,0.23520577302369894
2046,quinuclidine4phenyl_cation->neut (+1 -> +0),10.18,10.200595151001503,0.020595151001502998
2047,quinuclidine4carboxylic_cation->neut (+1 -> +0),3.54,3.385774492942933,0.15422550705706684
2048,quinuclidine4carboxylic_neut->an (+0 -> -1),10.51,10.217244792182658,0.29275520781734166
2049,quinuclidine4carboxylicmethylester_cation->neut (+1 -> +0),9.42,9.403218864160097,0.016781135839902817
2050,methylnitramine_neut->an (+0 -> -1),6.52,5.999853190817775,0.5201468091822248
2051,2aminothiophenol_cation->neut (+1 -> +0),2.9,2.8558579570425175,0.044142042957482364
2052,18dipyrrolidinnaphthalene_cation->neut (+1 -> +0),9.97,10.87208900266588,0.9020890026658801
2053,1methyl1azoniabicyclo222octane2carboxylic_cation->neut (+1 -> +0),1.66,1.835730505972215,0.17573050597221518
2054,1methyl1azoniabicyclo222octane3carboxylic_cation->neut (+1 -> +0),3.27,3.2515050690819187,0.018494930918081298
2055,1methyl1azoniabicyclo222octane4carboxylic_cation->neut (+1 -> +0),3.32,3.464035795683161,0.14403579568316127
2056,1458tetraazaphenanthrene_cation->neut (+1 -> +0),0.5,0.18205031453555076,0.31794968546444924
2057,quinuclidine4methoxy_cation->neut (+1 -> +0),9.4,9.466330240723385,0.066330240723385
2058,quinuclidine3chloro_cation->neut (+1 -> +0),8.85,8.732974301314467,0.11702569868553248
2059,quinuclidine4methyl_cation->neut (+1 -> +0),11.08,11.150670426319978,0.07067042631997822
2060,benzoquinuclidine_cation->neut (+1 -> +0),7.79,7.589028481945844,0.20097151805415603
2061,cyclohexan11dicarboxylic_neut->an (+0 -> -1),3.33,2.94427248766353,0.3857275123364703
2062,cyclohexan11dicarboxylic_an->2an (-1 -> -2),5.73,5.8692465374280465,0.13924653742804605
2063,2methylthiazoline_cation->neut (+1 -> +0),5.22,5.143002407828885,0.07699759217111435
2064,thiazole_cation->neut (+1 -> +0),2.53,2.4972771705181973,0.032722829481802496
2065,11bistrifluoromethylethanol_neut->an (+0 -> -1),9.55,10.079686720133358,0.5296867201333573
2066,perfluorotertbutanol_neut->an (+0 -> -1),5.1,4.913244668352022,0.1867553316479773
2067,46dihydroxypyrimidine_neut->an (+0 -> -1),5.4,6.111528873273042,0.7115288732730418
2068,2nitropropane_neut->an (+0 -> -1),7.7,8.959989680013667,1.2599896800136667
2069,acetylacetone_neut->an (+0 -> -1),8.99,7.556467140454253,1.433532859545747
2070,malonamide_neut->an (+0 -> -1),12.5,12.64732328913771,0.14732328913770942
2071,trimethylmethanetricarboxylate_neut->an (+0 -> -1),5.8,6.240067667224755,0.44006766722475543
2072,bismethylsulphonylmethane_neut->an (+0 -> -1),12.6,11.112947612958532,1.4870523870414676
2073,dinitroacetamide_neut->an (+0 -> -1),1.3,1.4755128812193794,0.17551288121937936
2074,clavulanic_neut->an (+0 -> -1),2.7,2.3862662200441394,0.3137337799558608
2075,malonaldehyde_neut->an (+0 -> -1),5.0,5.543804653343289,0.5438046533432894
2076,2indanone_neut->an (+0 -> -1),12.21,12.241253776163411,0.03125377616341041
2077,2tetralone_neut->an (+0 -> -1),12.92,12.350725229045818,0.5692747709541823
2078,2benzosuberone_neut->an (+0 -> -1),14.9,15.140591416588421,0.24059141658842087
2079,2azaspiro33heptane_cation->neut (+1 -> +0),11.3,11.028758984606604,0.2712410153933966
2080,1azaspiro33heptane_cation->neut (+1 -> +0),11.4,10.61110973437987,0.7888902656201306
2081,1methyl1Himidazole2carboxylic_neut->an (+0 -> -1),6.88,6.685139210998405,0.19486078900159498
2082,1methyl1Hpyrrole2carboxylic_neut->an (+0 -> -1),4.54,4.929613193298589,0.38961319329858934
2083,13dimethyl1Hpyrazole4carboxylic_neut->an (+0 -> -1),4.52,4.522164902914184,0.0021649029141848075
2084,1methyl3trifluoromethyl1Hpyrazole4carboxylic_neut->an (+0 -> -1),3.79,3.5703970235919247,0.21960297640807536
2085,1methyl1hpyrazol4ylphosphonic_neut->an (+0 -> -1),1.84,2.0328468654386462,0.19284686543864615
2086,1methyl1hpyrazol4ylphosphonic_an->2an (-1 -> -2),6.76,7.364279794604236,0.6042797946042366
2087,15dimethyl1hpyrazol4ylphosphonic_neut->an (+0 -> -1),2.1,2.203424027921568,0.10342402792156813
2088,15dimethyl1hpyrazol4ylphosphonic_an->an2 (-1 -> -2),7.15,7.537265034777228,0.3872650347772275
2089,2hydroxypyrimidin5ylphosphonic_neut->an (+0 -> -1),1.52,2.771768837867538,1.2517688378675378
2090,2hydroxypyrimidin5ylphosphonic_an->2an (-1 -> -2),5.6,6.3912300450798725,0.7912300450798728
2091,2hydroxypyrimidin5ylphosphonic_2an->3an (-2 -> -3),9.24,9.81071189281456,0.5707118928145594
2092,2aminopyrimidin5ylphosphonic_neut->an (+0 -> -1),2.94,3.6913340243404527,0.7513340243404527
2093,2aminopyrimidin5ylphosphonic_an->2an (-1 -> -2),6.15,5.98308941151932,0.16691058848068074
2094,trifluoromethylphosphonic_an->2an (-1 -> -2),3.93,4.376958076806339,0.44695807680633903
2095,thiophene2phosphonic_neut->an  (+0 -> -1),1.1,1.6785682921348162,0.5785682921348161
2096,thiophene2phosphonic_an->2an (-1 -> -2),6.43,6.7216790735082546,0.29167907350825484
2097,trimethylsilanomethylphosphonic_neut->an (+0 -> -1),3.22,2.9495196633703076,0.2704803366296926
2098,trimethylsilanomethylphosphonic_an->2an (-1 -> -2),8.6,9.227585042822557,0.6275850428225578
2099,5methyl13cyclohexanedione_neut->an (+0 -> -1),5.08,5.029699646619214,0.05030035338078598
2100,2methyl13cyclohexanedione_neut->an (+0 -> -1),5.57,6.9056861157043725,1.3356861157043722
2101,2acetyl13cyclohexanedione_neut->an (+0 -> -1),5.47,5.7594478730908625,0.28944787309086273
2102,2acetyl55dimethyl13cyclohexanedione_neut->an (+0 -> -1),5.36,5.696528286773515,0.33652828677351465
2103,5furany2yl13cyclohexanedione_neut->an (+0 -> -1),4.73,4.493995623502852,0.23600437649714845
2104,5pehnyl13cyclohexanedione_neut->an (+0 -> -1),4.74,5.370395499746226,0.6303954997462258
2105,5chloropehnyl13cyclohexanedione_neut->an (+0 -> -1),4.68,4.5219512104435795,0.1580487895564202
2106,5fluoropehnyl13cyclohexanedione_neut->an (+0 -> -1),4.76,4.881578357850963,0.12157835785096349
2107,44dimethyl13cyclohexanedione_neut->an (+0 -> -1),5.19,5.599174101821394,0.40917410182139324
2108,2hydroxy4methylpyrimidin5ylphosphonic_neut->an (+0 -> -1),2.51,2.6998464450307376,0.18984644503073778
2109,2hydroxy4methylpyrimidin5ylphosphonic_an->2an (-1 -> -2),5.92,6.625251269909378,0.705251269909378
2110,2hydroxy4methylpyrimidin5ylphosphonic_2an->3an (-2 -> -3),10.03,10.307604124188089,0.27760412418808933
2111,4nitrophenylphosphonic_neut->an (+0 -> -1),1.19,0.9067093755940938,0.28329062440590613
2112,4nitrophenylphosphonic_an>2an (-1 -> -2),6.67,6.698270743679625,0.028270743679625454
2113,4chlorophenylphosphonic_neut->an (+0 -> -1),1.58,1.5314858153299769,0.04851418467002322
2114,4chlorophenylphosphonic_an>2an (-1 -> -2),7.23,6.832921220049273,0.3970787799507276
2115,4phosphobenzoic_neut->an (+0 -> -1),1.51,1.070977191168839,0.43902280883116096
2116,4phosphobenzoic_an->2an (-1 -> -2),4.37,4.325576389589867,0.04442361041013321
2117,4phosphobenzoic_2an->3an (-2 -> -3),7.64,7.684749386222222,0.044749386222222576
2118,4ethoxyphenylphosphonic_neut->an (+0 -> -1),2.0,1.9230300526533215,0.0769699473466785
2119,4ethoxyphenylphosphonic_an->2an (-1 -> -2),7.65,8.152649417867394,0.5026494178673939
2120,ethylphosphonic_neut->an (+0 -> -1),2.45,1.9321200279049373,0.5178799720950629
2121,ethylphosphonic_an->2an (-1 -> -2),8.05,8.53137229540813,0.48137229540812854
2122,vinylphospohnic_neut->an  (+0 -> -1),2.74,2.2962037270544853,0.44379627294551494
2123,vinylphospohnic_an->2an  (-1 -> -2),7.34,7.456993193322698,0.1169931933226982
2124,ditrifluoroacetylguanazine_neut->an (+0 -> -1),5.9,5.556245010364569,0.34375498963543105
2125,diacetylguanazline_neut->an (+0 -> -1),9.35,9.047786972177008,0.302213027822992
2126,pterin_neut->an (+0 -> -1),7.9,7.771223766279274,0.12877623372072655
2127,6methyl2amino4hydroxypteridine_neut->an (+0 -> -1),8.3,8.038264460086047,0.2617355399139534
2128,67dimethylpterin_neut->an (+0 -> -1),8.6,8.520972122500172,0.07902787749982743
2129,6hydroxymethylpterin_neut->an (+0 -> -1),8.1,7.8708525823009525,0.22914741769904712
2130,4carboxymethylpterin_an->2an (-1 -> -2),7.9,8.058098375953588,0.15809837595358722
2131,68dimethylN5deazapterin_cation->neut (+1 -> +0),6.7,6.587991086212428,0.11200891378757216
2132,2phosphobenzoic_neut->an (+0 -> -1),1.55,1.8095970623804014,0.25959706238040137
2133,2phosphobenzoic_an->2an (-1 -> -2),4.37,4.195744648769393,0.17425535123060687
2134,2phosphobenzoic_2an->3an (-2 -> -3),7.78,7.7043383314721225,0.0756616685278777
2135,4fluorophenylphosphonic_neut->an (+0 -> -1),1.59,1.400196963706402,0.18980303629359807
2136,4fluorophenylphosphonic_an->neut (-1 -> -2),6.96,6.62038479509715,0.3396152049028496
2137,4trifluoromethylphenylphosphonic_neut->an (+0 -> -1),1.28,1.1617854038023463,0.11821459619765373
2138,4trifluoromethylphenylphosphonic_an->2an (-1 -> -2),6.48,6.776700758053502,0.29670075805350127
2139,4trifluoromethoxyphenylphosphonic_neut->an (+0 -> -1),1.45,1.6462665108644643,0.19626651086446434
2140,4trifluoromethoxyphenylphosphonic_an->2an (-1 -> -2),6.69,6.466142119025675,0.22385788097432524
2141,3acetylphenylphosphonic_neut->an (+0 -> -1),1.36,1.2610090842215316,0.09899091577846852
2142,3acetylphenylphosphonic_an->2an (-1 -> -2),6.61,7.077392978292701,0.46739297829270043
2143,4acetylphenylphosphonic_neut->an (+0 -> -1),1.28,1.7606246461940245,0.48062464619402445
2144,4acetylphenylphosphonic_an->2an (-1 -> -2),6.48,6.175581181822353,0.3044188181776475
2145,4ethylphenylphosphonic_neut->an (+0 -> -1),1.73,2.108651124147354,0.3786511241473538
2146,4ethylphenylphosphonic_an->2an (-1 -> -2),7.02,7.556363848634661,0.5363638486346618
2147,4tertbutylphenylphosphonic_neut->an (+0 -> -1),1.8,1.7421311890276687,0.05786881097233132
2148,4tertbutylphenylphosphonic_an->2an (-1 -> -2),7.05,7.5142149956690005,0.4642149956690007
2149,pbinphenylphosphonic_neut->an (+0 -> -1),1.64,1.546899738315699,0.09310026168430086
2150,pbinphenylphosphonic_an->2an (-1 -> -2),6.93,7.38518532286745,0.4551853228674503
2151,mbinphenylphosphonic_neut->an (+0 -> -1),1.61,1.98025665298265,0.37025665298264987
2152,mbinphenylphosphonic_an->2an (-1 -> -2),6.89,7.182539992936803,0.29253999293680355
2153,mesitylphosphonic_neut->an (+0 -> -1),2.53,2.46004324785651,0.06995675214348962
2154,mesitylphosphonic_an->2an (-1 -> -2),8.82,8.052738003450266,0.7672619965497347
2155,24dimethylphenylphosphonic_neut->an (+0 -> -1),2.17,2.0655363461125695,0.1044636538874304
2156,24dimethylphenylphosphonic_an->an (-1 -> -2),8.07,7.890937272580386,0.17906272741961438
2157,25dimethylphenylphosphonic_neut->an (+0 -> -1),2.1,1.9453384284238568,0.15466157157614324
2158,25dimethylphenylphosphonic_an->2an (-1 -> -2),8.1,8.043099580953864,0.0569004190461353
2159,23dimethylphenylphosphonic_neut->an (+0 -> -1),2.17,2.271405079249803,0.10140507924980291
2160,23dimethylphenylphosphonic_an->2an (-1 -> -2),8.07,7.814511197809406,0.25548880219059455
2161,4isopropylphenylphosphonic_neut->an (+0 -> -1),2.13,1.9355647901432569,0.194435209856743
2162,4isopropylphenylphosphonic_an->2an (-1 -> -2),8.18,7.218194976176001,0.9618050238239988
2163,1naphtylphosphonic_an->2an (-1 -> -2),7.64,7.0217053160897684,0.6182946839102312
2164,2naphtylphosphonic_an->2an (-1 -> -2),7.42,7.078818791087661,0.3411812089123387
2165,35dimethylphenylphosphonic_neut->an (+0 -> -1),2.01,1.9166030289191882,0.09339697108081157
2166,35dimethylphenylphosphonic_an->2an (-1 -> -2),7.73,7.50455104321277,0.22544895678723087
2167,34dimethylphenylphosphonic_neut->an (+0 -> -1),2.04,2.184150307329616,0.14415030732961576
2168,34dimethylphenylphosphonic_an->2an (-1 -> -2),7.76,7.505876646574563,0.25412335342543635
2169,2ethylphenylphosphonic_neut->an (+0 -> -1),2.11,2.111454447604066,0.0014544476040661003
2170,2ethylphenylphosphonic_an->2an (-1 -> -2),8.09,7.767194042217724,0.3228059577822755
2171,isopropylphosphonic_neut->an (+0 -> -1),2.66,2.7822443605376685,0.1222443605376684
2172,isopropylphosphonic_an->2an (-1 -> -2),8.7,8.39358661205709,0.30641338794290895
2173,2phosphonoacetic_2an->3an (-2 -> -3),8.69,9.12282764795232,0.43282764795232076
2174,3methoxyphenylphosphonic_neut->an (+0 -> -1),1.74,1.8344198106970149,0.09441981069701488
2175,3methoxyphenylphosphonic_an->2an (-1 -> -2),7.42,7.101051207130689,0.3189487928693113
2176,25difluorophenylphosphonic_neut->an (+0 -> -1),1.06,1.3178497213530003,0.2578497213530002
2177,25difluorophenylphosphonic_an->2an (-1 -> -2),6.32,6.422622078040476,0.10262207804047563
2178,1methyl1h124triazol5ylphosphonic_neut->an (+0 -> -1),2.28,3.265290444995558,0.9852904449955582
2179,1methyl1h124triazol5ylphosphonic_an->2an (-1 -> -2),5.32,4.951247609972012,0.3687523900279883
2180,propylphosphonic_neut->an (+0 -> -1),2.49,2.2951589996407042,0.19484100035929597
2181,propylphosphonic_an->2an (-1 -> -2),8.18,8.80983633163261,0.6298363316326103
2182,24dinitrophenylphosphonic_an->2an (-1 -> -2),6.38,6.012009698556455,0.3679903014435446
2183,2methoxy4nitrophenylphosphonic_neut->an (+0 -> -1),1.53,1.536006508772922,0.00600650877292197
2184,2methoxy4nitrophenylphosphonic_an->2an (-1 -> -2),6.96,6.923284587324781,0.03671541267521938
2185,2chloro4nitrophenylphosphonic_neut->an (+0 -> -1),1.12,0.7663719848621451,0.353628015137855
2186,2chloro4nitrophenylphosphonic_an->2an (-1 -> -2),6.14,6.279950075257264,0.13995007525726422
2187,2bromo5methylphosphonic_neut->an (+0 -> -1),1.81,1.3151943958176027,0.4948056041823974
2188,2bromo5methylphosphonic_an->2an (-1 -> -2),7.15,7.743646667821508,0.593646667821508
2189,difluoronitromethane_neut->an (+0 -> -1),12.4,12.343950044868683,0.05604995513131783
2190,chlorofluoronitromethane_neut->an (+0 -> -1),10.14,8.876229987270463,1.2637700127295375
2191,dichloronitromethane_neut->an (+0 -> -1),5.99,5.482270431971202,0.5077295680287985
2192,2nitroacetamide_neut->an (+0 -> -1),5.18,5.307628897220556,0.12762889722055615
2193,2nitropropan2one_neut->an (+0 -> -1),5.1,4.2177440144115685,0.8822559855884311
2194,33dinitropropanonitrile_neut->an (+0 -> -1),2.27,1.4667957228883868,0.8032042771116132
2195,methylsulphonylacetone_neut->an (+0 -> -1),10.03,9.73868164981251,0.2913183501874901
2196,3methyl24pentanedione_neut->an (+0 -> -1),11.0,10.673762724396624,0.32623727560337556
2197,methylacetoacetate_neut->an (+0 -> -1),10.72,8.348174867714604,2.3718251322853963
2198,1methylhydantoin_neut->an (+0 -> -1),9.1,9.035764138699381,0.06423586130061842
2199,bisethylsulfonylmethane_neut->an (+0 -> -1),12.2,11.39029863876414,0.8097013612358595
2200,bromoxynil_neut->an (+0 -> -1),4.06,4.229389693698339,0.16938969369833945
2201,asulam_neut->an (+0 -> -1),4.8,4.504089041343962,0.2959109586560382
2202,110phenanthroline_2cation->cation (+2 -> +1),-0.7,-1.2583277037087424,0.5583277037087424
2203,24dichloroaniline_cation->neut (+1 -> +0),2.0,1.761530574380318,0.23846942561968199
2204,67dimethylpteridin43Hone_neut->an (+0 -> -1),8.39,8.480084026063434,0.09008402606343324
2205,67dimethyl4oxo34dihydropteridine2sulfonic_an->2an (-1 -> -2),6.02,6.316155237425872,0.29615523742587246
2206,2amino367trimethylpteridin43Hone_cation->neut (+1 -> +0),2.34,3.086662730734276,0.7466627307342764
2207,2methylamino67trimethylpteridin43Hone_cation->neut (+1 -> +0),2.39,1.7714370818120875,0.6185629181879126
2208,2methylamino67trimethylpteridin43Hone_neut->an (+0 -> -1),8.73,8.946134202765446,0.2161342027654456
2209,2methylamino367trimethylpteridin43Hone_cation->neut (+1 -> +0),2.04,2.5291491296717696,0.4891491296717696
2210,2amino67diphenylpteridin43Hone_cation->neut (+1 -> +0),1.82,2.0294898393184795,0.20948983931847942
2211,2amino67diphenylpteridin43Hone_neut->an (+0 -> -1),8.6,7.679357681641482,0.9206423183585173
2212,2dimethylamino67diphenylpteridin43Hone_cation->neut (+1 -> +0),1.69,0.5855027634258727,1.1044972365741272
2213,2dimethylamino67diphenylpteridin43Hone_neut->an (+0 -> -1),8.02,8.992460979542802,0.9724609795428023
2214,2thioxo23dihydropteridine471H8Hdione_neut->an (+0 -> -1),2.85,2.7872619562425838,0.06273804375741632
2215,2thioxo23dihydropteridine471H8Hdione_an->2an (-1 -> -2),8.44,8.744745920333465,0.30474592033346504
2216,2thioxo23dihydropteridine471H8Hdione_2an->3an (-2 -> -3),13.26,13.632270367612758,0.37227036761275833
2217,8methyl2thioxo23dihydropteridine471H8Hdione_neut->an (+0 -> -1),2.2,2.4263075884732945,0.22630758847329435
2218,8methyl2thioxo23dihydropteridine471H8Hdione_an->2an (-1 -> -2),12.01,11.284405293663845,0.725594706336155
2219,1methyl2thioxo23dihydropteridine471H8Hdione_neut->an (+0 -> -1),2.89,2.7645301553021024,0.12546984469789768
2220,1methyl2thioxo23dihydropteridine471H8Hdione_an->2an (-1 -> -2),9.63,9.77614734219273,0.1461473421927284
2221,pteridine473H8Hdione_neut->an (+0 -> -1),6.08,6.324025290675462,0.24402529067546208
2222,pteridine473H8Hdione_an->2an (-1 -> -2),9.62,9.61185132211137,0.008148677888629052
2223,8methypteridine473H8Hdione_neut->an (+0 -> -1),7.58,7.460063580977385,0.11993641902261487
2224,2thioxo1235tetrahydropteridine46dione_neut->an (+0 -> -1),4.93,5.337656272305005,0.40765627230500545
2225,2thioxo1235tetrahydropteridine46dione_an->2an (-1 -> -2),8.43,7.893754837017813,0.5362451629821869
2226,2thioxo1235tetrahydropteridine46dione_2an->3an (-2 -> -3),13.11,13.231559951599177,0.12155995159917765
2227,1methyl2thioxo1235tetrahydropteridine46dione_neut->an (+0 -> -1),4.93,5.497459618670719,0.5674596186707195
2228,1methyl2thioxo1235tetrahydropteridine46dione_an->2an (-1 -> -2),9.32,9.089636732135993,0.23036326786400707
2229,46dioxo3456tetrahydropteridine2sulfonic_an->2an (-1 -> -2),5.03,4.524006295112636,0.5059937048873646
2230,46dioxo3456tetrahydropteridine2sulfonic_2an->3an (-2 -> -3),8.81,8.735027961824953,0.07497203817504783
2231,8methyl46dioxo3456tetrahydropteridine2sulfonic_an->2an (-1 -> -2),4.85,5.0775490162404,0.22754901624039992
2232,7amino6dimethylamino13dimethylpteridine241H3Hdione_cation->neut (+1 -> +0),0.61,1.4822945358146198,0.8722945358146198
2233,13dimethyl2thioxo2358tetrahydropteridine4671Htrione_neut->an (+0 -> -1),2.72,2.7417304526930026,0.021730452693002444
2234,13dimethyl2thioxo2358tetrahydropteridine4671Htrione_an->2an (-1 -> -2),10.86,10.413615897938897,0.4463841020611028
2235,3methyl2thioxo2358tetrahydropteridine4671Htrione_neut->an (+0 -> -1),3.06,3.020730146144495,0.039269853855504966
2236,3methyl2thioxo2358tetrahydropteridine4671Htrione_an->2an (-1 -> -2),8.8,8.980839428187316,0.18083942818731558
2237,3methyl2thioxo2358tetrahydropteridine4671Htrione_2an->3an (-2 -> -3),12.1,12.136972602807543,0.036972602807543
2238,1methyl2thioxo2358tetrahydropteridine4671Htrione_neut->an (+0 -> -1),2.63,2.825733826492514,0.19573382649251414
2239,1methyl2thioxo2358tetrahydropteridine4671Htrione_an->2an (-1 -> -2),9.0,8.899509132227918,0.10049086777208238
2240,1methyl2thioxo2358tetrahydropteridine4671Htrione_2an->3an (-2 -> -3),12.37,12.096504632910154,0.27349536708984523
2241,2thioxo2358tetrahydropteridine4671Htrione_neut->an (+0 -> -1),2.91,3.02044443942446,0.1104444394244597
2242,2thioxo2358tetrahydropteridine4671Htrione_2an->3an (-2 -> -3),11.88,11.655404207396764,0.22459579260323714
2243,8methyl2thioxo2358tetrahydropteridine4671Htrione_neut->an (+0 -> -1),2.0,2.699127969904837,0.6991279699048372
2244,8methyl2thioxo2358tetrahydropteridine4671Htrione_an->2an (-1 -> -2),9.11,9.119662716708138,0.009662716708138674
2245,8methyl2thioxo2358tetrahydropteridine4671Htrione_2an->3an (-2 -> -3),13.16,13.246442416809835,0.08644241680983455
2246,8methyl2methylthio58dihydropteridine4673Htrione_neut->an (+0 -> -1),6.19,5.3354118589322015,0.8545881410677989
2247,8methyl2methylthio58dihydropteridine4673Htrione_an->2an (-1 -> -2),11.02,10.451101523493776,0.5688984765062237
2248,2methylthio58dihydropteridine4673Htrione_neut->an (+0 -> -1),6.23,5.9171041543030825,0.312895845696918
2249,2methylthio58dihydropteridine4673Htrione_an->2an (-1 -> -2),9.66,8.865959723063575,0.7940402769364248
2250,2methylthio58dihydropteridine4673Htrione_2an->3an (-2 -> -3),12.75,12.731157719218428,0.018842280781571574
2251,58dihydropteridine4673Htrione_neut->an (+0 -> -1),6.73,6.633716199676461,0.09628380032353956
2252,58dihydropteridine4673Htrione_an->2an (-1 -> -2),9.36,9.171708925321262,0.1882910746787374
2253,58dihydropteridine4673Htrione_2an->3an (-2 -> -3),12.63,12.661108361482619,0.031108361482617752
2254,1methylpterin_cation->neut (+1 -> +0),2.86,3.07959454432551,0.2195945443255103
2255,167trimethylpterin_cation->neut (+1 -> +0),3.25,3.36747291509029,0.11747291509029001
2256,1methylisoxanthopterin_cation->neut (+1 -> +0),2.22,1.8202123193190207,0.3997876806809795
2257,1methylisoxanthopterin_neut->an (+0 -> -1),5.25,5.614736937108463,0.36473693710846344
2258,16dimethylisoxanthopterin_cation->neut (+1 -> +0),2.4,2.9912393906440347,0.5912393906440347
2259,16dimethylisoxanthopterin_neut->an (+0 -> -1),5.03,4.258925723373753,0.7710742766262468
2260,3methylleucopterin_cation->neut (+1 -> +0),-0.53,-1.636917103510518,1.1069171035105179
2261,3methylleucopterin_neut->an (+0 -> -1),7.6,7.763449247810885,0.16344924781088555
2262,3methylleucopterin_an->2an (-1 -> -2),10.95,11.427617938273276,0.47761793827327637
2263,lumazine6carboxylic_neut->an (+0 -> -1),2.71,2.7116826071097826,0.00168260710978263
2264,lumazine6carboxylic_an->2an (-1 -> -2),8.0,8.014010235995324,0.014010235995323583
2265,methyllumazine6carboxylate_neut->an (+0 -> -1),6.78,7.148414977806481,0.3684149778064807
2266,1methyllumazine6carboxylic_neut->an (+0 -> -1),2.6,2.9842102133193738,0.38421021331937366
2267,1methyllumazine6carboxylic_an->2an (-1 -> -2),8.56,8.363966779590527,0.19603322040947369
2268,3methyllumazine6carboxylic_neut->an (+0 -> -1),2.9,2.119701036849656,0.7802989631503441
2269,3methyllumazine6carboxylic_an->2an (-1 -> -2),7.98,8.310005887907145,0.330005887907145
2270,lumacine6carboxamide_neut->an (+0 -> -1),7.0,7.502970474857276,0.5029704748572756
2271,7methyllumacine6carboxylic_neut->an (+0 -> -1),2.45,2.0763424920825715,0.3736575079174287
2272,7methyllumacine6carboxylic_an->2an (-1 -> -2),8.16,8.350960912207471,0.1909609122074709
2273,lumazine7carboxylic_neut->an (+0 -> -1),2.09,2.1408066603341878,0.0508066603341879
2274,lumazine7carboxylic_an->2an (-1 -> -2),8.33,8.107129201319651,0.22287079868034887
2275,methyllumazine7carboxylate_neut->an (+0 -> -1),7.39,7.318618960306346,0.07138103969365339
2276,1methyllumazine7carboxylic_neut->an (+0 -> -1),1.51,1.945578130570282,0.43557813057028194
2277,1methyllumazine7carboxylic_an->2an (-1 -> -2),8.41,8.39147131117294,0.01852868882705927
2278,3methyllumazine7carboxylic_neut->an (+0 -> -1),1.57,2.003292537879788,0.43329253787978783
2279,3methyllumazine7carboxylic_an->2an (-1 -> -2),8.4,8.304919378208211,0.095080621791789
2280,13dimethyllumazine7carboxylic_neut->an (+0 -> -1),1.69,1.666318310626651,0.023681689373348913
2281,136trimethyllumazine7carboxylic_neut->an (+0 -> -1),1.2,1.488918839093989,0.28891883909398897
2282,6methyllumazine7carboxylic_neut->an (+0 -> -1),1.25,1.4789641974574206,0.22896419745742058
2283,6methyllumazine7carboxylic_an->2an (-1 -> -2),8.3,8.013683231858781,0.2863167681412193
2284,3methylpterin6carboxylic_cation->neut (+1 -> +0),1.29,1.4204787699843573,0.13047876998435726
2285,3methylpterin6carboxylic_neut->an (+0 -> -1),3.3,3.3728559242006044,0.0728559242006046
2286,7amino13dimethyl6thioxo68adihydropteridine241H3Hdione_neut->an (+0 -> -1),5.46,5.6947035350691495,0.23470353506914954
2287,7hydroxy13dimethyl6thioxo68adihydropteridine241H3Hdione_neut->an (+0 -> -1),2.56,2.7256962699761624,0.16569626997616238
2288,7hydroxy13dimethyl6thioxo68adihydropteridine241H3Hdione_an->2an (-1 -> -2),8.38,8.610728686891617,0.23072868689161652
2289,7mercapto13dimethyl6thioxo68adihydropteridine241H3Hdione_neut->an (+0 -> -1),1.96,2.3477962720053718,0.3877962720053718
2290,2ethylquinazoline_cation->neut (+1 -> +0),2.95,3.0580857123563314,0.10808571235633124
2291,4ethylquinazoline_cation->neut (+1 -> +0),2.82,2.989809564979187,0.1698095649791873
2292,4isopropylquinazoline_cation->neut (+1 -> +0),2.81,3.102473358654966,0.29247335865496593
2293,8methoxyquinazoline_cation->neut (+1 -> +0),1.93,2.011728030042553,0.08172803004255313
2294,7methoxyquinazoline_cation->neut (+1 -> +0),2.86,2.8445889613812847,0.015411038618715178
2295,6methoxyquinazoline_cation->neut (+1 -> +0),2.12,2.392752691296314,0.2727526912963141
2296,5methoxyquinazoline_cation->neut (+1 -> +0),2.37,2.5372359234628847,0.16723592346288463
2297,135triazanaphthalene_cation->neut (+1 -> +0),1.36,1.0049688326240291,0.35503116737597096
2298,137triazanaphthalene_cation->neut (+1 -> +0),1.81,1.859714203385864,0.049714203385863964
2299,2aminomethylquinazoline_cation->neut (+1 -> +0),4.98,5.093766528596507,0.11376652859650616
2300,2dimethylaminoquinazoline_cation->neut (+1 -> +0),5.24,5.441426654938365,0.20142665493836454
2301,2methylquinazolinehydrate_cation->neut (+1 -> +0),8.31,8.725288025907643,0.4152880259076426
2302,5methylquinazolinehydrate_cation->neut (+1 -> +0),7.89,8.048402975276797,0.1584029752767977
2303,7methylquinazolinehydrate_cation->neut (+1 -> +0),7.88,7.729672377371628,0.15032762262837185
2304,8methylquinazolinehydrate_cation->neut (+1 -> +0),7.85,7.871235453507855,0.021235453507855162
2305,246trimethylquinazolinehydrate_cation->neut (+1 -> +0),9.22,9.262974865746669,0.0429748657466682
2306,2tertbutylquinazolinehydrate_cation->neut (+1 -> +0),8.38,8.321219030607441,0.05878096939255961
2307,26dimethylquinazolinehydrate_cation->neut (+1 -> +0),8.65,8.681340997834813,0.031340997834812256
2308,4carbamoylquinazolinehydrate_cation->neut (+1 -> +0),6.88,6.286042637960226,0.5939573620397738
2309,4carbamoylquinazolinehydrate_neut->an (+0 -> -1),11.38,11.520781503505294,0.14078150350529306
2310,4carbamoyl2methylquinazolinehydrate_cation->neut (+1 -> +0),7.57,7.1187345701556355,0.4512654298443648
2311,4carbamoyl2methylquinazolinehydrate_neut->an (+0 -> -1),11.45,11.826504598068261,0.3765045980682622
2312,4carbamoyl26dimethylquinazolinehydrate_cation->neut (+1 -> +0),7.77,7.24566215827253,0.52433784172747
2313,4carbamoyl26dimethylquinazolinehydrate_neut->an (+0 -> -1),11.44,11.281666740365313,0.15833325963468603
2314,4carbamoyl2methyl6fluoroquinazolinehydrate_cation->neut (+1 -> +0),7.13,7.0615919740964905,0.06840802590350936
2315,4carbamoyl2methyl6fluoroquinazolinehydrate_neut->an (+0 -> -1),11.23,11.881081517979311,0.6510815179793106
2316,5methoxyquinazolinehydrate_cation->neut (+1 -> +0),7.71,7.57562008057166,0.1343799194283397
2317,6methoxyquinazolinehydrate_cation->neut (+1 -> +0),8.05,7.906446555466524,0.14355344453347652
2318,7methoxyquinazolinehydrate_cation->neut (+1 -> +0),7.35,7.575931706489229,0.225931706489229
2319,8methoxyquinazolinehydrate_cation->neut (+1 -> +0),7.82,7.416389112438353,0.40361088756164687
2320,7ethylthioqunazolinehydrate_cation->neut (+1 -> +0),7.47,7.619116670806998,0.14911667080699864
2321,2ethylquinazolinehydrate_cation->neut (+1 -> +0),8.41,8.355949419465457,0.05405058053454326
2322,2isopropylquinazolinehydrate_cation->neut (+1 -> +0),8.41,8.420883934045023,0.010883934045022414
2323,5chloroquinazolinehydrate_cation->neut (+1 -> +0),6.95,6.795279421724486,0.1547205782755139
2324,6chloroquinazolinehydrate_cation->neut (+1 -> +0),7.15,7.231515011638643,0.0815150116386425
2325,7chloroquinazolinehydrate_cation->neut (+1 -> +0),7.0,6.985142258876019,0.014857741123980972
2326,8chloroquinazolinehydrate_cation->neut (+1 -> +0),6.55,6.454834913228951,0.09516508677104873
2327,5fluoroquinazolinehydrate_cation->neut (+1 -> +0),6.9,6.900607636394034,0.0006076363940339391
2328,6fluoroquinazolinehydrate_cation->neut (+1 -> +0),6.75,7.314998779677549,0.5649987796775493
2329,7fluoroquinazolinehydrate_cation->neut (+1 -> +0),7.11,6.895466879915197,0.21453312008480374
2330,6fluor2methylquinazolinehydrate_cation->neut (+1 -> +0),8.06,8.113247143003122,0.05324714300312117
2331,5nitroquinazolinehydrate_cation->neut (+1 -> +0),6.43,6.262568951033087,0.16743104896691285
2332,6nitroquinazolinehydrate_cation->neut (+1 -> +0),7.02,6.046074668433995,0.9739253315660044
2333,7nitroquinazolinehydrate_cation->neut (+1 -> +0),6.15,6.406947943135819,0.2569479431358186
2334,8nitroquinazolinehydrate_cation->neut (+1 -> +0),6.0,5.853752207433057,0.14624779256694342
2335,benzoylecgonine_cation->neut (+1 -> +0),3.15,2.769104889160084,0.3808951108399161
2336,26dihcloropyrimidinone_neut->an (+0 -> -1),5.3,4.525144304959089,0.7748556950409107
2337,46dichloropyrimidinone_neut->an (+0 -> -1),4.05,4.175469023265205,0.1254690232652056
2338,4chloro6methylaminopyrimidin2one_cation->neut (+1 -> +0),3.15,2.8557298482246596,0.2942701517753403
2339,4chloro6methylaminopyrimidin2one_neut->an (+0 -> -1),9.05,9.327669020495795,0.2776690204957948
2340,378trimethyllumazine_cation->neut (+1 -> +0),0.85,0.479215207514776,0.370784792485224
2341,378trimethyllumazine_neut->an (+0 -> -1),9.9,10.543660168935023,0.643660168935023
2342,378trimethy4thiollumazine_cation->neut (+1 -> +0),0.08,0.5561835221541758,0.47618352215417575
2343,378trimethy4thiollumazine_neut->an (+0 -> -1),6.97,6.665743795289445,0.3042562047105548
2344,378trimethy2thiollumazine_cation->neut (+1 -> +0),-0.57,-0.3564339944316597,0.21356600556834027
2345,378trimethy2thiollumazine_neut->an (+0 -> -1),8.23,10.096394475834085,1.8663944758340847
2346,4methoxyNNdimethyl7methylthiopteridin2amine_cation->neut (+1 -> +0),3.55,3.7639348472986303,0.21393484729863044
2347,7thiol24diaminopteridine_cation->neut (+1 -> +0),2.02,2.807657885032615,0.787657885032615
2348,7thiol24diaminopteridine_neut->an (+0 -> -1),7.02,6.8279859915940975,0.1920140084059021
2349,7methylthio24diaminopteridine_cation->neut (+1 -> +0),5.26,5.601318106376723,0.3413181063767228
2350,4amino2dimethylaminopteridine7thiol_cation->neut (+1 -> +0),2.26,2.4035982847648194,0.14359828476481962
2351,4amino2dimethylaminopteridine7thiol_neut->an (+0 -> -1),7.42,7.710673538648706,0.29067353864870604
2352,NNdimethyl7methylthio24diaminopteridine_cation->neut (+1 -> +0),5.33,5.7618438293349445,0.4318438293349445
2353,methyl2amino38dimethyl7oxo3478tetrahydropteridine6carboxylate_cation->neut (+1 -> +0),1.66,2.402250779054193,0.7422507790541932
2354,rubalcb1_neut->an (+0 -> -1),7.16,7.099742246791998,0.06025775320800175
2355,rubalcb2_neut->an (+0 -> -1),7.53,7.277491869339284,0.25250813066071665
2356,rubalcb3_neut->an (+0 -> -1),4.86,4.964106885232465,0.10410688523246492
2357,rubalcb4_neut->an (+0 -> -1),7.03,6.034419149233966,0.995580850766034
2358,rubalcb4_an->2an (-1 -> -2),10.21,10.391564472251751,0.18156447225175043
2359,rubalcb5_neut->an (+0 -> -1),4.86,5.291799906297672,0.4317999062976714
2360,rubalcb5_an->2an (-1 -> -2),8.22,8.815423348909517,0.5954233489095166
2361,rubalcb6_neut->an (+0 -> -1),3.65,3.9879864257598108,0.33798642575981086
2362,rubalcb6_an->2an (-1 -> -2),10.71,10.306568772863697,0.40343122713630386
2363,rubalcb7_neut->an (+0 -> -1),7.99,8.23690647310671,0.24690647310671032
2364,6amino13dimethylpteridine241H3Hdione_cation->neut (+1 -> +0),0.3,-0.1535380962767876,0.4535380962767876
2365,6dimethylamino13dimethylpteridine241H3Hdione_cation->neut (+1 -> +0),-0.47,-0.001859391026417967,0.468140608973582
2366,6methylamino13dimethylpteridine241H3Hdione_cation->neut (+1 -> +0),-0.24,0.34899615753677615,0.5889961575367761
2367,7dimethylamino13dimethylpteridine241H3Hdione_cation->neut (+1 -> +0),-0.47,-1.0466066278996164,0.5766066278996165
2368,7amino13dimethylpteridine241H3Hdione_cation->neut (+1 -> +0),-1.05,-0.4756369003076637,0.5743630996923363
2369,7methylamino13dimethylpteridine241H3Hdione_cation->neut (+1 -> +0),-0.62,-1.160371440034413,0.540371440034413
2370,24diaminopteridin6ylmethanol_cation->neut (+1 -> +0),5.02,5.3734028634578515,0.3534028634578519
2371,2amino6methyl4oxo34dihydropteridine7carboxylic_cation->neut (+1 -> +0),1.23,1.124196620435872,0.105803379564128
2372,2amino6methyl4oxo34dihydropteridine7carboxylic_neut->an (+0 -> -1),3.01,2.9222241882090776,0.0877758117909222
2373,2amino6methyl4oxo34dihydropteridine7carboxylic_an->2an (-1 -> -2),8.43,8.467197047097349,0.037197047097349056
2374,methyl2amino6methyl4oxo34dihydropteridine7carboxylic_cation->neut (+1 -> +0),2.1,1.8772508971697999,0.22274910283020022
2375,methyl2amino6methyl4oxo34dihydropteridine7carboxylic_neut->an (+0 -> -1),8.05,7.631158706602735,0.41884129339726606
2376,2amino7methyl4oxo34dihydropteridine6carboxylic_cation->neut (+1 -> +0),1.39,0.9010911644628141,0.4889088355371858
2377,2amino7methyl4oxo34dihydropteridine6carboxylic_neut->an (+0 -> -1),3.2,3.6784893394063882,0.47848933940638805
2378,2amino7methyl4oxo34dihydropteridine6carboxylic_an->2an (-1 -> -2),8.42,7.364196663985878,1.0558033360141224
2379,367trimethyl2sulfanylidene1Hpteridin4one_neut->an (+0 -> -1),7.0,6.878143828038472,0.12185617196152787
2380,3methyl2sulfanylidene1Hpteridin4one_neut->an (+0 -> -1),6.65,6.9750011603511854,0.3250011603511851
2381,78dihydro10H13thiazolo23bpteridin10one_cation->neut (+1 -> +0),-1.15,-1.2030686712381078,0.05306867123810788
2382,89dihydro7H11H13thiazino23bpteridin11one_cation->neut (+1 -> +0),-0.35,-0.5879335229217171,0.2379335229217171
2383,23dimethyl78dihydro10H13thiazolo23bpteridin10one_cation->neut (+1 -> +0),-0.25,-0.347181724485381,0.09718172448538098
2384,23dimethyl89dihydro5H13thiazolo32apteridin5one_cation->neut (+1 -> +0),0.67,-0.20821832028530896,0.878218320285309
2385,phenylbiguanide_cation->neut (+1 -> +0),10.76,10.635704326956603,0.12429567304339706
2386,phenylbiguanide_2cation->cation (+2 -> +1),2.13,2.0082607769310634,0.12173922306893648
2387,thiazoline4carboxylic_neut->an (+0 -> -1),6.19,5.24739179395656,0.94260820604344
2388,thioglycolic_neut->an (+0 -> -1),3.68,3.5507804395006763,0.12921956049932382
2389,thioglycolic_an->2an (-1 -> -2),10.2,10.061254825410487,0.13874517458951274
2390,penicillamine_cation->neut (+1 -> +0),1.8,1.9528468754804722,0.15284687548047216
2391,penicillamine_neut->an (+0 -> -1),7.9,7.964896701232369,0.06489670123236824
2392,penicillamine_an->2an (-1 -> -2),10.42,11.734738117294192,1.3147381172941923
2393,nacetylcysteine_an->2an (-1 -> -2),9.52,9.316745665037331,0.20325433496266854
2394,oxypurinol_neut->an (+0 -> -1),7.7,7.170713223754068,0.5292867762459323
2395,8nitroxanthine_neut->an (+0 -> -1),2.12,1.5612238686600541,0.558776131339946
2396,8nitroxanthine_an->2an (-1 -> -2),9.84,9.87657038054003,0.03657038054003081
2397,1methyl8nitroxanthine_neut->an (+0 -> -1),2.01,2.2176699844493646,0.2076699844493648
2398,1methyl8nitroxanthine_an->2an (-1 -> -2),10.15,10.128526821966794,0.021473178033206253
2399,3methyl8nitroxanthine_neut->an (+0 -> -1),1.8,1.2347283884658724,0.5652716115341276
2400,3methyl8nitroxanthine_an->2an (-1 -> -2),11.48,11.405911160978341,0.07408883902165897
2401,7methyl8nitroxanthine_neut->an (+0 -> -1),7.13,7.098582498355733,0.03141750164426682
2402,9methyl8nitroxanthine_neut->an (+0 -> -1),4.11,4.276307735730353,0.16630773573035285
2403,9methyl8nitroxanthine_an->2an (-1 -> -2),13.22,12.920265303691611,0.29973469630838956
2404,13dimethyl8nitroxanthine_neut->an (+0 -> -1),2.08,2.090983711752618,0.010983711752618142
2405,17dimethyl8nitroxanthine_neut->an (+0 -> -1),7.3,7.3184382884773855,0.01843828847738571
2406,19dimethyl8nitroxanthine_neut->an (+0 -> -1),4.19,4.40326775428798,0.21326775428797973
2407,37dimethyl8nitroxanthine_neut->an (+0 -> -1),9.45,8.251711100257289,1.1982888997427104
2408,39dimethyl8nitroxanthine_neut->an (+0 -> -1),8.93,8.624198306592561,0.3058016934074388
2409,8diazoxanthine_neut->an (+0 -> -1),7.68,8.008124726679405,0.3281247266794054
2410,1methyl8diazoxanthine_neut->an (+0 -> -1),7.72,8.282119627438789,0.562119627438789
2411,3methyl8diazoxanthine_neut->an (+0 -> -1),9.37,9.224671743130447,0.14532825686955242
2412,8aminoxanthine_cation->neut (+1 -> +0),2.0,1.7257437292870001,0.27425627071299985
2413,8aminoxanthine_neut->an (+0 -> -1),8.48,8.112332596041275,0.3676674039587251
2414,8aminoxanthine_an->2an (-1 -> -2),12.01,11.646286615258452,0.3637133847415477
2415,1methyl8aminoxanthine_cation->neut (+1 -> +0),2.21,1.7328881371858929,0.4771118628141071
2416,1methyl8aminoxanthine_neut->an (+0 -> -1),8.88,8.493250725911228,0.386749274088773
2417,1methyl8aminoxanthine_an->2an (-1 -> -2),12.44,12.290826012500148,0.1491739874998519
2418,3methyl8aminoxanthine_cation->neut (+1 -> +0),1.29,1.2932371806238185,0.003237180623818503
2419,3methyl8aminoxanthine_neut->an (+0 -> -1),9.77,9.305095092710793,0.4649049072892062
2420,3methyl8aminoxanthine_an->2an (-1 -> -2),12.71,12.212928836145704,0.4970711638542973
2421,24dimethoxyphenylarsonic_neut->an (+0 -> -1),4.35,3.800150860108668,0.5498491398913314
2422,24dimethoxyphenylarsonic_an->2an (-1 -> -2),9.55,8.505600901206765,1.0443990987932352
2423,2methoxyphenylarsonic_neut->an (+0 -> -1),4.08,3.947408221381795,0.13259177861820515
2424,2methoxyphenylarsonic_an->2an (-1 -> -2),9.4,9.71117539537412,0.31117539537411965
2425,4methoxyphenylarsonic_neut->an (+0 -> -1),3.79,3.5623482930677213,0.22765170693227876
2426,4methoxyphenylarsonic_an->2an (-1 -> -2),8.93,9.021680685173726,0.09168068517372596
2427,2hydroxyphenylarsonic_neut->an (+0 -> -1),4.0,3.2472715777145256,0.7527284222854744
2428,2hydroxyphenylarsonic_an->2an (-1 -> -2),7.92,8.191505372133367,0.2715053721333671
2429,2hydroxyphenylarsonic_2an->3an (-2 -> -3),13.27,10.854890700302498,2.4151092996975017
2430,4hydroxyphenylarsonic_neut->an (+0 -> -1),3.85,4.225525384464135,0.3755253844641353
2431,4hydroxyphenylarsonic_an->2an (-1 -> -2),8.68,8.618712524549862,0.06128747545013802
2432,4hydroxyphenylarsonic_2an->3an (-2 -> -3),10.34,9.60740326649178,0.7325967335082204
2433,4aminophenylarsonic_cation->neut (+1 -> +0),1.91,1.8622340687591237,0.04776593124087625
2434,4aminophenylarsonic_neut->an (+0 -> -1),4.13,4.229330140082355,0.09933014008235475
2435,4aminophenylarsonic_an->2an (-1 -> -2),9.19,9.12516680159117,0.06483319840882906
2436,2aminophenylarsonic_cation->neut (+1 -> +0),0.69,2.303026309750993,1.613026309750993
2437,2aminophenylarsonic_neut->an (+0 -> -1),3.79,3.3649643426522697,0.4250356573477303
2438,2aminophenylarsonic_an->2an (-1 -> -2),8.93,8.396423637133957,0.533576362866043
2439,phenylarsonic_neut->an (+0 -> -1),3.57,3.830063230081481,0.26006323008148113
2440,phenylarsonic_an->2an (-1 -> -2),8.74,8.7693870306192,0.02938703061919945
2441,nitromethylbenzene_neut->an (+0 -> -1),6.88,7.179910871290456,0.29991087129045635
2442,1methyl4nitromethylbenzene_neut->an (+0 -> -1),7.11,7.642802566166083,0.5328025661660822
2443,1nitro4nitromethylbenzene_neut->an (+0 -> -1),5.89,6.042480401774852,0.15248040177485223
2444,4nitromethylbenzenonitrile_neut->an (+0 -> -1),6.3,6.231618860627496,0.06838113937250423
2445,1nitro3nitromethylbenzene_neut->an (+0 -> -1),6.17,6.404296967022533,0.23429696702253278
2446,cyanuric_neut->an (+0 -> -1),6.5,6.722520121258883,0.2225201212588832
2447,biguanide_2cation->cation (+2 -> +1),3.2,2.352627637928264,0.8473723620717362
2448,biguanide_cation->neut (+1 -> +0),13.3,12.205117609323786,1.094882390676215
2449,guanylurea_cation->neut (+1 -> +0),8.0,7.995297728420627,0.004702271579373196
2450,melamine_cation->neut (+1 -> +0),5.1,6.017440688947292,0.9174406889472921
2451,ammeline_cation->neut (+1 -> +0),4.5,5.218367120571701,0.7183671205717008
2452,ammeline_neut->an (+0 -> -1),9.4,9.820160962512757,0.4201609625127567
2453,ammelide_cation->neut (+1 -> +0),1.8,1.213720135502692,0.586279864497308
2454,ammelide_neut->an (+0 -> -1),6.9,6.582853404442257,0.3171465955577437
2455,biuret_neut->an (+0 -> -1),13.2,11.749632167420692,1.4503678325793068
2456,3piperonyl6oxa3azabicyclo311heptane_cation->neut (+1 -> +0),7.1,7.200990593354025,0.10099059335402494
2457,6piperonyl2oxa6azaspiro33heptane_cation->neut (+1 -> +0),8.0,7.881694680429161,0.11830531957083856
2458,1piperonyl33dimethylzaetidine_cation->neut (+1 -> +0),9.6,9.411553038875716,0.18844696112428316
2459,1piperonyl6oxa1azaspiro33heptane_cation->neut (+1 -> +0),6.2,6.828035635003444,0.6280356350034442
2460,1piperonyl22dimethylazetidine_cation->neut (+1 -> +0),10.1,9.55796428910288,0.5420357108971192
2461,7piperonyl2oxa7azaspiro35nonane_cation->neut (+1 -> +0),8.3,8.872547180858593,0.5725471808585922
2462,1piperonyl44dimethylpiperidine_cation->neut (+1 -> +0),9.5,8.837547527749933,0.6624524722500666
2463,1piperonyl4piperidone_cation->neut (+1 -> +0),7.5,6.41435173464495,1.0856482653550499
2464,5piperonyl2oxa5azaspiro35nonane_cation->neut (+1 -> +0),7.0,7.34211600597467,0.3421160059746704
2465,1piperonyl22dimethylpiperidine_cation->neut (+1 -> +0),10.2,9.930692685867214,0.2693073141327851
2466,1piperonyl22dimethylpyrrolidine_cation->neut (+1 -> +0),10.0,9.90996328586235,0.09003671413764991
2467,5piperonyl2oxa5azaspiro34octane_cation->neut (+1 -> +0),6.3,7.137274532529879,0.8372745325298796
2468,44difluoropiperidine_cation->neut (+1 -> +0),8.5,8.285744724830952,0.21425527516904808
2469,33difluoropiperidine_cation->neut (+1 -> +0),7.4,7.20825203825494,0.19174796174505992
2470,3fluoropiperidine_cation->neut (+1 -> +0),9.3,9.114718012967765,0.1852819870322353
2471,4fluoropiperidine_cation->neut (+1 -> +0),9.4,9.413503229079781,0.013503229079780965
2472,thiomorpholine_cation->neut (+1 -> +0),9.0,8.822676658499315,0.17732334150068496
2473,thiomorpholine11dioxide_cation->neut (+1 -> +0),5.4,5.8085208406541895,0.40852084065418914
2474,2266tetramethylpiperidinonne_cation->neut (+1 -> +0),7.9,8.460312831103826,0.5603128311038255
2475,33difluoropyrrolidine_cation->neut (+1 -> +0),7.5,7.596187383417463,0.09618738341746269
2476,3fluoropyrrolidine_cation->neut (+1 -> +0),9.4,9.015761842749342,0.3842381572506586
2477,4fluoro1hbenzimidazole_cation->neut (+1 -> +0),4.2,4.309416226565982,0.10941622656598149
2478,4fluoro1hbenzimidazole_neut->an (+0 -> -1),11.6,11.841121702686383,0.24112170268638344
2479,47difluoro1hbenzimidazole_cation->neut (+1 -> +0),3.0,2.9812390852873003,0.018760914712699694
2480,47difluoro1hbenzimidazole_neut->an (+0 -> -1),10.3,10.455202506954798,0.15520250695479731
2481,45difluoro1hbenzimidazole_cation->neut (+1 -> +0),3.6,3.5507598274188377,0.04924017258116242
2482,45difluoro1hbenzimidazole_neut->an (+0 -> -1),11.1,11.175525528977428,0.07552552897742792
2483,46difluoro1hbenzimidazole_cation->neut (+1 -> +0),3.7,3.769886395089369,0.06988639508936867
2484,46difluoro1hbenzimidazole_neut->an (+0 -> -1),11.2,11.250722064857268,0.05072206485726838
2485,456difluoro1hbenzimidazole_cation->neut (+1 -> +0),3.1,3.07693903931282,0.02306096068718011
2486,456difluoro1hbenzimidazole_neut->an (+0 -> -1),10.7,10.611642442247131,0.08835755775286813
2487,457trifluoro1hbenzimidazole_cation->neut (+1 -> +0),2.5,2.5116055386902225,0.011605538690222517
2488,457trifluoro1hbenzimidazole_neut->an (+0 -> -1),9.9,9.92596009479551,0.025960094795509647
2489,5fluoro1hbenzimidazole_cation->neut (+1 -> +0),5.0,4.9161089010828665,0.08389109891713353
2490,2dimethylaminoacetonitrile_cation->neut (+1 -> +0),4.2,3.9895163124720874,0.2104836875279128
2491,222trifluoroethanamine_cation->neut (+1 -> +0),5.7,5.550847781803076,0.14915221819692448
2492,22difluoroethanamine_cation->neut (+1 -> +0),7.3,7.402902655123592,0.10290265512359209
2493,2fluoroethanamine_cation->neut (+1 -> +0),9.0,9.068627365896663,0.0686273658966634
2494,azepane_cation->neut (+1 -> +0),11.1,11.081090940280767,0.018909059719232957
2495,1methylazepane_cation->neut (+1 -> +0),10.3,10.419971988312515,0.1199719883125141
2496,1tosylpiperazine_cation->neut (+1 -> +0),7.4,7.90158233224251,0.5015823322425099
2497,2piperazin1ylpyrimidine_cation->neut (+1 -> +0),8.9,8.787103608984218,0.11289639101578253
2498,1pyridin2ylpiperazine_cation->neut (+1 -> +0),8.9,9.037731464219883,0.13773146421988258
2499,RR4benzyl3fluoropiperidine_cation->neut (+1 -> +0),9.3,9.52155704561692,0.2215570456169189
2500,RS4benzyl3fluoropiperidine_cation->neut (+1 -> +0),8.8,8.42611819622255,0.3738818037774507
2501,spiro33heptane2carboxylic_neut->an (+0 -> -1),4.6,4.702584805046851,0.10258480504685163
2502,66difluorspiro33heptane2carboxylic_neut->an (+0 -> -1),4.3,4.491524926760591,0.19152492676059119
2503,spiro23hexane5carboxylic_neut->an (+0 -> -1),4.6,4.665888096022425,0.06588809602242574
2504,oxaspiro24heptane6carboxylic_neut->an (+0 -> -1),3.5,3.9405782499549913,0.4405782499549913
2505,6oxaspiro34octane7carboxylic_neut->an (+0 -> -1),3.7,3.8629109029613717,0.16291090296137156
2506,6oxaspiro34octan7ylmethanamine_cation->neut (+1 -> +0),9.5,9.28914138780912,0.2108586121908793
2507,5oxaspiro24heptan6ylmethanamine_cation->neut (+1 -> +0),8.9,9.81066928637954,0.9106692863795391
2508,spiro23hexan5ylmethanamine_cation->neut (+1 -> +0),10.1,10.006725042500069,0.09327495749993098
2509,methylbiguanide_2cation->cation (+2 -> +1),3.0,3.191812200912411,0.1918122009124108
2510,methylbiguanide_cation->neut (+1 -> +0),11.4,11.429436103353261,0.029436103353260634
2511,dimethylbiguanide_2cation->cation (+2 -> +1),2.77,4.180185819046243,1.410185819046243
2512,dimethylbiguanide_cation->neut (+1 -> +0),11.52,11.289760621640085,0.23023937835991504
2513,4tolylbiguanide_2cation->cation (+2 -> +1),2.6,2.502229849688705,0.0977701503112951
2514,4tolylbiguanide_cation->neut (+1 -> +0),10.84,10.975580534175368,0.13558053417536797
2515,4chlorophenylbiguanide_2cation->cation (+2 -> +1),2.2,1.7724848230361987,0.4275151769638015
2516,4chlorophenylbiguanide_cation->neut (+1 -> +0),10.4,10.12167440882125,0.278325591178751
2517,imidazole2thiol_neut->an (+0 -> -1),11.6,10.828276134957786,0.7717238650422136
2518,1methylimidazole2thiol_neut->an (+0 -> -1),11.56,11.672686044761118,0.11268604476111754
2519,4bromoimidazole_cation->neut (+1 -> +0),3.88,3.6762299404978966,0.20377005950210325
2520,4bromoimidazole_neut->an (+0 -> -1),12.32,11.693644256217038,0.6263557437829625
2521,2bromoimidazole_cation->neut (+1 -> +0),3.85,2.845025427823983,1.004974572176017
2522,2bromoimidazole_neut->an (+0 -> -1),11.03,11.627055921413124,0.5970559214131246
2523,2bromo1methylimidazole_cation->neut (+1 -> +0),3.85,3.0005689551599772,0.8494310448400229
2524,5bromo1methylimidazole_cation->neut (+1 -> +0),3.88,4.908410361415776,1.0284103614157765
2525,45imidazoledicarboxylic_neut->an (+0 -> -1),3.43,3.0024872684926445,0.4275127315073557
2526,45imidazoledicarboxylic_an->2an (-1 -> -2),8.27,7.584223975188969,0.6857760248110303
2527,5amino124triazole_cation->neut (+1 -> +0),4.04,3.975112305178798,0.06488769482120205
2528,5amino124triazole_neut->an (+0 -> -1),11.08,11.047986461670916,0.0320135383290836
2529,5amino4methyl124triazole_cation->neut (+1 -> +0),5.38,5.3338288485269825,0.046171151473017424
2530,5amino1methyl124triazole_cation->neut (+1 -> +0),4.29,4.327651281617875,0.03765128161787512
2531,123triazole4carboxylic_neut->an (+0 -> -1),3.17,3.165452178627171,0.004547821372828942
2532,123triazole4carboxylic_an->2an (-1 -> -2),8.66,8.966447497154167,0.3064474971541671
2533,123triazole1methyl4carboxylic_neut->an (+0 -> -1),3.16,3.3207359715285847,0.16073597152858454
2534,5bromo1methyl123triazole_cation->neut (+1 -> +0),-0.47,0.3946215258398489,0.8646215258398489
2535,1methyl2nitroimidazole_cation->neut (+1 -> +0),-0.48,-0.8297893119079385,0.3497893119079385
2536,1methyl4nitroimidazole_cation->neut (+1 -> +0),-0.58,-0.16199273757998434,0.4180072624200156
2537,1methyl5nitroimidazole_cation->neut (+1 -> +0),2.12,1.5602727698544747,0.5597272301455254
2538,1methyl5chloroimidazole_cation->neut (+1 -> +0),4.75,4.712388350572153,0.03761164942784667
2539,urocanic_neut->an (+0 -> -1),5.92,4.890015917405156,1.0299840825948436
2540,cisuraconic_neut->an (+0 -> -1),6.78,6.174448052308138,0.605551947691862
2541,4methylsulfonylpyridine_cation->neut (+1 -> +0),1.62,1.701035400263657,0.08103540026365685
2542,1methylsulfonylisoquinoline_cation->neut (+1 -> +0),-0.83,-0.5450999852861447,0.2849000147138553
2543,1methoxyisoquinoline_cation->neut (+1 -> +0),3.05,2.7504359737672823,0.2995640262327175
2544,222tripyridine_2cation->cation (+2 -> +1),3.28,3.1804372390586666,0.0995627609413332
2545,222tripyridine_cation->neut (+1 -> +0),4.66,4.774634017305409,0.11463401730540923
2546,2aminotropone_cation->neut (+1 -> +0),2.24,2.3468254166665856,0.1068254166665854
2547,3aminotropone_cation->neut (+1 -> +0),3.33,3.477369715133391,0.14736971513339103
2548,4aminotropone_cation->neut (+1 -> +0),3.61,3.7688901234030565,0.15889012340305664
2549,2amino7methoxytropone_cation->neut (+1 -> +0),2.39,2.494956447616193,0.10495644761619305
2550,4amino7methoxytropone_cation->neut (+1 -> +0),3.42,3.1590387715861956,0.2609612284138043
2551,3amino7methoxytropone_cation->neut (+1 -> +0),3.08,3.2783130835871086,0.19831308358710853
2552,3amino2methoxytropone_cation->neut (+1 -> +0),2.89,3.0869238063661033,0.19692380636610318
2553,4amino2methoxytropone_cation->neut (+1 -> +0),3.53,3.9713637542077764,0.4413637542077766
2554,5aminotropolone_cation->neut (+1 -> +0),2.62,1.8075839858749019,0.8124160141250982
2555,4aminotropolone_cation->neut (+1 -> +0),2.04,2.0115957931603266,0.028404206839673485
2556,3aminotropolone_cation->neut (+1 -> +0),1.59,1.8793838007076795,0.28938380070767944
2557,3bromobenzylamine_cation->neut (+1 -> +0),8.98,8.795017720182067,0.18498227981793391
2558,4bromobenzylamine_cation->neut (+1 -> +0),9.13,9.336217910588488,0.20621791058848693
2559,3chlorobenzylamine_cation->neut (+1 -> +0),9.01,9.038065947459543,0.028065947459543494
2560,4chlorobenzylamine_cation->neut (+1 -> +0),9.14,9.428587919734607,0.2885879197346064
2561,4cyanobenzylamine_cation->neut (+1 -> +0),8.53,8.157582510734404,0.3724174892655956
2562,3fluorobenzylamine_cation->neut (+1 -> +0),9.04,8.819512108419095,0.22048789158090365
2563,4fluorobenzylamine_cation->neut (+1 -> +0),9.3,9.386190640471112,0.08619064047111102
2564,3methylbenzylamine_cation->neut (+1 -> +0),9.45,9.491063593257753,0.04106359325775344
2565,4methylbenzylamine_cation->neut (+1 -> +0),9.54,9.346178719603724,0.1938212803962749
2566,3nitrobenzylamine_cation->neut (+1 -> +0),8.65,8.572292319668009,0.07770768033199182
2567,4nitrobenzylamine_cation->neut (+1 -> +0),8.5,8.572357294416069,0.07235729441606864
2568,3methoxybenzylamine_cation->neut (+1 -> +0),9.29,9.139349339284845,0.15065066071515432
2569,4methoxybenzylamine_cation->neut (+1 -> +0),9.51,9.611991902902279,0.10199190290227911
2570,trans2phenylcyclopropylamine_cation->neut (+1 -> +0),8.27,8.20352663550307,0.06647336449692887
2571,trans24bromophenylcyclopropylamine_cation->neut (+1 -> +0),8.13,8.0732913569408,0.05670864305920098
2572,trans24chlorophenylcyclopropylamine_cation->neut (+1 -> +0),8.11,8.313990458920419,0.20399045892041912
2573,trans24fluorophenylcyclopropylamine_cation->neut (+1 -> +0),8.25,7.92050130288202,0.3294986971179803
2574,trans24methoxyphenylcyclopropylamine_cation->neut (+1 -> +0),8.32,8.372259563292761,0.05225956329276116
2575,26dimethyl4hpyran4one_cation->neut (+1 -> +0),0.44,0.49752414395506683,0.05752414395506683
2576,26diphenyl4hpyran4one_cation->neut (+1 -> +0),-0.21,0.1838176321287346,0.39381763212873455
2577,2methyl6phenyl4hpyran4one_cation->neut (+1 -> +0),0.26,0.4906492781679681,0.2306492781679681
2578,flavone_cation->neut (+1 -> +0),-1.3,-0.8396790449138996,0.4603209550861005
2579,4methoxyflavone_cation->neut (+1 -> +0),-0.9,-0.7931393697806515,0.10686063021934855
2580,4aminomethylbenzoic_cation->neut (+1 -> +0),3.59,3.225223043746663,0.36477695625333695
2581,4aminomethylbenzoic_neut->an (+0 -> -1),9.64,9.190169488886902,0.4498305111130989
2582,nndimethyl4aminobenzoic_cation->neut (+1 -> +0),2.51,3.091603358292419,0.5816033582924192
2583,nndimethyl4aminobenzoic_neut->an (+0 -> -1),5.03,4.898080945909906,0.13191905409009408
2584,nndimethyl3aminobenzoic_cation->neut (+1 -> +0),3.29,3.4605519488041416,0.1705519488041416
2585,nndimethyl3aminobenzoic_neut->an (+0 -> -1),5.1,5.21702540489418,0.11702540489418034
2586,nmethyl4aminobenzoic_cation->neut (+1 -> +0),2.22,2.817468376062843,0.5974683760628428
2587,nmethyl4aminobenzoic_neut->an (+0 -> -1),5.04,4.712084470124277,0.3279155298757228
2588,nmethyl2aminobenzoic_cation->neut (+1 -> +0),1.97,2.3315534349458664,0.36155343494586645
2589,nmethyl2aminobenzoic_neut->an (+0 -> -1),5.34,4.686693427503621,0.6533065724963789
2590,3hydroxy2aminobenzoic_cation->neut (+1 -> +0),2.5,1.943268210394426,0.5567317896055739
2591,3hydroxy2aminobenzoic_neut->an (+0 -> -1),5.192,4.958385020033841,0.2336149799661591
2592,3hydroxy2aminobenzoic_an->2an (-1 -> -2),10.118,9.868887116044224,0.24911288395577635
2593,retronecanol_cation->neut (+1 -> +0),10.88,10.277272776787722,0.6027272232122787
2594,platynecine_cation->neut (+1 -> +0),10.2,9.706220713976016,0.49377928602398313
2595,nornicotyrine_cation->neut (+1 -> +0),4.35,5.391910891816618,1.0419108918166184
2596,nicotyrine_cation->neut (+1 -> +0),4.76,4.747907281077437,0.012092718922562362
2597,harmol_cation->neut (+1 -> +0),7.86,7.749529677569695,0.11047032243030497
2598,harmol_neut->an (+0 -> -1),9.51,8.752423085513435,0.757576914486565
2599,67dimethyl45diazaindan_cation->neut (+1 -> +0),5.36,5.122143084653126,0.2378569153468746
2600,6methyl45diazaindan_cation->neut (+1 -> +0),4.93,4.784817158789168,0.1451828412108318
2601,45diazaindan_cation->neut (+1 -> +0),4.12,3.6839083624747486,0.4360916375252515
2602,1amino5phenyltetrazole_cation->neut (+1 -> +0),-0.62,-1.7663535273799358,1.1463535273799357
2603,5amino1phenyltetrazole_cation->neut (+1 -> +0),1.12,0.5449993913554323,0.5750006086445678
2604,5amino1pnitrophenyltetrazole_cation->neut (+1 -> +0),0.34,0.32555899002294897,0.014441009977051056
2605,5amino1methyltetrazole_cation->neut (+1 -> +0),1.82,1.4846571608511985,0.3353428391488016
2606,5amino1pchlorophenyltetrazole_cation->neut (+1 -> +0),0.78,0.25350980593834116,0.5264901940616589
2607,5amino1otolyltetrazole_cation->neut (+1 -> +0),1.23,1.0679942561007456,0.16200574389925437
2608,5amino1mtolyltetrazole_cation->neut (+1 -> +0),1.08,1.1441050259534569,0.0641050259534568
2609,5amino1mnitrophenyltetrazole_cation->neut (+1 -> +0),0.47,0.5950853667433682,0.12508536674336823
2610,5amino1mchlorophenyltetrazole_cation->neut (+1 -> +0),0.7,0.9729345308519823,0.2729345308519824
2611,5amino1isopropyltetrazole_cation->neut (+1 -> +0),1.91,0.9906971283941051,0.9193028716058949
2612,5guanidinio1Htetrazole_cation->neut (+1 -> +0),3.26,3.484010464221276,0.22401046422127635
2613,1aminoisoquinoline_cation->neut (+1 -> +0),7.59,7.347072998838701,0.2429270011612985
2614,aspartimide_cation->neut (+1 -> +0),5.9,5.1907179453775045,0.7092820546224958
2615,aspartimide_neut->an (+0 -> -1),9.0,9.196389707948114,0.19638970794811428
2616,2aminoindan_cation->neut (+1 -> +0),9.57,9.038081920799005,0.5319180792009952
2617,1aminoindan_cation->neut (+1 -> +0),9.21,9.535384588768965,0.3253845887689639
2618,5aminoindan_cation->neut (+1 -> +0),5.31,5.175791555722744,0.13420844427725598
2619,2aminoindan1ol_cation->neut (+1 -> +0),8.13,8.76162862673306,0.6316286267330593
2620,1aminofluorene_cation->neut (+1 -> +0),3.87,3.5378822191721486,0.3321177808278515
2621,2aminofluorene_cation->neut (+1 -> +0),4.64,4.6276778789858835,0.012322121014116227
2622,3aminofluorene_cation->neut (+1 -> +0),4.82,4.672674047518755,0.14732595248124536
2623,4aminofluorene_cation->neut (+1 -> +0),3.39,3.2385339527892443,0.15146604721075585
2624,2amino1hydroxyfluorene_cation->neut (+1 -> +0),4.82,4.460650253522172,0.3593497464778279
2625,2amino5hydroxyfluorene_cation->neut (+1 -> +0),4.73,4.393199094746544,0.3368009052534564
2626,2amino6hydroxyfluorene_cation->neut (+1 -> +0),4.63,4.65340691268849,0.02340691268848971
2627,2amino7hydroxyfluorene_cation->neut (+1 -> +0),4.88,4.94312794746745,0.06312794746744999
2628,neorbornylamine_cation->neut (+1 -> +0),10.01,9.927823064854717,0.08217693514528257
2629,1thiochromone_cation->neut (+1 -> +0),-1.12,-1.2569581916030765,0.13695819160307643
2630,2methyl1thiochromone_cation->neut (+1 -> +0),-0.69,-0.8366699166205276,0.14666991662052764
2631,4hydroxyacridine_cation->neut (+1 -> +0),5.31,4.796250623094969,0.5137493769050305
2632,4hydroxyacridine_neut->an (+0 -> -1),9.84,9.838469815775026,0.0015301842249737518
2633,234trimethylbenzobfuran7ol_neut->an (+0 -> -1),9.37,9.221458306059262,0.14854169394073757
2634,azulene1carboxylic_neut->an (+0 -> -1),5.5,5.462311593735297,0.037688406264702934
2635,23dimethylbenzobthiophene5ol_neut->an (+0 -> -1),10.03,10.045785861329703,0.01578586132970372
2636,23dimethylbenzobthiophene6ol_neut->an (+0 -> -1),9.84,9.768775609560066,0.07122439043993367
2637,23dimethylbenzobthiophene7ol_neut->an (+0 -> -1),8.8,8.873916332742809,0.07391633274280807
2638,2ethylbenzobthiophene4ol_neut->an (+0 -> -1),9.32,9.074404079351616,0.24559592064838398
2639,7ethylbenzobthiophene4ol_neut->an (+0 -> -1),9.41,9.619863045058683,0.20986304505868247
2640,37dimethylbenzobthiophene5ol_neut->an (+0 -> -1),10.09,9.859735979008995,0.23026402099100451
2641,bicyclo222octane14diarboxylic_neut->an (+0 -> -1),4.468,4.652480141299148,0.18448014129914814
2642,bicyclo222octane14diarboxylic_an->2an (-1 -> -2),5.457,5.506913151486551,0.0499131514865514
2643,bicyclo222octane1carboxylic4cyano_neut->an (+0 -> -1),4.545,4.333107267978,0.2118927320220001
2644,bicyclo222octane1carboxylic4bromo_neut->an (+0 -> -1),4.619,4.435547425805986,0.18345257419401406
2645,bicyclo222octane1carboxylic4carboxymethyl_neut->an (+0 -> -1),4.764,4.6880613654854395,0.07593863451456073
2646,bicyclo222octane1carboxylic_neut->an (+0 -> -1),5.084,4.781138085272904,0.3028619147270959
2647,bicyclo221heptane1carboxylic_neut->an (+0 -> -1),4.876,4.79436867868154,0.08163132131846051
2648,4bromobicyclo221heptane1carboxylic_neut->an (+0 -> -1),4.356,4.391176243538557,0.035176243538557195
2649,4cyanobicyclo221heptane1carboxylic_neut->an (+0 -> -1),4.227,4.2459922335008065,0.018992233500806144
2650,bicyclo221heptane14dicarboxylicmethylester_neut->an (+0 -> -1),4.494,4.708833452516822,0.21483345251682184
2651,bicyclo221heptane14dicarboxylic_neut->an (+0 -> -1),4.197,3.805270288704323,0.39172971129567724
2652,bicyclo221heptane14dicarboxylic_an->2an (-1 -> -2),5.284,5.46325656424215,0.17925656424215042
2653,23dimethylbenzobfuranol_neut->an (+0 -> -1),9.93,10.443742993917631,0.5137429939176315
2654,27dimethylbenzob4furanol_neut->an (+0 -> -1),9.6,9.48674058802487,0.1132594119751289
2655,23dimethylbenzob5furanol_neut->an (+0 -> -1),10.52,10.222800489709407,0.2971995102905929
2656,23dimethylbenzob6furanol_neut->an (+0 -> -1),9.95,9.814340624527318,0.13565937547268092
2657,23dimethylbenzob7furanol_neut->an (+0 -> -1),9.07,8.71723698501276,0.35276301498724116
2658,5hydroxy4methylcoumarin_neut->an (+0 -> -1),8.26,8.076932719267779,0.1830672807322209
2659,6hydroxy4methylcoumarin_neut->an (+0 -> -1),9.14,8.997447959601715,0.14255204039828584
2660,7hydroxy4methylcoumarin_neut->an (+0 -> -1),7.8,7.8818235338042655,0.08182353380426566
2661,2methylindanone_neut->an (+0 -> -1),6.15,6.907676636862363,0.7576766368623629
2662,3methylbenzobthiophene5ol_neut->an (+0 -> -1),9.94,9.928990577556512,0.011009422443487793
2663,3methylbenzobthiophene6ol_neut->an (+0 -> -1),9.7,9.623095719649278,0.07690428035072117
2664,3methylbenzobthiophene7ol_neut->an (+0 -> -1),8.72,8.461831893456795,0.25816810654320577
2665,4nitro7hydroxyindan1one_neut->an (+0 -> -1),5.27,4.896436668324493,0.3735633316755065
2666,6nitro7hydroxyindan1one_neut->an (+0 -> -1),5.31,4.819844121723721,0.49015587827627893
2667,5hydroxy3phenylisoxazole_neut->an (+0 -> -1),4.01,3.933489017189464,0.07651098281053592
2668,7OH46dinitro1indanone_neut->an (+0 -> -1),1.94,1.9801652015655495,0.04016520156554959
2669,quinoxaline2carboxylic_neut->an (+0 -> -1),2.875,3.4808988297450245,0.6058988297450245
2670,quinoxaline5carboxylic_neut->an (+0 -> -1),4.026,4.5659739245248145,0.5399739245248147
2671,quinoxaline6carboxylic_neut->an (+0 -> -1),3.64,3.7433007794250814,0.10330077942508131
2672,bicyclo221heptane25diene23dicarboxylic_neut->an (+0 -> -1),1.32,1.8035289620867738,0.48352896208677376
2673,bicyclo221heptane25diene23dicarboxylic_an->2an (-1 -> -2),7.77,7.196916078155949,0.5730839218440504
2674,bicyclo221heptane2ene23dicarboxylic_neut->an (+0 -> -1),1.32,2.4674598721771375,1.1474598721771374
2675,bicyclo221heptane2ene23dicarboxylic_an->2an (-1 -> -2),8.0,7.873056784351107,0.12694321564889322
2676,2methylbenzofuran4ol_neut->an (+0 -> -1),9.31,9.219549173198734,0.09045082680126626
2677,3methylbenzofuran4ol_neut->an (+0 -> -1),9.65,9.513954399201197,0.1360456007988038
2678,4cl3azabicyclo430nona164dien2one_cation->neut (+1 -> +0),0.13,0.10780957636537991,0.022190423634620093
2679,4cl3azabicyclo430nona164dien2one_neut->an (+0 -> -1),8.53,8.166621266109786,0.36337873389021347
2680,5phenyl134oxadiazole2thiol_neut->an (+0 -> -1),4.27,4.552386230993227,0.282386230993227
2681,6methyl13dithiaindan1133tetroxide_neut->an (+0 -> -1),12.63,10.408663013967566,2.2213369860324352
2682,5oh23dihydrobenzobthiophene11diox_neut->an (+0 -> -1),7.81,7.930129078459275,0.12012907845927501
2683,4br7oh3methyltropolone_neut->an (+0 -> -1),6.6,5.988346972766423,0.6116530272335767
2684,3br2oh6methyltropolone_neut->an (+0 -> -1),6.3,6.8912318438670015,0.5912318438670017
2685,2br7oh4methyltropolone_neut->an (+0 -> -1),6.41,6.8725536896057795,0.46255368960577936
2686,5fluoroindole_neut->an (+0 -> -1),16.3,16.373584997980103,0.07358499798010243
2687,4fluoroindole_neut->an (+0 -> -1),16.3,15.699237221042942,0.6007627789570584
2688,benzobthiophene32Hone11dioxide_neut->an (+0 -> -1),7.65,7.752897606629717,0.1028976066297167
2689,26dibromo7oh3methyltropolone_neut->an (+0 -> -1),5.59,5.296901040649894,0.29309895935010566
2690,26dibromo7oh4methyltropolone_neut->an (+0 -> -1),5.35,6.100704396288119,0.7507043962881195
2691,benzoyleneurea_neut->an (+0 -> -1),9.82,9.401951622975382,0.4180483770246184
2692,23dihydroxyquinoxaline_neut->an (+0 -> -1),9.52,8.884843966055321,0.6351560339446785
2693,3nitroindole_neut->an (+0 -> -1),10.12,9.64373449605749,0.47626550394250877
2694,5nitroindole_neut->an (+0 -> -1),14.75,14.06599963315407,0.6840003668459307
2695,benzobthiophene4ol_neut->an (+0 -> -1),9.18,9.18635397677902,0.006353976779021053
2696,tricyclo311067heptane6carboxylic_neut->an (+0 -> -1),4.6,4.094242955728662,0.5057570442713377
2697,2methylbenzimidazole_neut->an (+0 -> -1),13.18,13.091414678621575,0.08858532137842445
2698,cyclohexa14diene12dicarboxyli_neut->an (+0 -> -1),3.64,3.0249680289215846,0.6150319710784156
2699,cyclohexa14diene12dicarboxyli_an->2an (-1 -> -2),4.9,6.157964293072752,1.2579642930727513
2700,cyclohexa24diene12dicarboxyli_neut->an (+0 -> -1),4.08,3.362535121113707,0.7174648788862932
2701,cyclohexa24diene12dicarboxyli_an->2an (-1 -> -2),5.02,6.299292371936802,1.2792923719368021
2702,cyclohexa15diene12dicarboxyli_neut->an (+0 -> -1),4.06,4.518889123329683,0.45888912332968346
2703,cyclohexa15diene12dicarboxyli_an->2an (-1 -> -2),5.03,5.034431865246704,0.004431865246703914
2704,3methoxytropone_neut->an (+0 -> -1),8.0,7.348811033693984,0.651188966306016
2705,4methoxytropone_neut->an (+0 -> -1),7.24,7.980574874558407,0.7405748745584066
2706,3methyltropolone_neut->an (+0 -> -1),7.92,7.776462699117032,0.14353730088296768
2707,4methyltropolone_neut->an (+0 -> -1),7.26,7.778126809770058,0.5181268097700586
2708,5methyltropolone_neut->an (+0 -> -1),7.32,7.14460913332987,0.17539086667013049
2709,2diazoniobenzoaten_cation->neut (+1 -> +0),1.47,1.2785492764888922,0.1914507235111078
2710,3diazoniobenzoaten_cation->neut (+1 -> +0),2.55,2.7062678887382754,0.15626788873827557
2711,4diazoniobenzoaten_cation->neut (+1 -> +0),2.41,2.4257296598104734,0.01572965981047325
2712,2mercaptobenzoxazole_neut->an (+0 -> -1),6.33,6.487395559156977,0.1573955591569769
2713,3azabicyclo330octane24dione_neut->an (+0 -> -1),9.53,9.239190082559034,0.2908099174409653
2714,1phenylterazole5thiol_neut->an (+0 -> -1),2.8,3.157964136542117,0.3579641365421171
2715,2mercaptobenzimidazole_neut->an (+0 -> -1),10.24,9.841365080366863,0.39863491963313713
2716,4nitroindazole_neut->an (+0 -> -1),11.57,11.2288133604738,0.34118663952619954
2717,5nitrobenzimidazole_neut->an (+0 -> -1),10.84,10.68932124188209,0.15067875811790898
2718,2benzoxazolinone_neut->an (+0 -> -1),8.9,8.506757492935895,0.39324250706410524
2719,46dinitro1hindazol7ol_neut->an (+0 -> -1),2.5,1.8934482180590235,0.6065517819409765
2720,33dimecis12cyclpropdicarbxylic_neut->an (+0 -> -1),2.38,2.3410343166021503,0.03896568339784956
2721,33dimecis12cyclpropdicarbxylic_an->2an (-1 -> -2),8.25,7.488016681284769,0.761983318715231
2722,cis12dime12cyclpropdicarbxylic_neut->an (+0 -> -1),4.06,4.375479615311018,0.315479615311018
2723,cis12dime12cyclpropdicarbxylic_an->2an (-1 -> -2),6.56,5.758638571595186,0.8013614284048138
2724,trans12dime12cyclpropdicarbxylic_neut->an (+0 -> -1),3.7,3.952705539951661,0.2527055399516609
2725,trans12dime12cyclpropdicarbxylic_an->2an (-1 -> -2),5.24,4.7926584265411485,0.4473415734588517
2726,trans1me12cyclpropdicarbxylic_neut->an (+0 -> -1),3.93,3.4911978384929983,0.4388021615070019
2727,trans1me12cyclpropdicarbxylic_an->2an (-1 -> -2),5.3,5.302992073515034,0.002992073515033944
2728,trans1ph12cyclpropdicarbxylic_neut->an (+0 -> -1),3.72,3.872948498599242,0.15294849859924176
2729,trans1ph12cyclpropdicarbxylic_an->2an (-1 -> -2),5.14,5.712523078851101,0.5725230788511011
2730,trans1me2cl12cyclpropdicarbxylic_neut->an (+0 -> -1),2.72,2.762629025930056,0.042629025930055686
2731,trans1me2cl12cyclpropdicarbxylic_an->2an (-1 -> -2),4.27,4.326490681964091,0.05649068196409157
2732,trans1ph2cl12cyclpropdicarbxylic_neut->an (+0 -> -1),3.61,2.4660183800465996,1.1439816199534003
2733,trans1ph2cl12cyclpropdicarbxylic_an->2an (-1 -> -2),5.33,3.59664795017967,1.73335204982033
2734,33dimetrans12cyclpropdicarbxylic_neut->an (+0 -> -1),3.82,3.8258814688439493,0.005881468843949467
2735,33dimetrans12cyclpropdicarbxylic_an->2an (-1 -> -2),5.32,5.253928977226652,0.06607102277334853
2736,cis1me12cyclpropdicarbxylic_neut->an (+0 -> -1),3.56,3.463577001365687,0.09642299863431303
2737,cis1me12cyclpropdicarbxylic_an->2an (-1 -> -2),6.65,5.974099769746409,0.6759002302535917
2738,cis1ph12cyclpropdicarbxylic_neut->an (+0 -> -1),3.67,2.321020156270629,1.3489798437293707
2739,cis1ph12cyclpropdicarbxylic_an->2an (-1 -> -2),6.47,6.896597162734364,0.4265971627343639
2740,cis1ph2me12cyclpropdicarbxylic_neut->an (+0 -> -1),3.84,4.609253715845128,0.769253715845128
2741,cis1ph2me12cyclpropdicarbxylic_an->2an (-1 -> -2),6.28,5.168905845837963,1.1110941541620374
2742,cis1me2cl12cyclpropdicarbxylic_neut->an (+0 -> -1),2.95,2.922257097214932,0.02774290278506797
2743,cis1me2cl12cyclpropdicarbxylic_an->2an (-1 -> -2),5.25,4.818907084337675,0.4310929156623251
2744,1s2r3rcis13dimecyclpropdicarbxylic_neut->an (+0 -> -1),3.69,3.7852812579178954,0.09528125791789543
2745,1s2r3rcis13dimecyclpropdicarbxylic_an->2an (-1 -> -2),6.82,7.446670037240831,0.6266700372408307
2746,1s2r3scis13dimecyclpropdicarbxylic_neut->an (+0 -> -1),3.09,3.6125629648792197,0.5225629648792198
2747,1s2r3scis13dimecyclpropdicarbxylic_an->2an (-1 -> -2),7.91,7.97772866909263,0.06772866909262998
2748,1s2r3scis123trimecyclpropdicarbxylic_neut->an (+0 -> -1),4.23,5.148402107015795,0.9184021070157948
2749,1s2r3scis123trimecyclpropdicarbxylic_an->2an (-1 -> -2),6.74,5.80232591189707,0.9376740881029306
2750,1r2s3scis1cl23dimecyclpropdicarbxylic_neut->an (+0 -> -1),2.91,4.004691435090007,1.0946914350900068
2751,1r2s3scis1cl23dimecyclpropdicarbxylic_an->2an (-1 -> -2),5.41,5.127618944100992,0.2823810558990081
2752,1r2s3scis1cl3mecyclpropdicarbxylic_neut->an (+0 -> -1),2.66,1.722642348135393,0.9373576518646072
2753,1r2s3scis1cl3mecyclpropdicarbxylic_an->2an (-1 -> -2),5.41,6.2973734625664815,0.8873734625664813
2754,1r2r3strans13dimecyclpropdicarbxylic_neut->an (+0 -> -1),4.23,3.9476454366397116,0.28235456336028886
2755,1r2r3strans13dimecyclpropdicarbxylic_an->2an (-1 -> -2),5.65,5.57100546320081,0.07899453679919066
2756,1r2r3rtrans13dimecyclpropdicarbxylic_neut->an (+0 -> -1),3.93,4.2621519282502245,0.3321519282502243
2757,1r2r3rtrans13dimecyclpropdicarbxylic_an->2an (-1 -> -2),5.51,5.332203484577772,0.1777965154222274
2758,1r2rtrans123trimecyclpropdicarbxylic_neut->an (+0 -> -1),3.77,3.644676441384113,0.12532355861588718
2759,1r2rtrans123trimecyclpropdicarbxylic_an->2an (-1 -> -2),5.42,5.438148204237236,0.018148204237236065
2760,1s2s3rtrans1cl3mecyclpropdicarbxylic_neut->an (+0 -> -1),2.61,2.8829734864619265,0.27297348646192665
2761,1s2s3rtrans1cl3mecyclpropdicarbxylic_an->2an (-1 -> -2),4.46,4.5787797433289965,0.11877974332899655
2762,2methylthiophenol_neut->an (+0 -> -1),6.64,7.141249840882173,0.5012498408821733
2763,transcyclopnt12dicrbxylc4oxo_neut->an (+0 -> -1),3.59,3.7843483487129728,0.1943483487129729
2764,transcyclopnt12dicrbxylc4oxo_an->2an (-1 -> -2),5.34,4.4628518107128565,0.8771481892871433
2765,ciscyclopnt12dicrbxylc4oxo_neut->an (+0 -> -1),3.9,4.01763862241646,0.1176386224164605
2766,ciscyclopnt12dicrbxylc4oxo_an->2an (-1 -> -2),5.6,4.899916572822048,0.7000834271779519
2767,cyclopent1ene12dicarboxylic_neut->an (+0 -> -1),3.36,2.140026777508117,1.2199732224918827
2768,cyclopent1ene12dicarboxylic_an->2an (-1 -> -2),7.18,7.23926795832188,0.0592679583218807
2769,cyclopent1ene15dicarboxylic_neut->an (+0 -> -1),4.03,3.7047501059182757,0.32524989408172456
2770,cyclopent1ene15dicarboxylic_an->2an (-1 -> -2),5.92,6.0277229175544305,0.10772291755443053
2771,cyclopent1ene14dicarboxylic_neut->an (+0 -> -1),4.27,4.234918179840273,0.03508182015972672
2772,cyclopent1ene14dicarboxylic_an->2an (-1 -> -2),5.1,5.003461577545267,0.09653842245473232
2773,jr9650003339n23_neut->an (+0 -> -1),3.91,4.112407121251851,0.20240712125185123
2774,jr9650003339n23_an->2an (-1 -> -2),5.97,5.439468267376206,0.5305317326237935
2775,jr9650003339n24_neut->an (+0 -> -1),3.34,3.1092272783748305,0.23077272162516937
2776,jr9650003339n24_an->2an (-1 -> -2),5.51,6.655583961881725,1.1455839618817256
2777,2r3r5oxooxolane23dicarbx_neut->an (+0 -> -1),2.13,2.1200498496083435,0.009950150391656365
2778,2r3r5oxooxolane23dicarbx_an->2an (-1 -> -2),3.95,4.3638851923787465,0.4138851923787463
2779,2s3r5oxooxolane23dicarbx_neut->an (+0 -> -1),2.26,2.885240941418214,0.6252409414182143
2780,2s3r5oxooxolane23dicarbx_an->2an (-1 -> -2),4.5,4.371035386157904,0.12896461384209612
2781,4hydroxytropolone_neut->an (+0 -> -1),5.76,6.390618618545274,0.6306186185452738
2782,4hydroxytropolone_an->2an (-1 -> -2),9.52,9.567815927171733,0.04781592717173311
2783,5hydroxytropolone_neut->an (+0 -> -1),6.47,7.10769370599115,0.6376937059911505
2784,5hydroxytropolone_an->2an (-1 -> -2),10.1,10.204827036986707,0.10482703698670726
2785,2hydroxy6methylbenzoquinone_neut->an (+0 -> -1),4.04,4.376774572471789,0.3367745724717892
2786,335trime2thioxoimidazolidin4one_neut->an (+0 -> -1),10.8,10.094946186330915,0.7050538136690854
2787,3nitrobenzenethiol_neut->an (+0 -> -1),5.241,5.070470719400019,0.17052928059998074
2788,213benzothiadiazol4ol_neut->an (+0 -> -1),7.86,7.627135153776426,0.23286484622357406
2789,213benzothiadiazol5ol_neut->an (+0 -> -1),8.16,8.064677071468054,0.0953229285319459
2790,3dimeam124triazin52hone_cation->neut (+1 -> +0),1.6,2.047199585491798,0.44719958549179806
2791,6ipro124triazin352h4hdione_neut->an (+0 -> -1),7.45,7.670759431013175,0.22075943101317463
2792,15dime1hpyrazole3carboxylic_neut->an (+0 -> -1),4.24,4.205377732485637,0.03462226751436326
2793,13dime1hpyrazole5carboxylic_neut->an (+0 -> -1),3.31,3.41747797718393,0.10747797718393004
2794,3methyl1Hpyrrole2carboxylic_neut->an (+0 -> -1),5.1,4.767550255659617,0.33244974434038266
2795,4methyl1Hpyrrole2carboxylic_neut->an (+0 -> -1),4.6,4.719692050833501,0.11969205083350154
2796,5methyl1Hpyrrole2carboxylic_neut->an (+0 -> -1),5.0,4.258605015647045,0.7413949843529553
2797,2methyl1Hpyrrole3carboxylic_neut->an (+0 -> -1),5.8,5.834816128492354,0.034816128492353826
2798,4methyl1Hpyrrole3carboxylic_neut->an (+0 -> -1),5.65,5.727887980849587,0.07788798084958692
2799,5methyl1Hpyrrole3carboxylic_neut->an (+0 -> -1),5.35,5.39003531052466,0.040035310524660694
2800,3azabicyclo320heptane24dione_neut->an (+0 -> -1),9.63,9.279162864605247,0.3508371353947535
2801,3azabicyclo321octane24dione_neut->an (+0 -> -1),9.53,10.870120761861905,1.3401207618619058
2802,3azabicyclo322nonane24dione_neut->an (+0 -> -1),9.72,10.64328697261644,0.9232869726164399
2803,2233tetramethylsuccinimide_neut->an (+0 -> -1),9.7,9.178637410221063,0.5213625897789367
2804,36dime124trazol43b124trazin71Hone_neut->an (+0 -> -1),5.85,6.27680870765813,0.4268087076581306
2805,5chloro2thiophenecarboxylic_neut->an (+0 -> -1),3.22,3.2082577936641536,0.01174220633584655
2806,5bromo2thiophenecarboxylic_neut->an (+0 -> -1),3.19,3.263231419204951,0.07323141920495102
2807,36diazabicycl330oct247trione_neut->an (+0 -> -1),8.15,7.9559954733959355,0.19400452660406486
2808,3chlorothiophenol_neut->an (+0 -> -1),5.78,5.770134234269906,0.009865765730094012
2809,4bromothiophenol_neut->an (+0 -> -1),6.02,5.93535194294576,0.08464805705423917
2810,34thiophenedicarboxylic_neut->an (+0 -> -1),2.81,3.518548732216236,0.708548732216236
2811,34thiophenedicarboxylic_an->2an (-1 -> -2),6.93,6.707604781281984,0.22239521871801582
2812,4oxo4hthiopyran3carboxylic_neut->an (+0 -> -1),4.1,4.550384876672541,0.45038487667254135
2813,furan23dicarboxylic_neut->an (+0 -> -1),2.45,1.768170383797652,0.6818296162023483
2814,furan23dicarboxylic_an->2an (-1 -> -2),7.25,7.120343997592289,0.12965600240771114
2815,furan24dicarboxylic_neut->an (+0 -> -1),2.63,2.9553206600491544,0.3253206600491545
2816,furan24dicarboxylic_an->2an (-1 -> -2),3.77,4.088189991911382,0.3181899919113822
2817,furan15dicarboxylic_neut->an (+0 -> -1),2.6,2.3132849030502953,0.28671509694970476
2818,furan15dicarboxylic_an->2an (-1 -> -2),3.55,3.6353961653143365,0.08539616531433669
2819,furan34dicarboxylic_neut->an (+0 -> -1),2.51,2.540500114120097,0.030500114120097344
2820,furan34dicarboxylic_an->2an (-1 -> -2),7.43,7.992021304356177,0.5620213043561773
2821,55dime2thioxoimidazolidin4one_neut->an (+0 -> -1),8.71,8.861915045857344,0.1519150458573435
2822,7me2mes8azapurin6one_neut->an (+0 -> -1),6.73,6.747684589404392,0.017684589404391993
2823,Nhydroxypyridine4thione_cation->neut (+1 -> +0),1.53,0.7407978010263232,0.7892021989736768
2824,Nhydroxypyridine4thione_neut->an (+0 -> -1),3.82,4.176504516591118,0.35650451659111804
2825,pyrithione_cation->neut (+1 -> +0),-1.95,-2.230550247254846,0.280550247254846
2826,pyrithione_neut->an (+0 -> -1),4.67,5.590435996440665,0.9204359964406654
2827,2acetamidopyridinenoxide_cation->neut (+1 -> +0),-0.42,0.2530937219827809,0.6730937219827808
2828,3acetamidopyridinenoxide_cation->neut (+1 -> +0),0.99,0.49029127576428255,0.49970872423571744
2829,4acetamidopyridinenoxide_cation->neut (+1 -> +0),1.59,1.8868518753543073,0.29685187535430724
2830,4nmeacetamidopyridinenoxide_cation->neut (+1 -> +0),1.36,1.1561912844048114,0.20380871559518865
2831,4aminopyridinenoxide_cation->neut (+1 -> +0),3.59,3.9185451586673503,0.32854515866735046
2832,4dimeaminopyridinenoxide_cation->neut (+1 -> +0),3.88,4.100655217252121,0.220655217252121
2833,4meaminopyridinenoxide_cation->neut (+1 -> +0),3.85,4.284620908090579,0.43462090809057896
2834,2aminopyridinenoxide_cation->neut (+1 -> +0),2.67,2.7248667326662828,0.054866732666282836
2835,2dimeaminopyridinenoxide_cation->neut (+1 -> +0),2.27,2.4139914701034613,0.14399147010346125
2836,4methoxypyridineoxide_cation->neut (+1 -> +0),2.05,2.14003624788207,0.09003624788206999
2837,4hydroxypyrimidinenoxide_cation->neut (+1 -> +0),2.45,2.5864529370663867,0.1364529370663865
2838,2methoxypyrimidinenoxide_cation->neut (+1 -> +0),1.23,1.3479202329729159,0.11792023297291587
2839,1methoxypyridin4one_cation->neut (+1 -> +0),2.57,2.6765623530746234,0.10656235307462358
2840,1methoxypyridin2one_cation->neut (+1 -> +0),-1.3,-0.6767198624177002,0.6232801375822998
2841,4chloro2pyrrolecarboxylic_neut->an (+0 -> -1),4.07,4.162466275337277,0.09246627533727647
2842,4bromo2pyrrolecarboxylic_neut->an (+0 -> -1),4.06,4.191225224035005,0.13122522403500536
2843,5chloro2pyrrolecarboxylic_neut->an (+0 -> -1),4.32,3.8451009581294633,0.474899041870537
2844,5bromo2pyrrolecarboxylic_neut->an (+0 -> -1),4.17,3.7931487729297793,0.3768512270702207
2845,4nitro2pyrrolecarboxylic_neut->an (+0 -> -1),3.37,3.2632004481556063,0.10679955184439383
2846,5nitro2pyrrolecarboxylic_neut->an (+0 -> -1),3.22,2.747939219845078,0.47206078015492237
2847,4nitro2thiphenecarboxylic_neut->an (+0 -> -1),2.81,2.9695119806158967,0.15951198061589666
2848,5nitro2thiphenecarboxylic_neut->an (+0 -> -1),2.68,2.442339341086835,0.23766065891316535
2849,4bromo2thiphenecarboxylic_neut->an (+0 -> -1),3.27,3.082826286572649,0.187173713427351
2850,pyrrolidinecarbodithiolic_neut->an (+0 -> -1),3.29,4.0086594364955905,0.7186594364955905
2851,dimethadione_neut->an (+0 -> -1),6.2,6.659875377026236,0.45987537702623627
2852,5et5phimidazolidine24dione_neut->an (+0 -> -1),8.5,8.408360708176968,0.09163929182303221
2853,26dime124triazine352H4Hdione_neut->an (+0 -> -1),7.49,7.158667746594159,0.33133225340584094
2854,46dime124triazine352H4Hdione_neut->an (+0 -> -1),10.1,10.067816798839132,0.03218320116086737
2855,2et124triazine352H4Hdione_neut->an (+0 -> -1),7.07,7.42683876193633,0.3568387619363298
2856,4et124triazine352H4Hdione_neut->an (+0 -> -1),9.59,9.401494151433162,0.1885058485668374
2857,6et124triazine352H4Hdione_neut->an (+0 -> -1),7.47,7.386381624289831,0.08361837571016917
2858,5ureidoimidazole4carboxylic_cation->neut (+1 -> +0),2.0,1.6538424868641801,0.3461575131358199
2859,5ureidoimidazole4carboxylic_neut->an (+0 -> -1),4.9,5.267803789171144,0.36780378917114387
2860,5ureidoimidazole4carboxylic_an->2an (-1 -> -2),12.2,12.250285892938404,0.050285892938404686
2861,5amino1cyclohex4imidazolecarboxylic_cation->neut (+1 -> +0),3.18,2.0175446482151784,1.1624553517848217
2862,5amino1cyclohex4imidazolecarboxylic_neut->an (+0 -> -1),7.29,7.119453516120725,0.17054648387927518
2863,4imidazolecarboxylic_cation->neut (+1 -> +0),2.01,1.9217614058339345,0.08823859416606528
2864,4imidazolecarboxylic_neut->an (+0 -> -1),6.26,5.791796978125548,0.4682030218744515
2865,5methylpyrazole3carboxylic_neut->an (+0 -> -1),3.79,3.956725892286947,0.166725892286947
2866,1methylpyrazole3carboxylic_neut->an (+0 -> -1),3.27,3.4029408259173524,0.13294082591735235
2867,2furancarboxylic_neut->an (+0 -> -1),3.272,3.457063900460864,0.18506390046086407
2868,2amthiazoline4carboxylic_cation->neut (+1 -> +0),2.03,1.6890725263286521,0.3409274736713477
2869,2amthiazoline4carboxylic_neut->an (+0 -> -1),8.48,8.045635473562761,0.4343645264372391
2870,3methio124triazin52Hone_neut->an (+0 -> -1),5.92,6.725300773627465,0.8053007736274651
2871,5methio124triazin32Hone_neut->an (+0 -> -1),9.18,8.417077647440923,0.7629223525590767
2872,45diH2me5thioxo124Triazin32Hone_neut->an (+0 -> -1),6.25,6.02887250796213,0.22112749203787008
2873,45diH4me5thioxo124Triazin32Hone_neut->an (+0 -> -1),8.57,8.773472192623686,0.20347219262368554
2874,45diH2me3thioxo124Triazin32Hone_neut->an (+0 -> -1),6.24,6.538209493164506,0.2982094931645056
2875,45diH4me3thioxo124Triazin32Hone_neut->an (+0 -> -1),8.12,8.101846744388677,0.018153255611322194
2876,45diH6me3thioxo124Triazin32Hone_neut->an (+0 -> -1),6.47,6.28350957578605,0.18649042421394935
2877,45dime4H124triazole3thiol_neut->an (+0 -> -1),8.19,8.807815484271286,0.6178154842712864
2878,46dihd1me124triazine351H2Hdione_neut->an (+0 -> -1),10.6,9.587859990077423,1.012140009922577
2879,46dihd4me124triazine351H2Hdione_neut->an (+0 -> -1),11.0,10.391594216849413,0.6084057831505874
2880,46dihd2me124triazine351H2Hdione_neut->an (+0 -> -1),10.6,10.912115150402272,0.31211515040227233
2881,dihydrouracil_neut->an (+0 -> -1),11.74,11.475787298641816,0.26421270135818453
2882,5methylhidantoin_neut->an (+0 -> -1),9.07,9.004272267476022,0.06572773252397823
2883,2me124triazine35dithione_neut->an (+0 -> -1),5.76,5.613850356107091,0.14614964389290908
2884,4me124triazine35dithione_neut->an (+0 -> -1),7.37,7.315963869493984,0.054036130506015745
2885,6me124triazine35dithione_neut->an (+0 -> -1),6.1,5.585687959220903,0.5143120407790969
2886,3am6me124triazin52Hone_cation->neut (+1 -> +0),2.19,1.9869760406718315,0.2030239593281684
2887,nhydroxysuccinimide_neut->an (+0 -> -1),6.0,5.748576023289282,0.2514239767107176
2888,nhydroxyglutarimide_neut->an (+0 -> -1),7.6,7.7787637046435,0.1787637046435
2889,4me135Triazin21Hone_neut->an (+0 -> -1),6.92,7.599044403867169,0.6790444038671692
2890,6me135triazine241H3Hdione_neut->an (+0 -> -1),7.23,7.414276820172547,0.18427682017254643
2891,3me135triazine241H3Hdione_neut->an (+0 -> -1),6.58,6.826363752894084,0.24636375289408363
2892,1me135triazine241H3Hdione_neut->an (+0 -> -1),8.15,7.846704691171806,0.30329530882819444
2893,6azathymine_neut->an (+0 -> -1),7.48,7.3703376901414375,0.10966230985856296
2894,6azathymine_an->2an (-1 -> -2),13.4,13.42863912855069,0.028639128550690174
2895,4me135triazine241H3Hdione_neut->an (+0 -> -1),9.25,9.547001029825898,0.29700102982589804
2896,5nitrouracil_neut->an (+0 -> -1),5.56,4.466607244897564,1.0933927551024354
2897,5nitrouracil_an->2an (-1 -> -2),11.3,11.543636819973479,0.24363681997347797
2898,1245tetrazine36dicarboxylic_neut->an (+0 -> -1),2.8,1.5187457878590367,1.2812542121409631
2899,45dihydro5thioxo124triazin32Hone_neut->an (+0 -> -1),6.33,5.878392830781778,0.45160716921822175
2900,2thio6azauracil_neut->an (+0 -> -1),5.98,6.140143502008889,0.16014350200888838
2901,6iodo124triazine352H4Hdione_neut->an (+0 -> -1),6.27,6.058865239176275,0.2111347608237244
2902,6bromo124triazine352H4Hdione_neut->an (+0 -> -1),6.05,6.080380733962752,0.030380733962751982
2903,6chloro124triazine352H4Hdione_neut->an (+0 -> -1),5.8,5.8803609493393925,0.08036094933939264
2904,56dihydro6azauracil_neut->an (+0 -> -1),10.3,10.034530829828924,0.26546917017107674
2905,3me2H124thiadiazole5thione_neut->an (+0 -> -1),5.18,5.3365352033045586,0.15653520330455883
2906,ammelide_an->2an (-1 -> -2),13.5,13.476426748441055,0.023573251558945074
2907,124triazine35dithiol_neut->an (+0 -> -1),5.66,5.609332968773294,0.05066703122670635
2908,5hydroxy6azauracil_neut->an (+0 -> -1),2.95,4.205988274742424,1.2559882747424238
2909,6azauracil_neut->an (+0 -> -1),7.0,7.217168970828047,0.21716897082804731
2910,6azauracil_an->2an (-1 -> -2),12.9,13.198507637133734,0.2985076371337332
2911,124triazine561H2Hdione_neut->an (+0 -> -1),7.21,8.36975157974337,1.1597515797433706
2912,124triazine561H2Hdione_an->2an (-1 -> -2),12.07,10.6309461681664,1.4390538318336006
2913,5azauracil_neut->an (+0 -> -1),6.73,6.415502683654499,0.31449731634550115
2914,124triazin54Hone_neut->an (+0 -> -1),7.15,6.799767550171815,0.35023244982818547
2915,5amino1H123triazole4carbonitrile_neut->an (+0 -> -1),6.15,6.005576079719586,0.1444239202804143
2916,benzene1chloro1iminobenzyl_cation->neut (+1 -> +0),5.59,5.577442555848745,0.012557444151254593
2917,benzene1chloro3iminobenzyl_cation->neut (+1 -> +0),5.69,6.327849124944098,0.6378491249440978
2918,13benzenediol4iminophenylmethyl_cation->neut (+1 -> +0),4.0,5.231313653435945,1.2313136534359446
2919,2iminophenylmethylphenol_cation->neut (+1 -> +0),5.0,4.022571660587731,0.9774283394122687
2920,3iminophenylmethylphenol_cation->neut (+1 -> +0),7.08,6.574174356905705,0.5058256430942949
2921,4iminophenylmethylphenol_cation->neut (+1 -> +0),7.55,7.596619346834483,0.046619346834483544
2922,benzene1iminobenzyl24dimethoxy_cation->neut (+1 -> +0),8.3,7.929618781857884,0.3703812181421169
2923,benzene1iminobenzyl24dimethyl_cation->neut (+1 -> +0),6.79,6.569911525213193,0.22008847478680682
2924,benzene1iminobenzyl25dimethyl_cation->neut (+1 -> +0),6.79,7.1509232638751845,0.3609232638751845
2925,benzene1iminobenzyl26dimethyl_cation->neut (+1 -> +0),6.29,5.967998770444134,0.3220012295558661
2926,benzene1iminobenzyl35dimethyl_cation->neut (+1 -> +0),7.18,7.108077538968941,0.07192246103105848
2927,benzene1iminobenzyl2methyl_cation->neut (+1 -> +0),6.79,6.603982659598738,0.1860173404012624
2928,benzene1iminobenzyl2methoxy_cation->neut (+1 -> +0),7.29,6.892597520795417,0.39740247920458316
2929,benzene1iminobenzyl3methoxy_cation->neut (+1 -> +0),6.59,6.904656512909995,0.31465651290999475
2930,benzyloxymethanimine_cation->neut (+1 -> +0),5.8,6.474171601699813,0.6741716016998129
2931,1oh4iminobenzyl3meobenzene_cation->neut (+1 -> +0),5.99,5.771268619704751,0.21873138029524952
2932,ochlorobenzylamine_cation->neut (+1 -> +0),8.8,8.592586998584594,0.2074130014154072
2933,23dimethoxybenzylamie_cation->neut (+1 -> +0),9.41,8.676589143590508,0.7334108564094919
2934,34dimethoxybenzylamine_cation->neut (+1 -> +0),9.39,9.101552973910302,0.28844702608969897
2935,2methoxybenzylamine_cation->neut (+1 -> +0),9.7,9.259677120071341,0.44032287992865804
2936,2methylbenzylamine_cation->neut (+1 -> +0),9.19,9.571075638119972,0.381075638119972
2937,piperonylamine_cation->neut (+1 -> +0),9.37,9.367397710976828,0.002602289023171167
2938,pentafluorobenzylamine_cation->neut (+1 -> +0),7.67,7.510159195598065,0.15984080440193527
2939,3oh2meobenzylamine_cation->neut (+1 -> +0),8.89,8.736574550845146,0.15342544915485412
2940,3oh2meobenzylamine_neut->an (+0 -> -1),10.54,9.868913055068969,0.6710869449310302
2941,vanillylamine_cation->neut (+1 -> +0),8.94,9.34946328862647,0.40946328862647086
2942,vanillylamine_neut->an (+0 -> -1),10.52,9.779895348474238,0.7401046515257619
2943,3meosalicylamine_cation->neut (+1 -> +0),8.7,9.127224571111395,0.42722457111139533
2944,3meosalicylamine_neut->an (+0 -> -1),11.06,9.910625330029099,1.1493746699709018
2945,2aminomebenzenesulfonamide_cation->neut (+1 -> +0),8.53,7.460443576497055,1.0695564235029442
2946,2aminomebenzenesulfonamide_neut->an (+0 -> -1),10.11,9.518394683867644,0.5916053161323553
2947,biphenyl44diamino_2cation->cation (+2 -> +1),3.85,3.616530645989493,0.23346935401050706
2948,biphenyl44diamino_cation->neut (+1 -> +0),4.95,5.1243928364821425,0.17439283648214232
2949,66dime11biphnyl22diamine_2cation->cation (+2 -> +1),2.1,4.0553972756080094,1.9553972756080094
2950,66dime11biphnyl22diamine_cation->neut (+1 -> +0),3.7,4.694496204479911,0.994496204479911
2951,22pdimethylbenzidine_2cation->cation (+2 -> +1),3.7,3.8483017806443653,0.14830178064436517
2952,22pdimethylbenzidine_cation->neut (+1 -> +0),4.9,4.342477645619658,0.5575223543803425
2953,33pdimethylbenzidine_2cation->cation (+2 -> +1),3.4,3.6557351718219486,0.2557351718219487
2954,33pdimethylbenzidine_cation->neut (+1 -> +0),4.5,4.598274761191862,0.0982747611918624
2955,1amino3bromonaphtalene_cation->neut (+1 -> +0),2.67,2.731096755900837,0.061096755900837074
2956,1amino4bromonaphtalene_cation->neut (+1 -> +0),3.21,2.935389151441594,0.2746108485584058
2957,2amino4bromonaphtalene_cation->neut (+1 -> +0),3.4,3.2560269702531492,0.14397302974685067
2958,1amino3chloronaphtalene_cation->neut (+1 -> +0),2.69,2.9882407032140446,0.2982407032140446
2959,1amino5chloronaphtalene_cation->neut (+1 -> +0),3.34,3.32214386764171,0.017856132358289756
2960,1amino6chloronaphtalene_cation->neut (+1 -> +0),3.48,3.31794285167135,0.16205714832865015
2961,1amino7chloronaphtalene_cation->neut (+1 -> +0),3.48,3.7043709291652203,0.22437092916522028
2962,2amino4chloronaphtalene_cation->neut (+1 -> +0),3.38,3.4023958297210983,0.022395829721098437
2963,2amino7chloronaphtalene_cation->neut (+1 -> +0),3.71,3.6437917641035176,0.06620823589648239
2964,1amino3cyanonaphtalene_cation->neut (+1 -> +0),2.26,2.430161000702756,0.1701610007027563
2965,2amino4cyanonaphtalene_cation->neut (+1 -> +0),2.66,3.4648821441767312,0.8048821441767311
2966,5amino1naphtol_cation->neut (+1 -> +0),3.96,3.6297886151946885,0.3302113848053114
2967,5amino2naphtol_cation->neut (+1 -> +0),3.97,3.770938624927635,0.1990613750723651
2968,6amino1naphtol_cation->neut (+1 -> +0),4.07,4.263964882685635,0.19396488268563505
2969,7amino2naphtol_cation->neut (+1 -> +0),4.25,3.9487431846336047,0.30125681536639526
2970,1amino3iodonaphtalene_cation->neut (+1 -> +0),2.82,3.0510403088846827,0.23104030888468285
2971,2amino4iodonaphtalene_cation->neut (+1 -> +0),3.41,3.0838783818184776,0.3261216181815225
2972,1amino3methoxynaphtlene_cation->neut (+1 -> +0),3.26,3.4442634392039846,0.1842634392039848
2973,1amino6methoxynaphtlene_cation->neut (+1 -> +0),3.9,3.6798043366430795,0.22019566335692042
2974,1amino7methoxynaphtlene_cation->neut (+1 -> +0),4.07,4.458683384142454,0.3886833841424533
2975,2amino4methoxynaphtlene_cation->neut (+1 -> +0),4.05,4.134950126516576,0.08495012651657596
2976,2amino6methoxynaphtlene_cation->neut (+1 -> +0),4.64,4.710875316425638,0.0708753164256386
2977,2amino7methoxynaphtlene_cation->neut (+1 -> +0),4.19,4.0054134842968745,0.1845865157031259
2978,methyl4amino2naphtholate_cation->neut (+1 -> +0),3.12,2.939624421701435,0.1803755782985652
2979,methyl3amino1naphtholate_cation->neut (+1 -> +0),3.38,3.263146135687548,0.1168538643124517
2980,3amino1methylnaphtalene_cation->neut (+1 -> +0),3.96,3.969822753246759,0.009822753246758964
2981,1amino3nitronaphtalene_cation->neut (+1 -> +0),2.07,2.2462756293596016,0.17627562935960173
2982,1amino5nitronaphtalene_cation->neut (+1 -> +0),2.73,3.8839443917450334,1.1539443917450334
2983,1amino6nitronaphtalene_cation->neut (+1 -> +0),2.89,2.7143302420266187,0.17566975797338147
2984,1amino7nitronaphtalene_cation->neut (+1 -> +0),2.55,2.3813106451929142,0.16868935480708558
2985,1amino8nitronaphtalene_cation->neut (+1 -> +0),2.79,2.368479005276619,0.4215209947233811
2986,1amino2nitronaphtalene_cation->neut (+1 -> +0),0.54,0.32358054576168005,0.21641945423831999
2987,2amino1nitronaphtalene_cation->neut (+1 -> +0),-0.85,-1.4239300424060577,0.5739300424060577
2988,2amino4nitronaphtalene_cation->neut (+1 -> +0),2.43,2.2592540285848184,0.17074597141518177
2989,2amino5nitronaphtalene_cation->neut (+1 -> +0),3.01,2.9115515317578256,0.09844846824217424
2990,2amino6nitronaphtalene_cation->neut (+1 -> +0),2.62,2.753628898392032,0.13362889839203174
2991,2amino7nitronaphtalene_cation->neut (+1 -> +0),3.1,2.91047931724715,0.18952068275285017
2992,2amino8nitronaphtalene_cation->neut (+1 -> +0),2.73,2.508798604587085,0.22120139541291506
2993,1234tetrahydronaphtylamine_cation->neut (+1 -> +0),9.63,9.86574816767841,0.235748167678409
2994,1234tetrahydro2naphtylamine_cation->neut (+1 -> +0),9.33,9.756133420654544,0.4261334206545442
2995,1234tetrahydro5naphtylamine_cation->neut (+1 -> +0),4.47,4.697884244723671,0.22788424472367108
2996,1234tetrahydro6naphtylamine_cation->neut (+1 -> +0),5.17,5.271590765921739,0.10159076592173921
2997,14diaminonaphtalene_2cation->cation (+2 -> +1),2.78,2.3567407042901234,0.4232592957098764
2998,14diaminonaphtalene_cation->neut (+1 -> +0),5.87,5.995889238315656,0.12588923831565602
2999,24diaminonaphthalen1ol_2cation->cation (+2 -> +1),3.14,4.102501729123352,0.962501729123352
3000,24diaminonaphthalen1ol_cation->neut (+1 -> +0),4.7,4.377279505937104,0.3227204940628958
3001,24diaminonaphthalen1ol_neut->an (+0 -> -1),10.18,9.998827287799887,0.18117271220011233
3002,naphtalene1dimethylamine_cation->neut (+1 -> +0),4.83,5.16239631618402,0.33239631618401955
3003,naphtalene2dimethylamine_cation->neut (+1 -> +0),4.566,4.9165237648179,0.3505237648179005
3004,nmethylnaphthalen1amine_cation->neut (+1 -> +0),3.67,4.078084257669523,0.4080842576695227
3005,nethylaziridine_cation->neut (+1 -> +0),7.93,7.8672588483562,0.06274115164379968
3006,2ethylaziridine_cation->neut (+1 -> +0),8.29,8.00469967192172,0.28530032807827865
3007,Nethylcis23dimethylaziridine_cation->neut (+1 -> +0),8.56,8.320100341441197,0.23989965855880335
3008,Nethyltrans23dimethylaziridine_cation->neut (+1 -> +0),9.47,8.938822394732092,0.5311776052679082
3009,furfurylamine_cation->neut (+1 -> +0),8.89,8.83622590868611,0.05377409131389044
3010,piperidine1allyl_cation->neut (+1 -> +0),9.65,9.346279131967288,0.3037208680327126
3011,piperidine1ethyl_cation->neut (+1 -> +0),10.45,9.991756699320657,0.45824330067934227
3012,1ethyl2methylpiperidine_cation->neut (+1 -> +0),10.66,10.483011828941663,0.17698817105833697
3013,1methyl44diphenylpiperidine_cation->neut (+1 -> +0),8.65,9.143256372787388,0.4932563727873873
3014,22bipiperidine_cation->neut (+1 -> +0),10.16,10.859370549351196,0.6993705493511957
3015,piperidine1226tetramethyl_cation->neut (+1 -> +0),10.7,11.011880550170714,0.3118805501707147
3016,piperidine224trimethyl_cation->neut (+1 -> +0),11.04,11.260058028783611,0.2200580287836118
3017,piperidine226trimethyl_cation->neut (+1 -> +0),11.21,10.94685151646118,0.2631484835388207
3018,3acteamidopyridine_cation->neut (+1 -> +0),4.37,4.355305486628518,0.014694513371481754
3019,4acteamidopyridine_cation->neut (+1 -> +0),5.87,6.035611297788898,0.16561129778889772
3020,4amino3bromopyridine_cation->neut (+1 -> +0),7.05,6.689426541968576,0.36057345803142393
3021,2aminonicotinic_cation->neut (+1 -> +0),2.4,2.713361044945305,0.31336104494530526
3022,2aminonicotinic_neut->an (+0 -> -1),6.58,7.0284980788939215,0.44849807889392146
3023,3aminopicolinic_cation->neut (+1 -> +0),1.33,1.7675377625202904,0.4375377625202903
3024,3aminopicolinic_neut->an (+0 -> -1),7.18,6.671468293389484,0.5085317066105155
3025,5chloro2aminopyridine_cation->neut (+1 -> +0),4.83,4.719732597732748,0.11026740226725185
3026,4amino35dimethylpyridine_cation->neut (+1 -> +0),9.38,9.020636901347139,0.359363098652862
3027,4amino3ethylpyridine_cation->neut (+1 -> +0),9.39,8.980669945661177,0.40933005433882386
3028,4amino3ipropyridine_cation->neut (+1 -> +0),9.44,9.648103879008552,0.20810387900855254
3029,2aminomethylpyridine_2cation->cation (+2 -> +1),2.14,3.13233267252856,0.9923326725285597
3030,2aminomethylpyridine_cation->neut (+1 -> +0),8.64,8.972943735578816,0.33294373557881585
3031,3aminomethyl6methylpyridine_2cation->cation (+2 -> +1),2.9,4.246912186949708,1.3469121869497083
3032,3aminomethyl6methylpyridine_cation->neut (+1 -> +0),8.76,8.760338783260089,0.00033878326008895954
3033,42pyridylaniline_2cation->cation (+2 -> +1),2.47,2.750292279345028,0.28029227934502776
3034,42pyridylaniline_cation->neut (+1 -> +0),5.7,5.60302623223727,0.09697376776273003
3035,44pyridylaniline_2cation->cation (+2 -> +1),2.75,2.4294281544863683,0.3205718455136317
3036,44pyridylaniline_cation->neut (+1 -> +0),6.26,6.14476381525223,0.11523618474776942
3037,2356tetrame4pyridinamine_cation->neut (+1 -> +0),10.45,10.447445967061874,0.0025540329381250615
3038,pyridine2benzamide_cation->neut (+1 -> +0),3.33,4.107755662577319,0.7777556625773192
3039,pyridine3benzamide_cation->neut (+1 -> +0),3.8,4.085215422108697,0.2852154221086973
3040,pyridine4benzamide_cation->neut (+1 -> +0),5.32,5.4675173413599785,0.14751734135997818
3041,pyridine2benzyl_cation->neut (+1 -> +0),5.13,5.70023387282925,0.5702338728292498
3042,2benzylsulfanylpyridine_cation->neut (+1 -> +0),3.23,2.8221303943701708,0.4078696056298292
3043,4benzylsulfanylpyridine_cation->neut (+1 -> +0),5.41,5.652155426960514,0.2421554269605135
3044,3bromo4dimethylaminopyridine_cation->neut (+1 -> +0),6.45,6.426798148662363,0.02320185133763708
3045,3bromo4methylaminopyridine_cation->neut (+1 -> +0),7.37,7.573654588725926,0.203654588725926
3046,pyridine2carboxyzmide_cation->neut (+1 -> +0),2.1,2.1534035675408356,0.05340356754083553
3047,4pyridinecarboxamide_cation->neut (+1 -> +0),3.61,3.562703617148258,0.04729638285174209
3048,4pchlorophenylethynylpyridine_cation->neut (+1 -> +0),4.54,4.240281918653464,0.2997180813465361
3049,trans4pchlorostyrylpyridine_cation->neut (+1 -> +0),5.66,5.893540336765391,0.2335403367653912
3050,25diaminopyridine_2cation->cation (+2 -> +1),2.13,2.846938908088493,0.7169389080884931
3051,25diaminopyridine_cation->neut (+1 -> +0),6.48,6.7014936635246105,0.22149366352461008
3052,24dihydroxypyrimidine_cation->neut (+1 -> +0),1.37,1.7157361758013154,0.3457361758013153
3053,24dihydroxypyrimidine_neut->an (+0 -> -1),6.545,6.921693937243821,0.3766939372438207
3054,24dihydroxypyrimidine_an->2an (-1 -> -2),13.0,14.574393011317888,1.5743930113178877
3055,23dimethylpyridine_cation->neut (+1 -> +0),6.57,6.1089725898342175,0.46102741016578275
3056,4nndimethylaminopyridine_cation->neut (+1 -> +0),9.58,9.054037952038577,0.5259620479614231
3057,3ipro4nndimeampyridine_cation->neut (+1 -> +0),8.16,8.169159703302949,0.009159703302948685
3058,3me4nndimeampyridine_cation->neut (+1 -> +0),8.58,8.519937823631725,0.06006217636827493
3059,35dime4nndimeampyridine_cation->neut (+1 -> +0),8.02,8.910774137223482,0.8907741372234828
3060,35dime4nmeampyridine_cation->neut (+1 -> +0),9.65,9.145292306245114,0.5047076937548862
3061,2ethylpyridine_cation->neut (+1 -> +0),5.97,5.7295002049459995,0.2404997950540002
3062,3ethylpyridine_cation->neut (+1 -> +0),5.7,5.74008361717076,0.04008361717075992
3063,4ethylpyridine_cation->neut (+1 -> +0),6.02,6.3081854565028,0.28818545650280036
3064,3et5mepyridine_cation->neut (+1 -> +0),6.3,6.051819544924666,0.24818045507533348
3065,3et6mepyridine_cation->neut (+1 -> +0),6.51,6.380417652968668,0.12958234703133176
3066,4methylamino3etpyridine_cation->neut (+1 -> +0),9.76,9.785437899807011,0.025437899807011277
3067,22hydroxyphenylpyridine_cation->neut (+1 -> +0),4.19,3.2766461424888194,0.913353857511181
3068,22hydroxyphenylpyridine_neut->an (+0 -> -1),10.64,12.310091904120949,1.670091904120948
3069,pyridine2isopropyl_cation->neut (+1 -> +0),5.83,5.96146215080745,0.13146215080745005
3070,pyridine3isopropyl_cation->neut (+1 -> +0),5.72,5.749006585974347,0.029006585974347132
3071,pyridine4methylamino3isopropyl_cation->neut (+1 -> +0),9.84,10.061482745800047,0.22148274580004745
3072,2mesilamidepyridine_cation->neut (+1 -> +0),1.1,1.7022302230265085,0.6022302230265084
3073,2mesilamidepyridine_neut->an (+0 -> -1),8.02,7.655668190436046,0.3643318095639536
3074,3mesilamidepyridine_cation->neut (+1 -> +0),3.43,3.612752427396935,0.18275242739693498
3075,3mesilamidepyridine_neut->an (+0 -> -1),7.02,7.987219555025884,0.9672195550258849
3076,4mesilamidepyridine_cation->neut (+1 -> +0),3.64,3.9149074285350416,0.27490742853504146
3077,4mesilamidepyridine_neut->an (+0 -> -1),9.07,9.059520458457204,0.010479541542796511
3078,4methoxypyridine_cation->neut (+1 -> +0),6.47,6.599346256710158,0.12934625671015798
3079,3ph4me5methoxy_cation->neut (+1 -> +0),5.0,5.2870278675363425,0.28702786753634246
3080,242methoxyphenylethynylpyridine_cation->neut (+1 -> +0),4.8,4.70031082049979,0.09968917950020995
3081,44methoxystyrylpyridine_cation->neut (+1 -> +0),6.03,6.155862976005772,0.1258629760057719
3082,2nmethylacetamidopyridine_cation->neut (+1 -> +0),2.01,2.7722922692426097,0.76229226924261
3083,3nmethylacetamidopyridine_cation->neut (+1 -> +0),3.52,3.9028385020058147,0.3828385020058147
3084,4nmethylacetamidopyridine_cation->neut (+1 -> +0),4.62,5.216512369832398,0.5965123698323982
3085,4methylaminopyridine_cation->neut (+1 -> +0),9.52,9.74754455980506,0.22754455980506094
3086,2nmethylbenzamidopyridine_cation->neut (+1 -> +0),1.44,2.881179733783947,1.441179733783947
3087,3nmethylbenzamidopyridine_cation->neut (+1 -> +0),3.66,4.032568988928799,0.37256898892879864
3088,4nmethylbenzamidopyridine_cation->neut (+1 -> +0),4.68,4.996508260448734,0.31650826044873437
3089,2nmemesilamidepyridine_cation->neut (+1 -> +0),1.73,0.7544238514903974,0.9755761485096026
3090,3nmemesilamidepyridine_cation->neut (+1 -> +0),3.94,2.996495063281671,0.943504936718329
3091,4nmemesilamidepyridine_cation->neut (+1 -> +0),5.14,4.485003026804202,0.6549969731957974
3092,4meam3mepyridine_cation->neut (+1 -> +0),9.81,9.664238498352875,0.14576150164712587
3093,44dime22bipyridine_cation->neut (+1 -> +0),5.32,5.256757840762254,0.06324215923774634
3094,424mephenylethynylpyridine_cation->neut (+1 -> +0),4.7,4.354559933677858,0.3454400663221424
3095,44mestyrylpyridine_cation->neut (+1 -> +0),5.94,6.022361978941587,0.08236197894158703
3096,2vinyl5methylpyridine_cation->neut (+1 -> +0),5.67,5.686462998064289,0.016462998064288747
3097,2mnitrophenylpyridine_cation->neut (+1 -> +0),3.55,4.001232879914131,0.45123287991413097
3098,2pnitrophenylpyridine_cation->neut (+1 -> +0),3.63,3.439121208481316,0.19087879151868403
3099,4pnitrophenylethynylpyridine_cation->neut (+1 -> +0),4.31,3.908667617303596,0.4013323826964035
3100,2phenylpyridine_cation->neut (+1 -> +0),4.48,4.868945135903653,0.38894513590365243
3101,3phenylpyridine_cation->neut (+1 -> +0),4.8,4.8358225003617585,0.03582250036175871
3102,4phenylethynylpyridine_cation->neut (+1 -> +0),4.62,4.470156931478612,0.1498430685213883
3103,23pbipyridine_2cation->cation (+2 -> +1),1.52,1.6412475894184917,0.12124758941849167
3104,23pbipyridine_cation->neut (+1 -> +0),4.42,4.158716981472955,0.2612830185270445
3105,24pbipyridine_2cation->cation (+2 -> +1),1.19,2.0552605680214144,0.8652605680214145
3106,24pbipyridine_cation->neut (+1 -> +0),4.77,5.037714370566219,0.2677143705662193
3107,34pbipyridine_2cation->cation (+2 -> +1),3.0,3.1537764810652016,0.1537764810652016
3108,34pbipyridine_cation->neut (+1 -> +0),4.85,4.965659477839624,0.11565947783962471
3109,4styrylpyridine_cation->neut (+1 -> +0),5.92,5.781887795779121,0.1381122042208789
3110,4me2356tetramepyridine_cation->neut (+1 -> +0),9.95,10.035852807876218,0.0858528078762184
3111,pyridinenoxide4benzmido_cation->neut (+1 -> +0),-0.44,-0.21985471413772384,0.22014528586227616
3112,nicotinicacidnoxide_cation->neut (+1 -> +0),0.09,0.14812848156823133,0.05812848156823133
3113,nicotinicacidnoxide_neut->an (+0 -> -1),2.73,2.856531479581914,0.12653147958191413
3114,isonicotinicacidnoxide_cation->neut (+1 -> +0),-0.48,-0.8073629545400891,0.3273629545400891
3115,isonicotinicacidnoxide_neut->an (+0 -> -1),2.86,2.94064666636869,0.08064666636869022
3116,2methylaminopyridinenoxide_cation->neut (+1 -> +0),2.61,2.7278637211217127,0.11786372112171284
3117,2nmethybenzamidopyridinenoxide_cation->neut (+1 -> +0),-1.39,0.5187913396319175,1.9087913396319174
3118,4nmethybenzamidopyridinenoxide_cation->neut (+1 -> +0),1.7,1.5996924272354551,0.10030757276454483
3119,23nitrophenylpyridinenoxide_cation->neut (+1 -> +0),0.26,0.674829892160024,0.41482989216002397
3120,24nitrophenylpyridinenoxide_cation->neut (+1 -> +0),0.28,0.18060935010427404,0.09939064989572599
3121,3mnitrophenylpyridiennoxide_cation->neut (+1 -> +0),0.47,0.8107378291604279,0.34073782916042794
3122,4mnitrophenylpyridinenoxide_cation->neut (+1 -> +0),0.58,0.3258732018274655,0.2541267981725345
3123,4pnitrophenylpyridinenoxide_cation->neut (+1 -> +0),0.58,0.6684940712672063,0.08849407126720632
3124,2phenylpyridinenoxide_cation->neut (+1 -> +0),0.77,0.7145740133231042,0.0554259866768958
3125,3phenylpyridinenoxide_cation->neut (+1 -> +0),0.74,0.47390510680788633,0.26609489319211366
3126,4phenylpyridinenoxide_cation->neut (+1 -> +0),0.83,0.9239618631715905,0.0939618631715905
3127,25phenyl13oxazol2ylpyridine_cation->neut (+1 -> +0),2.31,2.4910539282912687,0.18105392829126865
3128,25phenyl13oxazol3ylpyridine_cation->neut (+1 -> +0),3.27,3.4027842110791813,0.13278421107918126
3129,25phenyl13oxazol4ylpyridine_cation->neut (+1 -> +0),4.18,4.581392936974567,0.4013929369745677
3130,dimethylhydroxylamine_cation->neut (+1 -> +0),5.2,4.84668889022425,0.35331110977575
3131,methylhydroxylamine_cation->neut (+1 -> +0),5.96,4.968483982936678,0.9915160170633222
3132,nchlorodimethylamine_cation->neut (+1 -> +0),0.46,0.02883547448508139,0.43116452551491863
3133,aminomethyltrimethylsilane_cation->neut (+1 -> +0),10.96,10.99707679379558,0.03707679379557938
3134,acetamide_neut->an (+0 -> -1),15.1,15.774229393046706,0.6742293930467067
3135,dimethylacetamide_cation->neut (+1 -> +0),-0.19,-0.40346531945285324,0.21346531945285324
3136,methylacetamide_cation->neut (+1 -> +0),-0.46,-0.49960552538993586,0.039605525389935836
3137,trimesintrimesilylaminomethane_cation->neut (+1 -> +0),11.4,10.486091651139393,0.9139083488606072
3138,trimethylhydroxylamine_cation->neut (+1 -> +0),3.65,3.982495794985895,0.3324957949858951
3139,omethylhydroxylamine_cation->neut (+1 -> +0),4.6,4.705481165967685,0.10548116596768509
3140,nAcetylethylenediamine_cation->neut (+1 -> +0),9.05,9.140421758497396,0.09042175849739564
3141,4dimethylaminobutan2one_cation->neut (+1 -> +0),8.37,8.97060177353288,0.6006017735328815
3142,n2aminoethylbenzamide_cation->neut (+1 -> +0),9.13,8.966135543199105,0.163864456800896
3143,2bromoethylamine_cation->neut (+1 -> +0),8.49,7.898511268697783,0.591488731302217
3144,alaninamide_cation->neut (+1 -> +0),8.02,7.749258645069021,0.27074135493097895
3145,nndimethylethyldenediamine_2cation->cation (+2 -> +1),6.63,6.60210705734494,0.02789294265506026
3146,nndimethylethyldenediamine_cation->neut (+1 -> +0),9.53,9.543687008932157,0.01368700893215724
3147,methylthioethylamine_cation->neut (+1 -> +0),9.34,9.072284207340292,0.2677157926597076
3148,2trimethylsilylethanamine_cation->neut (+1 -> +0),10.97,10.530251386049045,0.43974861395095566
3149,2aminoethylacetate_cation->neut (+1 -> +0),9.1,8.620331687948482,0.4796683120515173
3150,propionamide_cation->neut (+1 -> +0),-0.9,-0.13366614669509858,0.7663338533049014
3151,3dimethylaminopropanenitrile_cation->neut (+1 -> +0),7.0,7.315596141931995,0.31559614193199526
3152,nndimethylethylamine_cation->neut (+1 -> +0),10.16,10.078493440078532,0.08150655992146838
3153,nndimethylethanolamine_cation->neut (+1 -> +0),9.23,8.871698427558265,0.35830157244173577
3154,nisobutylacetamide_cation->neut (+1 -> +0),0.01,-0.11692941676141633,0.12692941676141634
3155,neopentylamine_cation->neut (+1 -> +0),10.24,10.55569293624728,0.3156929362472791
3156,1amino2methylpropan2ol_cation->neut (+1 -> +0),9.25,9.707599260579439,0.457599260579439
3157,isobutylamine_cation->neut (+1 -> +0),10.51,10.247772000944828,0.26222799905517213
3158,333trichloro1aminopropane_cation->neut (+1 -> +0),9.65,8.777434644082575,0.8725653559174251
3159,333trifluoro1aminopropane_cation->neut (+1 -> +0),8.7,8.839653096809215,0.13965309680921578
3160,nbutylamide_cation->neut (+1 -> +0),-0.43,-0.39258006569364046,0.03741993430635954
3161,tbutylacetamide_cation->neut (+1 -> +0),-0.32,-0.20360290679064708,0.11639709320935293
3162,isobutylamide_cation->neut (+1 -> +0),-0.42,-0.21484560426475063,0.20515439573524935
3163,pivalamide_cation->neut (+1 -> +0),-0.28,-0.5759439738444234,0.2959439738444234
3164,4dimeamino22diphebutanenitrile_cation->neut (+1 -> +0),8.26,8.500173004928882,0.2401730049288826
3165,12propanediamine_2cation->cation (+2 -> +1),7.13,7.0922452961699145,0.03775470383008539
3166,12propanediamine_cation->neut (+1 -> +0),10.0,9.822995376647452,0.1770046233525484
3167,22dimethyl13propanediamine_2cation->cation (+2 -> +1),8.18,7.105430354977015,1.0745696450229847
3168,22dimethyl13propanediamine_cation->neut (+1 -> +0),10.22,10.58215944039404,0.3621594403940396
3169,12diamino2methylpropane_2cation->cation (+2 -> +1),6.79,6.596800259798512,0.19319974020148845
3170,12diamino2methylpropane_cation->neut (+1 -> +0),10.0,10.174988791471065,0.1749887914710655
3171,3tbutylaminopropan2ol_cation->neut (+1 -> +0),10.0,10.121566307613733,0.12156630761373322
3172,2trimesilylmeaminopropane_cation->neut (+1 -> +0),10.8,11.087022742103155,0.28702274210315437
3173,nndimethylallylamine_cation->neut (+1 -> +0),8.64,9.035257083872636,0.3952570838726359
3174,nallylmethylamine_cation->neut (+1 -> +0),10.11,10.032191022012423,0.07780897798757636
3175,propargylamine_cation->neut (+1 -> +0),8.15,7.753406206254184,0.39659379374581594
3176,3dimethylamino1propyne_cation->neut (+1 -> +0),6.97,6.87070356869123,0.09929643130876986
3177,ggdimethylvaleramide_cation->neut (+1 -> +0),-0.44,-0.08006099435185998,0.35993900564814
3178,nndimethyl3butyn1amine_cation->neut (+1 -> +0),8.25,8.568329006226246,0.3183290062262465
3179,11dime33diphe1meallylamine_cation->neut (+1 -> +0),9.21,9.103051145281047,0.10694885471895432
3180,methylcyclopentylamine_cation->neut (+1 -> +0),10.85,10.928472993746364,0.07847299374636485
3181,cis1am2isop5mecyclohexane_cation->neut (+1 -> +0),10.35,10.571296575142268,0.22129657514226864
3182,trans1am2isop5mecyclohexane_cation->neut (+1 -> +0),10.48,10.583340657713745,0.10334065771374412
3183,cis2mecyclohexylamine_cation->neut (+1 -> +0),10.49,10.44267052245545,0.04732947754455097
3184,1mecyclohexylamine_cation->neut (+1 -> +0),10.36,10.396143645961896,0.03614364596189645
3185,trans2mecyclohexylamine_cation->neut (+1 -> +0),10.51,10.236124366922123,0.27387563307787666
3186,trans4mecyclohexylamine_cation->neut (+1 -> +0),10.48,10.512952488333958,0.03295248833395803
3187,nmethylcyclohexylamine_cation->neut (+1 -> +0),11.04,10.918549868400579,0.12145013159942053
3188,cyclohexanimine_cation->neut (+1 -> +0),9.15,8.904298658334277,0.24570134166572366
3189,nmecyclohexanimine_cation->neut (+1 -> +0),9.43,9.314160306246372,0.11583969375362813
3190,2cyclohexen1amine_cation->neut (+1 -> +0),10.42,9.664178605415032,0.7558213945849683
3191,2me2cyclohexen1amine_cation->neut (+1 -> +0),10.37,10.062103716423287,0.30789628357671184
3192,2bornylamine_cation->neut (+1 -> +0),10.17,10.551341568327928,0.38134156832792776
3193,pacetylaniline_cation->neut (+1 -> +0),2.19,2.5312120373939475,0.34121203739394756
3194,nmethylacetanilide_cation->neut (+1 -> +0),-0.5,-0.6928479656997473,0.19284796569974727
3195,44pdiaminobenzophenone_2cation->cation (+2 -> +1),1.367,1.3596978316815642,0.0073021683184357755
3196,44pdiaminobenzophenone_cation->neut (+1 -> +0),2.932,2.947145968443815,0.015145968443814883
3197,24diaminoresorcinol_2cation->cation (+2 -> +1),2.9,2.7482216091942897,0.1517783908057102
3198,24diaminoresorcinol_cation->neut (+1 -> +0),5.6,5.487647555640673,0.11235244435932668
3199,24diaminoresorcinol_neut->an (+0 -> -1),9.3,9.756653627105493,0.4566536271054922
3200,24diaminoresorcinol_an->2an (-1 -> -2),11.5,11.695671110165414,0.1956711101654136
3201,46diaminoresorcinol_2cation->cation (+2 -> +1),3.8,4.2043562316876555,0.40435623168765567
3202,46diaminoresorcinol_cation->neut (+1 -> +0),6.0,5.452739086905994,0.5472609130940063
3203,46diaminoresorcinol_neut->an (+0 -> -1),9.8,10.430887980485856,0.6308879804858556
3204,46diaminoresorcinol_an->2an (-1 -> -2),12.0,11.994884005487297,0.005115994512703281
3205,26diaminophenol_2cation->cation (+2 -> +1),2.7,2.7931128053992973,0.09311280539929712
3206,26diaminophenol_cation->neut (+1 -> +0),5.5,4.801793999121419,0.6982060008785806
3207,26diaminophenol_neut->an (+0 -> -1),10.5,9.89278940071648,0.6072105992835208
3208,24diaminophenol_2cation->cation (+2 -> +1),3.1,2.665158090347993,0.4348419096520071
3209,24diaminophenol_cation->neut (+1 -> +0),5.7,5.863416767224713,0.16341676722471288
3210,24diaminophenol_neut->an (+0 -> -1),10.5,10.335106426154006,0.164893573845994
3211,4bromonterbutylaniline_cation->neut (+1 -> +0),5.93,5.881523234437684,0.04847676556231573
3212,4bromonndimethylaniline_cation->neut (+1 -> +0),4.232,3.4278134810389993,0.8041865189610009
3213,2bromonndimethylaniline_cation->neut (+1 -> +0),4.31,5.660621591030229,1.3506215910302295
3214,4bromo26dimethylaniline_cation->neut (+1 -> +0),3.54,3.328197381365352,0.211802618634648
3215,3bromo4methoxyaniline_cation->neut (+1 -> +0),4.08,4.786718750688344,0.7067187506883439
3216,3bromo4methylaniline_cation->neut (+1 -> +0),3.98,4.014913873637865,0.034913873637865134
3217,4bromo2methylaniline_cation->neut (+1 -> +0),3.71,3.737220876664824,0.02722087666482409
3218,2tbutylaniline_cation->neut (+1 -> +0),5.03,3.02452064641472,2.0054793535852804
3219,3tbutylaniline_cation->neut (+1 -> +0),4.66,4.729436288303126,0.06943628830312587
3220,ntbunmeaniline_cation->neut (+1 -> +0),7.39,7.770741033940112,0.3807410339401125
3221,ntbu2meaniline_cation->neut (+1 -> +0),6.49,5.970361730983513,0.5196382690164869
3222,n4chlorobenzylideneaniline_cation->neut (+1 -> +0),2.8,2.915899177848285,0.11589917784828518
3223,3chloronndimethylaniline_cation->neut (+1 -> +0),3.837,3.720359239320887,0.11664076067911333
3224,4chloronndimethylaniline_cation->neut (+1 -> +0),4.395,4.43373277332926,0.03873277332926062
3225,3chloro5methoxyaniline_cation->neut (+1 -> +0),3.1,3.0817655485455724,0.018234451454427703
3226,4chloroNmethyl2nitroaniline_cation->neut (+1 -> +0),-1.21,-1.708283647284019,0.4982836472840191
3227,aniline4chloro3nitro_cation->neut (+1 -> +0),1.93,1.3605609118576387,0.5694390881423612
3228,anline5chloro2nitro_cation->neut (+1 -> +0),-1.52,-1.5624406989582598,0.04244069895825975
3229,2cyanoaniline_cation->neut (+1 -> +0),0.77,0.8702154600396002,0.10021546003960013
3230,nndime3cyanoaniline_cation->neut (+1 -> +0),2.969,3.0584512441004845,0.08945124410048466
3231,nndime4cyanoaniline_cation->neut (+1 -> +0),1.777,2.2377166543171514,0.4607166543171515
3232,benzene124triamine_cation->neut (+1 -> +0),6.1,6.439152660755547,0.3391526607555475
3233,benzene124triamine_2cation->cation (+2 -> +1),3.7,2.9084996703843684,0.7915003296156318
3234,246triaminoresorcin_3cation->2cation (+3 -> +2),1.2,0.9734816962164983,0.22651830378350168
3235,246triaminoresorcin_2cation->cation (+2 -> +1),3.6,2.4609779920957298,1.1390220079042703
3236,246triaminoresorcin_cation->neut (+1 -> +0),5.8,5.220600357572704,0.5793996424272958
3237,246triaminoresorcin_neut->an (+0 -> -1),10.1,10.302533493443809,0.20253349344380922
3238,246triaminoresorcin_an->2an (-1 -> -2),11.9,12.205213262166936,0.30521326216693545
3239,24dibromoaniline_cation->neut (+1 -> +0),1.83,1.144725289917793,0.685274710082207
3240,26dibromoaniline_cation->neut (+1 -> +0),0.168,-0.4071986260660383,0.5751986260660383
3241,35dibromo4hydroxyaniline_cation->neut (+1 -> +0),3.2,4.166230076295558,0.9662300762955578
3242,35dibromo4methoxyaniline_cation->neut (+1 -> +0),2.98,2.3603678407618585,0.6196321592381415
3243,26dibromo4methylaniline_cation->neut (+1 -> +0),0.69,0.3505129716393043,0.33948702836069566
3244,34diterbutylaniline_cation->neut (+1 -> +0),4.97,4.915587096163198,0.054412903836801974
3245,34diterbutyl5nitroaniline_cation->neut (+1 -> +0),2.93,3.007212072716544,0.07721207271654373
3246,25dichloroaniline_cation->neut (+1 -> +0),1.57,1.6754089978746363,0.1054089978746362
3247,26diclnndime4nitroaniline_cation->neut (+1 -> +0),-0.23,0.2520576677229913,0.4820576677229913
3248,24dihydroxyaniline_cation->neut (+1 -> +0),5.7,5.84892218985285,0.14892218985284966
3249,24dihydroxyaniline_neut->an (+0 -> -1),9.3,9.811944678467917,0.5119446784679162
3250,24dihydroxyaniline_an->2an (-1 -> -2),11.3,11.569931813513818,0.2699318135138178
3251,26dihydroxyaniline_cation->neut (+1 -> +0),5.1,4.493531681901064,0.6064683180989361
3252,26dihydroxyaniline_neut->an (+0 -> -1),9.3,9.113499728717269,0.18650027128273194
3253,26dihydroxyaniline_an->2an (-1 -> -2),11.6,11.412267498173055,0.1877325018269449
3254,diisopropylaniline_cation->neut (+1 -> +0),8.14,7.675535164950537,0.4644648350494638
3255,n2dimethylaniline_cation->neut (+1 -> +0),4.6,4.838550175696715,0.238550175696715
3256,n3dimethylaniline_cation->neut (+1 -> +0),4.85,4.884807706890019,0.03480770689001922
3257,n4dimethylaniline_cation->neut (+1 -> +0),5.25,5.3885565135002,0.13855651350020004
3258,35dimethylaniline_cation->neut (+1 -> +0),4.765,4.952761132765654,0.18776113276565454
3259,4dimethylaminoaniline_cation->neut (+1 -> +0),6.59,6.779452384148441,0.18945238414844123
3260,nndimethyl24dinitroaniline_cation->neut (+1 -> +0),-1.0,-1.5931204195241575,0.5931204195241575
3261,nndimethyl3nitroaniline_cation->neut (+1 -> +0),2.626,2.9748375856326845,0.34883758563268463
3262,nndimethyl4nitroaniline_cation->neut (+1 -> +0),0.607,-0.031179150443181314,0.6381791504431813
3263,23dimethyl4nitroaniline_cation->neut (+1 -> +0),1.96,1.8900402375462164,0.06995976245378355
3264,26dimethyl4nitroaniline_cation->neut (+1 -> +0),0.98,0.5661539580674102,0.4138460419325898
3265,35dimethyl5nitroaniline_cation->neut (+1 -> +0),2.59,1.9176018576501699,0.67239814234983
3266,nndimethyl3cf3aniline_cation->neut (+1 -> +0),3.27,3.525675083212186,0.2556750832121861
3267,nndimethyl4cf3aniline_cation->neut (+1 -> +0),2.67,2.670857833599265,0.0008578335992650565
3268,paminobenzaldehyde_cation->neut (+1 -> +0),1.76,1.3998795053808095,0.3601204946191905
3269,nphenylhydroxylamine_cation->neut (+1 -> +0),2.19,1.1312383947470037,1.0587616052529962
3270,2aminophenol_cation->neut (+1 -> +0),4.66,4.160191847407108,0.4998081525928919
3271,2aminophenol_neut->an (+0 -> -1),9.75,9.904629492405068,0.15462949240506774
3272,2amino45dimethylphenol_cation->neut (+1 -> +0),5.26,4.823177784724326,0.436822215275674
3273,2amino45dimethylphenol_neut->an (+0 -> -1),10.42,10.358595770432881,0.06140422956711866
3274,4methylaminophenol_cation->neut (+1 -> +0),5.9,5.580602076881914,0.31939792311808635
3275,2amino1phenol4sulfonic_neut->an (+0 -> -1),4.121,3.873534979208536,0.2474650207914646
3276,2amino1phenol4sulfonic_an->2an (-1 -> -2),9.146,9.02858300854503,0.11741699145497009
3277,2isopropylaniline_cation->neut (+1 -> +0),4.42,4.683182178159362,0.2631821781593624
3278,3isopropylaniline_cation->neut (+1 -> +0),4.67,4.758144191648019,0.08814419164801901
3279,methyl3dimethylaminobenzoate_cation->neut (+1 -> +0),3.86,3.7122044881967584,0.14779551180324146
3280,methyl4dimethylaminobenzoate_cation->neut (+1 -> +0),2.52,2.6019472170708715,0.08194721707087149
3281,dimethylanthranilate_cation->neut (+1 -> +0),3.53,3.0135342228108994,0.5164657771891004
3282,methyl4methylaminobenzoate_cation->neut (+1 -> +0),2.32,2.383686651470418,0.06368665147041819
3283,4methoxynndimethylaniline_cation->neut (+1 -> +0),5.845,5.8855306128471545,0.04053061284715476
3284,3methoxy5nitroaniline_cation->neut (+1 -> +0),2.11,2.151132505367486,0.04113250536748625
3285,4methyl3nitroaniline_cation->neut (+1 -> +0),2.86,2.7686439254500694,0.09135607454993044
3286,3methylthioaniline_cation->neut (+1 -> +0),4.0,4.1256638769696785,0.1256638769696785
3287,4methylthioaniline_cation->neut (+1 -> +0),4.35,4.316906592521618,0.03309340747838174
3288,nneopentylaniline_cation->neut (+1 -> +0),4.17,5.493010627704244,1.3230106277042442
3289,nndiphenylacetamidine_cation->neut (+1 -> +0),8.298,7.980784560398996,0.3172154396010036
3290,2aminobenzenesulfonamide_cation->neut (+1 -> +0),1.0,0.9191257627961447,0.08087423720385534
3291,3aminobenzenesulfonamide_cation->neut (+1 -> +0),2.9,2.5462063375185977,0.3537936624814022
3292,nn26tetramethylaniline_cation->neut (+1 -> +0),5.82,6.511686790576953,0.691686790576953
3293,2356tetramethylaniline_cation->neut (+1 -> +0),4.3,4.691610994395281,0.3916109943952808
3294,4nitro2356tetramethylaniline_cation->neut (+1 -> +0),2.36,2.273293170935382,0.0867068290646178
3295,n26trimethylaniline_cation->neut (+1 -> +0),6.12,6.767081953132009,0.6470819531320089
3296,246trimethylaniline_cation->neut (+1 -> +0),4.38,4.502243716126542,0.12224371612654217
3297,345trimethylaniline_cation->neut (+1 -> +0),5.12,5.295293236832004,0.1752932368320037
3298,3trimethylsilylaniline_cation->neut (+1 -> +0),4.64,4.076183265835213,0.5638167341647868
3299,4trimethylsilylaniline_cation->neut (+1 -> +0),4.36,4.0500049887177,0.3099950112823002
3300,3trimethylammoniumaniline_2cation->cation (+2 -> +1),1.983,2.4114160351819898,0.4284160351819897
3301,4trimethylammoniumaniline_2cation->cation (+2 -> +1),2.146,2.368587139968592,0.22258713996859214
3302,3trimethylammoniumdimethylaniline_2cation->cation (+2 -> +1),2.269,2.0068813912450683,0.26211860875493187
3303,4trimethylammoniumdimethylaniline_2cation->cation (+2 -> +1),2.336,2.717610785673995,0.381610785673995
3304,1aminoanthrazene_cation->neut (+1 -> +0),4.1,3.9515142661765337,0.14848573382346597
3305,4aminoazobenzene_cation->neut (+1 -> +0),2.76,2.722025510810031,0.03797448918996871
3306,4dimethylaminoazobenzene_cation->neut (+1 -> +0),3.226,2.6310576642480017,0.5949423357519983
3307,4hydroxy4pdimethylaminoazobenzene_cation->neut (+1 -> +0),3.4,3.1877768891952325,0.2122231108047674
3308,4hydroxy4pdimethylaminoazobenzene_neut->an (+0 -> -1),8.6,8.23682420993439,0.3631757900656094
3309,4iodo4pdimethylaminoazobenzene_cation->neut (+1 -> +0),2.06,2.663336927556225,0.6033369275562248
3310,4methyl4pdimethylaminoazobenzene_cation->neut (+1 -> +0),2.31,2.599892166023184,0.28989216602318413
3311,4nitro4pdimethylaminoazobenzene_cation->neut (+1 -> +0),1.81,2.252812604750786,0.4428126047507859
3312,4methoxy4pdimethylaminoazobenzene_cation->neut (+1 -> +0),2.35,3.001931547939251,0.6519315479392511
3313,4methoxycarb4pdimethlylaminobenzene_cation->neut (+1 -> +0),2.6,2.387665959899439,0.2123340401005609
3314,azobenzene4hydroxy_neut->an (+0 -> -1),8.2,7.927988851560304,0.2720111484396952
3315,azobenzene4hydroxy22466pentamethyl_neut->an (+0 -> -1),9.1,8.463385188141656,0.6366148118583439
3316,benzamidine_cation->neut (+1 -> +0),11.6,10.922721119115941,0.6772788808840584
3317,atrolactamide_cation->neut (+1 -> +0),10.96,10.476194177734667,0.4838058222653334
3318,1chlorophenylguanidine_cation->neut (+1 -> +0),10.6,9.845779125442867,0.7542208745571326
3319,2me2phpropan1amine_cation->neut (+1 -> +0),10.03,9.20351060029117,0.8264893997088301
3320,aminomethyldimethylphenylsilane_cation->neut (+1 -> +0),10.36,10.948491288180145,0.5884912881801458
3321,3bromoquinoline_cation->neut (+1 -> +0),2.69,2.508836564108231,0.1811634358917691
3322,6bromoquinoline_cation->neut (+1 -> +0),3.91,3.8565338119284522,0.053466188071547904
3323,7bromoquinoline_cation->neut (+1 -> +0),3.87,3.8309891158293565,0.03901088417064358
3324,8bromoquinoline_cation->neut (+1 -> +0),3.13,3.005340216568663,0.12465978343133699
3325,7bromo4chloroquinoline_cation->neut (+1 -> +0),2.83,2.9316464201546895,0.10164642015468939
3326,4chloroquinoline_cation->neut (+1 -> +0),3.68,3.652727039240493,0.027272960759507026
3327,5chloroquinoline_cation->neut (+1 -> +0),3.65,3.6908596828201867,0.040859682820186816
3328,4chloro6fluoroquinoline_cation->neut (+1 -> +0),2.95,2.7281869807970383,0.22181301920296193
3329,4chloro7fluoroquinoline_cation->neut (+1 -> +0),3.04,3.268084223108888,0.22808422310888776
3330,4chloro6methylquinoline_cation->neut (+1 -> +0),3.96,3.5959610545513776,0.36403894544862236
3331,4chloro7methylquinoline_cation->neut (+1 -> +0),4.0,4.23197658781375,0.23197658781375008
3332,46dichloroquinoline_cation->neut (+1 -> +0),2.81,2.8065953209067063,0.003404679093293783
3333,47dichloroquinoline_cation->neut (+1 -> +0),2.8,2.8043202124411755,0.0043202124411756415
3334,24dimethylquinoline_cation->neut (+1 -> +0),5.12,5.633182214711458,0.513182214711458
3335,27dimethylquinoline_cation->neut (+1 -> +0),5.02,5.573523805389296,0.5535238053892968
3336,28dimethylquinoline_cation->neut (+1 -> +0),4.11,5.162780790609141,1.052780790609141
3337,4am7chloroquinoline_cation->neut (+1 -> +0),8.23,8.395589550763646,0.16558955076364512
3338,4amquinolin8ol_cation->neut (+1 -> +0),6.91,7.691689138831179,0.7816891388311786
3339,4amquinolin8ol_neut->an (+0 -> -1),10.71,10.103294316480966,0.606705683519035
3340,5amquinolin8ol_cation->neut (+1 -> +0),5.67,5.188700693190923,0.48129930680907673
3341,5amquinolin8ol_neut->an (+0 -> -1),11.24,10.680031307431737,0.5599686925682636
3342,4am6methoxyquinoline_cation->neut (+1 -> +0),8.93,8.80336010632422,0.12663989367577955
3343,4am2methylquinoline_cation->neut (+1 -> +0),9.42,9.21462201655724,0.20537798344276048
3344,4am268trimequinoline_cation->neut (+1 -> +0),10.4,9.91080824805123,0.48919175194876985
3345,5sulpho7br8ohquinoline_neut->an (+0 -> -1),2.51,2.281183252344386,0.228816747655614
3346,5sulpho7br8ohquinoline_an->2an (-1 -> -2),6.7,7.522449736732011,0.8224497367320112
3347,quinoline2carboxylic_cation->neut (+1 -> +0),1.9,0.4003644441635119,1.499635555836488
3348,quinoline2carboxylic_neut->an (+0 -> -1),4.98,5.41455166614871,0.43455166614870944
3349,quinoline6carboxylic_neut->an (+0 -> -1),4.82,4.669797086293128,0.1502029137068721
3350,quinoline8carboxylic_cation->neut (+1 -> +0),2.0,1.9508114870989024,0.0491885129010976
3351,quinoline8carboxylic_neut->an (+0 -> -1),6.77,6.361813328812515,0.40818667118748486
3352,7chloro8hydroxyquinoline_cation->neut (+1 -> +0),4.0,3.0914492372816156,0.9085507627183844
3353,7chloro8hydroxyquinoline_neut->an (+0 -> -1),7.7,8.578380986310151,0.8783809863101508
3354,4chloro6methoxyquinoline_cation->neut (+1 -> +0),3.93,3.400520704170373,0.5294792958296273
3355,4chloro7methoxyquinoline_cation->neut (+1 -> +0),4.32,4.302283479561543,0.017716520438457728
3356,24diamquinoline_cation->neut (+1 -> +0),9.4,8.980435009617295,0.419564990382705
3357,57diamino8hydroxyquinoline_cation->neut (+1 -> +0),6.96,5.866435153011689,1.0935648469883112
3358,57diamino8hydroxyquinoline_neut->an (+0 -> -1),10.83,10.933152556462314,0.10315255646231414
3359,24quinolinediol_cation->neut (+1 -> +0),0.76,0.6549896498229151,0.10501035017708493
3360,24quinolinediol_neut->an (+0 -> -1),5.9,5.974765089547643,0.07476508954764238
3361,1me2quinolone_cation->neut (+1 -> +0),-0.71,-0.30769546879488896,0.402304531205111
3362,echinopsine_cation->neut (+1 -> +0),2.36,2.2153094990280007,0.1446905009719992
3363,15dihydro1me5oxoquinoline_cation->neut (+1 -> +0),6.09,5.941832593434391,0.14816740656560867
3364,1me17dihydroquinolin7one_cation->neut (+1 -> +0),5.53,5.911657461112364,0.381657461112364
3365,1mequinoline41hthione_cation->neut (+1 -> +0),0.56,0.9711346830827088,0.41113468308270873
3366,23dimethylquinolin8ol_cation->neut (+1 -> +0),5.87,5.569930946514734,0.3000690534852657
3367,23dimethylquinolin8ol_neut->an (+0 -> -1),10.2,10.254871393001615,0.05487139300161559
3368,3methylquinolin8ol_cation->neut (+1 -> +0),4.94,4.5659334295227,0.3740665704773001
3369,3methylquinolin8ol_neut->an (+0 -> -1),9.75,9.893372645120863,0.14337264512086279
3370,5cf38hydroxyquinoline_cation->neut (+1 -> +0),1.8,3.0754360999025936,1.2754360999025935
3371,6cf38hydroxyquinoline_cation->neut (+1 -> +0),2.6,2.213040089377654,0.386959910622346
3372,6cf38hydroxyquinoline_neut->an (+0 -> -1),10.1,9.270861656604971,0.8291383433950283
3373,7cf38hydroxyquinoline_cation->neut (+1 -> +0),2.4,2.166803984956611,0.23319601504338872
3374,7cf38hydroxyquinoline_neut->an (+0 -> -1),9.08,7.79273260330919,1.28726739669081
3375,7methylquinoline_cation->neut (+1 -> +0),5.29,5.268082152801477,0.021917847198523077
3376,8methylquinoline_cation->neut (+1 -> +0),4.91,5.051857224985563,0.14185722498556252
3377,5cf3quinoline_cation->neut (+1 -> +0),3.1,3.3158517608918894,0.2158517608918893
3378,7cf3quinoline_cation->neut (+1 -> +0),3.16,3.4282505426998613,0.26825054269986115
3379,8methoxyquinoline_cation->neut (+1 -> +0),5.01,4.507839220925745,0.5021607790742548
3380,quinoline2methoxycarbonyl_cation->neut (+1 -> +0),1.748,1.9365380719868996,0.18853807198689965
3381,quinoline6methoxycarbonyl_cation->neut (+1 -> +0),3.8,3.712721155419211,0.08727884458078883
3382,8methoxy6methylquinoline_cation->neut (+1 -> +0),5.7,5.507331410212877,0.19266858978712342
3383,1me41hquinolinimine_cation->neut (+1 -> +0),12.4,13.720283058611475,1.3202830586114747
3384,1234tetrahydro8ohquinoline_cation->neut (+1 -> +0),5.5,5.151289994133031,0.34871000586696876
3385,1234tetrahydro8ohquinoline_neut->an (+0 -> -1),9.4,10.29545196977812,0.8954519697781205
3386,quinolinenoxide_cation->neut (+1 -> +0),0.7,1.342573137449583,0.6425731374495831
3387,1ohquinolin21hone_neut->an (+0 -> -1),6.89,6.632991848873147,0.25700815112685227
3388,3phquinuclidine_cation->neut (+1 -> +0),10.23,10.293091517779471,0.06309151777947086
3389,3dimeamphquinuclidine_cation->neut (+1 -> +0),10.29,10.150035875656616,0.13996412434338268
3390,3carbamoylquinuclidine_cation->neut (+1 -> +0),9.67,9.950121133296498,0.28012113329649857
3391,3methoxycarbonilquinuclidine_cation->neut (+1 -> +0),9.4,9.48298610441488,0.0829861044148803
3392,2aminobenzimidazole_cation->neut (+1 -> +0),7.18,7.038937146624704,0.14106285337529556
3393,4aminobenzimidazole_2cation->cation (+2 -> +1),1.5,1.1685908640908353,0.33140913590916465
3394,4aminobenzimidazole_cation->neut (+1 -> +0),5.3,5.49144750556555,0.19144750556555046
3395,5aminobenzimidazole_2cation->cation (+2 -> +1),3.04,3.0256758540923956,0.014324145907604446
3396,5aminobenzimidazole_cation->neut (+1 -> +0),6.07,6.191448265634184,0.12144826563418398
3397,23dime4aminobenzimidazole_2cation->cation (+2 -> +1),2.35,2.104935121492077,0.24506487850792302
3398,23dime4aminobenzimidazole_cation->neut (+1 -> +0),6.66,6.835319219738472,0.17531921973847187
3399,12dime5aminobenzimidazole_2cation->cation (+2 -> +1),3.38,3.0178546865318063,0.36214531346819356
3400,12dime5aminobenzimidazole_cation->neut (+1 -> +0),7.0,7.166999839242134,0.16699983924213413
3401,1methyl7aminobenzimidazole_2cation->cation (+2 -> +1),1.7,1.631456302778143,0.06854369722185694
3402,1methyl7aminobenzimidazole_cation->neut (+1 -> +0),5.9,6.020667893474321,0.12066789347432039
3403,3methyl4aminobenzimidazole_2cation->cation (+2 -> +1),2.36,1.4551205685031432,0.9048794314968567
3404,3methyl4aminobenzimidazole_cation->neut (+1 -> +0),5.79,5.794926480343307,0.004926480343306672
3405,1methyl5aminobenzimidazole_2cation->cation (+2 -> +1),2.86,3.1443820382417593,0.28438203824175945
3406,1methyl5aminobenzimidazole_cation->neut (+1 -> +0),6.31,6.451231991024874,0.14123199102487405
3407,2methyl5aminobenzimidazole_2cation->cation (+2 -> +1),3.42,3.085215025129334,0.33478497487066594
3408,2methyl5aminobenzimidazole_cation->neut (+1 -> +0),6.77,6.721741928816781,0.04825807118321901
3409,12dimethylbenzimidazole_cation->neut (+1 -> +0),6.55,5.876901283578851,0.6730987164211486
3410,25dimethylbenzimidazole_cation->neut (+1 -> +0),6.0,6.449685990029739,0.44968599002973875
3411,56dimethylbenzimidazole_cation->neut (+1 -> +0),5.96,6.175614120544153,0.21561412054415285
3412,56dimethylbenzimidazole_neut->an (+0 -> -1),12.52,13.291067173351287,0.7710671733512875
3413,2dimethylaminobenzimidazole_neut->an (+0 -> -1),11.5,13.017263794175161,1.517263794175161
3414,12dime5nitrobenzimidazole_cation->neut (+1 -> +0),4.4,4.073948078972,0.3260519210280002
3415,12dime6nitrobenzimidazole_cation->neut (+1 -> +0),4.2,4.538699024276835,0.33869902427683485
3416,1etbenzimidazole_cation->neut (+1 -> +0),5.59,5.511587707108577,0.07841229289142326
3417,2etbenzimidazole_cation->neut (+1 -> +0),6.27,6.167190404141729,0.10280959585827087
3418,2hydroxybenzimidazole_neut->an (+0 -> -1),11.99,11.738460255922531,0.25153974407746915
3419,1iprobenzimidazole_cation->neut (+1 -> +0),5.71,5.494578307713131,0.2154216922868688
3420,2iprobenzimidazole_cation->neut (+1 -> +0),6.25,6.061335128399105,0.18866487160089473
3421,4methylbenzimidazole_cation->neut (+1 -> +0),5.65,5.5758208148073,0.07417918519270028
3422,1me4nitrobenzimidazole_cation->neut (+1 -> +0),3.86,3.579570145840963,0.2804298541590371
3423,1me5nitrobenzimidazole_cation->neut (+1 -> +0),3.4,3.4583592320420466,0.05835923204204674
3424,1me6nitrobenzimidazole_cation->neut (+1 -> +0),3.67,3.654116649891618,0.015883350108381933
3425,1me7nitrobenzimidazole_cation->neut (+1 -> +0),3.25,3.3274523423370175,0.07745234233701748
3426,5nitro2mebenzimidazole_cation->neut (+1 -> +0),4.37,4.090393541728679,0.2796064582713207
3427,5nitro2mebenzimidazole_neut->an (+0 -> -1),10.42,10.810778970704673,0.39077897070467316
3428,4nitrobenzimidazole_cation->neut (+1 -> +0),3.33,3.096198628767218,0.233801371232782
3429,24dime1h15benzodiazepine_cation->neut (+1 -> +0),8.98,8.473637884984413,0.5063621150155875
3430,2am4methoxybenzothiazole_cation->neut (+1 -> +0),4.29,3.87048752789583,0.4195124721041701
3431,2am6methoxybenzothiazole_cation->neut (+1 -> +0),4.5,4.300220538920114,0.19977946107988576
3432,2am4mebenzothiazole_cation->neut (+1 -> +0),4.7,4.422203600772183,0.2777963992278174
3433,2am5mebenzothiazole_cation->neut (+1 -> +0),4.6,4.391931916303089,0.20806808369691066
3434,2am6mebenzothiazole_cation->neut (+1 -> +0),4.6,5.0979635192232715,0.49796351922327187
3435,bispirine_2cation->cation (+2 -> +1),5.75,5.816806691414996,0.06680669141499607
3436,bispirine_cation->neut (+1 -> +0),11.29,11.15045780421243,0.13954219578756977
3437,4hydroxybenzothiazole_cation->neut (+1 -> +0),1.2,0.882706719922993,0.31729328007700697
3438,4hydroxybenzothiazole_neut->an (+0 -> -1),8.85,8.714071915045556,0.1359280849544433
3439,2aminobenzoxazole_cation->neut (+1 -> +0),3.7,3.8409452670201665,0.1409452670201663
3440,3amino7chloroacridine_cation->neut (+1 -> +0),6.91,7.151336214330439,0.24133621433043917
3441,3amino7methoxycarbonylacridine_cation->neut (+1 -> +0),7.1,7.371536919309194,0.2715369193091943
3442,3amino7carboxyacridine_cation->neut (+1 -> +0),2.3,3.5924147766221077,1.292414776622108
3443,3amino7carboxyacridine_neut->an (+0 -> -1),8.0,7.742198349066861,0.2578016509331391
3444,dibenzoquinuclidine_cation->neut (+1 -> +0),4.46,5.022769780856798,0.5627697808567982
3445,cystine_cation->neut (+1 -> +0),8.12,7.878429875171206,0.24157012482879292
3446,6meergoline_cation->neut (+1 -> +0),8.87,9.006662134684724,0.136662134684725
3447,semperverine_cation->neut (+1 -> +0),10.6,11.35973304469772,0.75973304469772
3448,3amino1hindazole_cation->neut (+1 -> +0),3.12,3.540458185550194,0.4204581855501939
3449,4amino1hindazole_cation->neut (+1 -> +0),3.26,2.288976187012466,0.9710238129875339
3450,5amino1hindazole_cation->neut (+1 -> +0),5.12,5.267184005722818,0.14718400572281798
3451,7amino1hindazole_cation->neut (+1 -> +0),3.02,2.940007599076278,0.07999240092372206
3452,16naphthyridine_cation->neut (+1 -> +0),3.76,3.8798927020443674,0.11989270204436764
3453,17naphtyridine_cation->neut (+1 -> +0),3.61,3.6834191136229153,0.07341911362291542
3454,18naphthyridine_cation->neut (+1 -> +0),3.36,3.30391347049708,0.05608652950291981
3455,8oh17naphthyridine_cation->neut (+1 -> +0),2.53,2.5960714349534175,0.06607143495341772
3456,8oh17naphthyridine_neut->an (+0 -> -1),12.04,11.992963050624269,0.04703694937573033
3457,8oh16naphthyridine_cation->neut (+1 -> +0),4.05,4.107585608784924,0.05758560878492425
3458,8oh16naphthyridine_neut->an (+0 -> -1),8.35,8.297302488824918,0.052697511175081146
3459,4oh15naphthyridine_cation->neut (+1 -> +0),2.81,3.0034261697833644,0.19342616978336435
3460,4oh15naphthyridine_neut->an (+0 -> -1),10.03,10.05657962777488,0.026579627774880876
3461,3nitro16naphthyridine_cation->neut (+1 -> +0),2.32,2.374705093610606,0.05470509361060616
3462,2aminopurine_2cation->cation (+2 -> +1),-0.28,-0.223873612812735,0.05612638718726504
3463,2aminopurine_cation->neut (+1 -> +0),3.73,3.3792172876257824,0.35078271237421754
3464,2aminopurine_neut->an (+0 -> -1),10.0,9.937931925398736,0.062068074601263845
3465,8aminopurine_cation->neut (+1 -> +0),4.64,4.706258351415974,0.06625835141597403
3466,8aminopurine_neut->an (+0 -> -1),9.38,9.718950233074395,0.3389502330743941
3467,68biscf37hpurin2amine_cation->neut (+1 -> +0),0.3,0.15702936502569997,0.14297063497430001
3468,68biscf37hpurin2amine_neut->an (+0 -> -1),5.02,5.418007188115281,0.39800718811528135
3469,2am8phpurine_cation>neut (+1 -> +0),3.97,3.7824968931609515,0.1875031068390487
3470,2am8phpurine_neut->an (+0 -> -1),9.21,9.197219927004618,0.012780072995383307
3471,6cf39hpurin2amine_cation->neut (+1 -> +0),1.85,1.5905903265764518,0.25940967342354826
3472,6cf39hpurin2amine_neut->an (+0 -> -1),8.87,8.55095473484447,0.31904526515552867
3473,6cyanopurine_cation->neut (+1 -> +0),0.3,-0.10127446207547575,0.40127446207547574
3474,6cyanopurine_neut->an (+0 -> -1),6.88,7.036382350417048,0.15638235041704807
3475,26diaminopurine_cation->neut (+1 -> +0),5.05,5.5924850769844054,0.5424850769844056
3476,26diaminopurine_neut->an (+0 -> -1),10.81,10.598311057458247,0.21168894254175363
3477,8cf326diaminopurine_cation->neut (+1 -> +0),3.68,4.200398836179561,0.5203988361795608
3478,8cf326diaminopurine_neut->an (+0 -> -1),7.55,7.7075111175422135,0.1575111175422137
3479,27dimehypoxanthine_cation->neut (+1 -> +0),2.13,2.5139884684348957,0.38398846843489576
3480,78dih79dime8oxopurine_cation->neut (+1 -> +0),2.8,2.703008334529751,0.09699166547024873
3481,purine8carboxylic_cation->neut (+1 -> +0),0.0,0.7984182863003282,0.7984182863003282
3482,purine8carboxylic_neut->an (+0 -> -1),2.93,2.528109891575556,0.40189010842444395
3483,purine8carboxylic_an->2an (-1 -> -2),9.41,9.482456483096836,0.07245648309683617
3484,16dih8oh1me6oxopurine_neut->an (+0 -> -1),8.54,7.987380591480161,0.5526194085198384
3485,3me79dihpurine28dione_cation->neut (+1 -> +0),1.25,1.8455104111714817,0.5955104111714817
3486,3me79dihpurine28dione_neut->an (+0 -> -1),8.0,8.068397450123523,0.06839745012352338
3487,3me79dihpurine28dione_an->2an (-1 -> -2),13.0,12.66035540938482,0.3396445906151797
3488,1methyladenine_cation->neut (+1 -> +0),7.2,7.319063108397438,0.11906310839743739
3489,1methyladenine_neut->an (+0 -> -1),11.0,11.17442657526643,0.17442657526643046
3490,1methyl2hydroxypurine_cation->neut (+1 -> +0),1.8,1.9395683176768417,0.13956831767684164
3491,1methyl2hydroxypurine_neut->an (+0 -> -1),8.8,8.848794082535033,0.048794082535032146
3492,26dihydroxypurine_neut->an (+0 -> -1),7.53,7.350950199502248,0.17904980049775254
3493,26dihydroxypurine_an->2an (-1 -> -2),11.84,11.678411918749372,0.16158808125062762
3494,28dihydroxypurine_cation->neut (+1 -> +0),0.5,0.12527252663867028,0.3747274733613297
3495,28dihydroxypurine_neut->an (+0 -> -1),7.4,7.503867191250981,0.10386719125098054
3496,28dihydroxypurine_an->2an (-1 -> -2),12.3,12.212760930993332,0.08723906900666911
3497,9methyl68dihydroxypurine_neut->an (+0 -> -1),8.34,8.330952915828824,0.009047084171175612
3498,9methyl68dihydroxypurine_an->2an (-1 -> -2),11.79,11.994637866629807,0.20463786662980787
3499,7methyl28dihydroxypurine_neut->an (+0 -> -1),7.7,7.239346106834542,0.4606538931654578
3500,7methyl28dihydroxypurine_an->2an (-1 -> -2),12.0,12.583720059023705,0.5837200590237046
3501,9methyl28dihydroxypurine_cation->neut (+1 -> +0),0.3,-0.2107737940887784,0.5107737940887784
3502,9methyl28dihydroxypurine_neut->an (+0 -> -1),8.5,8.808812671177911,0.3088126711779111
3503,9methyl28dihydroxypurine_an->2an (-1 -> -2),11.5,12.084138643140722,0.5841386431407223
3504,2dimeampurine_cation->neut (+1 -> +0),4.0,4.674901115570866,0.674901115570866
3505,2dimeampurine_neut->an (+0 -> -1),10.24,10.300677407476817,0.060677407476816825
3506,6dimeampurine_cation->neut (+1 -> +0),3.83,4.313961875744111,0.48396187574411087
3507,6dimeampurine_neut->an (+0 -> -1),10.5,10.261664001690951,0.23833599830904895
3508,8dimeampurine_cation->neut (+1 -> +0),4.75,4.779987910438465,0.02998791043846527
3509,8dimeampurine_neut->an (+0 -> -1),9.77,10.639240618481038,0.8692406184810384
3510,6dimeamcarbamoylpurine_neut->an (+0 -> -1),7.9,8.177853150766929,0.2778531507669282
3511,7hpurin8ol_cation->neut (+1 -> +0),2.56,2.691711145783189,0.13171114578318877
3512,2oh9mepurine_neut->an (+0 -> -1),9.22,8.990988414483507,0.2290115855164938
3513,8oh7mepurine_cation->neut (+1 -> +0),2.66,3.0056286824009764,0.3456286824009762
3514,8oh7mepurine_neut->an (+0 -> -1),8.23,7.940897486051249,0.28910251394875175
3515,8oh9mepurine_cation->neut (+1 -> +0),2.77,2.7917368567781278,0.021736856778127756
3516,8oh9mepurine_neut->an (+0 -> -1),9.08,8.834162054849115,0.24583794515088542
3517,6oh2cf3purine_cation->neut (+1 -> +0),1.1,0.7871680334002713,0.3128319665997288
3518,6oh2cf3purine_neut->an (+0 -> -1),5.1,5.1197615914017875,0.019761591401787904
3519,6oh2cf3purine_an->2an (-1 -> -2),11.2,11.0231727897945,0.17682721020549863
3520,8mercapto9mepurine_neut>an (+0 -> -1),7.5,7.528006105612928,0.028006105612927712
3521,2methoxypurine_cation->neut (+1 -> +0),2.43,1.9785713012584445,0.45142869874155567
3522,2methoxypurine_neut->an (+0 -> -1),9.2,9.109855368045608,0.09014463195439149
3523,6methoxypurine_cation->neut (+1 -> +0),2.17,2.1064485603046927,0.06355143969530719
3524,6methoxypurine_neut->an (+0 -> -1),9.18,9.26165272605851,0.08165272605851115
3525,8methoxypurine_cation->neut (+1 -> +0),3.11,3.2467479460076314,0.13674794600763152
3526,8methoxypurine_neut->an (+0 -> -1),7.76,7.716034355540474,0.04396564445952578
3527,6methylpurine_cation->neut (+1 -> +0),2.5,2.854425920477163,0.3544259204771629
3528,6methylpurine_neut->an (+0 -> -1),9.05,9.46548108194407,0.4154810819440691
3529,8methylpurine_cation->neut (+1 -> +0),2.76,2.805011421887392,0.04501142188739227
3530,8methylpurine_neut->an (+0 -> -1),9.4,9.427544121637062,0.02754412163706199
3531,9methylpurine_cation->neut (+1 -> +0),2.27,2.34742653631346,0.07742653631345986
3532,9me8mespurine_cation->neut (+1 -> +0),2.95,3.346919883720364,0.396919883720364
3533,2methylthiopurine_cation->neut (+1 -> +0),1.89,1.8920289742596754,0.00202897425967552
3534,2methylthiopurine_neut->an (+0 -> -1),8.93,9.064702927258509,0.13470292725850896
3535,6methylthiopurine_cation->neut (+1 -> +0),0.0,1.6394281812617644,1.6394281812617644
3536,6methylthiopurine_neut->an (+0 -> -1),8.76,8.998139936149656,0.2381399361496559
3537,8methylthiopurine_cation->neut (+1 -> +0),2.92,2.8823486681352035,0.03765133186479641
3538,8methylthiopurine_neut->an (+0 -> -1),7.7,8.012870767025326,0.3128707670253261
3539,8phenylpurine_cation->neut (+1 -> +0),2.66,2.8331726135267683,0.17317261352676816
3540,8phenylpurine_neut->an (+0 -> -1),8.1,8.619847173415653,0.5198471734156538
3541,268triaminopurine_2cation->cation (+2 -> +1),2.31,2.347351582004033,0.0373515820040331
3542,268triaminopurine_cation->neut (+1 -> +0),6.17,5.2506892025220475,0.9193107974779524
3543,268triaminopurine_neut->an (+0 -> -1),10.85,10.85331444880465,0.0033144488046499276
3544,6cf3purine_neut->an (+0 -> -1),7.35,7.914586817275984,0.564586817275984
3545,8cf3purine_cation->neut (+1 -> +0),1.0,1.3609374069967037,0.36093740699670374
3546,8cf3purine_neut->an (+0 -> -1),5.12,5.5405404778941,0.4205404778941002
3547,1hpyrazolo34dpyrimidine_cation->neut (+1 -> +0),2.84,2.472473317341634,0.3675266826583661
3548,1hpyrazolo34dpyrimidine_neut->an (+0 -> -1),9.54,10.024661314581547,0.4846613145815475
3549,7amidopyrazolo43dpyrimidine_cation->neut (+1 -> +0),5.0,4.974914616788326,0.02508538321167375
3550,7amidopyrazolo43dpyrimidine_neut->an (+0 -> -1),10.15,9.957075184439855,0.1929248155601453
3551,3me7ampyrazolo43dpyrimidine_cation->neut (+1 -> +0),5.02,4.948989076943296,0.07101092305670331
3552,4ampyrazolo34dpyrimidine_cation->neut (+1 -> +0),4.59,4.420235278536876,0.1697647214631237
3553,4ampyrazolo34dpyrimidine_neut->an (+0 -> -1),10.84,10.61040696695634,0.22959303304365974
3554,16dimepyrazolo34dpyrimidin4am_cation->neut (+1 -> +0),5.0,5.106109520402548,0.10610952040254773
3555,1mepyrazolo34dpyrimidin4am_cation->neut (+1 -> +0),4.32,4.406679273350042,0.08667927335004144
3556,6mepyrazolo34dpyrimidin4am_cation->neut (+1 -> +0),5.41,5.246030312984676,0.16396968701532444
3557,6mepyrazolo34dpyrimidin4am_neut->an (+0 -> -1),11.3,10.773318916716306,0.5266810832836946
3558,3mepyrazolo34dpyrimidin4am_cation->neut (+1 -> +0),4.61,4.872196985324918,0.262196985324918
3559,3mepyrazolo34dpyrimidin4am_neut->an (+0 -> -1),11.11,11.236474452515672,0.1264744525156729
3560,6me1phpyrazolo34dpyrimidin4am_cation->neut (+1 -> +0),4.52,4.316181805878892,0.2038181941211077
3561,1phpyrazolo34dpyrimidin4am_cation->neut (+1 -> +0),3.89,3.5556008925705624,0.3343991074294377
3562,1hpyrazolo34dpyrimidin46diam_cation->neut (+1 -> +0),5.59,5.39955254754085,0.19044745245914996
3563,1ph1hpyrazolo34dpyrimidin46diam_cation->neut (+1 -> +0),4.49,4.644635059409747,0.1546350594097472
3564,16dime1hpyrazolo34dpyrimidine_cation->neut (+1 -> +0),3.27,3.229523788556973,0.040476211443027044
3565,pyrazolo34dpyrimidin4dimeam_cation->neut (+1 -> +0),4.53,4.934119720160679,0.4041197201606783
3566,1mepyrazolo34dpyrimidin4dimeam_cation->neut (+1 -> +0),4.05,4.6403851391316815,0.5903851391316817
3567,4meo1mepyrazolo34dpyrimidine_cation->neut (+1 -> +0),2.51,1.5439260523697378,0.966073947630262
3568,1mepyrazolo34dpyrimidine_cation->neut (+1 -> +0),2.46,2.695477323126786,0.23547732312678615
3569,4mespyrazolo34dpyrimidine_cation->neut (+1 -> +0),1.0,1.3139201260307596,0.3139201260307596
3570,4mespyrazolo34dpyrimidine_neut->an (+0 -> -1),9.65,9.433718807490045,0.21628119250995503
3571,7amthiazolo54dpyrimidin_cation->neut (+1 -> +0),2.74,2.6734942369214068,0.06650576307859346
3572,10aminobenzoquinone_cation->neut (+1 -> +0),4.99,5.524034161843393,0.534034161843393
3573,3am1mebenzoquinone_cation->neut (+1 -> +0),7.1,6.91645694131565,0.18354305868435006
3574,2am4mebenzoquinone_cation->neut (+1 -> +0),6.7,6.5732633532844345,0.12673664671556573
3575,9aminophenanthridine_cation->neut (+1 -> +0),6.84,6.650545744596092,0.18945425540390826
3576,3hydroxyphenanthridine_cation->neut (+1 -> +0),4.78,4.639364334032329,0.14063566596767085
3577,3hydroxyphenanthridine_neut->an (+0 -> -1),8.83,8.92383400585101,0.09383400585100965
3578,8hydroxyphenanthridine_cation->neut (+1 -> +0),4.35,4.478709543055112,0.12870954305511262
3579,8hydroxyphenanthridine_neut->an (+0 -> -1),8.72,8.746443007922274,0.026443007922273054
3580,9hydroxyphenanthridine_cation->neut (+1 -> +0),5.31,5.517721751435954,0.20772175143595462
3581,9hydroxyphenanthridine_neut->an (+0 -> -1),8.47,8.141570386744162,0.32842961325583886
3582,1hnaphth12dimidazole_cation->neut (+1 -> +0),5.27,5.361114300559369,0.09111430055936953
3583,1hnaphth12dimidazole_neut->an (+0 -> -1),12.58,12.403073022465044,0.176926977534956
3584,2chl6789tetrah1hnapht12dimidazole_cation->neut (+1 -> +0),2.54,2.0539716181139545,0.4860283818860456
3585,2dimeam6789tetrah1hnapht12dimidazole_cation->neut (+1 -> +0),7.54,7.0326687827342225,0.5073312172657776
3586,6789tetrah1hnapht12dimidazole_cation->neut (+1 -> +0),5.99,5.923729397054351,0.06627060294564924
3587,6789tetrah1hnapht12dimidazole_neut->an (+0 -> -1),12.8,13.183136397223763,0.3831363972237618
3588,2am1hnaphth23dimidazol_cation->neut (+1 -> +0),6.99,6.698211333468743,0.29178866653125723
3589,2am1hnaphth23dimidazol_neut->an (+0 -> -1),12.8,12.211726302674043,0.5882736973259579
3590,2am5678tetrah1hnaphth23dimidazol_cation->neut (+1 -> +0),7.64,7.144134678890745,0.49586532110925496
3591,2et1hnaphtho23dimidazole_cation->neut (+1 -> +0),6.13,5.948452051406464,0.1815479485935363
3592,2et1hnaphtho23dimidazole_neut->an (+0 -> -1),12.9,12.907707658882419,0.007707658882418755
3593,2cl5678tetrah1hnaphth23dimidazole_cation->neut (+1 -> +0),2.64,2.5905968377363724,0.04940316226362773
3594,2dime5678teth1hnaphth23dimidazole_cation->neut (+1 -> +0),7.61,8.269688780149208,0.6596887801492075
3595,2et5678teth1hnaphth23dimidazole_cation->neut (+1 -> +0),6.6,6.496802355485314,0.10319764451468583
3596,2oh1hnaphth23dimidazole_neut->an (+0 -> -1),11.66,11.472059348242265,0.1879406517577351
3597,5678teth1hnaphth23dimidazole_cation->neut (+1 -> +0),5.96,5.925255839900282,0.03474416009971826
3598,5678teth1hnaphth23dimidazole_neut->an (+0 -> -1),13.33,12.779867224529696,0.5501327754703045
3599,15phenanthroline_2cation->cation (+2 -> +1),0.75,-0.46968046294193044,1.2196804629419304
3600,15phenanthroline_cation->neut (+1 -> +0),4.075,3.2621395478905013,0.8128604521094989
3601,27dime18phenanthroline_cation->neut (+1 -> +0),5.06,5.5302050353035215,0.47020503530352187
3602,27dime18phenanthroline_2cation->cation (+2 -> +1),2.26,2.32133764210871,0.06133764210871018
3603,234567me18phenanthroline_cation->neut (+1 -> +0),6.98,5.918880417004759,1.0611195829952411
3604,2457me18phenanthroline_2cation->cation (+2 -> +1),3.1,2.563131143612165,0.536868856387835
3605,2457me18phenanthroline_cation->neut (+1 -> +0),5.1,5.8303226055119355,0.7303226055119358
3606,4br110phenanthroline_cation->neut (+1 -> +0),4.01,4.581198411380886,0.5711984113808866
3607,3cl110phenanthroline_cation->neut (+1 -> +0),3.97,4.252519204215481,0.28251920421548116
3608,4cl110phenanthroline_cation->neut (+1 -> +0),4.3,4.051382431284701,0.24861756871529916
3609,5cl110phenanthroline_cation->neut (+1 -> +0),4.18,4.211333284635242,0.03133328463524254
3610,4cl2me110phenanthroline_cation->neut (+1 -> +0),4.53,4.495099323608972,0.03490067639102801
3611,4cyano110phenanthroline_cation->neut (+1 -> +0),3.56,3.6999931404154305,0.13999314041543043
3612,24dime110phenanthroline_cation->neut (+1 -> +0),5.94,6.081965514423536,0.14196551442353567
3613,34dime110phenanthroline_cation->neut (+1 -> +0),5.6,5.562715393788088,0.03728460621191143
3614,37dime110phenanthroline_cation->neut (+1 -> +0),5.55,5.549511660797275,0.0004883392027243971
3615,46dime110phenanthroline_cation->neut (+1 -> +0),5.69,5.893710661872077,0.20371066187207632
3616,47dime110phenanthroline_cation->neut (+1 -> +0),5.94,5.5145216468983085,0.4254783531016919
3617,2me110phenanthroline_cation->neut (+1 -> +0),5.45,5.768080929803088,0.318080929803088
3618,3me110phenanthroline_cation->neut (+1 -> +0),4.98,5.071751370440611,0.09175137044061099
3619,5me110phenanthroline_cation->neut (+1 -> +0),5.26,5.235913931031907,0.024086068968093066
3620,4et110phenanthroline_cation->neut (+1 -> +0),5.42,5.727424402180332,0.30742440218033185
3621,3et110phenanthroline_cation->neut (+1 -> +0),4.96,4.855125201011235,0.10487479898876462
3622,4oh110phenanthroline_cation->neut (+1 -> +0),2.17,2.1657009271037237,0.004299072896276179
3623,3467tetrame110phenanthroline_cation->neut (+1 -> +0),6.43,6.4758237391350475,0.04582373913504778
3624,3468tetrame110phenanthroline_cation->neut (+1 -> +0),6.05,6.079022791942605,0.029022791942605153
3625,346trime110phenanthroline_cation->neut (+1 -> +0),5.91,5.851145779002507,0.05885422099749338
3626,347trime110phenanthroline_cation->neut (+1 -> +0),5.97,6.002551601596362,0.032551601596361834
3627,356trime110phenanthroline_cation->neut (+1 -> +0),5.32,5.232150348007462,0.08784965199253847
3628,357trime110phenanthroline_cation->neut (+1 -> +0),5.88,5.7694716526204814,0.11052834737951844
3629,358trime110phenanthroline_cation->neut (+1 -> +0),5.25,5.240654387122291,0.009345612877709186
3630,1am47phenanthroline_cation->neut (+1 -> +0),7.3,7.613364371118844,0.3133643711188441
3631,27diaminophenazine_cation->neut (+1 -> +0),4.59,4.770089232042018,0.1800892320420182
3632,2aminophenazine_cation->neut (+1 -> +0),4.71,4.619298072665837,0.09070192733416338
3633,10mephenazin210hone_cation->neut (+1 -> +0),3.05,3.158446054917902,0.10844605491790205
3634,deacetylaspidospermine_cation->neut (+1 -> +0),8.48,8.802667824368559,0.32266782436855834
3635,benzoc18naphthyridine_cation->neut (+1 -> +0),5.2,3.8366463894996574,1.3633536105003428
3636,7amnme13thiazolo54dpyrimidin_cation->neut (+1 -> +0),2.81,2.719561554029256,0.09043844597074413
3637,7am5methiazolo54dpyrimidine_cation->neut (+1 -> +0),3.54,3.6833961314903645,0.14339613149036445
3638,4amnme1hpyrazolo34dpyrimidin_cation->neut (+1 -> +0),4.49,4.267672844483614,0.22232715551638638
3639,4amnme1hpyrazolo34dpyrimidin_neut->an (+0 -> -1),10.59,11.451958624300971,0.8619586243009714
3640,16dime4meampyrazolo34dpyrimidine_cation->neut (+1 -> +0),4.96,4.822050287066294,0.13794971293370573
3641,6meo1me1hpyrazolo34dpyrimidin4amine_cation->neut (+1 -> +0),3.62,3.3840344765345476,0.23596552346545252
3642,6cl4am1me1hpyrazolo34dpyrimidin_cation->neut (+1 -> +0),2.65,1.1483473981192125,1.5016526018807874
3643,8meampurine_cation->neut (+1 -> +0),4.75,4.697732704120175,0.05226729587982515
3644,8meampurine_neut->an (+0 -> -1),9.59,10.094519523842719,0.5045195238427187
3645,2me6meampurine_cation->neut (+1 -> +0),5.04,5.174354138969531,0.13435413896953108
3646,6nmecarbamoylpurine_cation->neut (+1 -> +0),1.0,1.201583999575794,0.20158399957579398
3647,6nmecarbamoylpurine_neut->an (+0 -> -1),8.9,8.76276306122819,0.1372369387718102
3648,7methylpurine_cation->neut (+1 -> +0),2.25,2.415599757696911,0.16559975769691082
3649,4azabenzimidazole_cation->neut (+1 -> +0),3.92,3.568458682315974,0.35154131768402586
3650,4azabenzimidazole_neut->an (+0 -> -1),11.11,11.10142725571906,0.008572744280940015
3651,124benzotriazine_cation->neut (+1 -> +0),-0.82,0.12771204903718658,0.9477120490371865
3652,12hphthalazinone_neut->an (+0 -> -1),11.99,11.4683733069102,0.5216266930898001
3653,1thiolphthalazine_neut->an (+0 -> -1),9.99,10.163164349212082,0.17316434921208135
3654,1methylphthalazine_cation->neut (+1 -> +0),4.37,4.436411571931527,0.06641157193152658
3655,2meopyrido12apyrimidin4one_cation->neut (+1 -> +0),1.36,1.8499022444883275,0.4899022444883274
3656,8oh5quinolinecarboxylic_cation->neut (+1 -> +0),4.0,3.4542964671402157,0.5457035328597843
3657,8oh5quinolinecarboxylic_neut->an (+0 -> -1),4.8,4.441421478493331,0.3585785215066686
3658,8oh5quinolinecarboxylic_an->2an (-1 -> -2),9.32,9.262889300119589,0.057110699880411175
3659,4am2chlnmepyrimidin_cation->neut (+1 -> +0),2.8,2.485131523292659,0.31486847670734086
3660,2am4chlnmepyrimidin_cation->neut (+1 -> +0),2.59,2.501300656209727,0.08869934379027278
3661,4am6chlnmepyrimidin_cation->neut (+1 -> +0),2.24,1.9941798756751128,0.24582012432488742
3662,4dimeam6chlpyrimidin_cation->neut (+1 -> +0),2.42,2.300887058542237,0.11911294145776274
3663,1me4meampyrazolo34dpyrimidine_cation->neut (+1 -> +0),4.2,4.419168931088252,0.21916893108825164
3664,6me4ampyrazolo34dpyrimidine_cation->neut (+1 -> +0),5.52,5.07801445275737,0.44198554724262973
3665,6me4ampyrazolo34dpyrimidine_neut->an (+0 -> -1),11.31,11.2799911961389,0.03000880386110083
3666,3aminomethylbenzoic_cation->neut (+1 -> +0),3.08,3.3922127762155148,0.3122127762155147
3667,3aminomethylbenzoic_neut->an (+0 -> -1),5.1,4.291670968115088,0.8083290318849112
3668,phenylglycine_cation->neut (+1 -> +0),2.15,1.5373401756951397,0.6126598243048602
3669,phenylglycine_neut->an (+0 -> -1),9.09,8.771039616991406,0.3189603830085943
3670,nndimethylguanidine_cation->neut (+1 -> +0),13.4,13.034725458228387,0.36527454177161367
3671,nmethylurea_cation->neut (+1 -> +0),0.9,-0.055508205961788626,0.9555082059617886
3672,ocyclohexylurea_cation->neut (+1 -> +0),10.19,9.784103074253045,0.4058969257469549
3673,4oh135triazanaphthalene_neut->an (+0 -> -1),8.98,9.093637392073347,0.11363739207334689
3674,8oh145triazanaphthalene_cation->neut (+1 -> +0),0.6,0.7552274819567915,0.15522748195679148
3675,8oh145triazanaphthalene_neut->an (+0 -> -1),8.81,9.210010997832448,0.40001099783244776
3676,5oh146triazanaphthalene_cation->neut (+1 -> +0),-0.78,-0.20691228865306055,0.5730877113469395
3677,5oh146triazanaphthalene_neut->an (+0 -> -1),11.08,10.567385819269095,0.512614180730905
3678,pteridine4acetamide_cation->neut (+1 -> +0),1.21,1.0555526174233245,0.15444738257667545
3679,pteridine7amino_cation->neut (+1 -> +0),2.21,2.7114136404535847,0.5014136404535847
3680,pteridine46dime2amino_cation->neut (+1 -> +0),2.66,2.8417287604356822,0.1817287604356821
3681,pteridine47dime2amino_cation->neut (+1 -> +0),2.59,3.1847689698582036,0.5947689698582037
3682,pteridine4me2amino_cation->neut (+1 -> +0),2.81,2.573302942951245,0.236697057048755
3683,pteridine467me2amino_cation->neut (+1 -> +0),2.99,2.9558814255887613,0.03411857441123889
3684,24diaminopteridine_cation->neut (+1 -> +0),5.3,5.329889740466568,0.029889740466567893
3685,46diaminopteridine_cation->neut (+1 -> +0),4.33,4.466281508741196,0.13628150874119616
3686,47diaminopteridine_cation->neut (+1 -> +0),4.96,5.076240778955628,0.11624077895562834
3687,pteridine467triamino_cation->neut (+1 -> +0),5.56,5.524613711195588,0.035386288804411414
3688,pteridine247triamino_cation->neut (+1 -> +0),6.29,6.399465936359832,0.1094659363598316
3689,pteridine2467tetramino_cation->neut (+1 -> +0),6.82,5.865439952562108,0.9545600474378926
3690,67dihydroxypteridine_cation->neut (+1 -> +0),0.9,1.103998395096772,0.20399839509677198
3691,67dihydroxypteridine_neut->an (+0 -> -1),6.89,6.35600632280727,0.53399367719273
3692,67dihydroxypteridine_an->2an (-1 -> -2),10.0,9.510083439967737,0.48991656003226325
3693,2am3mepteridin4one_cation->neut (+1 -> +0),2.18,2.3250494545111984,0.14504945451119822
3694,8methylpterin_cation->neut (+1 -> +0),5.4,5.129112214853035,0.2708877851469653
3695,2am78dih87oxomepteridine_cation->neut (+1 -> +0),2.05,2.148066840280788,0.09806684028078827
3696,4am1mepteridin21hone_cation->neut (+1 -> +0),2.94,2.6929123253821903,0.24708767461780967
3697,2am4oh678trimepteridine_cation->neut (+1 -> +0),6.08,5.829100667081257,0.2508993329187428
3698,4am12dih2oxo167trimepteridine_cation->neut (+1 -> +0),3.62,3.26554069854809,0.35445930145190996
3699,2am7ohpteridine_cation->neut (+1 -> +0),1.5,2.15919640195229,0.6591964019522898
3700,2am7ohpteridine_neut->an (+0 -> -1),7.5,7.839967948553628,0.3399679485536282
3701,4am2ohpteridine_cation->neut (+1 -> +0),2.95,2.4272618356011106,0.5227381643988895
3702,4am2ohpteridine_neut->an (+0 -> -1),9.99,10.43625803290032,0.4462580329003192
3703,4am2oh67dimepteridine_cation->neut (+1 -> +0),3.45,3.3977474105297922,0.052252589470207944
3704,4am2oh67dimepteridine_neut->an (+0 -> -1),10.73,10.799021480475638,0.06902148047563728
3705,3mepteridin4one_cation->neut (+1 -> +0),-0.47,-0.12003332898971486,0.3499666710102851
3706,8me78dih7oxopteridine_cation->neut (+1 -> +0),1.1,1.0612067947143737,0.03879320528562635
3707,14dih167trime4meiminopteridine_cation->neut (+1 -> +0),11.39,10.879320938896512,0.5106790611034882
3708,14dih167trime4oxopteridine_cation->neut (+1 -> +0),1.73,1.8305715261420232,0.10057152614202325
3709,34dih367trime4oxopteridine_cation->neut (+1 -> +0),-0.05,0.2793864470728815,0.3293864470728815
3710,2ohpteridine_neut->an (+0 -> -1),7.7,7.82361207846979,0.12361207846978939
3711,7ohpteridine_cation->neut (+1 -> +0),1.2,0.0600805815923815,1.1399194184076185
3712,7ohpteridine_neut->an (+0 -> -1),6.43,6.949934034637365,0.5199340346373651
3713,4methoxypteridine_cation->neut (+1 -> +0),1.04,0.7847093564740142,0.25529064352598585
3714,7methoxypteridine_cation->neut (+1 -> +0),1.64,0.7685856597758445,0.8714143402241554
3715,7me6ohpteridine_neut->an (+0 -> -1),7.46,6.994114996513628,0.4658850034863722
3716,4me6ohpteridine_neut->an (+0 -> -1),6.3,6.798763457726323,0.4987634577263229
3717,6me2ohpteridine_neut->an (+0 -> -1),8.0,7.789231105135428,0.21076889486457162
3718,3aminocinnoline_cation->neut (+1 -> +0),3.7,3.4975132797355393,0.2024867202644609
3719,4aminocinnoline_cation->neut (+1 -> +0),6.83,6.663646051661765,0.16635394833823547
3720,5aminocinnoline_cation->neut (+1 -> +0),2.69,2.7789749591508333,0.08897495915083331
3721,6aminocinnoline_cation->neut (+1 -> +0),5.03,5.265522886379521,0.23552288637952046
3722,7aminocinnoline_cation->neut (+1 -> +0),4.83,4.853044756468438,0.023044756468437733
3723,8aminocinnoline_cation->neut (+1 -> +0),3.66,3.470144635916193,0.1898553640838072
3724,3amino6chlorocinnoline_cation->neut (+1 -> +0),3.24,3.3672239043483243,0.1272239043483241
3725,3amino7chlorocinnoline_cation->neut (+1 -> +0),3.28,2.933840228815158,0.34615977118484187
3726,4mercaptocinnoline_neut->an (+0 -> -1),7.13,7.43892186260252,0.30892186260251986
3727,8oh4mecinnoline_cation->neut (+1 -> +0),3.16,2.54695927875487,0.6130407212451301
3728,8oh4mecinnoline_neut->an (+0 -> -1),8.36,8.624565490184374,0.26456549018437414
3729,5amquinazoline_cation->neut (+1 -> +0),3.56,2.9979114764079524,0.5620885235920476
3730,7amquinazoline_cation->neut (+1 -> +0),4.59,4.829629538455827,0.23962953845582735
3731,8amquinazoline_cation->neut (+1 -> +0),2.8,2.4578723615201223,0.3421276384798775
3732,34dih4tbuquinazoline_cation->neut (+1 -> +0),9.36,9.202368212203869,0.15763178779613085
3733,2ohquinazoline_neut->an (+0 -> -1),10.73,10.284273963302695,0.44572603669730526
3734,4ohquinazoline_neut->an (+0 -> -1),9.87,9.821261101761989,0.048738898238010364
3735,5ohquinazoline_neut->an (+0 -> -1),7.41,7.303400005796632,0.10659999420336774
3736,6ohquinazoline_neut->an (+0 -> -1),8.21,8.382622480098725,0.17262248009872394
3737,7ohquinazoline_neut->an (+0 -> -1),7.39,7.519724530335964,0.12972453033596398
3738,2shquinazoline_neut->an (+0 -> -1),8.18,8.546952002463584,0.3669520024635844
3739,4shquinazoline_neut->an (+0 -> -1),8.47,8.786607155101663,0.3166071551016625
3740,2oh3mequinoxaline_neut->an (+0 -> -1),9.9,9.546360140708181,0.3536398592918193
3741,2shquinoxaline_neut->an (+0 -> -1),7.2,7.4079470483995,0.2079470483994994
3742,34dihquinazoline_cation->neut (+1 -> +0),9.17,9.084480902212547,0.08551909778745248
3743,3me34dihquinazoline_cation->neut (+1 -> +0),9.22,9.724193382445677,0.5041933824456759
3744,4me34dihquinazoline_cation->neut (+1 -> +0),9.15,9.063005624261475,0.08699437573852542
3745,1me14dihquinazoline_cation->neut (+1 -> +0),9.41,9.824804950418606,0.4148049504186062
3746,2oh34dihpteridine_neut->an (+0 -> -1),12.6,12.44346199007132,0.1565380099286795
3747,7oh56dihpteridine_neut->an (+0 -> -1),9.96,10.423137089966549,0.4631370899665477
3748,6oh78dihpteridine_neut->an (+0 -> -1),10.56,10.863409967420534,0.3034099674205333
3749,2oh34dih6mepteridine_neut->an (+0 -> -1),13.05,12.097435894130587,0.9525641058694134
3750,2oh78dih6mepteridine_neut->an (+0 -> -1),11.89,11.506696229260717,0.3833037707392837
3751,7oh2mepteridine_neut->an (+0 -> -1),6.7,7.458773399035965,0.7587733990359649
3752,2oh5678teetrahpteridin_cation->neut (+1 -> +0),4.31,4.611783803834617,0.301783803834617
3753,2oh5678teetrahpteridin_neut->an (+0 -> -1),12.5,12.790532236771261,0.29053223677126105
3754,46dime78dih2ohpteridine_cation->neut (+1 -> +0),3.96,3.8050698385494677,0.1549301614505323
3755,46dime78dih2ohpteridine_neut->an (+0 -> -1),12.5,11.959447118238677,0.5405528817613234
3756,123trimethylguanidine_cation->neut (+1 -> +0),13.9,14.17468024621761,0.2746802462176099
3757,ethylhydrazine_cation->neut (+1 -> +0),7.99,7.648623069966272,0.3413769300337286
3758,4am12naphthoquinone_cation->neut (+1 -> +0),1.57,1.2663525907338338,0.3036474092661663
3759,propadrine_cation->neut (+1 -> +0),9.44,8.966073958408742,0.4739260415912572
3760,15dioh3meiminobenzylbenzene_cation->neut (+1 -> +0),7.25,6.98746699793655,0.2625330020634502
3761,benzohydrazide_cation->neut (+1 -> +0),3.03,2.396988762641409,0.6330112373585908
3762,benzohydrazide_neut->an (+0 -> -1),12.45,12.452052432500983,0.0020524325009834143
3763,34dioh1naphtylamine_cation->neut (+1 -> +0),4.41,4.031664147908395,0.37833585209160514
3764,34dioh1naphtylamine_neut->an (+0 -> -1),9.32,9.168221912474447,0.15177808752555322
3765,14dioh2naphtylamine_cation->neut (+1 -> +0),4.04,4.346930214243665,0.30693021424366496
3766,14dioh2naphtylamine_neut->an (+0 -> -1),9.57,9.238353446283629,0.33164655371637153
3767,14dioh2naphtylamine_an->2an (-1 -> -2),11.27,12.00063164925298,0.730631649252981
3768,45diampyridine_2cation->cation (+2 -> +1),0.49,0.8063580836677895,0.3163580836677895
3769,45diampyridine_cation->neut (+1 -> +0),9.01,8.845486191299198,0.1645138087008018
3770,12dih1me2methanesulphiminopyridine_cation->neut (+1 -> +0),-0.33,0.30470666769178223,0.6347066676917823
3771,14dih1me4methanesulphiminopyridine_cation->neut (+1 -> +0),3.42,4.157844776131275,0.7378447761312747
3772,picolinohydrazide_cation->neut (+1 -> +0),2.86,1.1970880459297826,1.6629119540702173
3773,picolinohydrazide_neut->an (+0 -> -1),12.27,13.47150048091842,1.2015004809184209
3774,nicotinihydrazide_2cation->cation (+2 -> +1),1.86,0.7775934463272254,1.0824065536727747
3775,nicotinihydrazide_cation->neut (+1 -> +0),3.29,3.3679638921677606,0.07796389216776056
3776,nicotinihydrazide_neut->an (+0 -> -1),11.47,11.681691050548094,0.21169105054809378
3777,isoniazid_cation->neut (+1 -> +0),3.52,3.5362489043744683,0.016248904374468243
3778,isoniazid_neut->an (+0 -> -1),10.79,11.05534580190034,0.2653458019003416
3779,chlorcyclizine_cation->neut (+1 -> +0),8.15,8.168258082564329,0.01825808256432815
3780,56diam2meampyrimidin43hone_cation->neut (+1 -> +0),5.42,5.937264766731998,0.5172647667319978
3781,56diam2meampyrimidin43hone_neut->an (+0 -> -1),10.66,10.848055243347599,0.18805524334759838
3782,456triamn4mepyrimidine_cation->neut (+1 -> +0),5.9,6.151114193832762,0.2511141938327617
3783,46dioh2dimeampyrimidine_cation->neut (+1 -> +0),1.45,1.4968107995602962,0.04681079956029621
3784,6me1234tetrahydroquinozaline_cation->neut (+1 -> +0),4.97,5.399881607284364,0.4298816072843641
3785,6meo1234tetrahydroquinozaline_cation->neut (+1 -> +0),5.26,5.9246842676878515,0.6646842676878517
3786,2methylquinoxaline_cation->neut (+1 -> +0),0.95,1.7178068832488629,0.7678068832488629
3787,2meo3mequinoxaline_cation->neut (+1 -> +0),1.38,1.4005487484733035,0.02054874847330357
3788,2meamquinoxaline_cation->neut (+1 -> +0),4.07,4.3966848208670255,0.3266848208670252
3789,2acetm4meopteridine_cation->neut (+1 -> +0),1.95,1.76547370209786,0.18452629790214004
3790,167trime4am2im12dihpteridine_cation->neut (+1 -> +0),11.86,11.502241518452475,0.3577584815475241
3791,1me4im14dihpteridine_cation->neut (+1 -> +0),9.48,9.522138337072382,0.042138337072382015
3792,167trime4iminepteridine_cation->neut (+1 -> +0),10.44,9.992829923077764,0.44717007692223554
3793,1me14dih4meimpteridine_cation->neut (+1 -> +0),10.3,10.278367787388756,0.021632212611244483
3794,octahydbenzoccinnoline_cation->neut (+1 -> +0),6.12,5.123927138924123,0.9960728610758771
3795,2e14dimepyridin21himine_cation->neut (+1 -> +0),13.9,13.437369150219112,0.4626308497808882
3796,16dime12dih2iminopyridine_cation->neut (+1 -> +0),13.7,13.35724866930159,0.3427513306984089
3797,1me2iminopyridine_cation->neut (+1 -> +0),13.25,13.267481316197198,0.017481316197198282
3798,1me3nitro12dih2iminopyridine_cation->neut (+1 -> +0),9.0,8.326015355943598,0.6739846440564019
3799,1me5nitro12dih2iminopyridine_cation->neut (+1 -> +0),9.3,8.71299497350628,0.5870050264937205
3800,3ohpyridin21Hone_cation->neut (+1 -> +0),0.22,0.18978225245671165,0.030217747543288348
3801,26dihydroxypyridine_cation->neut (+1 -> +0),1.0,0.4791039363015672,0.5208960636984328
3802,26dihydroxypyridine_neut->an (+0 -> -1),4.52,4.504673288606196,0.015326711393803372
3803,2hydroxy3nitropyridine_neut->an (+0 -> -1),8.52,7.774695157750385,0.7453048422496149
3804,2hydroxy5nitropyridine_neut->an (+0 -> -1),7.97,7.670588275152987,0.29941172484701273
3805,2hydroxy5mepyridine_cation->neut (+1 -> +0),1.13,1.2271622480674749,0.09716224806747498
3806,2hydroxy5mepyridine_neut->an (+0 -> -1),12.01,12.234958343656565,0.22495834365656542
3807,2hydroxy6mepyridine_cation->neut (+1 -> +0),1.12,0.8751825987206292,0.2448174012793709
3808,2hydroxy6mepyridine_neut->an (+0 -> -1),12.45,12.23598158626607,0.21401841373393005
3809,2hydroxy3mepyridine_cation->neut (+1 -> +0),0.2,0.594169560858453,0.39416956085845295
3810,2hydroxy3mepyridine_neut->an (+0 -> -1),12.59,12.251078211349302,0.33892178865069766
3811,3hydroxy2meopyridine_cation->neut (+1 -> +0),2.1,2.0751535673164723,0.02484643268352782
3812,3hydroxy2meopyridine_neut->an (+0 -> -1),8.65,8.95327638255797,0.3032763825579696
3813,2meo5mepyridine_cation->neut (+1 -> +0),3.73,3.8359328390162766,0.10593283901627659
3814,35dicl2ampyridine_cation->neut (+1 -> +0),2.75,2.170232408695412,0.5797675913045879
3815,5ccyano2ampyridine_cation->neut (+1 -> +0),3.41,3.4864330091301836,0.07643300913018347
3816,3nitro2ampyridine_cation->neut (+1 -> +0),2.33,2.582817530195692,0.2528175301956921
3817,5nitro2ampyridine_cation->neut (+1 -> +0),2.78,2.77785292457098,0.002147075429019818
3818,5cl1me21hpyridinimine_cation->neut (+1 -> +0),12.3,12.085411974236079,0.21458802576392166
3819,5cl3ohpyridine_cation->neut (+1 -> +0),0.01,0.18774759150221065,0.17774759150221064
3820,5cl3ohpyridine_neut->an (+0 -> -1),10.03,10.016611213731805,0.013388786268194508
3821,5cl2meampyridine_cation->neut (+1 -> +0),5.11,4.672637707310046,0.4373622926899543
3822,1me5cn12dih2iminopyridine_cation->neut (+1 -> +0),10.2,10.044192079894565,0.15580792010543476
3823,35dicl12dih2iminopyridine_cation->neut (+1 -> +0),10.14,9.658121173003764,0.48187882699623685
3824,35dicl2meampyridine_cation->neut (+1 -> +0),3.01,3.048617062413653,0.03861706241365326
3825,3nitro2meampyridine_cation->neut (+1 -> +0),2.41,2.0884849766451765,0.3215150233548236
3826,5nitro2meampyridine_cation->neut (+1 -> +0),2.74,2.692742259086838,0.04725774091316204
3827,5br146trime12dih2iminopyrimidine_cation->neut (+1 -> +0),11.0,10.42716986895855,0.5728301310414494
3828,5bromo46trime2ampyrimidine_cation->neut (+1 -> +0),3.52,3.503888914063361,0.016111085936639125
3829,1me2meimino12dihpyrimidine_cation->neut (+1 -> +0),11.69,11.782144891208674,0.0921448912086742
3830,4tbu2ampyrimidine_cation->neut (+1 -> +0),4.58,4.481548271764963,0.09845172823503745
3831,5carbamoyl4me2ampyrimidine_cation->neut (+1 -> +0),2.6,2.566977120436408,0.03302287956359207
3832,1me5br4tbu12dih2imino_cation->neut (+1 -> +0),11.17,10.451926246146435,0.7180737538535649
3833,5br14dime12dih2imino_cation->neut (+1 -> +0),10.28,10.731122567685652,0.45112256768565295
3834,4tbu1me12dih2imino_cation->neut (+1 -> +0),11.64,11.839526643319097,0.1995266433190963
3835,4tbu1me12dih2oxopyrimidine_cation->neut (+1 -> +0),2.9,2.9806073233822215,0.08060732338222154
3836,4tbu2ohpyrimidine_cation->neut (+1 -> +0),2.78,2.936130935847248,0.15613093584724824
3837,4tbu2ohpyrimidine_neut->an (+0 -> -1),10.29,9.755831374436127,0.534168625563872
3838,5carbm14dime12dih2oxopyirimidine_cation->neut (+1 -> +0),1.76,2.2552218643652795,0.4952218643652795
3839,5carbm14dime12dih2iminopyrimidine_cation->neut (+1 -> +0),9.5,9.670835489325313,0.170835489325313
3840,14dime12dih2iminopyrimidine_cation->neut (+1 -> +0),11.05,11.38367913720641,0.33367913720640985
3841,1methoxy2pyridonimin_cation->neut (+1 -> +0),12.4,11.433088336845188,0.9669116631548125
3842,3aminomethylpyridine_cation->neut (+1 -> +0),8.04,8.743770960459585,0.7037709604595861
3843,2acteylimino12dihydro1mepyridine_cation->neut (+1 -> +0),7.12,7.584380203934189,0.4643802039341889
3844,4acteylimino14dihydro1mepyridine_cation->neut (+1 -> +0),11.03,10.803934534783386,0.22606546521661386
3845,trimethylanilinoxid_cation->neut (+1 -> +0),4.78,4.497575277518862,0.2824247224811378
3846,nndimethyltoluidinnoxid_cation->neut (+1 -> +0),4.32,4.242518878047998,0.07748112195200196
3847,nndimethylanilineoxid_cation->neut (+1 -> +0),4.21,4.815478426990317,0.6054784269903166
3848,1benzylpyrrolidine_cation->neut (+1 -> +0),9.51,8.960245408091595,0.549754591908405
3849,2benzylpyrrolidine_cation->neut (+1 -> +0),10.31,10.148989869461408,0.16101013053859248
3850,1cyanomethylpyrrolidine_cation->neut (+1 -> +0),4.8,4.5030507546602445,0.2969492453397553
3851,1cyclohexylpyrroline_cation->neut (+1 -> +0),10.7,10.450406435415454,0.2495935645845453
3852,1phenylpyrrolidine_cation->neut (+1 -> +0),4.3,3.8385956258419194,0.46140437415808044
3853,1me2phpyrrolidine_cation->neut (+1 -> +0),8.8,8.758390496101502,0.041609503898499156
3854,2phenylpyrrolidine_cation->neut (+1 -> +0),9.6,9.529580629892612,0.07041937010738764
3855,1ptolylpyrrolidine_cation->neut (+1 -> +0),4.7,4.392890966500179,0.3071090334998212
3856,22thienylpyrrolidine_cation->neut (+1 -> +0),9.35,8.985437931258797,0.36456206874120234
3857,2pmethoxyphenyl1mepyrrolidine_cation->neut (+1 -> +0),8.9,9.14866031432246,0.24866031432245883
3858,2thiophenemethylamine_cation->neut (+1 -> +0),8.92,8.730279894753835,0.189720105246165
3859,4aminomethylimidazole_2cation->cation (+2 -> +1),4.71,4.468922397744777,0.24107760225522323
3860,4aminomethylimidazole_cation->neut (+1 -> +0),9.37,8.500500767370712,0.8694992326292876
3861,45diphenylimidazole_cation->neut (+1 -> +0),5.9,5.711706990767822,0.1882930092321784
3862,45diphenylimidazole_neut->an (+0 -> -1),12.8,12.156886848572064,0.6431131514279365
3863,1ethylimidazole_cation->neut (+1 -> +0),7.3,7.078594126333725,0.22140587366627518
3864,2ethylimidazole_cation->neut (+1 -> +0),8.0,7.921389093984922,0.07861090601507836
3865,imidazole4methanol_cation->neut (+1 -> +0),6.385,6.505819516029887,0.12081951602988728
3866,22bimidazole_cation->neut (+1 -> +0),4.53,5.575052084226745,1.0450520842267448
3867,4methylimidazole_cation->neut (+1 -> +0),7.518,7.531647056923292,0.013647056923292489
3868,42pyridilimidazole_2cation->cation (+2 -> +1),1.33,0.9004817833277752,0.4295182166722249
3869,42pyridilimidazole_cation->neut (+1 -> +0),5.492,6.092567457485669,0.6005674574856688
3870,2naptholeimidazolin2yl_cation->neut (+1 -> +0),7.01,6.398078775140867,0.6119212248591328
3871,2naptholeimidazolin2yl_neut->an (+0 -> -1),10.85,10.23944301018789,0.6105569898121104
3872,2phenolimidazolin2yl_cation->neut (+1 -> +0),6.63,5.303721065976371,1.3262789340236285
3873,2phenolimidazolin2yl_neut->an (+0 -> -1),12.58,12.610701825401453,0.03070182540145261
3874,nallylmorpholine_cation->neut (+1 -> +0),7.02,7.086820403920375,0.06682040392037525
3875,nethylmorpholine_cation->neut (+1 -> +0),7.67,8.26668999314754,0.5966899931475407
3876,nicotone_cation->neut (+1 -> +0),4.21,4.992099012044367,0.7820990120443669
3877,1benzoyl4methylpyperazine_cation->neut (+1 -> +0),6.78,6.996392901311705,0.2163929013117052
3878,cyclizine_cation->neut (+1 -> +0),8.16,7.879312642149271,0.28068735785072896
3879,3am56dimepyrazine2carboxylic_neut->an (+0 -> -1),4.48,5.091456076612658,0.611456076612658
3880,3am2pyrazinecarboxylic_neut->an (+0 -> -1),3.7,3.7993974686955143,0.09939746869551414
3881,pyrazine2amidino3meam_cation->neut (+1 -> +0),8.96,8.694685341757591,0.26531465824240996
3882,pyrazine2amidino3meam56dime_cation->neut (+1 -> +0),9.43,9.256203748946119,0.17379625105388108
3883,56dime3meampyrazinamide_cation->neut (+1 -> +0),2.68,2.209816926171892,0.4701830738281081
3884,3methylaminopyrazinamide_cation->neut (+1 -> +0),2.09,2.246133757501874,0.1561337575018742
3885,2mercaptopyrazine_cation->neut (+1 -> +0),-0.24,-0.4646297171552627,0.2246297171552627
3886,2mercaptopyrazine_neut->an (+0 -> -1),6.75,6.589920858932555,0.16007914106744536
3887,1methyl2hpyrazine2thione_cation->neut (+1 -> +0),-0.18,-0.30183199190837495,0.12183199190837496
3888,pyrazine245dimepyrimidin2yl3meam_cation->neut (+1 -> +0),2.9,4.5168299306258195,1.6168299306258196
3889,3me1ph1Hpyrazol5ol_cation->neut (+1 -> +0),1.42,0.8305273933413764,0.5894726066586236
3890,3me1ph1Hpyrazol5ol_neut->an (+0 -> -1),7.17,7.757426423005036,0.5874264230050361
3891,3am44dime1Hpyrazol5one_cation->neut (+1 -> +0),2.1,2.204942671508266,0.10494267150826575
3892,3am1Hpyrazol5one_cation->neut (+1 -> +0),2.9,2.0820084937333103,0.8179915062666896
3893,3am1ph2pyrazolin5one_cation->neut (+1 -> +0),1.2,1.2005361993947785,0.0005361993947785582
3894,3ethylpyridazine_cation->neut (+1 -> +0),3.58,3.360220218811061,0.21977978118893926
3895,3aminopyridazine_cation->neut (+1 -> +0),5.19,5.16031318003326,0.029686819966740607
3896,4aminopyridazine_cation->neut (+1 -> +0),6.65,6.246490306923403,0.40350969307659756
3897,3amino6mepyridazine_cation->neut (+1 -> +0),5.29,5.856707729812,0.5667077298120002
3898,14dih1me4thiopyridazine_cation->neut (+1 -> +0),-0.83,-0.5600938235862332,0.2699061764137668
3899,3et6mepyridazine_cation->neut (+1 -> +0),4.17,4.409370446167548,0.23937044616754832
3900,4et3mepyridazine_cation->neut (+1 -> +0),4.03,4.184977456964742,0.1549774569647422
3901,3methylpyridazine_cation->neut (+1 -> +0),3.46,3.476423529897004,0.01642352989700413
3902,4methylpyridazine_cation->neut (+1 -> +0),3.53,3.44876316484432,0.08123683515567981
3903,3mercaptopyridazine_neut->an (+0 -> -1),8.32,8.597291630724584,0.2772916307245836
3904,4mercaptopyridazine_neut->an (+0 -> -1),6.65,6.937399669639467,0.2873996696394663
3905,3456tetramepyridazine_cation->neut (+1 -> +0),5.36,6.094547914447625,0.7345479144476244
3906,346trimethylpyridazine_cation->neut (+1 -> +0),4.81,4.7440156773517534,0.06598432264824616
3907,5amme2mepyrimidin4amine_2cation->cation (+2 -> +1),5.15,5.386484266092675,0.23648426609267492
3908,5amme2mepyrimidin4amine_cation->neut (+1 -> +0),8.24,8.612094354214555,0.37209435421455517
3909,4am24chloroanilino6mepyrimidine_cation->neut (+1 -> +0),6.6,5.8470441092655605,0.7529558907344391
3910,6cl2nme24diampyrimidin_cation->neut (+1 -> +0),3.79,3.867939297274794,0.07793929727479387
3911,2am4cl16dih6imin1mepyrimidine_cation->neut (+1 -> +0),9.87,10.26098236037232,0.3909823603723215
3912,4am15dimepyrimidin2one_cation->neut (+1 -> +0),4.69,4.507091466376828,0.1829085336231726
3913,2am14dih4imino1mepyrimidine_cation->neut (+1 -> +0),12.9,12.850389086263725,0.049610913736275464
3914,6im1me16dih4ampyrimidin_cation->neut (+1 -> +0),12.7,12.68006082805037,0.019939171949628687
3915,nmethyl5nitrocitosine_cation->neut (+1 -> +0),1.35,1.4411102834327645,0.0911102834327644
3916,6am3mepyrimidin4one_cation->neut (+1 -> +0),0.98,1.2023084520473537,0.22230845204735372
3917,n4n4dimethylpyrimidine24diamine_cation->neut (+1 -> +0),7.94,7.808267083349354,0.13173291665064646
3918,5methylcytosine_cation->neut (+1 -> +0),4.6,4.630529888057809,0.030529888057809096
3919,5methylcytosine_neut->an (+0 -> -1),12.4,12.367007106337894,0.032992893662106226
3920,6am2meampyrimidin4ol_cation->neut (+1 -> +0),3.2,3.227366992488255,0.027366992488254915
3921,6am2meampyrimidin4ol_neut->an (+0 -> -1),11.06,10.99941189418589,0.06058810581411045
3922,4am6methoxpyrimidine_cation->neut (+1 -> +0),4.0,4.226638937882418,0.2266389378824183
3923,5am4mepyrimidine_cation->neut (+1 -> +0),3.06,3.165312910169259,0.10531291016925914
3924,n2me24diampyrimidine_cation->neut (+1 -> +0),7.53,7.677880489425235,0.14788048942523435
3925,4nme46diampyrimidine_cation->neut (+1 -> +0),6.3,6.101695975082336,0.19830402491766375
3926,n4methyl5nitropyrimidine46diam_cation->neut (+1 -> +0),2.73,2.7295554746936377,0.0004445253063622978
3927,4am5trifluroacetamidopyrimidine_cation->neut (+1 -> +0),3.91,4.103083590117676,0.19308359011767617
3928,46bidimethyulaminopyrimidine_cation->neut (+1 -> +0),6.34,6.609980796977713,0.2699807969777135
3929,n4n6dime46diampyrimidine_cation->neut (+1 -> +0),6.32,6.924661034465538,0.6046610344655381
3930,1me5bruracyl_neut->an (+0 -> -1),7.84,8.834351129369502,0.9943511293695018
3931,5br1me21hpyrimidine_cation->neut (+1 -> +0),9.91,9.969787981029885,0.05978798102988492
3932,5bromouracyl_neut->an (+0 -> -1),7.83,7.938036176656242,0.10803617665624188
3933,2carboxypyrimidine_cation->neut (+1 -> +0),-1.13,-0.5736672111885204,0.5563327888114795
3934,2carboxypyrimidine_neut->an (+0 -> -1),2.85,3.361975392227663,0.5119753922276629
3935,6hdyroxypyrimidine4carbox_neut->an (+0 -> -1),2.8,2.5118955909782317,0.28810440902176815
3936,6hdyroxypyrimidine4carbox_an->2an (-1 -> -2),8.4,8.848436017574482,0.4484360175744815
3937,24diaminopyrimidine_cation->neut (+1 -> +0),7.4,7.7847807935693885,0.3847807935693881
3938,25diaminopyrimidine_cation->neut (+1 -> +0),3.93,3.7242142941860825,0.20578570581391764
3939,45diaminopyrimidine_cation->neut (+1 -> +0),6.0,6.041279538125521,0.04127953812552132
3940,2cl45diampyrimidine_cation->neut (+1 -> +0),2.63,2.5734717022213216,0.056528297778678294
3941,56diam3mepyrimidin43hone_cation->neut (+1 -> +0),3.42,4.654607425276345,1.2346074252763453
3942,25diamino46dihydroxypyrimidine_neut->an (+0 -> -1),8.9,7.367013022921643,1.532986977078357
3943,6oh24diampyrimidine_cation->neut (+1 -> +0),3.3,3.0206837990579185,0.2793162009420813
3944,6oh24diampyrimidine_neut->an (+0 -> -1),10.8,11.083296031278527,0.28329603127852643
3945,46diamino2hydroxypyrimidine_cation->neut (+1 -> +0),6.56,6.549790948185478,0.010209051814521253
3946,46diamino2hydroxypyrimidine_neut->an (+0 -> -1),11.98,11.224994906678203,0.7550050933217971
3947,26diamino5me1hpyrimidin4one_cation->neut (+1 -> +0),3.58,3.7750935342025302,0.19509353420253017
3948,26diamino5me1hpyrimidin4one_neut->an (+0 -> -1),11.1,11.04491288030472,0.055087119695279796
3949,45diaminopyrimidine2thiol_cation->neut (+1 -> +0),2.93,2.539361282698626,0.39063871730137434
3950,45diaminopyrimidine2thiol_neut->an (+0 -> -1),10.42,10.83402408395772,0.4140240839577203
3951,6methylS24pyrimidinediamine_cation->neut (+1 -> +0),5.44,5.337467270857726,0.10253272914227463
3952,2methylS45pyrimidinediamine_cation->neut (+1 -> +0),5.03,4.924756048631913,0.10524395136808717
3953,36dime2mehylthiopyrimidin43hone_cation->neut (+1 -> +0),0.9,1.1878746760708712,0.28787467607087114
3954,1dimepyrimidin21hone_cation->neut (+1 -> +0),3.21,3.353203809599453,0.143203809599453
3955,2imino1me12dihpyrimidine_cation->neut (+1 -> +0),10.71,10.93334565304955,0.2233456530495488
3956,4imino1me14dihpyrimidine_cation->neut (+1 -> +0),12.18,12.571469804998854,0.3914698049988541
3957,4imino1me2meam14dihpyrimidine_cation->neut (+1 -> +0),14.0,13.616184411514297,0.3838155884857031
3958,4imino1me2methio14dihydropyirimidine_cation->neut (+1 -> +0),12.43,12.665649689646116,0.23564968964611666
3959,146trime1ihpyrimidinimine_cation->neut (+1 -> +0),11.52,11.305094712897144,0.21490528710285517
3960,4meo1me2pyrimidionne_cation->neut (+1 -> +0),0.65,1.0595453736442524,0.40954537364425236
3961,4meam1me2pyrimidionne_cation->neut (+1 -> +0),4.47,4.338613181685827,0.13138681831417287
3962,3me43hpyrimidinone_cation->neut (+1 -> +0),1.79,1.7798959939286139,0.010104006071386173
3963,1me12dihydropyrimidine2thione_cation->neut (+1 -> +0),1.66,2.0439585853877853,0.3839585853877854
3964,1me14dihydropyrimidine4thione_cation->neut (+1 -> +0),1.16,1.7638686718811707,0.6038686718811708
3965,3mepyrimidine43hthione_cation->neut (+1 -> +0),0.56,0.8555064151415763,0.2955064151415763
3966,146trimepyridin31hone_cation->neut (+1 -> +0),3.9,4.283693329861285,0.38369332986128546
3967,146trimepyridin31hthione_cation->neut (+1 -> +0),3.06,2.8673182473703847,0.1926817526296154
3968,5hydroxypyrimidine43hone_cation->neut (+1 -> +0),1.99,2.109080204449005,0.11908020444900491
3969,5hydroxypyrimidine43hone_neut->an (+0 -> -1),7.52,7.639799431617237,0.1197994316172375
3970,5hydroxypyrimidine43hone_an->2an (-1 -> -2),11.69,11.353789419737282,0.33621058026271733
3971,46dimepyrimidine_cation->neut (+1 -> +0),2.7,2.897451967196641,0.19745196719664104
3972,6methyluracil_neut->an (+0 -> -1),9.8,9.22863782851572,0.5713621714842816
3973,4dime12dih2im1me_cation->neut (+1 -> +0),13.69,13.273446392184352,0.4165536078156471
3974,nndimethylcitosine_cation->neut (+1 -> +0),4.21,4.477863029149258,0.2678630291492583
3975,n4n4n6trime26diampyrimidine_cation->neut (+1 -> +0),6.37,7.163353465508442,0.7933534655084422
3976,4dimeam2meampyrimidine_cation->neut (+1 -> +0),8.1,8.553532198238258,0.45353219823825874
3977,1et12dih2iminopyrimidine_cation->neut (+1 -> +0),10.92,10.954294784305745,0.03429478430574484
3978,5et1me21hpyrimidinimine_cation->neut (+1 -> +0),11.45,11.347230525067195,0.10276947493280453
3979,5etnmethypyrimidin2amine_cation->neut (+1 -> +0),4.29,4.153356886307034,0.13664311369296644
3980,5fluro6methylaminopyrimidin21hone_cation->neut (+1 -> +0),2.66,2.8401816033254006,0.18018160332540045
3981,5hydroxypyrimidine_cation->neut (+1 -> +0),1.85,1.6557330813410402,0.19426691865895984
3982,5hydroxypyrimidine_neut->an (+0 -> -1),6.8,7.399075011247739,0.5990750112477388
3983,5methoxypyrimidin4ol_cation->neut (+1 -> +0),1.75,1.2609152354043456,0.4890847645956544
3984,5methoxypyrimidin4ol_neut->an (+0 -> -1),8.64,7.749306671215561,0.8906933287844394
3985,2methoxy6mepyrimidin41hone_neut->an (+0 -> -1),8.5,8.215174538923769,0.2848254610762311
3986,4mepyrimidin2ol_cation->neut (+1 -> +0),3.06,2.5835999946704815,0.47640000532951854
3987,4mepyrimidin2ol_neut->an (+0 -> -1),9.9,9.885029824023674,0.014970175976326772
3988,4hydroxy6methylpyrimidine_cation->neut (+1 -> +0),2.06,2.181905509242041,0.12190550924204091
3989,4hydroxy6methylpyrimidine_neut->an (+0 -> -1),9.1,9.118913777261938,0.01891377726193788
3990,n4methylcytosine_cation->neut (+1 -> +0),4.53,4.47364423740714,0.056355762592859904
3991,4oh2meampyrimidine_cation->neut (+1 -> +0),3.9,4.085898440178935,0.18589844017893542
3992,4oh2meampyrimidine_neut->an (+0 -> -1),9.84,9.514696582217056,0.32530341778294414
3993,45dime2mercaptopyrimidine_cation->neut (+1 -> +0),2.8,2.729461419919123,0.07053858008087666
3994,45dime2mercaptopyrimidine_neut->an (+0 -> -1),8.5,8.546142680129886,0.046142680129886315
3995,4me2mercaptopyrimidine_cation->neut (+1 -> +0),2.1,2.1811751562666304,0.0811751562666303
3996,4me2mercaptopyrimidine_neut->an (+0 -> -1),8.1,7.89752663708156,0.20247336291843965
3997,6me4mercaptopyrimidine_cation->neut (+1 -> +0),1.8,0.8134486942668033,0.9865513057331967
3998,6me4mercaptopyrimidine_neut->an (+0 -> -1),7.3,7.273948171892339,0.02605182810766049
3999,2mercapto4meampyrimidine_cation->neut (+1 -> +0),3.07,2.9100703627546505,0.15992963724534937
4000,2mercapto4meampyrimidine_neut->an (+0 -> -1),11.12,11.182234107369137,0.0622341073691377
4001,mepyrimidine2carboxylate_cation->neut (+1 -> +0),-0.68,-0.18162447196710474,0.4983755280328953
4002,4methhoxy6methylpyrimidine_cation->neut (+1 -> +0),3.56,3.494156445198448,0.0658435548015519
4003,pyridine2methylamine_cation->neut (+1 -> +0),3.79,3.881418257865766,0.09141825786576607
4004,nmethylpyrimidin4amine_cation->neut (+1 -> +0),6.09,7.023078397948662,0.9330783979486625
4005,4me2methiopyrimidine_cation->neut (+1 -> +0),1.86,1.715188074049684,0.144811925950316
4006,4m6methiopyrimidine_cation->neut (+1 -> +0),3.16,3.1214825174831775,0.03851748251682263
4007,2methiopyrimidine_cation->neut (+1 -> +0),0.59,0.6317720913408564,0.041772091340856465
4008,4methiopyrimidine_cation->neut (+1 -> +0),2.41,2.51012373348423,0.10012373348422976
4009,4imino13dime34dihpyrimidin21hone_cation->neut (+1 -> +0),9.4,9.731611939458123,0.3316119394581225
4010,245triaminepyrimidine_2cation->cation (+2 -> +1),2.5,1.282580070648467,1.217419929351533
4011,245triaminepyrimidine_cation->neut (+1 -> +0),7.6,7.509387081616002,0.09061291838399743
4012,2me56dih4H13thiazine_cation->neut (+1 -> +0),7.6,7.391276357252321,0.20872364274767907
4013,5carbamoylthiazole_cation->neut (+1 -> +0),0.6,0.4680763481018735,0.1319236518981265
4014,3methyl13thiazol23himine_cation->neut (+1 -> +0),9.61,8.788061231471197,0.8219387685288027
4015,methylthiazolidine4carboxylate_cation->neut (+1 -> +0),3.84,3.511841689080069,0.32815831091993086
4016,5ph124thiadiazol3amine_cation->neut (+1 -> +0),0.1,0.6023158845533834,0.5023158845533834
4017,3ph124thiadiazol5amine_cation->neut (+1 -> +0),1.4,1.2601462131601329,0.13985378683986704
4018,5ph124thiadiazol2amine_cation->neut (+1 -> +0),2.9,2.9546012202725827,0.05460122027258274
4019,nme5ph134thiadiazol2amine_cation->neut (+1 -> +0),2.8,3.2978980584181468,0.49789805841814694
4020,aminoisodibutiric_cation->neut (+1 -> +0),2.357,2.0890976120148483,0.26790238798515187
4021,aminoisodibutiric_neut->an (+0 -> -1),10.205,10.15537384975293,0.049626150247069845
4022,2aminonaphtalene5sulfonic_neut->an (+0 -> -1),3.96,4.108869492712859,0.14886949271285932
4023,2aminonaphtalene7sulfonic_neut->an (+0 -> -1),3.95,4.1029113292210555,0.15291132922105533
4024,356trimethyltriazine_cation->neut (+1 -> +0),2.85,2.2880992839246375,0.5619007160753626
4025,triazine2amino56dimethyl_cation->neut (+1 -> +0),3.56,4.434857750944713,0.8748577509447126
4026,135triazine24diamino_cation->neut (+1 -> +0),3.91,4.147813290897259,0.23781329089725922
4027,124triazole35dimethyl_cation->neut (+1 -> +0),3.79,3.994764883238286,0.204764883238286
4028,2aminoindole_cation->neut (+1 -> +0),8.15,8.502145123173987,0.3521451231739867
4029,2amino1methylindole_cation->neut (+1 -> +0),9.6,7.691675648340696,1.9083243516593038
4030,2imino133trimeindoline_cation->neut (+1 -> +0),9.25,10.410776175774792,1.1607761757747923
4031,26dih2me6oxoisoquinoline_cation->neut (+1 -> +0),5.99,6.058157118754562,0.06815711875456198
4032,28dih2me8oxoisoquinoline_cation->neut (+1 -> +0),5.78,5.780590948761457,0.0005909487614568221
4033,isoquinoline3hydroxy_cation->neut (+1 -> +0),2.18,2.0838590733499,0.09614092665010032
4034,isoquinoline3hydroxy_neut->an (+0 -> -1),9.62,9.688230737259289,0.06823073725928985
4035,2methyl4isoquinolone_cation->neut (+1 -> +0),4.9,5.658646088433972,0.7586460884339719
4036,isoquinolonenoxide_cation->neut (+1 -> +0),1.01,0.6514843419617655,0.3585156580382345
4037,pclbenz24diam135triazine_cation->neut (+1 -> +0),3.97,4.158035965131433,0.18803596513143317
4038,24diaminoquinazoline_cation->neut (+1 -> +0),7.96,8.072489172341946,0.11248917234194611
4039,58dicl24diaminoquinazoline_cation->neut (+1 -> +0),6.07,5.798056779622617,0.2719432203773833
4040,8et24diaminoquinazoline_cation->neut (+1 -> +0),8.29,8.188393777753028,0.10160622224697136
4041,24diam138triazanaphtalene_cation->neut (+1 -> +0),6.62,6.594399543968643,0.02560045603135741
4042,57diamthiazolo54dpyrimidine_cation->neut (+1 -> +0),3.89,3.687883719234417,0.20211628076558297
4043,26diam8azapurine_cation->neut (+1 -> +0),3.68,4.224382410566538,0.5443824105665382
4044,26diam8azapurine_neut->an (+0 -> -1),7.58,7.106906151809545,0.4730938481904552
4045,2am10hpyrimido54b14benzothiazine_cation->neut (+1 -> +0),5.71,4.990223251975321,0.7197767480246791
4046,24diam10hpyrimido54b14benzothiazine_cation->neut (+1 -> +0),4.99,4.54009466721097,0.44990533278903033
4047,24diam5benzoylpyrimidine_cation->neut (+1 -> +0),4.63,4.999880721948867,0.3698807219488671
4048,24diam5benzylpyrimidine_cation->neut (+1 -> +0),7.27,7.338429619451299,0.06842961945129922
4049,24diam6me5benzylpyrimidine_cation->neut (+1 -> +0),7.62,8.183699780138365,0.5636997801383652
4050,5br24diampyrimidine_cation->neut (+1 -> +0),5.6,5.435839607203544,0.16416039279645567
4051,5obrphenyl24diampyrimidine_cation->neut (+1 -> +0),6.7,6.772594782835505,0.07259478283550447
4052,4carboxam26diampyrimidine_cation->neut (+1 -> +0),4.9,4.573354432467497,0.32664556753250373
4053,24diam5carboxpyrimidine_cation->neut (+1 -> +0),2.94,2.729862120478513,0.21013787952148677
4054,24diam5carboxpyrimidine_neut->an (+0 -> -1),6.79,6.789900182196221,9.981780377898986e-05
4055,5cl24diampyrimidine_cation->neut (+1 -> +0),5.52,5.708134473370156,0.1881344733701562
4056,6cl24diampyrimidine_cation->neut (+1 -> +0),3.6,3.709905778572648,0.10990577857264805
4057,5pclbenzoyl24diampyrimidine_cation->neut (+1 -> +0),4.58,4.3180084202224736,0.2619915797775265
4058,5pclbenzyl24diampyrimidine_cation->neut (+1 -> +0),7.17,7.1495501818310006,0.02044981816899938
4059,5pclphenyl24diampyrimidine_cation->neut (+1 -> +0),6.79,6.781534473898536,0.008465526101463894
4060,3cyano24diampyrimidine_cation->neut (+1 -> +0),3.75,3.505280727151349,0.24471927284865114
4061,5pclphe6oh24diampyrimidine_cation->neut (+1 -> +0),3.06,3.0473419816906384,0.01265801830936164
4062,5pclphe6oh24diampyrimidine_neut->an (+0 -> -1),10.8,10.220884401013983,0.5791155989860179
4063,6mercapto24diampyrimidine_cation->neut (+1 -> +0),1.73,1.6462432235930153,0.08375677640698465
4064,6mercapto24diampyrimidine_neut->an (+0 -> -1),10.19,9.671831238221724,0.5181687617782753
4065,5meo24diampyrimidine_cation->neut (+1 -> +0),7.23,7.268563443405974,0.038563443405973175
4066,6methoxy24diampyrimidine_cation->neut (+1 -> +0),5.48,5.551516236743378,0.0715162367433777
4067,6methoxycarb24diampyrimidine_cation->neut (+1 -> +0),5.32,4.938079813145532,0.38192018685446794
4068,6me24diampyrimidine_cation->neut (+1 -> +0),7.63,7.810061891669986,0.1800618916699861
4069,5me24diampyrimidine_cation->neut (+1 -> +0),7.69,7.622474982487804,0.06752501751219597
4070,6me5ph24diampyrimidine_cation->neut (+1 -> +0),7.4,7.103099421880489,0.2969005781195113
4071,6me5phenox24diampyrimidine_cation->neut (+1 -> +0),6.47,6.5995914504082664,0.1295914504082667
4072,5nitro24diampyrimidine_cation->neut (+1 -> +0),2.58,2.114154486571784,0.46584551342821623
4073,5phenoxi24diampyrimidine_cation->neut (+1 -> +0),6.26,6.1745627623811155,0.08543723761888433
4074,6phenoxi24diampyrimidine_cation->neut (+1 -> +0),4.8,4.593727060142211,0.20627293985778916
4075,5ph24diampyrimidine_cation->neut (+1 -> +0),6.9,6.771604103923744,0.12839589607625612
4076,6ph24diampyrimidine_cation->neut (+1 -> +0),6.7,6.884913446397431,0.1849134463974309
4077,5ph6cf324diampyrimidine_cation->neut (+1 -> +0),3.25,3.1137634322693213,0.13623656773067871
4078,6mercapto24diam135triazine_cation->neut (+1 -> +0),3.6,3.5331819881794697,0.06681801182053038
4079,6mercapto24diam135triazine_neut->an (+0 -> -1),8.2,8.790574703175839,0.5905747031758395
4080,6me24diam135triazine_cation->neut (+1 -> +0),5.14,5.0706509707308145,0.06934902926918518
4081,6meam24diam135triazine_cation->neut (+1 -> +0),5.1,6.284191102648607,1.1841911026486072
4082,6phenox24diam135triazine_cation->neut (+1 -> +0),2.8,3.026385639199944,0.22638563919994414
4083,3am124triazine_cation->neut (+1 -> +0),4.1,2.89949032772447,1.2005096722755297
4084,3am56dime124triazine_cation->neut (+1 -> +0),3.7,4.168993468546999,0.46899346854699875
4085,2am135triazine_cation->neut (+1 -> +0),2.9,2.832447976422679,0.06755202357732104
4086,4oh6me2am135triazine_cation->neut (+1 -> +0),3.1,3.201135512473752,0.10113551247375208
4087,4oh6me2am135triazine_neut->an (+0 -> -1),9.2,9.542270063770633,0.3422700637706342
4088,4oh6ph2am135triazine_cation->neut (+1 -> +0),3.0,2.5311851419572458,0.46881485804275425
4089,4oh6ph2am135triazine_neut->an (+0 -> -1),8.1,8.662190843584991,0.5621908435849914
4090,2tebuindolizine_cation->neut (+1 -> +0),5.6,6.051006001549395,0.45100600154939574
4091,12dimeindolizine_cation->neut (+1 -> +0),7.32,6.776406618243864,0.5435933817561365
4092,23dimeindolizine_cation->neut (+1 -> +0),5.43,5.5806032521056785,0.15060325210567882
4093,25dimeindolizine_cation->neut (+1 -> +0),6.83,6.588348307853827,0.24165169214617332
4094,2meindolizine_cation->neut (+1 -> +0),5.87,6.177468824818275,0.3074688248182751
4095,35dimeindolizine_cation->neut (+1 -> +0),6.44,5.25353204728484,1.1864679527151605
4096,37dimeindolizine_cation->neut (+1 -> +0),5.34,4.352816024760346,0.9871839752396543
4097,3meindolizine_cation->neut (+1 -> +0),3.85,4.21483123477897,0.3648312347789697
4098,5meindolizine_cation->neut (+1 -> +0),5.04,5.009212679727604,0.03078732027239628
4099,6meindolizine_cation->neut (+1 -> +0),4.81,4.774863633746785,0.03513636625321492
4100,7meindolizine_cation->neut (+1 -> +0),5.41,5.1107261749654445,0.2992738250345557
4101,123trimeindolizine_cation->neut (+1 -> +0),6.67,6.609961546659277,0.060038453340722775
4102,13adiazaindene_cation->neut (+1 -> +0),6.79,6.945527376642015,0.15552737664201466
4103,4me17diazaindene_cation->neut (+1 -> +0),5.18,5.157288118189346,0.022711881810653978
4104,5me17diazaindene_cation->neut (+1 -> +0),4.86,4.91357032518353,0.053570325183529555
4105,6me17diazaindene_cation->neut (+1 -> +0),5.13,4.918125824469752,0.211874175530248
4106,17adiazaindene_cation->neut (+1 -> +0),1.43,1.672452142502439,0.24245214250243907
4107,23adiazaindene_cation->neut (+1 -> +0),5.54,5.487754440442372,0.052245559557627885
4108,3me124triazole_cation->neut (+1 -> +0),3.28,3.0914742031668796,0.1885257968331202
4109,3me124triazole_neut->an (+0 -> -1),10.73,10.744678192450557,0.014678192450556793
4110,3ph124triazole_cation->neut (+1 -> +0),2.05,2.0157056866097722,0.03429431339022759
4111,3ph124triazole_neut->an (+0 -> -1),9.59,9.725668682560851,0.1356686825608513
4112,3et124triazole_cation->neut (+1 -> +0),3.2,3.2507290769626644,0.050729076962664266
4113,3et124triazole_neut->an (+0 -> -1),10.69,10.747283186293679,0.05728318629367912
4114,35diam124triazole_cation->neut (+1 -> +0),4.43,4.203938248316678,0.22606175168332143
4115,35diam124triazole_neut->an (+0 -> -1),12.12,12.122439783637876,0.002439783637877113
4116,125dime13oxazol4ylethanone_cation->neut (+1 -> +0),0.2,0.05550904488010033,0.14449095511989968
4117,4me5actyloxazole_cation->neut (+1 -> +0),-0.97,-0.5740565763558996,0.3959434236441004
4118,4carboxy25dimethyloxazole_cation->neut (+1 -> +0),0.27,-0.053670821877545016,0.32367082187754503
4119,4carboxy25dimethyloxazole_neut->an (+0 -> -1),4.17,3.7054356196071554,0.46456438039284453
4120,5carboxy24dimethyloxazole_cation->neut (+1 -> +0),0.38,0.6663676207746629,0.28636762077466293
4121,5carboxy24dimethyloxazole_neut->an (+0 -> -1),3.08,3.3579403709219173,0.27794037092191726
4122,4carboxy25diphenyloxazole_cation->neut (+1 -> +0),-1.32,-1.3431841572450827,0.023184157245082604
4123,4carboxy25diphenyloxazole_neut->an (+0 -> -1),3.4,3.935065752798682,0.535065752798682
4124,4carboxy2methyloxazole_cation->neut (+1 -> +0),-0.66,-0.8708673607997763,0.2108673607997763
4125,4carboxy2methyloxazole_neut->an (+0 -> -1),3.59,3.7633033239977705,0.1733033239977706
4126,5carboxy4methyloxazole_cation->neut (+1 -> +0),-0.72,-0.5355085396735575,0.18449146032644248
4127,5carboxy4methyloxazole_neut->an (+0 -> -1),2.88,3.115307522979192,0.2353075229791921
4128,2carboxy5phenyloxazole_cation->neut (+1 -> +0),-1.87,-2.2501932342237634,0.3801932342237633
4129,2carboxy5phenyloxazole_neut->an (+0 -> -1),1.78,2.252909979122605,0.472909979122605
4130,24dimethyloxazole_cation->neut (+1 -> +0),2.86,3.0179455168620137,0.15794551686201386
4131,45dimethyloxazole_cation->neut (+1 -> +0),2.05,1.6484398503383177,0.4015601496616821
4132,24dime5pnitrophenyloxazole_cation->neut (+1 -> +0),1.69,2.0258444008050986,0.3358444008050987
4133,24dime5phenyloxazole_cation->neut (+1 -> +0),2.4,2.408401075814269,0.008401075814269188
4134,4me5methoxycarbonyloxazole_cation->neut (+1 -> +0),-1.0,-0.5112070211601116,0.48879297883988837
4135,5methoxyphenyloxazole_cation->neut (+1 -> +0),0.7,0.8002884899821217,0.1002884899821217
4136,4methyloxazole_cation->neut (+1 -> +0),1.24,1.6232345612835788,0.3832345612835788
4137,4me5pnitrophenyloxazole_cation->neut (+1 -> +0),0.39,0.5458477208847103,0.15584772088471033
4138,4me5phenyloxazole_cation->neut (+1 -> +0),1.09,1.5989844095776462,0.5089844095776461
4139,5phenyloxazole_cation->neut (+1 -> +0),0.26,0.5801972476586874,0.3201972476586874
4140,245trimeloxazole_cation->neut (+1 -> +0),3.51,3.6413357769040298,0.13133577690402998
4141,4bromopyrazole_cation->neut (+1 -> +0),0.64,1.009080141642312,0.36908014164231207
4142,4bromo13dimethylpyrazole_cation->neut (+1 -> +0),0.87,1.5191487923107667,0.6491487923107667
4143,4bromo15dimethylpyrazole_cation->neut (+1 -> +0),0.91,0.8909673078212892,0.01903269217871084
4144,4bromo35dimethylpyrazole_cation->neut (+1 -> +0),2.3,2.0452348422523574,0.2547651577476424
4145,5bromo13dimethylpyrazole_cation->neut (+1 -> +0),1.2,1.1518027752467903,0.048197224753209644
4146,4bromo1methylpyrazole_cation->neut (+1 -> +0),0.18,0.24687418091568603,0.06687418091568603
4147,4bromo135trimepyrazole_cation->neut (+1 -> +0),1.78,1.7659341455119,0.014065854488100049
4148,4bromo3mepyrazole_cation->neut (+1 -> +0),0.24,0.014797327622635414,0.22520267237736458
4149,4bromo35mepyrazole_cation->neut (+1 -> +0),1.46,1.4177933852506222,0.04220661474937781
4150,35bromo53mepyrazole_cation->neut (+1 -> +0),0.45,0.559630444739553,0.10963044473955302
4151,35chloropyrazole_cation->neut (+1 -> +0),-0.48,-0.7187984027057537,0.2387984027057537
4152,4chlorpyrazole_cation->neut (+1 -> +0),0.6,0.8544122034815258,0.2544122034815258
4153,4chlor35dimepyrazole_cation->neut (+1 -> +0),2.22,2.149103188912166,0.07089681108783408
4154,4chloro3ethylpyrazole_cation->neut (+1 -> +0),1.5,1.5101686935484029,0.010168693548402885
4155,35chloro53methylpyrazole_cation->neut (+1 -> +0),0.3,0.19812155230825912,0.10187844769174087
4156,4chloro35methylpyrazole_cation->neut (+1 -> +0),1.42,1.1365470563841118,0.28345294361588813
4157,4chloro35phenylpyrazole_cation->neut (+1 -> +0),0.26,0.0244477586598002,0.2355522413401998
4158,14dimetpyrazole_cation->neut (+1 -> +0),2.48,2.8117468731793283,0.33174687317932827
4159,15dimetpyrazole_cation->neut (+1 -> +0),2.89,3.1435606387023824,0.2535606387023823
4160,354dimetpyrazole_cation->neut (+1 -> +0),3.91,3.938772366687739,0.02877236668773886
4161,34dime35dinitrophenylpyrazole_cation->neut (+1 -> +0),-0.1,-0.300837940801876,0.20083794080187597
4162,35dime35dinitrophenylpyrazole_cation->neut (+1 -> +0),0.55,0.6681135823590649,0.11811358235906488
4163,45dime35dinitrophenylpyrazole_cation->neut (+1 -> +0),0.2,-0.32387344246096816,0.5238734424609681
4164,35dime4nitropyrazole_cation->neut (+1 -> +0),-0.46,-0.3432584473370701,0.1167415526629299
4165,34dime1pnitrophenylpyrazole_cation->neut (+1 -> +0),0.51,0.022412156650399417,0.4875878433496006
4166,35dime1pnitrophenylpyrazole_cation->neut (+1 -> +0),1.5,1.5097082187662005,0.009708218766200538
4167,45dime1pnitrophenylpyrazole_cation->neut (+1 -> +0),1.08,1.3281819457284998,0.24818194572849972
4168,354dime53phepyrazole_cation->neut (+1 -> +0),3.47,3.5074254490070986,0.03742544900709843
4169,1ethylpyrazole_cation->neut (+1 -> +0),2.0,2.4607907242983424,0.46079072429834245
4170,35ethylpyrazole_cation->neut (+1 -> +0),3.3,3.3773857011426713,0.07738570114267151
4171,4methylpyrazole_cation->neut (+1 -> +0),3.09,3.289447398016513,0.19944739801651323
4172,3me124dinitrophenylpyrazole_cation->neut (+1 -> +0),-0.28,-0.14226542206410375,0.13773457793589627
4173,4me124dinitrophenylpyrazole_cation->neut (+1 -> +0),-0.13,0.22533473511028568,0.3553347351102857
4174,3me1pnitrophenylpyrazole_cation->neut (+1 -> +0),0.14,0.6853106710398897,0.5453106710398897
4175,4me1pnitrophenylpyrazole_cation->neut (+1 -> +0),-0.16,-0.13912520655887928,0.020874793441120726
4176,5me1pnitrophenylpyrazole_cation->neut (+1 -> +0),0.62,0.5822516233450514,0.03774837665494857
4177,35me53phepyrazole_cation->neut (+1 -> +0),2.92,2.6696153796733277,0.2503846203266722
4178,4me3phepyrazole_cation->neut (+1 -> +0),2.68,2.4422240540230478,0.2377759459769524
4179,1pnitrophenylpyrazole_cation->neut (+1 -> +0),-0.65,-0.1535650682500398,0.49643493174996023
4180,1phenylpyrazole_cation->neut (+1 -> +0),0.44,0.8303547422394759,0.3903547422394759
4181,35phenylpyrazole_cation->neut (+1 -> +0),2.13,2.282439660550126,0.15243966055012592
4182,1345tetramepyrazole_cation->neut (+1 -> +0),4.27,4.051751894217969,0.21824810578203024
4183,135trimepyrazole_cation->neut (+1 -> +0),3.8,3.8303064009020495,0.030306400902049724
4184,345trimepyrazole_cation->neut (+1 -> +0),4.63,4.819624102456338,0.18962410245633787
4185,345trime1pnitrophepyrazole_cation->neut (+1 -> +0),1.87,1.6045795139945156,0.2654204860054845
4186,345trime124dinitrophepyrazole_cation->neut (+1 -> +0),0.7,0.8616354085985849,0.16163540859858494
4187,4567tetrahindazole_cation->neut (+1 -> +0),4.01,4.0290763002409715,0.019076300240971733
4188,3me4567tetrahindazole_cation->neut (+1 -> +0),4.65,4.323580161243352,0.3264198387566486
4189,4formyl123triazole_neut->an (+0 -> -1),6.63,6.15544600761329,0.4745539923867099
4190,4formyl1me123triazole_cation->neut (+1 -> +0),-0.59,-1.6446025272643459,1.054602527264346
4191,5cl246triampyrimidine_2cation->cation (+2 -> +1),-0.35,-0.5572818218448354,0.20728182184483546
4192,5cl246triampyrimidine_cation->neut (+1 -> +0),5.15,5.428288931978723,0.2782889319787225
4193,5br246triampyrimidine_2cation->cation (+2 -> +1),-0.3,-0.43594373627277605,0.13594373627277606
4194,5br246triampyrimidine_cation->neut (+1 -> +0),5.17,5.233904399572813,0.06390439957281302
4195,5nitro246triampyrimidine_cation->neut (+1 -> +0),3.22,3.605281581305947,0.3852815813059469
4196,pclphe246triampyrimidine_cation->neut (+1 -> +0),6.19,6.02407429927118,0.1659257007288204
4197,5clbenzimidazole_cation->neut (+1 -> +0),4.44,4.800550204598181,0.360550204598181
4198,5clbenzimidazole_neut->an (+0 -> -1),12.07,11.885503061182916,0.18449693881708384
4199,4clbenzimidazole_cation->neut (+1 -> +0),4.73,4.15436005624741,0.5756399437525905
4200,5brbenzimidazole_cation->neut (+1 -> +0),4.89,4.6564517103212,0.23354828967879993
4201,5brbenzimidazole_neut->an (+0 -> -1),12.02,11.999142528605471,0.020857471394528204
4202,4brbenzimidazole_cation->neut (+1 -> +0),4.7,4.133131046929042,0.5668689530709585
4203,5mebenzimidazole_cation->neut (+1 -> +0),5.78,5.792273362793286,0.012273362793285614
4204,5mebenzimidazole_neut->an (+0 -> -1),13.0,12.921935849773297,0.07806415022670343
4205,5cf3benzimidazole_cation->neut (+1 -> +0),4.22,4.272992367213599,0.05299236721359968
4206,5cf3benzimidazole_neut->an (+0 -> -1),11.72,11.336439755346927,0.3835602446530739
4207,2am123treiazolo5p4p54pyrimidine_neut->an (+0 -> -1),6.51,6.571244184952838,0.06124418495283823
4208,8azaguanine_cation->neut (+1 -> +0),1.04,0.9481022614141024,0.09189773858589767
4209,8azaguanine_neut->an (+0 -> -1),6.59,6.383227601675137,0.20677239832486283
4210,2am6me123triazolo5p4p54pyrimidine_cation->neut (+1 -> +0),1.97,1.839258776685221,0.1307412233147789
4211,2am6me123triazolo5p4p54pyrimidine_neut->an (+0 -> -1),6.63,6.6397857020531745,0.009785702053174639
4212,16dih123triazolo5p4p54pyrimidine_cation->neut (+1 -> +0),5.6,5.616609723315794,0.01660972331579469
4213,16dih123triazolo5p4p54pyrimidine_neut->an (+0 -> -1),8.97,9.182392997684492,0.21239299768449094
4214,2me16dih123triazolo5p4p54pyrimidine_cation->neut (+1 -> +0),6.16,6.364594465715525,0.20459446571552498
4215,2me16dih123triazolo5p4p54pyrimidine_neut->an (+0 -> -1),9.47,9.237582686868777,0.23241731313122393
4216,16dime123triazolo5p4p54pyrimidine_cation->neut (+1 -> +0),0.71,1.0105429588179637,0.3005429588179638
4217,2oh123triazolo5p4p54pyrimidine_an->2an (-1 -> -2),10.21,10.192030271766942,0.017969728233058646
4218,2oh6me123triazolo5p4p54pyrimidine_cation->neut (+1 -> +0),0.51,0.9211259664964135,0.41112596649641353
4219,2oh6me123triazolo5p4p54pyrimidine_neut->an (+0 -> -1),5.41,5.514765046843514,0.10476504684351351
4220,2oh6me123triazolo5p4p54pyrimidine_an>2an (-1 -> -2),10.83,11.024611323308314,0.19461132330831354
4221,1pme123triazolo5p4p54pyrimidine_cation->neut (+1 -> +0),0.32,0.37833170387082493,0.058331703870824925
4222,6me123triazolo5p4p54pyrimidine_cation->neut (+1 -> +0),0.74,1.2144650534955979,0.47446505349559787
4223,6me123triazolo5p4p54pyrimidine_neut->an (+0 -> -1),5.12,5.174547723569174,0.05454772356917381
4224,6me2mes123triazolo5p4p54pyrimidine_cation->neut (+1 -> +0),0.05,-0.42140417675682684,0.47140417675682683
4225,6me2mes123triazolo5p4p54pyrimidine_neut->an (+0 -> -1),5.45,5.4073207697922,0.04267923020780007
4226,2mes123triazolo5p4p54pyrimidine_cation->neut (+1 -> +0),-0.19,-0.7380292190296709,0.5480292190296709
4227,2mes123triazolo5p4p54pyrimidine_neut->an (+0 -> -1),5.23,5.0433099534015975,0.18669004659840294
4228,8azapurine_neut->an (+0 -> -1),4.89,5.2393775862939815,0.34937758629398186
4229,3me6meopurine_cation->neut (+1 -> +0),2.61,2.4472358764704163,0.16276412352958358
4230,3me6meopurine_neut->an (+0 -> -1),8.34,8.367612778332145,0.027612778332144927
4231,7me6ohpurine_cation->neut (+1 -> +0),2.12,2.24489280672005,0.12489280672004988
4232,7me6ohpurine_neut->an (+0 -> -1),9.0,9.185711762458778,0.1857117624587783
4233,6thio3me26dihpurine_cation->neut (+1 -> +0),1.69,1.8741541616608552,0.1841541616608553
4234,6thio3me26dihpurine_neut->an (+0 -> -1),7.51,7.922460063213162,0.4124600632131621
4235,2clpurine_cation->neut (+1 -> +0),0.69,1.1074797484354608,0.4174797484354609
4236,2clpurine_neut->an (+0 -> -1),8.21,8.007194370810872,0.20280562918912892
4237,6clpurine_cation->neut (+1 -> +0),0.45,0.3912963209215796,0.05870367907842039
4238,6clpurine_neut->an (+0 -> -1),7.88,7.830503979487158,0.04949602051284163
4239,8clpurine_cation->neut (+1 -> +0),1.77,1.7321282368093343,0.037871763190665764
4240,8clpurine_neut->an (+0 -> -1),6.02,6.14526694313459,0.12526694313459075
4241,2cl9mepurine_cation->neut (+1 -> +0),0.65,0.9853942341635413,0.3353942341635413
4242,6cl9mepurine_cation->neut (+1 -> +0),0.2,0.25681737760753,0.05681737760752997
4243,8cl9mepurine_cation->neut (+1 -> +0),2.0,2.0860865986748562,0.08608659867485624
4244,26diclpurine_neut->an (+0 -> -1),7.06,6.925240026448507,0.1347599735514926
4245,268triclpurine_neut->an (+0 -> -1),3.96,3.972824113157939,0.012824113157939188
4246,2cl4aminobenzoic_cation->neut (+1 -> +0),1.426,1.3173423416678958,0.10865765833210417
4247,2cl4aminobenzoic_neut->an (+0 -> -1),3.927,3.8565774830961184,0.07042251690388168
4248,2br4aminobenzoic_cation->neut (+1 -> +0),1.45,1.4173069538932639,0.03269304610673607
4249,2br4aminobenzoic_neut->an (+0 -> -1),3.853,4.021051335433151,0.1680513354331512
4250,3br4aminobenzoic_cation->neut (+1 -> +0),0.209,0.08366559297741905,0.12533440702258095
4251,3br4aminobenzoic_neut->an (+0 -> -1),4.316,4.669528147862815,0.35352814786281517
4252,26dicl4aminobenzoic_cation->neut (+1 -> +0),0.764,1.010069483614891,0.2460694836148909
4253,26dicl4aminobenzoic_neut->an (+0 -> -1),2.759,2.1687162800302424,0.5902837199697575
4254,26dibr4aminobenzoic_cation->neut (+1 -> +0),0.928,1.1729401234018138,0.2449401234018137
4255,26dibr4aminobenzoic_neut->an (+0 -> -1),2.75,2.570948722125447,0.179051277874553
4256,26dime4aminobenzoic_cation->neut (+1 -> +0),2.488,3.3236441796053375,0.8356441796053375
4257,26dime4aminobenzoic_neut->an (+0 -> -1),4.699,4.581361584906214,0.11763841509378548
4258,2nitro4aminobenzoic_cation->neut (+1 -> +0),0.527,0.9038149115249174,0.3768149115249174
4259,2nitro4aminobenzoic_neut->an (+0 -> -1),3.217,3.4305554006847183,0.21355540068471823
4260,2meo4aminobenzoic_cation->neut (+1 -> +0),1.801,1.6962720445644113,0.10472795543558866
4261,2meo4aminobenzoic_neut->an (+0 -> -1),5.098,6.321918587880384,1.2239185878803838
4262,29dime8mercaptopurine_cation->neut (+1 -> +0),2.82,2.9048126017832177,0.08481260178321781
4263,29dime8mercaptopurine_neut->an (+0 -> -1),7.66,7.917152154276067,0.2571521542760671
4264,5me7meamthiazolo45dpyrimidine_cation->neut (+1 -> +0),3.66,3.284943476770316,0.3750565232296843
4265,2oh8mespurine_cation->neut (+1 -> +0),2.25,2.3368269616265973,0.08682696162659731
4266,2oh8mespurine_neut->an (+0 -> -1),7.25,7.471530797495577,0.2215307974955767
4267,2oh8mespurine_an->2an (-1 -> -2),12.38,12.226708535146704,0.1532914648532966
4268,2oh6mepurine_cation->neut (+1 -> +0),2.24,2.312937415955666,0.07293741595566594
4269,2oh6mepurine_neut->an (+0 -> -1),8.9,8.569028075244196,0.3309719247558043
4270,2oh6mepurine_an->2an (-1 -> -2),12.46,12.33447582184867,0.12552417815133055
4271,2am8cf3purine_cation->neut (+1 -> +0),2.54,2.6205934561101163,0.08059345611011626
4272,2am8cf3purine_neut->an (+0 -> -1),6.19,6.403334388725126,0.21333438872512556
4273,2am8mespurine_cation->neut (+1 -> +0),4.35,4.045974635525965,0.3040253644740343
4274,2am8mespurine_neut->an (+0 -> -1),8.53,8.793207934775786,0.26320793477578697
4275,8mesulfonylpurine_cation->neut (+1 -> +0),0.42,0.4130987764581304,0.006901223541869561
4276,8mesulfonylpurine_neut->an (+0 -> -1),4.9,4.952407688348387,0.05240768834838683
4277,1me6cl1himidazo45cpyridine_cation->neut (+1 -> +0),2.46,2.7009833002121058,0.2409833002121058
4278,1me2mes1himidazo45cpyridine_cation->neut (+1 -> +0),5.03,5.152634867205019,0.1226348672050186
4279,1me2mes1himidazo45cpyridine_neut->an (+0 -> -1),8.81,8.938777891355741,0.1287778913557407
4280,6cl3me3himidazo45cpyridine_cation->neut (+1 -> +0),2.74,2.777468709627227,0.037468709627226815
4281,3me3himidazo45bpyridine_cation->neut (+1 -> +0),3.94,3.9082499122446084,0.031750087755391565
4282,3me3himidazo45cpyridine_cation->neut (+1 -> +0),5.77,6.112276899393366,0.34227689939336603
4283,2mercapto3me3himidazo45cpyridine_cation->neut (+1 -> +0),5.05,4.9631246523217145,0.08687534767828531
4284,2mercapto3me3himidazo45cpyridine_neut->an (+0 -> -1),8.92,8.766889716477774,0.153110283522226
4285,2mes3me3himidazo45cpyridine_cation->neut (+1 -> +0),6.28,6.433094061680501,0.153094061680501
4286,35diclaniline_cation->neut (+1 -> +0),2.371,2.5109185939141954,0.13991859391419537
4287,4f2nitroaniline_cation->neut (+1 -> +0),-0.34,-0.0734589817928546,0.26654101820714543
4288,4f3nitroaniline_cation->neut (+1 -> +0),2.36,2.0615441820004925,0.2984558179995074
4289,4meo2nitroaniline_cation->neut (+1 -> +0),0.77,0.5870013171743578,0.18299868282564224
4290,4me2nitroaniline_cation->neut (+1 -> +0),0.39,0.31561731437979645,0.07438268562020356
4291,4phe2nitroaniline_cation->neut (+1 -> +0),-0.88,-0.13241453644484835,0.7475854635551517
4292,5me2nitroaniline_cation->neut (+1 -> +0),-0.09,-0.2051752987890234,0.11517529878902341
4293,5meo2nitroaniline_cation->neut (+1 -> +0),-0.72,-0.3808800550235736,0.3391199449764264
4294,2cf3oaniline_cation->neut (+1 -> +0),2.44,2.8327140758833815,0.3927140758833816
4295,3cf3oaniline_cation->neut (+1 -> +0),3.25,3.0258060790329946,0.2241939209670054
4296,4cf3oaniline_cation->neut (+1 -> +0),3.82,3.5536486049730245,0.26635139502697536
4297,3cf3saniline_cation->neut (+1 -> +0),3.3,3.5350250083105843,0.23502500831058448
4298,4cf3saniline_cation->neut (+1 -> +0),2.78,2.582333996624479,0.19766600337552065
4299,4oh2ampyridine_cation->neut (+1 -> +0),5.04,4.630422564147604,0.4095774358523965
4300,4oh2ampyridine_neut->an (+0 -> -1),10.69,10.653519147489673,0.0364808525103264
4301,6oh2ampyridine_cation->neut (+1 -> +0),2.32,1.7667330733661162,0.5532669266338837
4302,6oh2ampyridine_neut->an (+0 -> -1),11.38,11.185109721815065,0.19489027818493554
4303,2oh3ampyridine_cation->neut (+1 -> +0),2.78,2.8452020191647955,0.06520201916479573
4304,2oh3ampyridine_neut->an (+0 -> -1),12.57,11.939607075714658,0.6303929242853421
4305,2oh4ampyridine_cation->neut (+1 -> +0),2.65,3.0575166035426147,0.40751660354261476
4306,2oh4ampyridine_neut->an (+0 -> -1),13.54,12.879579242432996,0.6604207575670031
4307,2oh5ampyridine_cation->neut (+1 -> +0),3.77,4.34240323500432,0.57240323500432
4308,2oh5ampyridine_neut->an (+0 -> -1),11.65,12.210058775171618,0.5600587751716173
4309,4meo2ampyridine_cation->neut (+1 -> +0),7.62,7.21309811738158,0.40690188261842053
4310,6meo2ampyridine_cation->neut (+1 -> +0),4.64,4.68151973466475,0.04151973466475045
4311,2meo3ampyridine_cation->neut (+1 -> +0),3.35,3.3384879901560973,0.01151200984390277
4312,4meo3ampyridine_cation->neut (+1 -> +0),7.3,7.3222774088143066,0.02227740881430673
4313,2meo4ampyridine_cation->neut (+1 -> +0),7.05,6.943407900176155,0.10659209982384521
4314,2meo5ampyridine_cation->neut (+1 -> +0),4.28,4.076439321876814,0.20356067812318646
4315,2oh34diampyridine_cation->neut (+1 -> +0),4.16,4.893701450338864,0.7337014503388639
4316,2oh34diampyridine_neut->an (+0 -> -1),13.43,13.155590652906216,0.2744093470937834
4317,2meo34diampyridine_cation->neut (+1 -> +0),5.68,5.4395248753111,0.2404751246889001
4318,26dioh4ampyrimidine_neut->an (+0 -> -1),8.69,8.537496693291178,0.15250330670882128
4319,24dioh5ampyrimidine_cation->neut (+1 -> +0),3.2,3.3726001430537904,0.17260014305379023
4320,24dioh5ampyrimidine_neut->an (+0 -> -1),9.52,9.450041486045219,0.0699585139547807
4321,26dioh45diampyrimidine_cation->neut (+1 -> +0),4.56,4.87039243571765,0.3103924357176506
4322,26dioxo1236tetrah45diampyrimidine_cation->neut (+1 -> +0),4.44,3.9950304350377843,0.44496956496221607
4323,2ethylthiazole_cation->neut (+1 -> +0),3.372,3.685586265729052,0.313586265729052
4324,4ethylthiazole_cation->neut (+1 -> +0),3.204,2.79823063813292,0.4057693618670801
4325,2iprothiazole_cation->neut (+1 -> +0),3.283,3.4949199507306297,0.21191995073062975
4326,4et2me45dihthiazole_cation->neut (+1 -> +0),5.301,5.259537840834245,0.04146215916575535
4327,2tbu5me45dihthiazole_cation->neut (+1 -> +0),5.027,5.423386950347357,0.39638695034735694
4328,6meam4me5ampyrimidine_cation->neut (+1 -> +0),2.99,2.26017993692371,0.7298200630762901
4329,6meam4me5ampyrimidine_neut->an (+0 -> -1),11.55,12.081481354910391,0.5314813549103903
4330,6meam4s2me5ampyrimidine_cation->neut (+1 -> +0),2.77,3.5889530091788044,0.8189530091788044
4331,6meam4s2me5ampyrimidine_neut->an (+0 -> -1),10.49,9.798840128933563,0.6911598710664375
4332,6me4am5meampyrimidine_cation->neut (+1 -> +0),6.07,6.269669595425986,0.19966959542598595
4333,2me5am4meampyrimidine_cation->neut (+1 -> +0),7.4,7.563707040200303,0.16370704020030225
4334,4me5am6meampyrimidine_cation->neut (+1 -> +0),6.77,6.674760465969655,0.09523953403034469
4335,2me5am4meam6mespyrimidine_cation->neut (+1 -> +0),5.97,6.2757520104407005,0.30575201044070077
4336,69diimepurine_cation->neut (+1 -> +0),3.16,3.1399937031097354,0.020006296890264785
4337,3me6dimeampurine_cation->neut (+1 -> +0),5.8,7.478898255315031,1.6788982553150316
4338,2piperidiniopurine_cation->neut (+1 -> +0),3.97,3.8885890365382094,0.08141096346179078
4339,2piperidiniopurine_neut->an (+0 -> -1),10.24,10.471206543160172,0.2312065431601713
4340,6piperidiniopurine_cation->neut (+1 -> +0),4.33,4.1629171608641355,0.16708283913586452
4341,6piperidiniopurine_neut->an (+0 -> -1),10.04,10.438699467799195,0.3986994677991955
4342,1me5ph2oxo12dihpyrimidine_cation->neut (+1 -> +0),2.01,1.9130277327581897,0.09697226724181007
4343,1me5ph4oxo14dihpyrimidine_cation->neut (+1 -> +0),1.99,2.083562913907972,0.09356291390797211
4344,1me5ph6oxo16dihpyrimidine_cation->neut (+1 -> +0),1.5,1.5310111914320945,0.03101119143209452
4345,1me5pnitroph2oxo12dihpyrimidine_cation->neut (+1 -> +0),1.53,1.4247623975880659,0.10523760241193414
4346,1me5pnitroph4oxo14dihpyrimidine_cation->neut (+1 -> +0),1.4,1.8464233642831545,0.44642336428315454
4347,1me5pnitroph6oxo16dihpyrimidine_cation->neut (+1 -> +0),1.25,1.5016833811173358,0.2516833811173358
4348,146trime5cn2meim12dihpyrimidine_cation->neut (+1 -> +0),9.37,8.911555701215056,0.4584442987849435
4349,2me4nitroaniline_cation->neut (+1 -> +0),0.94,0.8981519360155703,0.04184806398442964
4350,2me5nitroaniline_cation->neut (+1 -> +0),2.32,2.384297072414139,0.06429707241413896
4351,6me2nitroaniline_cation->neut (+1 -> +0),-0.71,-0.2567452247884088,0.4532547752115912
4352,45dimenaphthalen1am_cation->neut (+1 -> +0),4.42,4.927281375731457,0.5072813757314574
4353,45dimenaphthalen2am_cation->neut (+1 -> +0),4.27,4.5814660080813345,0.31146600808133496
4354,4menaphthalen1am_cation->neut (+1 -> +0),4.37,4.506758257012948,0.1367582570129482
4355,4menaphthalen2am_cation->neut (+1 -> +0),4.31,3.901501092221496,0.40849890777850373
4356,acenaphthen4am_cation->neut (+1 -> +0),4.5,4.745422200719017,0.245422200719017
4357,acenaphthen5am_cation->neut (+1 -> +0),4.58,4.356101625953384,0.22389837404661606
4358,33dimepyperidine_cation->neut (+1 -> +0),10.38,11.091742439995624,0.7117424399956231
4359,13355pentamepyperidine_cation->neut (+1 -> +0),9.43,9.996293965811352,0.5662939658113526
4360,3355tetramepyperidine_cation->neut (+1 -> +0),10.1,10.367618115087122,0.26761811508712263
4361,azabicyclo332nonane_cation->neut (+1 -> +0),10.57,10.922771214199777,0.35277121419977675
4362,nmeazabicyclo332nonane_cation->neut (+1 -> +0),10.24,10.032523194425533,0.20747680557446735
4363,4oxo14dih3ampyridine_cation->neut (+1 -> +0),3.86,3.694320609924447,0.16567939007555266
4364,4oxo14dih3ampyridine_neut->an (+0 -> -1),11.27,11.606098507458567,0.3360985074585674
4365,4oxo14dih1me3nitropyridine_cation->neut (+1 -> +0),-0.8,-0.6279840623065791,0.17201593769342094
4366,4oxo14dih3nitropyridine_cation->neut (+1 -> +0),-0.82,-0.49363140456076415,0.3263685954392358
4367,4oxo14dih3nitropyridine_neut->an (+0 -> -1),7.49,7.789493308383997,0.29949330838399657
4368,4meo3nitropyridine_cation->neut (+1 -> +0),2.63,2.4599479989386523,0.17005200106134755
4369,23diampyridine_2cation->cation (+2 -> +1),-0.01,0.13644452404151242,0.14644452404151242
4370,23diampyridine_cation->neut (+1 -> +0),7.0,6.524745097786365,0.475254902213635
4371,34diampyridine_2cation->cation (+2 -> +1),0.49,0.0628898168322749,0.4271101831677251
4372,34diampyridine_cation->neut (+1 -> +0),9.14,9.28898409142041,0.14898409142040947
4373,23diam6clpyridine_2cation->cation (+2 -> +1),-0.91,-0.32689828945773325,0.5831017105422668
4374,23diam6clpyridine_cation->neut (+1 -> +0),3.02,2.854738222190109,0.16526177780989082
4375,45diam2clpyridine_2cation->cation (+2 -> +1),-0.08,-0.11548991461932356,0.03548991461932356
4376,45diam2clpyridine_cation->neut (+1 -> +0),4.79,4.555012104681649,0.2349878953183513
4377,4meam3nitropyridine_cation->neut (+1 -> +0),5.19,4.936793639180329,0.2532063608196715
4378,35dime4nitropyridine_cation->neut (+1 -> +0),2.48,2.777031502342295,0.2970315023422949
4379,3ipro4nitropyridine_cation->neut (+1 -> +0),2.19,2.3665435645239343,0.17654356452393438
4380,3me4nitropyridine_cation->neut (+1 -> +0),2.2,1.6593531016547525,0.5406468983452477
4381,2356tetrame4nitropyridine_cation->neut (+1 -> +0),4.02,3.9165353208426046,0.10346467915739499
4382,2me2imidazoline_cation->neut (+1 -> +0),11.09,10.374360170471931,0.7156398295280688
4383,2ph2imidazoline_cation->neut (+1 -> +0),9.9,9.896547112430671,0.003452887569329377
4384,1me2ph2imidazoline_cation->neut (+1 -> +0),10.7,9.632099727752475,1.067900272247524
4385,2pmeophe2imidazoline_cation->neut (+1 -> +0),10.2,10.103385492438527,0.0966145075614726
4386,2et2imidazoline_cation->neut (+1 -> +0),11.05,10.982152414286293,0.0678475857137073
4387,12nitrophenhyimidazole_cation->neut (+1 -> +0),5.08,5.267934598232918,0.1879345982329177
4388,13nitrophenhyimidazole_cation->neut (+1 -> +0),5.07,5.047760172682283,0.022239827317717342
4389,14nitrophenhyimidazole_cation->neut (+1 -> +0),4.9,4.825068420012939,0.07493157998706135
4390,1phenhyimidazole_cation->neut (+1 -> +0),5.83,5.666207668598482,0.16379233140151772
4391,246trinitrophenhyimidazole_cation->neut (+1 -> +0),2.7,3.7610343952343586,1.0610343952343584
4392,2me12nitrophenhyimidazole_cation->neut (+1 -> +0),6.17,6.156673583191226,0.013326416808774333
4393,4me124dinitrophenhyimidazole_cation->neut (+1 -> +0),4.84,4.739052672831812,0.10094732716818822
4394,2me124dinitrophenhyimidazole_cation->neut (+1 -> +0),5.38,5.282694607403288,0.097305392596712
4395,124dinitrophenylimidazole_cation->neut (+1 -> +0),4.3,3.9195671559973446,0.3804328440026552
4396,24dime14nitrophenylimidazole_cation->neut (+1 -> +0),6.6,6.414213241731663,0.18578675826833635
4397,24dime124dinitrophenylimidazole_cation->neut (+1 -> +0),5.9,5.599454526871671,0.300545473128329
4398,2pyridylimidazoline_cation->neut (+1 -> +0),8.93,9.02463206810663,0.09463206810663038
4399,1tebutylimidazole_cation->neut (+1 -> +0),7.3,7.405284353192052,0.10528435319205176
4400,3cyclopropyl1hpyrazole_cation->neut (+1 -> +0),3.16,3.49699875777197,0.33699875777196997
4401,4am3me5mescarbimidazole_cation->neut (+1 -> +0),3.08,3.31020691689545,0.23020691689545014
4402,4am5mescarbimiazole_cation->neut (+1 -> +0),3.38,2.3764350421338234,1.0035649578661765
4403,4am5mescarbimiazole_neut->an (+0 -> -1),10.45,10.273178845093282,0.17682115490671713
4404,3me4am5diminocmethio123triazole_cation->neut (+1 -> +0),5.47,5.314803552831602,0.15519644716839753
4405,1pme6mes123azol5p4p45pyrmdine_cation->neut (+1 -> +0),-0.78,0.10549492579029529,0.8854949257902953
4406,2am1meimidazole_cation->neut (+1 -> +0),8.65,8.047115007725253,0.6028849922747472
4407,2am45dimeimidazole_cation->neut (+1 -> +0),9.21,8.965279647603046,0.24472035239695522
4408,4me5carboxyimidazole_cation->neut (+1 -> +0),2.53,2.1177333379221057,0.4122666620778941
4409,4me5carboxyimidazole_neut->an (+0 -> -1),7.01,6.657617752387274,0.3523822476127254
4410,4me5carboxythiazole_neut->an (+0 -> -1),3.18,2.843158573465451,0.3368414265345492
4411,22pyridilimidazole_2cation->cation (+2 -> +1),-0.7,-0.3925232238591807,0.30747677614081925
4412,22pyridilimidazole_cation->neut (+1 -> +0),5.47,5.588369537898548,0.11836953789854832
4413,1ac2iminoimidazolidine_cation->neut (+1 -> +0),9.06,9.201514917106,0.14151491710599906
4414,3me4oxo2meimimidazolidine_cation->neut (+1 -> +0),7.96,7.724086701342294,0.23591329865770572
4415,npnppdimenacguanidine_cation->neut (+1 -> +0),7.5,7.568376809795741,0.06837680979574134
4416,5pchlorphenyloxazole_cation->neut (+1 -> +0),0.16,0.3115012235240133,0.15150122352401332
4417,5pnitrophenyloxazole_cation->neut (+1 -> +0),-0.19,0.40834298699885796,0.5983429869988579
4418,2356tetrah3me2phimino1hoxazoline_cation->neut (+1 -> +0),9.08,9.278691821666389,0.19869182166638844
4419,2pheam56dih4h13oxazine_cation->neut (+1 -> +0),9.33,9.346073509376907,0.016073509376907325
4420,nme2pheam56dih4h13oxazine_cation->neut (+1 -> +0),10.71,10.418775302883631,0.29122469711636967
4421,5ph3me4oxo2imoxazolidine_cation->neut (+1 -> +0),3.8,4.993078551230196,1.1930785512301965
4422,3me2phenyliminooxazolidine_cation->neut (+1 -> +0),7.22,6.3759069538142095,0.8440930461857903
4423,2nmepneam56dih4h13thiazine_cation->neut (+1 -> +0),9.86,9.921271967970993,0.06127196797099366
4424,2pham56dih4h13thiazine_cation->neut (+1 -> +0),8.49,8.362183952923925,0.12781604707607563
4425,3me2pham56dih4h13thiazine_cation->neut (+1 -> +0),7.86,6.950251736547266,0.9097482634527347
4426,5ph3me4oxo2imthiazolidine_cation->neut (+1 -> +0),4.07,4.606969271215075,0.5369692712150744
4427,3me2phimthiazolidine_cation->neut (+1 -> +0),6.84,6.782057222041848,0.057942777958151837
4428,2am45tetramethyleneoxzaole_cation->neut (+1 -> +0),5.78,5.1316517509402475,0.6483482490597527
4429,me32meim23dih45tetrameoxazole_cation->neut (+1 -> +0),10.27,10.008429164498462,0.26157083550153715
4430,2am45tetramethiazole_cation->neut (+1 -> +0),6.11,5.793333408574388,0.31666659142561215
4431,2dime45tetrameoxazole_cation->neut (+1 -> +0),5.9,6.415774427064378,0.515774427064378
4432,2dime45tetramethiazole_cation->neut (+1 -> +0),6.17,5.812635502691048,0.3573644973089518
4433,3am1phpyrazole_cation->neut (+1 -> +0),2.96,2.5062133553842045,0.45378664461579543
4434,4am1phpyrazole_cation->neut (+1 -> +0),4.8,4.2307654677029465,0.5692345322970533
4435,5am1phpyrazole_cation->neut (+1 -> +0),3.14,3.156654166652305,0.01665416665230479
4436,3tbu45dihpyrazole_cation->neut (+1 -> +0),5.35,4.3473771768779415,1.0026228231220582
4437,3tbu1hpyrazole_cation->neut (+1 -> +0),3.3,3.4005900211777202,0.10059002117772042
4438,3tbu124dinitrophepyrazole_cation->neut (+1 -> +0),-0.6,-0.34036602852776365,0.2596339714722363
4439,4br35me53phpyrazole_cation->neut (+1 -> +0),1.2,0.6206254426881834,0.5793745573118165
4440,pyrazole45dih_cation->neut (+1 -> +0),4.62,3.507126299299814,1.1128737007001863
4441,13dimepyrazole45dih_cation->neut (+1 -> +0),4.85,4.21873837134201,0.63126162865799
4442,15dimepyrazole45dih_cation->neut (+1 -> +0),3.56,3.513257379618273,0.04674262038172694
4443,13dime5phpyrazole45dih_cation->neut (+1 -> +0),3.5,3.6346408181409027,0.13464081814090267
4444,3mepyrazole45dih_cation->neut (+1 -> +0),5.6,5.104983318592987,0.49501668140701227
4445,4mepyrazole45dih_cation->neut (+1 -> +0),4.58,3.492601375612982,1.087398624387018
4446,5mepyrazole45dih_cation->neut (+1 -> +0),4.3,3.7260490966074977,0.5739509033925021
4447,3me55pentamepyrazole45dih_cation->neut (+1 -> +0),5.17,5.181284063131637,0.011284063131636657
4448,3me4phpyrazole45dih_cation->neut (+1 -> +0),4.62,4.853096084092459,0.23309608409245897
4449,3me5phpyrazole45dih_cation->neut (+1 -> +0),4.26,4.32125602190314,0.061256021903139946
4450,5me3phpyrazole45dih_cation->neut (+1 -> +0),4.17,3.0245608222035836,1.1454391777964164
4451,55pehtamepyrazole45dih_cation->neut (+1 -> +0),4.16,3.3798674065366967,0.7801325934633034
4452,1355tetramepyrazole45dih_cation->neut (+1 -> +0),4.68,4.507534624098686,0.1724653759013135
4453,55tetramepyrazole45dih_cation->neut (+1 -> +0),4.2,4.031878506979694,0.16812149302030654
4454,355trimepyrazole45dih_cation->neut (+1 -> +0),5.19,4.928371191568059,0.2616288084319418
4455,4br3phpyrazole_cation->neut (+1 -> +0),0.3,0.5264453300471343,0.22644533004713435
4456,ntbupyrazole_cation->neut (+1 -> +0),2.0,2.7495642403993985,0.7495642403993985
4457,15dime3oxo23dihpyrazole_cation->neut (+1 -> +0),2.6,2.0730410415396188,0.5269589584603813
4458,15dime3oxo23dihpyrazole_neut->an (+0 -> -1),8.91,9.488368560292017,0.5783685602920166
4459,13dime5oxo25dihpyrazole_cation->neut (+1 -> +0),2.35,1.4410670739404852,0.9089329260595149
4460,13dime5oxo25dihpyrazole_neut->an (+0 -> -1),7.94,8.626425333659896,0.6864253336598951
4461,34dime1ph5oxo25dihpyrazole_cation->neut (+1 -> +0),1.39,1.4053429093872003,0.015342909387200399
4462,34dime1ph5oxo25dihpyrazole_neut->an (+0 -> -1),7.38,8.954413046578853,1.5744130465788535
4463,123trime5oxo25dihpyrazole_cation->neut (+1 -> +0),2.22,2.2908149617541342,0.07081496175413404
4464,145trime3oxo2ph23dihpyrazole_cation->neut (+1 -> +0),1.24,1.3632796776245808,0.12327967762458081
4465,25dime45dihthiazole_cation->neut (+1 -> +0),5.256,5.292074196452316,0.03607419645231591
4466,3am6clpyridazine_cation->neut (+1 -> +0),3.85,3.7003134262654633,0.14968657373453675
4467,3am6mercaptopyridazine_cation->neut (+1 -> +0),-0.14,-0.26906157190416646,0.12906157190416645
4468,3am6mercaptopyridazine_neut->an (+0 -> -1),9.05,9.409758759852675,0.35975875985267436
4469,3am6methiopyridazine_cation->neut (+1 -> +0),5.61,4.962799132631489,0.647200867368511
4470,3cl6meampyridazine_cation->neut (+1 -> +0),4.01,3.5975262306998683,0.41247376930013147
4471,3oh6mercaptopyridazine_neut->an (+0 -> -1),3.32,3.3519982999829585,0.03199829998295867
4472,3mercapto6meampyridazine_cation->neut (+1 -> +0),-0.04,-0.4032651432736811,0.36326514327368115
4473,3mercapto6meampyridazine_neut->an (+0 -> -1),9.46,9.480799279635168,0.020799279635166812
4474,2cl46dimepyrimidine_cation->neut (+1 -> +0),-0.68,-0.37800540941402794,0.3019945905859721
4475,2oh46dimepyrimidine_cation->neut (+1 -> +0),3.77,3.421459187862884,0.3485408121371161
4476,2oh46dimepyrimidine_neut->an (+0 -> -1),10.5,10.158648947634653,0.34135105236534713
4477,4oh26dimepyrimidine_cation->neut (+1 -> +0),3.01,2.559074662286169,0.4509253377138309
4478,4oh26dimepyrimidine_neut->an (+0 -> -1),9.82,10.346943857093652,0.5269438570936522
4479,2me13a7triazaindene_cation->neut (+1 -> +0),5.1,5.37589225614543,0.27589225614543
4480,246trime13a7triazaindene_cation->neut (+1 -> +0),6.07,5.625964966198777,0.44403503380122356
4481,pyrimidine2benzamido_cation->neut (+1 -> +0),1.56,2.389400524837731,0.8294005248377307
4482,pyrimidine2benzamido_neut->an (+0 -> -1),11.2,11.588055325508519,0.3880553255085193
4483,2benzamd1456tethpyrimidine_cation->neut (+1 -> +0),7.12,6.9212347537775525,0.19876524622244762
4484,29dime6mespurine_cation->neut (+1 -> +0),2.05,1.6068838002989425,0.4431161997010573
4485,29dime8mespurine_cation->neut (+1 -> +0),3.78,3.5826927472281405,0.19730725277185934
4486,67dime2mespurine_cation->neut (+1 -> +0),2.74,2.6083035432723385,0.13169645672766173
4487,69dime2mespurine_cation->neut (+1 -> +0),2.6,2.7686186428439266,0.16861864284392647
4488,3me4cl6meam2impyrimidine_cation->neut (+1 -> +0),12.17,12.967625859490596,0.7976258594905961
4489,3me4cl2meam6im36dihpyrimidine_cation->neut (+1 -> +0),12.88,12.219991594460236,0.6600084055397648
4490,3me4cl6dimeam2im23dihpyrimidine_cation->neut (+1 -> +0),12.72,12.727568927039801,0.007568927039800499
4491,1me4meam2im12dihpyrimidine_cation->neut (+1 -> +0),13.14,14.230643333230056,1.0906433332300551
4492,1me2dimeam4im14dihpyrimidine_cation->neut (+1 -> +0),13.51,13.66242261261118,0.15242261261118095
4493,1me4dimeam2meim12dihpyrimidine_cation->neut (+1 -> +0),13.85,13.651440930560547,0.19855906943945278
4494,4cl6oh5ipropyrimidine_cation->neut (+1 -> +0),-0.91,-0.9897736621629774,0.07977366216297732
4495,4cl6oh5ipropyrimidine_neut->an (+0 -> -1),9.13,7.881410945057563,1.248589054942438
4496,4cl6oh5mepyrimidine_cation->neut (+1 -> +0),-1.11,-1.1328557037735907,0.022855703773590585
4497,4cl6oh5mepyrimidine_neut->an (+0 -> -1),7.79,8.083688419327977,0.2936884193279772
4498,5ipro46diohpyrimidine_cation->neut (+1 -> +0),-0.59,-0.6495187221330481,0.059518722133048096
4499,5ipro46diohpyrimidine_neut->an (+0 -> -1),5.42,6.3227952545338635,0.9027952545338636
4500,5me46diohpyrimidine_cation->neut (+1 -> +0),-0.51,0.6617915709111628,1.1717915709111628
4501,5me46diohpyrimidine_neut->an (+0 -> -1),6.03,6.343077254320018,0.3130772543200173
4502,5ipro4oh6mercpyrimidine_cation->neut (+1 -> +0),-0.66,-1.5122838974405823,0.8522838974405823
4503,5ipro4oh6mercpyrimidine_neut->an (+0 -> -1),5.1,5.363900516445438,0.263900516445438
4504,5ipro4oh6mercpyrimidine_an->2an (-1 -> -2),12.3,12.125358264551416,0.17464173544858497
4505,5me6mercapto4ohpyrimidine_cation->neut (+1 -> +0),-1.16,-1.6917934312356744,0.5317934312356745
4506,5me6mercapto4ohpyrimidine_neut->an (+0 -> -1),4.97,4.825148087274651,0.1448519127253487
4507,5me6mercapto4ohpyrimidine_an->2an (-1 -> -2),11.74,11.5023466429272,0.23765335707279966
4508,5me6mes4ohpyrimidine_cation->neut (+1 -> +0),-0.03,0.2010389819090621,0.2310389819090621
4509,5me6mes4ohpyrimidine_neut->an (+0 -> -1),9.12,8.873704047051751,0.24629595294824824
4510,5me6meo4mercaptpyrimidine_neut->an (+0 -> -1),7.9,8.120581794486213,0.22058179448621296
4511,5me2oh46diampyrimidine_cation->neut (+1 -> +0),6.66,6.4928908634728115,0.16710913652718862
4512,5me2oh46diampyrimidine_neut->an (+0 -> -1),11.78,11.609624486827386,0.17037551317261368
4513,2mes46diampyrimidine_cation->neut (+1 -> +0),5.02,5.085698468843663,0.0656984688436637
4514,2mes46diampyrimidine_neut->an (+0 -> -1),10.53,9.73130463292907,0.7986953670709287
4515,26dioh4ampyrimidine_cation->neut (+1 -> +0),0.8,0.43845972875709727,0.3615402712429028
4516,5me4am26diohpyrimidine_cation->neut (+1 -> +0),0.02,0.4020045380388435,0.3820045380388435
4517,5me4am26diohpyrimidine_neut->an (+0 -> -1),9.22,8.70351715678688,0.5164828432131205
4518,25dime6oh4ampyrimidine_cation->neut (+1 -> +0),2.63,2.361394069310692,0.2686059306893078
4519,25dime6oh4ampyrimidine_neut->an (+0 -> -1),11.41,11.773897604898302,0.3638976048983018
4520,2mercpt6oh4ampyrimidine_cation->neut (+1 -> +0),0.3,-0.26296859897511116,0.5629685989751112
4521,2mercpt6oh4ampyrimidine_neut->an (+0 -> -1),7.25,7.345170238889567,0.09517023888956722
4522,2am5carbmpyrimidine_cation->neut (+1 -> +0),2.06,2.428034105713949,0.3680341057139489
4523,4am5carbmpyrimidine_cation->neut (+1 -> +0),4.13,4.57527005442646,0.4452700544264605
4524,3me4am5form2im23dihpyrimidine_cation->neut (+1 -> +0),8.45,8.906342483547153,0.4563424835471537
4525,3me4am5form2meim23dihpyrimidine_cation->neut (+1 -> +0),8.66,9.568905309593177,0.9089053095931767
4526,1me5carbm2im12dihpyrimidine_cation->neut (+1 -> +0),9.08,8.737755407087796,0.34224459291220377
4527,5cn2meampyrimidine_cation->neut (+1 -> +0),0.76,0.6511963548534743,0.10880364514652574
4528,4meo5ampyrimidine_cation->neut (+1 -> +0),4.22,4.383041097569223,0.16304109756922358
4529,5br1me2oxo12dihpyrimidine_cation->neut (+1 -> +0),0.55,0.6735544774179631,0.1235544774179631
4530,1me5br6oxo16dihpyrimidine_cation->neut (+1 -> +0),0.14,0.7187004152749736,0.5787004152749736
4531,15dime2oxo12dihpyrimidine_cation->neut (+1 -> +0),2.57,2.5925637471995593,0.022563747199559447
4532,16dime2oxo12dihpyrimidine_cation->neut (+1 -> +0),3.33,3.1528667968501303,0.1771332031498698
4533,15dime4oxo14dihpyrimidine_cation->neut (+1 -> +0),2.44,2.1616263595868794,0.2783736404131205
4534,15dime6oxo16dihpyrimidine_cation->neut (+1 -> +0),2.2,2.174495875028292,0.025504124971708286
4535,1ipro2oxo12dihpyrimidine_cation->neut (+1 -> +0),2.88,2.836073223055985,0.04392677694401481
4536,5me4ohpyrimidine_cation->neut (+1 -> +0),2.29,2.275402900004523,0.014597099995476981
4537,5me4ohpyrimidine_neut->an (+0 -> -1),9.17,9.30950701502831,0.1395070150283093
4538,26dime4mespyrimidine_cation->neut (+1 -> +0),1.8,2.113517926395514,0.3135179263955139
4539,26dime4mespyrimidine_neut->an (+0 -> -1),8.18,8.26682594346208,0.08682594346208106
4540,5me2meopyrimidine_cation->neut (+1 -> +0),1.67,1.5270955087543374,0.1429044912456625
4541,5me4meopyrimidine_cation->neut (+1 -> +0),3.57,3.582540316003916,0.012540316003916363
4542,45diam6carboxypyrimidine_cation->neut (+1 -> +0),1.35,0.9067983523984982,0.44320164760150194
4543,45diam6carboxypyrimidine_neut->an (+0 -> -1),7.79,7.120222325399877,0.6697776746001232
4544,6mercapto4ohpyrimidine_neut->an (+0 -> -1),4.33,4.600546694079482,0.2705466940794823
4545,6mercapto4ohpyrimidine_an->2an (-1 -> -2),10.52,11.27855013396771,0.7585501339677112
4546,6mes4ohpyrimidine_cation->neut (+1 -> +0),-0.11,0.19730507373147788,0.30730507373147786
4547,6mes4ohpyrimidine_neut->an (+0 -> -1),8.52,8.597500748256847,0.07750074825684727
4548,6meo4ohpyrimidine_cation->neut (+1 -> +0),-0.22,-0.06476863512381481,0.1552313648761852
4549,6meo4ohpyrimidine_neut->an (+0 -> -1),8.47,9.041459093719212,0.571459093719211
4550,2me46diohpyrimidine_cation->neut (+1 -> +0),0.21,0.4977510280113089,0.2877510280113089
4551,2me46diohpyrimidine_neut->an (+0 -> -1),6.35,6.419915409633884,0.0699154096338841
4552,9me6mespurine_cation->neut (+1 -> +0),1.42,1.663694827517637,0.24369482751763716
4553,9me6mespurine_neut->an (+0 -> -1),7.96,8.095552703193624,0.1355527031936239
4554,5pclphe6me24diampyrimidine_cation->neut (+1 -> +0),7.26,7.114549934661718,0.14545006533828175
4555,56dime24diampyrimidine_cation->neut (+1 -> +0),8.07,7.88618987942976,0.18381012057024027
4556,5formamd24diampyrimidine_cation->neut (+1 -> +0),6.03,6.00516991419373,0.02483008580627022
4557,2ipro5me45dihthiazole_cation->neut (+1 -> +0),5.164,5.7795572151014625,0.6155572151014628
4558,5pclphe6et24diampyrimidine_cation->neut (+1 -> +0),7.34,7.117676350952611,0.22232364904738855
4559,4am3me123triazole_cation->neut (+1 -> +0),2.27,2.564286443797977,0.2942864437979771
4560,5ptolyl2ohpyrimidine_cation->neut (+1 -> +0),1.96,1.7323915887337522,0.22760841126624776
4561,5ptolyl2ohpyrimidine_neut->an (+0 -> -1),8.74,8.91256658624519,0.17256658624518906
4562,18dime2acm18dime16dih6oxopurine_cation->neut (+1 -> +0),2.35,2.6279571345233643,0.27795713452336424
4563,18dime2acm18dime16dih6oxopurine_neut->an (+0 -> -1),9.2,9.24971239652736,0.04971239652736159
4564,6oh2acm78dimepurine_cation->neut (+1 -> +0),3.11,3.33869177749553,0.22869177749553016
4565,6oh2acm78dimepurine_neut->an (+0 -> -1),8.62,9.261114444896435,0.6411144448964361
4566,6oh2acm89dimepurine_cation->neut (+1 -> +0),3.17,3.1325343795636726,0.037465620436327285
4567,6oh2acm89dimepurine_neut->an (+0 -> -1),8.93,9.47801531637149,0.5480153163714903
4568,6oh2acm8mepurine_cation->neut (+1 -> +0),3.12,2.805496470366098,0.31450352963390227
4569,6oh2acm8mepurine_neut->an (+0 -> -1),8.62,8.701446740602279,0.08144674060227963
4570,18dime2am18dime16dih6oxopurine_cation->neut (+1 -> +0),4.07,3.6702927929729006,0.3997072070270997
4571,18dime2am18dime16dih6oxopurine_neut->an (+0 -> -1),11.22,10.81926730410125,0.4007326958987498
4572,18dime2am1me8cf316dih6oxopurine_cation->neut (+1 -> +0),1.45,1.7188296774641385,0.26882967746413855
4573,18dime2am1me8cf316dih6oxopurine_neut->an (+0 -> -1),6.87,6.7434828525740516,0.12651714742594855
4574,6oh2am78dimepurine_cation->neut (+1 -> +0),4.4,4.412168135898998,0.01216813589899779
4575,6oh2am78dimepurine_neut->an (+0 -> -1),9.9,9.824086030944029,0.07591396905597136
4576,6oh2am89dimepurine_cation->neut (+1 -> +0),4.11,4.300725093110859,0.19072509311085906
4577,6oh2am89dimepurine_neut->an (+0 -> -1),9.95,9.859793828393517,0.09020617160648214
4578,6oh2am8mepurine_cation->neut (+1 -> +0),4.03,4.050417029567418,0.020417029567417977
4579,6oh2am8mepurine_neut->an (+0 -> -1),9.7,9.335273055036138,0.36472694496386104
4580,6oh2am8mepurine_an->2an (-1 -> -2),13.0,12.76285537772467,0.23714462227533062
4581,6oh2am7me8cf3purine_cation->neut (+1 -> +0),2.08,1.9980049058267033,0.08199509417329676
4582,6oh2am7me8cf3purine_neut->an (+0 -> -1),8.8,9.058881250801129,0.258881250801128
4583,6oh2am9me8cf3purine_cation->neut (+1 -> +0),0.86,0.24921046208087994,0.61078953791912
4584,6oh2am9me8cf3purine_neut->an (+0 -> -1),9.16,8.823824927947019,0.33617507205298125
4585,6oh2am8cf3purine_cation->neut (+1 -> +0),1.23,0.8420521348461385,0.3879478651538615
4586,6oh2am8cf3purine_neut->an (+0 -> -1),6.52,6.834813980394697,0.314813980394697
4587,6oh2am8cf3purine_an->2an (-1 -> -2),11.5,11.348270641708494,0.15172935829150624
4588,6oh2am1mepurine_cation->neut (+1 -> +0),3.13,3.48726085736108,0.35726085736108004
4589,6oh2am1mepurine_neut->an (+0 -> -1),10.54,10.17764945609602,0.3623505439039789
4590,6oh2am7mepurine_cation->neut (+1 -> +0),3.5,3.56834612743814,0.06834612743814006
4591,6oh2am7mepurine_neut->an (+0 -> -1),9.95,9.456117831721038,0.4938821682789616
4592,6am3mepurine_cation->neut (+1 -> +0),6.1,6.650701379571573,0.5507013795715734
4593,6am7mepurine_cation->neut (+1 -> +0),4.2,4.483493307547286,0.2834933075472854
4594,pyrazolo34bpyrazine_cation->neut (+1 -> +0),-0.64,-0.3833716645492178,0.25662833545078223
4595,56dimepyrazolo34bpyrazine_cation->neut (+1 -> +0),0.73,1.1468767896315795,0.4168767896315795
4596,1mepyrazolo34bpyrazine_cation->neut (+1 -> +0),-0.45,-0.35065945067761817,0.09934054932238184
4597,156trimepyrazolo34bpyrazine_cation->neut (+1 -> +0),0.94,0.8961092319015425,0.04389076809845749
4598,6am123triazolo5p4p45pyrimidine_cation->neut (+1 -> +0),2.65,2.578174738877874,0.07182526112212573
4599,6am123triazolo5p4p45pyrimidine_neut->an (+0 -> -1),6.29,6.353329940140818,0.06332994014081805
4600,3pme6am123triazolo5p4p45pyrimidine_cation->neut (+1 -> +0),2.4,2.7936302712540106,0.39363027125401073
4601,6oh123triazolo5p4p45pyrimidine_neut->an (+0 -> -1),5.19,5.343856363765481,0.15385636376548018
4602,6oh123triazolo5p4p45pyrimidine_an->2an (-1 -> -2),10.83,10.672134315826586,0.15786568417341407
4603,6sh123triazolo5p4p45pyrimidine_neut->an (+0 -> -1),4.13,4.724109868386406,0.5941098683864059
4604,2ch69dimepurine_cation->neut (+1 -> +0),0.79,1.3910002202400422,0.6010002202400422
4605,6oh2pme123triazolo5p4p45pyrimidine_cation->neut (+1 -> +0),-0.6,-0.5163009461159174,0.08369905388408261
4606,6oh2pme123triazolo5p4p45pyrimidine_neut->an (+0 -> -1),8.81,8.47756209387343,0.33243790612656987
4607,6am2pme123triazolo5p4p45pyrimidine_cation->neut (+1 -> +0),3.49,3.508415830775312,0.018415830775311726
4608,6am1pme123triazolo5p4p45pyrimidine_cation->neut (+1 -> +0),2.75,2.5220075027147475,0.2279924972852525
4609,2meampurine_cation->neut (+1 -> +0),3.99,4.21370903422075,0.22370903422075017
4610,2meampurine_neut->an (+0 -> -1),10.37,10.276749106243496,0.09325089375650286
4611,146triazaindene_cation->neut (+1 -> +0),4.24,4.288962915369056,0.048962915369055615
4612,146triazaindene_neut->an (+0 -> -1),13.16,12.770525558924245,0.38947444107575535
4613,1me23dih5oimidazo12cpyrimidine_cation->neut (+1 -> +0),7.01,5.8235415429195685,1.1864584570804313
4614,6me23dih5oimidazo12cpyrimidine_cation->neut (+1 -> +0),8.08,7.7484812701959935,0.33151872980400654
4615,23dih5oimidazo12cpyrimidine_cation->neut (+1 -> +0),6.99,6.662025173252672,0.3279748267473286
4616,23dih5oimidazo12cpyrimidine_neut->an (+0 -> -1),12.6,12.184477999111682,0.41552200088831803
4617,6o1234tetrhpyrimidino12cpyrimidine_cation->neut (+1 -> +0),7.97,7.733017295685681,0.23698270431431911
4618,8amimidazo15apyrazine_cation->neut (+1 -> +0),6.55,6.454270262857954,0.09572973714204558
4619,3sh8amimidazo15apyrazine_cation->neut (+1 -> +0),5.66,5.1269437151347095,0.5330562848652907
4620,3sh8amimidazo15apyrazine_neut->an (+0 -> -1),8.74,8.688442296154665,0.05155770384533476
4621,34dihpteridine_cation->neut (+1 -> +0),6.36,6.399583848147231,0.03958384814723104
4622,2me34dihpteridine_cation->neut (+1 -> +0),7.26,7.419519374932947,0.15951937493294732
4623,6me34dihpteridine_cation->neut (+1 -> +0),6.66,6.475907546426483,0.1840924535735171
4624,1234tethpteridine_2cation->cation (+2 -> +1),0.1,0.5021862320089596,0.40218623200895964
4625,1234tethpteridine_cation->neut (+1 -> +0),5.62,6.18283230137855,0.5628323013785499
4626,23dime146triazanaphtalene_cation->neut (+1 -> +0),3.28,3.601586220366907,0.3215862203669073
4627,2oh146triazanaphtalene_cation->neut (+1 -> +0),3.75,3.952932489154657,0.2029324891546569
4628,2oh146triazanaphtalene_neut->an (+0 -> -1),7.91,7.766719922305111,0.14328007769488948
4629,3oh146triazanaphtalene_neut->an (+0 -> -1),7.33,8.09355589976635,0.7635558997663505
4630,3me146triazanaphtalene_cation->neut (+1 -> +0),2.82,3.0275676907222584,0.20756769072225856
4631,4carbmquinazoline_cation->neut (+1 -> +0),0.5,0.9651859461431034,0.4651859461431034
4632,26dime4carbmquinazoline_cation->neut (+1 -> +0),1.79,1.8857724577533022,0.09577245775330212
4633,6f2me4carbmquinazoline_cation->neut (+1 -> +0),1.03,1.3396087932465628,0.30960879324656276
4634,2me4carbmquinazoline_cation->neut (+1 -> +0),1.57,2.08552421530493,0.5155242153049298
4635,1ph5me23dih3oxopyrazole_cation->neut (+1 -> +0),1.79,2.126885071016358,0.3368850710163578
4636,1ph5me23dih3oxopyrazole_neut->an (+0 -> -1),8.23,8.596422880800915,0.3664228808009149
4637,1ph25dime23dih3oxopyrazole_cation->neut (+1 -> +0),1.66,2.786325355831968,1.1263253558319681
4638,6meo2oxo12dihpyridine_cation->neut (+1 -> +0),1.14,0.9886336674005243,0.15136633259947563
4639,6meo2oxo12dihpyridine_neut->an (+0 -> -1),9.47,9.54536300856152,0.0753630085615189
4640,6oh1me2oxo12dihpyridine_cation->neut (+1 -> +0),0.61,1.1494897163088105,0.5394897163088105
4641,6oh1me2oxo12dihpyridine_neut->an (+0 -> -1),4.62,4.692360828593366,0.07236082859336612
4642,24dicarbxpyridine_neut->an (+0 -> -1),2.17,2.2842752376995987,0.1142752376995988
4643,24dicarbxpyridine_an->2an (-1 -> -2),5.17,5.7373999396293955,0.5673999396293956
4644,35dibr12dih2oxopyridine_neut->an (+0 -> -1),8.43,8.463235507603503,0.03323550760350358
4645,3br12dih2oxopyridine_neut->an (+0 -> -1),10.42,10.450935198186059,0.030935198186059054
4646,5br12dih2oxopyridine_cation->neut (+1 -> +0),-0.06,0.037094677430213885,0.09709467743021388
4647,5br12dih2oxopyridine_neut->an (+0 -> -1),10.03,9.791294685301931,0.238705314698068
4648,5br2meopyridine_cation->neut (+1 -> +0),1.45,1.245479536608106,0.204520463391894
4649,3cl12dih2oxopyridine_neut->an (+0 -> -1),10.4,10.095044371713747,0.3049556282862529
4650,5cl2meopyridine_cation->neut (+1 -> +0),1.18,1.3856789929573878,0.2056789929573879
4651,35dicl12dih2oxopyridine_neut->an (+0 -> -1),8.48,8.387974077958393,0.09202592204160709
4652,6cl2oxo12dihpyridine_cation->neut (+1 -> +0),-0.18,-0.49563002175286996,0.31563002175286997
4653,6cl2oxo12dihpyridine_neut->an (+0 -> -1),7.51,7.603624059278194,0.09362405927819406
4654,1me2cl14dih4oxopyridine_cation->neut (+1 -> +0),2.27,2.307528831251325,0.03752883125132511
4655,1me6cl12dih2oxopyridine_cation->neut (+1 -> +0),-0.33,-0.3063982633691644,0.02360173663083559
4656,2cl4ohpyridine_cation->neut (+1 -> +0),2.07,2.320954437652576,0.2509544376525761
4657,2cl4ohpyridine_neut->an (+0 -> -1),6.84,6.882776012471056,0.04277601247105611
4658,2cl4meopyridine_cation->neut (+1 -> +0),1.93,2.2166155630064583,0.2866155630064584
4659,2cl6meopyridine_cation->neut (+1 -> +0),-0.13,-0.4810951525505649,0.3510951525505649
4660,3benzoylpyridine_cation->neut (+1 -> +0),3.18,3.1162068192130112,0.06379318078698892
4661,4benzoylpyridine_cation->neut (+1 -> +0),3.35,3.5325662992222364,0.18256629922223633
4662,3bromopyridine_cation->neut (+1 -> +0),2.85,2.8600269420986955,0.010026942098695368
4663,3br5meopyridine_cation->neut (+1 -> +0),2.6,2.3491933222285253,0.2508066777714748
4664,25dibraniline_cation->neut (+1 -> +0),1.44,1.4922893138386364,0.05228931383863644
4665,23diclaniline_cation->neut (+1 -> +0),1.71,2.014801992975044,0.30480199297504385
4666,34diclaniline_cation->neut (+1 -> +0),3.0,2.6456032488344805,0.3543967511655195
4667,2etaniline_cation->neut (+1 -> +0),4.3,4.65410178597346,0.35410178597346054
4668,4etaniline_cation->neut (+1 -> +0),5.0,5.123201515048694,0.12320151504869425
4669,5cl2meoaniline_cation->neut (+1 -> +0),3.56,3.1752378993614148,0.3847621006385853
4670,3me4braniline_cation->neut (+1 -> +0),4.05,3.7177543818327203,0.3322456181672795
4671,2br5nitroaniline_cation->neut (+1 -> +0),0.25,0.10158731225172879,0.1484126877482712
4672,4br3nitroaniline_cation->neut (+1 -> +0),0.7,1.657002128710162,0.957002128710162
4673,2cl5nitroaniline_cation->neut (+1 -> +0),0.64,0.5215777518772384,0.11842224812276159
4674,24dicl5ampyridine_cation->neut (+1 -> +0),0.73,0.740027016187252,0.010027016187251991
4675,3am4meapyridine_2cation->cation (+2 -> +1),0.38,0.41758531785259034,0.03758531785259034
4676,3am4meapyridine_cation->neut (+1 -> +0),9.57,9.452358175601574,0.11764182439842585
4677,4am3meapyridine_2cation->cation (+2 -> +1),0.12,1.0207056272339168,0.9007056272339168
4678,4am3meapyridine_cation->neut (+1 -> +0),9.37,9.636303053430085,0.26630305343008587
4679,4am3nitropyridine_cation->neut (+1 -> +0),5.04,4.739976880262188,0.30002311973781204
4680,4phcarbamoylimidazole_cation->neut (+1 -> +0),3.75,2.9727225472826264,0.7772774527173736
4681,4phcarbamoylimidazole_neut->an (+0 -> -1),11.97,11.08331548452539,0.8866845154746112
4682,25thiazolylpyridine_cation->neut (+1 -> +0),2.79,2.702923480926793,0.08707651907320724
4683,6mes24dime4pyrimidine_cation->neut (+1 -> +0),4.0,4.36473396074948,0.36473396074948017
4684,2mes46dimepyrimidine_cation->neut (+1 -> +0),2.12,1.8094046559893524,0.3105953440106477
4685,46dime2meopyrimidine_cation->neut (+1 -> +0),2.7,2.6687783031905115,0.03122169680948872
4686,4meo26dimepyrimidine_cation->neut (+1 -> +0),4.71,4.500338799731184,0.2096612002688163
4687,1me254nitrophe2im12dihpyrimidine_cation->neut (+1 -> +0),10.05,10.141939924366369,0.09193992436636833
4688,1me5ph2im12dihpyrimidine_cation->neut (+1 -> +0),10.75,10.655926378611696,0.09407362138830422
4689,1me5ptol2im12dihpyrimidine_cation->neut (+1 -> +0),10.82,10.890815860713232,0.07081586071323187
4690,1me5meo2im12dihpyrimidine_cation->neut (+1 -> +0),11.44,11.65600132126482,0.2160013212648213
4691,4mes6meopyrimidine_neut->an (+0 -> -1),7.51,7.564580157674069,0.054580157674068985
4692,5nitropyrimidine_cation->neut (+1 -> +0),0.72,-0.2873402517159773,1.0073402517159773
4693,2mes45dimethiazole_cation->neut (+1 -> +0),3.1,2.2494012757936117,0.8505987242063884
4694,4me2mesthiazole_cation->neut (+1 -> +0),2.5,2.5069931237294227,0.006993123729422734
4695,5me2mesthiazole_cation->neut (+1 -> +0),2.55,2.464070559477009,0.08592944052299067
4696,2mesthiazole_cation->neut (+1 -> +0),1.92,1.1788166673244769,0.741183332675523
4697,5am3ph124oxadizole_cation->neut (+1 -> +0),-0.25,0.028803630500556565,0.27880363050055657
4698,4me3ph5im45dih124oxadiazole_cation->neut (+1 -> +0),5.95,5.9357869487268315,0.014213051273168631
4699,4me3ph5meim45dih124oxadiazole_cation->neut (+1 -> +0),6.43,7.569906667688762,1.139906667688762
4700,3ph5dimeam124oxadiazole_cation->neut (+1 -> +0),-0.25,0.021215417893391653,0.27121541789339165
4701,3ph5meam124oxadiazole_cation->neut (+1 -> +0),-0.21,0.14642840845614735,0.3564284084561473
4702,3me5ph2pheim23dih134oxadiazole_cation->neut (+1 -> +0),4.08,4.4709042582668035,0.3909042582668034
4703,5ph2pheam134oxadiazole_cation->neut (+1 -> +0),1.0,1.5630914409595924,0.5630914409595924
4704,5ph2pheam134oxadiazole_neut->an (+0 -> -1),11.9,11.719377241755065,0.1806227582449349
4705,5ph2pheam134thiadiazole_cation->neut (+1 -> +0),1.79,1.8671663495994597,0.07716634959945967
4706,5ph2pheam134thiadiazole_neut->an (+0 -> -1),12.76,12.072155456615569,0.6878445433844309
4707,3me5ph2pheim134thiadiazole_cation->neut (+1 -> +0),4.14,3.5087746733057212,0.6312253266942784
4708,2pheam134thiadiazole_cation->neut (+1 -> +0),1.76,1.6915011175813914,0.06849888241860858
4709,3me2pheim23dih134thiadiazole_cation->neut (+1 -> +0),4.56,4.258889474919896,0.3011105250801034
4710,2pheam134oxadiazole_cation->neut (+1 -> +0),0.63,1.021781753281184,0.3917817532811839
4711,3me2pheim23dih134oxadiazole_cation->neut (+1 -> +0),4.12,4.652100256597642,0.5321002565976416
4712,4am5carbm123triazole_cation->neut (+1 -> +0),-0.23,-0.10981778936408926,0.12018221063591075
4713,4am5carbm123triazole_neut->an (+0 -> -1),7.81,7.708870058477679,0.1011299415223208
4714,1me4am5carbm123triazole_cation->neut (+1 -> +0),0.69,1.4307904807639575,0.7407904807639576
4715,2me4am5carbm123triazole_cation->neut (+1 -> +0),0.1,-0.3092815266009845,0.4092815266009845
4716,2me5carboxy4am123triazole_cation->neut (+1 -> +0),-0.28,-1.9456325410017463,1.6656325410017463
4717,2me5carboxy4am123triazole_neut->an (+0 -> -1),3.81,4.1410406721335,0.3310406721335002
4718,22pyridilthiazole_cation->neut (+1 -> +0),2.17,2.6969890772112635,0.5269890772112635
4719,42pyridilthiazole_cation->neut (+1 -> +0),4.105,4.225966809759553,0.12096680975955287
4720,quinoline4aldoxime_cation->neut (+1 -> +0),4.52,4.424170688416365,0.09582931158363461
4721,quinoline4aldoxime_neut->an (+0 -> -1),10.46,10.308470327076094,0.15152967292390684
4722,5678tetrahcinnoline_cation->neut (+1 -> +0),4.3,4.091698301864975,0.20830169813502497
4723,34dime5678tetrahcinnoline_cation->neut (+1 -> +0),5.41,5.630544874984911,0.2205448749849106
4724,3me5678tetrahcinnoline_cation->neut (+1 -> +0),4.96,4.971149341813328,0.011149341813328384
4725,3me4oxo34dihquinazoline_cation->neut (+1 -> +0),2.18,1.9979227404688205,0.1820772595311797
4726,3me4thio34dihquinazoline_cation->neut (+1 -> +0),1.22,1.282709707489187,0.06270970748918692
4727,1me4oxo14dihquinazoline_cation->neut (+1 -> +0),3.15,3.0839648852803245,0.06603511471967538
4728,1me4thio14dihquinazoline_cation->neut (+1 -> +0),3.0,3.0270224323113917,0.027022432311391675
4729,6formylpurine_cation->neut (+1 -> +0),2.4,0.8340555728716401,1.5659444271283598
4730,6formylpurine_neut->an (+0 -> -1),8.8,8.501851206596807,0.2981487934031932
4731,phenolindophenol_cation->neut (+1 -> +0),0.95,1.5685390316956722,0.6185390316956723
4732,phenolindophenol_neut->an (+0 -> -1),8.1,8.201813094007303,0.1018130940073032
4733,111f31dimeamethane_cation->neut (+1 -> +0),4.75,5.4962137141442335,0.7462137141442335
4734,233cl31ampro2ene_cation->neut (+1 -> +0),6.72,7.41123638422254,0.69123638422254
4735,cis13diamcyclohexane_cation->neut (+1 -> +0),10.3,10.256163303438395,0.04383669656160549
4736,cis13diamcyclohexane_2cation->cation (+2 -> +1),8.29,7.885441488800654,0.40455851119934483
4737,trans13diamcyclohexane_cation->neut (+1 -> +0),10.36,10.622919687335305,0.26291968733530524
4738,trans13diamcyclohexane_2cation->cation (+2 -> +1),8.54,8.675273707153615,0.13527370715361542
4739,cis135triamcyclohexane_cation->neut (+1 -> +0),10.4,9.343771523222122,1.0562284767778785
4740,cis135triamcyclohexane_2cation->cation (+2 -> +1),8.7,8.570481958671426,0.12951804132857347
4741,cis135triamcyclohexane_3cation->2cation (+3 -> +2),6.9,6.663623572515669,0.2363764274843314
4742,bicyclo111pentane1amino_cation->neut (+1 -> +0),8.58,8.140131674901205,0.4398683250987947
4743,bicyclo211hexane1amino_cation->neut (+1 -> +0),9.3,9.429803417802592,0.12980341780259153
4744,bicyclo221heptane1amino_cation->neut (+1 -> +0),10.2,9.834646119808497,0.3653538801915026
4745,2f5nitroaniline_cation->neut (+1 -> +0),1.09,1.2671440751222454,0.17714407512224528
4746,2me4am5carbxpyrimidine_cation->neut (+1 -> +0),2.14,2.214836567147233,0.07483656714723308
4747,2me4am5carbxpyrimidine_neut->an (+0 -> -1),6.28,6.8708337190946445,0.5908337190946442
4748,3me4am2oxo23dihydropyrimidine_cation->neut (+1 -> +0),7.49,7.412659898225301,0.0773401017746993
4749,26dime4ampyrimidine_cation->neut (+1 -> +0),6.97,7.166357862923641,0.19635786292364088
4750,2me4ampyrimidine_cation->neut (+1 -> +0),6.53,6.8579373102420025,0.32793731024200223
4751,3me2am5nitropyridine_cation->neut (+1 -> +0),3.58,2.536720398882636,1.043279601117364
4752,5me2am3nitropyridine_cation->neut (+1 -> +0),2.98,2.995955232613933,0.015955232613932946
4753,35dibrpyridine_cation->neut (+1 -> +0),0.82,0.6642160294955355,0.15578397050446446
4754,35diclpyridine_cation->neut (+1 -> +0),0.67,1.04136668552285,0.37136668552285
4755,35dicl4oxo14dihpyridine_neut->an (+0 -> -1),7.68,7.602862788937024,0.07713721106297555
4756,26dicl4ohpyridine_neut->an (+0 -> -1),5.9,6.028024773993762,0.12802477399376144
4757,56dime2meopyridine_cation->neut (+1 -> +0),4.86,4.003919975761627,0.8560800242383735
4758,2356tetracl4ohpyridine_neut->an (+0 -> -1),2.0,2.439911500703422,0.4399115007034222
4759,22thienylpyridine_cation->neut (+1 -> +0),3.79,3.9157517267878568,0.12575172678785673
4760,235tricl4oxo24dihpyridine_neut->an (+0 -> -1),3.97,4.480345461285907,0.5103454612859069
4761,ntbupyrrolidine_cation->neut (+1 -> +0),11.13,10.778066886220774,0.35193311377922676
4762,4formylimidazole_cation->neut (+1 -> +0),2.9,2.9968672728075356,0.09686727280753571
4763,4formylimidazole_neut->an (+0 -> -1),10.66,10.289902227626563,0.37009777237343755
4764,5me1ph3meopyrazole_cation->neut (+1 -> +0),1.17,1.1876841596654026,0.01768415966540271
4765,1me3oh6oxo16dihpyridazine_neut->an (+0 -> -1),5.46,6.231325490233793,0.7713254902337932
4766,3cl6piperidiniopyrazine_cation->neut (+1 -> +0),3.51,3.190572511023224,0.31942748897677564
4767,2acetamido1456tetrahpyrimidine_cation->neut (+1 -> +0),8.34,8.196770885689492,0.14322911431050755
4768,3me4cl2am6im35dihpyrimidine_cation->neut (+1 -> +0),11.88,12.040023035708593,0.16002303570859233
4769,1me2im5br12dihpyrimidine_cation->neut (+1 -> +0),9.97,9.986262931674943,0.01626293167494275
4770,5br2tbupyrimidine_cation->neut (+1 -> +0),2.12,2.1777279700875436,0.05772797008754349
4771,5br4tbupyrimidine_cation->neut (+1 -> +0),4.64,4.156189936847946,0.48381006315205344
4772,1me2meim5br12dihpyrimidine_cation->neut (+1 -> +0),10.62,10.416360913314552,0.20363908668544717
4773,5br4mespyrimidine_cation->neut (+1 -> +0),1.02,0.7870617665543813,0.2329382334456187
4774,5cl1me2im12dihpyrimidine_cation->neut (+1 -> +0),10.19,9.81774489678691,0.37225510321308874
4775,5cl146trim2im12dihpyrimidine_cation->neut (+1 -> +0),11.01,10.49138980382326,0.5186101961767395
4776,1me56diam4im14dihpyrimidine_cation->neut (+1 -> +0),12.11,11.97550701041111,0.1344929895888889
4777,2oh5pchlorophenylpyrimidine_cation->neut (+1 -> +0),1.62,1.868515954151011,0.2485159541510109
4778,2oh5pchlorophenylpyrimidine_neut->an (+0 -> -1),8.57,8.72975259996148,0.15975259996147884
4779,2mepyrimidine_cation->neut (+1 -> +0),1.05,1.0741289783306849,0.024128978330684836
4780,4carboxythiazolidine_cation->neut (+1 -> +0),1.65,1.8810611176738767,0.23106111767387683
4781,4carboxythiazolidine_neut->an (+0 -> -1),6.08,5.418567505992327,0.6614324940076735
4782,55dime4carboxythiazolidine_cation->neut (+1 -> +0),1.58,2.3277246236665663,0.7477246236665662
4783,55dime4carboxythiazolidine_neut->an (+0 -> -1),5.98,5.576392297661069,0.40360770233893106
4784,5br8ohquinoline_cation->neut (+1 -> +0),3.67,3.535513679984647,0.13448632001535277
4785,5br8ohquinoline_neut->an (+0 -> -1),9.02,9.06661752857871,0.04661752857871093
4786,5cl8ohquinoline_cation->neut (+1 -> +0),3.56,3.1447738939327534,0.41522610606724664
4787,5cl8ohquinoline_neut->an (+0 -> -1),9.34,9.199559923005026,0.14044007699497385
4788,5i8ohquinoline_cation->neut (+1 -> +0),3.48,3.973759717059459,0.4937597170594592
4789,5i8ohquinoline_neut->an (+0 -> -1),8.65,9.194525258560326,0.5445252585603253
4790,4me6oh23dihfuro23bpyridine_cation->neut (+1 -> +0),1.95,1.8079235684402901,0.14207643155970984
4791,4me6oh23dihfuro23bpyridine_neut->an (+0 -> -1),8.92,9.227300713363398,0.30730071336339826
4792,3me2meim12dihtetramethiazole_cation->neut (+1 -> +0),10.0,8.8624140842754,1.1375859157245998
4793,38dime2im4oxo2348tethpteridine_cation->neut (+1 -> +0),8.71,9.369289633493933,0.6592896334939322
4794,3678tetme2im4oxo2348tethpteridine_cation->neut (+1 -> +0),10.04,10.091005430414182,0.051005430414182484
4795,2meam6ohpurine_cation->neut (+1 -> +0),3.3,3.1221258494087047,0.17787415059129508
4796,2meam6ohpurine_neut->an (+0 -> -1),8.9,9.41296733798471,0.5129673379847102
4797,2meam6ohpurine_an->2an (-1 -> -2),12.8,12.331608308760954,0.4683916912390469
4798,2h6h15methbenzob15diazocine_cation->net (+1 -> +0),7.3,7.40779158465834,0.10779158465834016
4799,11me2h6h15methbenzob15diazocine_cation->net (+1 -> +0),7.5,8.372455613923831,0.8724556139238313
4800,23dih5h14methanobenzoe14diazepine_cation->neut (+1 -> +0),7.3,6.902171757465598,0.39782824253440197
4801,5br110phenanthroline_cation->neut (+1 -> +0),4.2,4.314215062911526,0.1142150629115255
4802,24dimephenylhydrazine_cation->neut (+1 -> +0),5.72,5.568836785437711,0.15116321456228832
4803,34diclphenylhydrazine_cation->neut (+1 -> +0),4.8,4.3728265734068374,0.4271734265931624
4804,25diclphenylhydrazine_cation->neut (+1 -> +0),4.44,4.058726577709691,0.3812734222903096
4805,24diclphenylhydrazine_cation->neut (+1 -> +0),4.3,4.194196439130854,0.10580356086914566
4806,1mepchlorophenylhydrazine_cation->neut (+1 -> +0),4.64,4.644791537212479,0.004791537212478936
4807,1memchlorophenylhydrazine_cation->neut (+1 -> +0),4.43,4.724122134363715,0.2941221343637155
4808,1meochlorophenylhydrazine_cation->neut (+1 -> +0),4.78,5.44990220636029,0.6699022063602902
4809,1meobromophenylhydrazine_cation->neut (+1 -> +0),4.68,5.388602090926593,0.7086020909265933
4810,1membromophenylhydrazine_cation->neut (+1 -> +0),4.3,4.805730014615016,0.5057300146150165
4811,1mepbromophenylhydrazine_cation->neut (+1 -> +0),4.62,4.460186327055559,0.15981367294444127
4812,3br4mephenylhydrazine_cation->neut (+1 -> +0),5.14,4.923853682838494,0.21614631716150612
4813,4br3mephenylhydrazine_cation->neut (+1 -> +0),5.2,5.329731178041674,0.12973117804167345
4814,1me24dibromophenylhydrazine_cation->neut (+1 -> +0),4.65,4.28392738717151,0.36607261282849013
4815,1mepmethoxyphenylhydrazine_cation->neut (+1 -> +0),5.6,5.611242555233802,0.011242555233802243
4816,1meotolylhydrazine_cation->neut (+1 -> +0),5.29,5.710313573794017,0.4203135737940169
4817,1memtolylhydrazine_cation->neut (+1 -> +0),5.09,4.925936849547521,0.16406315045247855
4818,1meptolylhydrazine_cation->neut (+1 -> +0),5.3,5.115228792321993,0.1847712076780068
4819,1mephenylhydrazine_cation->neut (+1 -> +0),4.98,4.764734280222156,0.21526571977784403
4820,1me24dimephenylhydrazine_cation->neut (+1 -> +0),6.03,6.058922464150013,0.028922464150012317
4821,1me2nitrophenylhydrazine_cation_neut (+1 -> +0),4.32,3.3815511047561317,0.9384488952438685
4822,1me2br4mephenylhydrazine_cation->neut (+1 -> +0),4.95,5.192344923744415,0.2423449237444144
4823,1me3vbr4mephenylhydrazine_cation->neut (+1 -> +0),4.62,4.551044210948023,0.06895578905197741
4824,2me123triazolo5p4p45pyrimidine_cation->neut (+1 -> +0),1.08,1.019144295026079,0.06085570497392112
4825,2cletanamine_cation->neut (+1 -> +0),8.56,8.308182261239327,0.25181773876067304
4826,22dicletanamine_cation->neut (+1 -> +0),6.75,6.717289004860779,0.0327109951392206
4827,1amcyclobutane_cation->neut (+1 -> +0),10.04,10.342827601078175,0.3028276010781763
4828,trans1am2pbromophenylcyclopropane_cation->neut (+1 -> +0),8.13,8.01259000539017,0.11740999460983126
4829,trans1am2pclphenylcyclopropane_cation->neut (+1 -> +0),8.11,8.058911031125811,0.05108896887418801
4830,trans1am2ptolylcyclopropane_cation->neut (+1 -> +0),8.33,8.654969723084793,0.3249697230847932
4831,5cn3nitroaniline_cation->neut (+1 -> +0),0.47,0.7557238551262486,0.28572385512624865
4832,345trichlorophenol_neut->an (+0 -> -1),7.794,7.862010504152202,0.06801050415220278
4833,246trichlorophenol_neut->an (+0 -> -1),6.23,5.878873496854579,0.35112650314542115
4834,pentafluorophenol_neut->an (+0 -> -1),5.23,4.996916360746286,0.23308363925371456
4835,tetrachloro12benzenediol_neut->an (+0 -> -1),5.8,4.545516017315625,1.2544839826843752
4836,tetrachloro12benzenediol_an->2an (-1 -> -2),10.1,10.03052957790603,0.06947042209396947
4837,26dicl14benzenediol_neut->an (+0 -> -1),7.3,7.229574125599425,0.07042587440057524
4838,26dicl14benzenediol_an->2an (-1 -> -2),9.99,10.943102264985686,0.9531022649856862
4839,23dinitrophenol_neut->an (+0 -> -1),4.96,4.818091036671355,0.14190896332864522
4840,35dicl246trinitrophenol_neut->an (+0 -> -1),-0.7,-0.7033291727550379,0.003329172755037968
4841,3cl246trinitrophenol_neut->an (+0 -> -1),-0.2,0.34262564690429453,0.5426256469042945
4842,3br246trinitrophenol_neut->an (+0 -> -1),-0.05,0.11309032656266726,0.16309032656266725
4843,3i246trinitrophenol_neut->an (+0 -> -1),0.15,0.687402415386706,0.537402415386706
4844,5cl246trinitrobenzene13diol_neut->an (+0 -> -1),1.13,0.705844610565145,0.42415538943485487
4845,24dibr6nitrophenol_neut->an (+0 -> -1),4.708,4.741471342946112,0.03347134294611198
4846,26dibr4nitrophenol_neut->an (+0 -> -1),3.392,3.286919038065154,0.10508096193484606
4847,26dicl4nitrophenol_neut->an (+0 -> -1),3.549,3.1380232037349236,0.4109767962650763
4848,26dii4nitrophenol_neut->an (+0 -> -1),3.324,3.7618682869753535,0.4378682869753536
4849,2cl46dinitrophenol_neut->an (+0 -> -1),2.01,2.240943502935365,0.23094350293536525
4850,2br46dinitrophenol_neut->an (+0 -> -1),2.35,2.3275428257624684,0.022457174237531685
4851,4br2clphenol_neut->an (+0 -> -1),7.64,7.674907719775041,0.034907719775040924
4852,2cl4nitrophenol_neut->an (+0 -> -1),5.45,5.700289521977292,0.25028952197729204
4853,4cl2nitrophenol_neut->an (+0 -> -1),6.46,6.3554957684094875,0.10450423159051248
4854,3cl6nitrophenol_neut->an (+0 -> -1),6.05,5.917410000963456,0.13258999903654356
4855,5f2nitrophenol_neut->an (+0 -> -1),6.07,6.537414272492576,0.46741427249257583
4856,4nitrobenzenethiol_neut->an (+0 -> -1),4.715,4.757285997936322,0.042285997936321706
4857,5me13benzenediol_neut->an (+0 -> -1),9.48,9.4918357103542,0.011835710354199946
4858,5me13benzenediol_an->2an (-1 -> -2),11.2,11.212437833456972,0.012437833456973024
4859,24diclbenzoic_neut->an (+0 -> -1),2.68,2.7369876954103347,0.05698769541033455
4860,34diclbenzoic_neut->an (+0 -> -1),3.64,3.76308138919679,0.1230813891967899
4861,25diclbenzoic_neut->an (+0 -> -1),2.466,2.6053953068047138,0.13939530680471357
4862,26diclbenzoic_neut->an (+0 -> -1),1.594,1.7466927496785951,0.15269274967859503
4863,23diclbenzoic_neut->an (+0 -> -1),2.67,2.611307259173203,0.058692740826796985
4864,35diclbenzoic_neut->an (+0 -> -1),3.54,3.321094064726225,0.21890593527377522
4865,2oh35dibrbenzoic_neut->an (+0 -> -1),2.162,2.5105386480781977,0.3485386480781978
4866,2oh35dinitrobenzoic_neut->an (+0 -> -1),0.7,1.3694371437913881,0.6694371437913882
4867,2oh35dinitrobenzoic_an->2an (-1 -> -2),7.6,6.574093963387967,1.0259060366120325
4868,2oh5clbenzoic_neut->an (+0 -> -1),2.65,2.4182506685056095,0.23174933149439036
4869,2oh5clbenzoic_ann->2an (-1 -> -2),13.0,12.48222379445044,0.5177762055495592
4870,2oh5brbenzoic_neut->an (+0 -> -1),2.66,2.577275017787362,0.08272498221263813
4871,2oh5brbenzoic_an->2an (-1 -> -2),12.8,12.689889131876228,0.11011086812377258
4872,4me26diclphenol_neut->an (+0 -> -1),7.19,6.813302711236953,0.3766972887630473
4873,5me2nitrophenol_neut->an (+0 -> -1),7.412,7.309536844640992,0.10246315535900763
4874,4me2nitrophenol_neut->an (+0 -> -1),7.4,7.082859380602394,0.3171406193976063
4875,4cl2ambenzoic_cation->neut (+1 -> +0),1.21,1.2715392982424545,0.06153929824245452
4876,4cl2ambenzoic_neut->an (+0 -> -1),4.44,4.501383111784881,0.06138311178488021
4877,5cl2ambenzoic_cation->neut (+1 -> +0),1.69,1.5794206984965369,0.11057930150346307
4878,5cl2ambenzoic_neut->an (+0 -> -1),4.35,4.178664006706933,0.17133599329306648
4879,4br2ambenzoic_cation->neut (+1 -> +0),1.24,1.5223606017836575,0.2823606017836575
4880,4br2ambenzoic_neut->an (+0 -> -1),4.37,4.442921472581497,0.07292147258149662
4881,5br2ambenzoic_cation->neut (+1 -> +0),1.6,1.2801242444118417,0.3198757555881584
4882,5br2ambenzoic_neut->an (+0 -> -1),4.41,4.2605433465467355,0.14945665345326464
4883,4f2ambenzoic_cation->neut (+1 -> +0),1.42,1.3775805741088254,0.042419425891174534
4884,4f2ambenzoic_neut->an (+0 -> -1),4.6,4.40196049674734,0.19803950325265962
4885,5f2ambenzoic_cation->neut (+1 -> +0),2.03,2.0539907142570133,0.02399071425701349
4886,5f2ambenzoic_neut->an (+0 -> -1),4.82,4.521600538695097,0.29839946130490347
4887,35dime4clphenol_neut->an (+0 -> -1),9.706,9.45542360895601,0.2505763910439889
4888,4me2ambenzoic_cation->neut (+1 -> +0),2.35,2.339499666466475,0.010500333533525197
4889,4me2ambenzoic_neut->an (+0 -> -1),5.07,4.763297889313087,0.30670211068691344
4890,5me2ambenzoic_cation->neut (+1 -> +0),2.48,2.3425887810471355,0.13741121895286446
4891,5me2ambenzoic_neut->an (+0 -> -1),5.13,5.189128803849817,0.059128803849817224
4892,4meo2ambenzoic_cation->neut (+1 -> +0),2.06,2.0378712557382554,0.022128744261744604
4893,4meo2ambenzoic_neut->an (+0 -> -1),4.88,4.996989824483882,0.11698982448388229
4894,5meo2ambenzoic_cation->neut (+1 -> +0),2.37,2.964524073933247,0.5945240739332469
4895,5meo2ambenzoic_neut->an (+0 -> -1),5.57,5.0925987122772645,0.4774012877227358
4896,3brpropyonic_neut->an (+0 -> -1),1.857,1.5364036259170755,0.3205963740829245
4897,2clpropanoic_neut->an (+0 -> -1),2.89,2.8894015305344496,0.0005984694655505329
4898,2brpropanoic_neut->an (+0 -> -1),3.01,3.0171441377065635,0.007144137706563747
4899,5me134oxadiazole23hthione_neut->an (+0 -> -1),5.01,5.320708613891747,0.3107086138917472
4900,fumaric_neut->an (+0 -> -1),3.095,3.086531320087717,0.008468679912283061
4901,fumaric_an->2an (-1 -> -2),4.602,4.374870451949894,0.22712954805010632
4902,6oh24dione1h3hpyrimidine_neut->an (+0 -> -1),3.99,2.685686607660471,1.3043133923395294
4903,4am5nitropyrimidine21hone_neut->an (+0 -> -1),7.43,6.434416766828849,0.9955832331711507
4904,2am5nitropyrimidine41hone_neut->an (+0 -> -1),6.7,6.644663311231677,0.05533668876832287
4905,2pyrrolidinone_neut->an (+0 -> -1),14.7,15.887764084530126,1.1877640845301265
4906,26dicl4brphenol_neut->an (+0 -> -1),6.21,5.664532100849834,0.5454678991501662
4907,4me6clpyridine21hone_cation->neut (+1 -> +0),0.2,0.026853894916809118,0.1731461050831909
4908,4me6clpyridine21hone_neut->an (+0 -> -1),8.06,8.090964107344295,0.030964107344294334
4909,5nitro2ohbenzenecarbonitrile_neut->an (+0 -> -1),4.1,3.7063897454237154,0.3936102545762843
4910,6nitro2ohbenzenecarbonitrile_neut->an (+0 -> -1),5.2,5.064036210064604,0.13596378993539648
4911,2nitrobenzoic_neut->an (+0 -> -1),2.17,2.5914550849125435,0.4214550849125436
4912,5me246trinitro13benzenediol_neut->an (+0 -> -1),1.17,0.5304210029842,0.6395789970157999
4913,5me246trinitro13benzenediol_an->2an (-1 -> -2),5.04,5.313807895453255,0.27380789545325523
4914,2am5ohbenzoic_cation->neut (+1 -> +0),2.72,2.706791756382275,0.013208243617725213
4915,2am5ohbenzoic_neut->an (+0 -> -1),5.37,5.6460713706430345,0.27607137064303444
4916,5meo2nitrophenol_neut->an (+0 -> -1),7.09,7.19862766875867,0.10862766875867003
4917,4meo2nitrophenol_neut->an (+0 -> -1),7.31,7.3290672654444835,0.019067265444483894
4918,4me2ohbenzoic_neut->an (+0 -> -1),3.172,2.9230343416989326,0.24896565830106754
4919,5me2ohbenzoic_neut->an (+0 -> -1),2.9,3.221295691703437,0.3212956917034373
4920,6me2ohbenzoic_neut->an (+0 -> -1),3.16,3.4604859367444396,0.30048593674443946
4921,3cn6ohbenzoic_neut->an (+0 -> -1),2.38,2.4313370937108525,0.0513370937108526
4922,4cn2ohbenzoic_neut->an (+0 -> -1),2.35,2.1057135680807333,0.2442864319192668
4923,3br12benzenedicarboxylic_neut->an (+0 -> -1),2.27,2.9155285755750393,0.6455285755750393
4924,3br12benzenedicarboxylic_an->2an (-1 -> -2),4.35,4.432974478315917,0.08297447831591764
4925,3cl12benzenedicarboxylic_an->2an (-1 -> -2),4.49,3.8879290689324657,0.6020709310675345
4926,4br12benzenedicarboxylic_neut->an (+0 -> -1),2.5,2.862310480682951,0.36231048068295113
4927,4br12benzenedicarboxylic_an->2an (-1 -> -2),4.6,4.588299865839667,0.011700134160332887
4928,4me3clbenzoic_neut->an (+0 -> -1),4.06,4.109041092841336,0.04904109284133629
4929,3me4clbenzoic_neut->an (+0 -> -1),4.07,4.123330146444706,0.05333014644470602
4930,3me2brbenzoic_neut->an (+0 -> -1),2.9,3.1727560786049525,0.27275607860495255
4931,4me2brbenzoic_neut->an (+0 -> -1),3.09,3.6185754947788533,0.5285754947788535
4932,5me2brbenzoic_neut->an (+0 -> -1),3.0,3.018661149434031,0.018661149434031188
4933,3me2clbenzoic_neut->an (+0 -> -1),3.0,3.0063543263229624,0.0063543263229624
4934,4me2clbenzoic_neut->an (+0 -> -1),3.27,3.1181289309522606,0.1518710690477394
4935,5me2clbenzoic_neut->an (+0 -> -1),3.12,3.0580858679884058,0.06191413201159435
4936,4me3brbenzoic_neut->an (+0 -> -1),3.96,3.8576053047486907,0.10239469525130929
4937,3me4brbenzoic_neut->an (+0 -> -1),4.03,4.217689225732885,0.1876892257328846
4938,3me2ibenzoic_neut->an (+0 -> -1),2.92,2.819434009613624,0.10056599038637604
4939,4me2ibenzoic_neut->an (+0 -> -1),3.2,2.9641984953494154,0.2358015046505848
4940,5me2ibenzoic_neut->an (+0 -> -1),2.95,3.192584054879883,0.24258405487988277
4941,3cl4ohmethylbenzoate_neut->an (+0 -> -1),6.73,6.545396751903953,0.18460324809604778
4942,3me2nitrobenzoic_neut->an (+0 -> -1),2.91,2.1135022355639306,0.7964977644360696
4943,3me4nitrobenzoic_neut->an (+0 -> -1),3.65,3.4833534244231865,0.1666465755768134
4944,5me2nitrobenzoic_neut->an (+0 -> -1),2.55,2.6843506089850235,0.1343506089850237
4945,4me2nitrobenzoic_neut->an (+0 -> -1),2.68,2.342938603200893,0.3370613967991072
4946,4me3nitrobenzoic_neut->an (+0 -> -1),3.62,3.504529214593501,0.11547078540649913
4947,26dime4brphenol_neut->an (+0 -> -1),9.81,10.002153065189589,0.1921530651895882
4948,26dime4fphenol_neut->an (+0 -> -1),10.46,10.207120557738929,0.2528794422610723
4949,3ohphenylacetamide_neut->an (+0 -> -1),9.49,9.401334763939925,0.08866523606007526
4950,3dimeamphenol_neut->an (+0 -> -1),9.85,10.196991553919808,0.34699155391980874
4951,4dimeamphenol_neut->an (+0 -> -1),10.22,10.049531477780132,0.17046852221986875
4952,3cl4ohphenylacetamide_neut->an (+0 -> -1),8.2,8.128849930460445,0.07115006953955394
4953,3phpropynoic_neut->an (+0 -> -1),2.23,2.0729789282831943,0.15702107171680568
4954,5oh1indanone_neut->an (+0 -> -1),7.53,7.7643544721027,0.23435447210269977
4955,7oh1indanone_neut->an (+0 -> -1),8.43,8.179952911354318,0.25004708864568137
4956,3me2ohacetophenone_neut->an (+0 -> -1),9.14,10.739431638778598,1.5994316387785972
4957,35dime4ohbenzaldehyde_neut->an (+0 -> -1),7.74,7.635598827670757,0.10440117232924351
4958,36dime2ohbenzoic_neut->an (+0 -> -1),3.23,3.243297097497293,0.01329709749729302
4959,36dime2ohbenzoic_an->2an (-1 -> -2),12.32,12.696458260861561,0.3764582608615612
4960,3me2meobenzoic_neut->an (+0 -> -1),3.84,3.6185056707629437,0.22149432923705614
4961,4me2meobenzoic_neut->an (+0 -> -1),4.38,4.289322499323427,0.09067750067657254
4962,5me2meobenzoic_neut->an (+0 -> -1),4.2,4.943421179805037,0.7434211798050372
4963,4me3meobenzoic_neut->an (+0 -> -1),4.13,4.127365446651707,0.0026345533482929895
4964,3me4meobenzoic_neut->an (+0 -> -1),4.35,4.431277491806567,0.08127749180656707
4965,23dimeobenzoic_neut->an (+0 -> -1),3.98,3.6591033095053236,0.3208966904946764
4966,24dimeobenzoic_neut->an (+0 -> -1),4.36,5.213270806274111,0.8532708062741108
4967,34dimeobenzoic_neut->an (+0 -> -1),4.43,5.392323900142427,0.9623239001424269
4968,2iprophenol_neut->an (+0 -> -1),10.47,9.85594200620722,0.6140579937927804
4969,4iprophenol_neut->an (+0 -> -1),10.24,10.13672446200617,0.10327553799383082
4970,3iprophenol_neut->an (+0 -> -1),10.16,10.411896362590554,0.2518963625905535
4971,235trimethylphenol_neut->an (+0 -> -1),10.71,10.799791976312548,0.0897919763125472
4972,245trimethylphenol_neut->an (+0 -> -1),10.57,10.704096072564361,0.13409607256436118
4973,26dime4meophenol_neut->an (+0 -> -1),10.84,10.474960440974737,0.36503955902526286
4974,2iprobenzenethiol_neut->an (+0 -> -1),7.02,6.97630887327075,0.04369112672924924
4975,diipropropanedioic_neut->an (+0 -> -1),2.124,3.000005494065758,0.8760054940657578
4976,diipropropanedioic_an->2an (-1 -> -2),8.848,7.38303332398666,1.4649666760133409
4977,36dime5nitro2ohbenzoic_neut->an (+0 -> -1),2.78,2.843019229253504,0.06301922925350434
4978,36dime5nitro2ohbenzoic_an->2an (-1 -> -2),8.54,7.725717258315594,0.814282741684405
4979,3et5me246trinitrophenol_neut->an (+0 -> -1),3.3,2.5011530931536035,0.7988469068463964
4980,3ipro246trinitrophenol_neut->an (+0 -> -1),3.4,1.328336842940221,2.071663157059779
4981,3me2ipro2cnbutanoic_neut->an (+0 -> -1),2.556,2.8433282061442933,0.2873282061442932
4982,57dicl8quinolinol_cation->neut (+1 -> +0),2.89,2.2325145330539735,0.6574854669460266
4983,57dicl8quinolinol_neut->an (+0 -> -1),7.62,7.314876641353847,0.3051233586461528
4984,3clquinoline2carbocylic_neut->an (+0 -> -1),1.83,1.0547102636164576,0.7752897363835425
4985,234trimebenzoic_neut->an (+0 -> -1),4.06,3.553733808098059,0.5062661919019407
4986,235trimebenzoic_neut->an (+0 -> -1),4.01,3.9945805676821893,0.01541943231781051
4987,236trimebenzoic_neut->an (+0 -> -1),3.34,3.51888238524091,0.17888238524091005
4988,245trimebenzoic_neut->an (+0 -> -1),4.38,4.2093970444702515,0.17060295552974836
4989,345trimebenzoic_neut->an (+0 -> -1),4.52,4.4033641082663735,0.1166358917336261
4990,2oh3iprobenzoic_neut->an (+0 -> -1),2.76,2.5240274904157767,0.2359725095842231
4991,2ipro3mephenol_neut->an (+0 -> -1),11.23,11.233007502097657,0.0030075020976561007
4992,2ipro4mephenol_neut->an (+0 -> -1),10.73,10.78993203582004,0.05993203582004014
4993,2ipro5mephenol_neut->an (+0 -> -1),10.62,10.981614969321242,0.36161496932124315
4994,4ipro2mephenol_neut->an (+0 -> -1),10.56,10.392019001797015,0.16798099820298518
4995,4ipro3mephenol_neut->an (+0 -> -1),10.31,10.350414012392573,0.040414012392572474
4996,2356tetrame14benzenediol_neut->an (+0 -> -1),11.25,11.225480005226977,0.024519994773022802
4997,2356tetrame14benzenediol_an->2an (-1 -> -2),12.84,12.846924807746195,0.006924807746194972
4998,3cl1naphtol_neut->an (+0 -> -1),8.4,8.463753706453275,0.06375370645327472
4999,4cl2naphtol_neut->an (+0 -> -1),8.82,8.909831451160027,0.08983145116002689
5000,3br1naphtol_neut->an (+0 -> -1),8.34,8.25889295012328,0.08110704987671902
5001,4br2naphtol_neut->an (+0 -> -1),8.74,8.761608876402207,0.021608876402206434
5002,3i1naphtol_neut->an (+0 -> -1),8.36,8.361473830969723,0.001473830969723977
5003,4i2naphtol_neut->an (+0 -> -1),8.81,8.749829616136847,0.06017038386315399
5004,3nitronaphtol_neut->an (+0 -> -1),7.86,7.914081391061304,0.054081391061303385
5005,4nitronaphtol_neut->an (+0 -> -1),5.73,5.421768398255552,0.3082316017444482
5006,3am1naphtol_cation->neut (+1 -> +0),4.08,3.74627773490366,0.3337222650963403
5007,3am1naphtol_neut->an (+0 -> -1),9.36,9.049673397112407,0.3103266028875922
5008,4am2naphtol_cation->neut (+1 -> +0),3.45,3.521104231556663,0.07110423155666279
5009,4am2naphtol_neut->an (+0 -> -1),9.84,9.978883111504086,0.13888311150408583
5010,2mequinolinol_cation->neut (+1 -> +0),5.61,4.758973850697638,0.8510261493023625
5011,2mequinolinol_neut->an (+0 -> -1),10.16,8.63432759108346,1.5256724089165399
5012,4tbu2clphenol_neut->an (+0 -> -1),8.58,8.600707297223543,0.020707297223543364
5013,5me2ipro4clphenol_neut->an (+0 -> -1),9.98,10.337731181296434,0.3577311812964332
5014,3oh1naphthoic_neut->an (+0 -> -1),3.69,3.8290422687703485,0.13904226877034853
5015,3oh1naphthoic_an->2an (-1 -> -2),9.78,9.824216136141128,0.04421613614112907
5016,4oh2naphthoic_neut->an (+0 -> -1),4.25,4.108299306320833,0.1417006936791667
5017,4oh2naphthoic_an->2an (-1 -> -2),9.59,9.113255235118315,0.47674476488168516
5018,4menaphtol_neut->an (+0 -> -1),9.64,9.72427958718918,0.0842795871891795
5019,235trimebenzobfuran7ol_neut->an (+0 -> -1),9.11,9.321922462413706,0.21192246241370682
5020,4me2tbuphenol_neut->an (+0 -> -1),11.72,11.359947243529668,0.3600527564703331
5021,6me2tbuphenol_neut->an (+0 -> -1),10.96,11.469487117562693,0.509487117562692
5022,2me4tbuphenol_neut->an (+0 -> -1),10.59,10.242286275951775,0.34771372404822465
5023,24dime5iprophenol_neut->an (+0 -> -1),10.76,10.858539254317519,0.09853925431751875
5024,46dime2iprophenol_neut->an (+0 -> -1),11.18,10.961936056251778,0.2180639437482217
5025,26dime4iprophenol_neut->an (+0 -> -1),10.9,10.986001576507547,0.08600157650754703
5026,45dime2iprophenol_neut->an (+0 -> -1),10.79,11.152601515326644,0.3626015153266451
5027,4cl1naphthoic_neut->an (+0 -> -1),3.36,3.6855657554576586,0.32556575545765876
5028,4br1naphthoic_neut->an (+0 -> -1),3.37,3.5546564622546413,0.18465646225464116
5029,4f1naphthoic_neut->an (+0 -> -1),3.7,3.971634444074116,0.27163444407411586
5030,3nitro1naphthoic_neut->an (+0 -> -1),2.83,3.143481420814248,0.3134814208142478
5031,4nitro1naphthoic_neut->an (+0 -> -1),2.8,2.763016406892146,0.03698359310785371
5032,4ohnaphtalenecarbonitrile_neut->an (+0 -> -1),7.08,6.786571598637524,0.29342840136247617
5033,3ohnaphtalenecarbonitrile_neut->an (+0 -> -1),8.41,8.470408271890875,0.06040827189087494
5034,46dime2tbuphenol_neut->an (+0 -> -1),12.04,11.346458680245568,0.6935413197544307
5035,26diiprophenol_neut->an (+0 -> -1),11.1,11.215394828821744,0.1153948288217439
5036,hexobarbital_neut->an (+0 -> -1),8.36,8.279483407075464,0.0805165929245355
5037,norhexobarbital_neut->an (+0 -> -1),7.9,8.089613031532965,0.18961303153296427
5038,5mercaptopyrimidine241h3hdione_neut->an (+0 -> -1),5.3,5.583839976125323,0.2838399761253232
5039,5mercaptopyrimidine241h3hdione_an->2an (-1 -> -2),10.6,9.799357356090127,0.8006426439098728
5040,pteridine261h5hdione_neut->an (+0 -> -1),5.58,5.785732554415871,0.2057325544158708
5041,pteridine261h5hdione_an->2an (-1 -> -2),8.64,9.350760716869843,0.7107607168698422
5042,pteridine461h5hdione_neut->an (+0 -> -1),6.05,6.742874819688754,0.692874819688754
5043,pteridine461h5hdione_an->2an (-1 -> -2),9.51,9.371216001638924,0.1387839983610757
5044,pteridine21hthione_neut->an (+0 -> -1),6.52,6.30324905930847,0.21675094069152934
5045,3oh4pyridinecarboxylic_cation->neut (+1 -> +0),0.1,0.8581975837045741,0.7581975837045741
5046,3oh4pyridinecarboxylic_neut->an (+0 -> -1),4.83,4.511966341054366,0.31803365894563385
5047,3oh4pyridinecarboxylic_an->2an (-1 -> -2),11.3,11.159994155051315,0.14000584494868562
5048,1me2681h3h7htrionepurine_neut->an (+0 -> -1),5.75,5.440798142177233,0.3092018578227673
5049,1me2681h3h7htrionepurine_an->2an (-1 -> -2),10.6,10.750157684297653,0.1501576842976533
5050,7me2681h3h7htrionepurine_neut->an (+0 -> -1),5.5,5.372398531908222,0.12760146809177808
5051,7me2681h3h7htrionepurine_an->2an (-1 -> -2),10.3,10.579946393699123,0.279946393699122
5052,2piperidinecarboxylic_cation->neut (+1 -> +0),2.29,2.2021939198587583,0.0878060801412417
5053,2piperidinecarboxylic_neut->an (+0 -> -1),10.77,10.915194409297815,0.14519440929781524
5054,8cf3purin21hone_neut->an (+0 -> -1),5.35,5.566834254114123,0.21683425411412305
5055,8cf3purin21hone_an->2an (-1 -> -2),10.92,10.984818427628817,0.06481842762881662
5056,44dime2pentynoic_neut->an (+0 -> -1),2.66,2.3693856812752774,0.29061431872472276
5057,pentafluorobenzoic_neut->an (+0 -> -1),1.75,1.8790718327498555,0.12907183274985545
5058,2356tetrafluorobenzoic_neut->an (+0 -> -1),1.87,1.6336940052152809,0.23630599478471925
5059,4oh2356tetrafluorobenzoic_neut->an (+0 -> -1),2.27,2.2856958650828183,0.015695865082818283
5060,4oh2356tetrafluorobenzoic_an->2an (-1 -> -2),5.17,5.8293727192321585,0.6593727192321586
5061,4oh35dichbenzoic_an->2an (-1 -> -2),5.97,5.558622384923611,0.4113776150763888
5062,34pyridinedicarboxylic_cation->neut (+1 -> +0),1.5,0.72015717569752,0.77984282430248
5063,34pyridinedicarboxylic_neut->an (+0 -> -1),2.95,3.2579788231400473,0.3079788231400471
5064,34pyridinedicarboxylic_an->2an (-1 -> -2),5.07,4.4549876213458806,0.6150123786541197
5065,3meo246trinitrophenol_neut->an (+0 -> -1),0.37,0.8598274864435425,0.48982748644354246
5066,4mepteridin21hone_neut->an (+0 -> -1),8.2,8.33270577296856,0.1327057729685599
5067,7mepteridin21hone_neut->an (+0 -> -1),8.07,7.795418688069425,0.2745813119305751
5068,2am4nitrobenzoic_cation->neut (+1 -> +0),0.65,0.3664501810552343,0.2835498189447657
5069,2am4nitrobenzoic_neut->an (+0 -> -1),3.7,3.472297063653884,0.22770293634611605
5070,3am5nitrobenzoic_cation->neut (+1 -> +0),1.55,1.4279286479179172,0.12207135208208286
5071,3am5nitrobenzoic_neut->an (+0 -> -1),3.55,3.613820243525436,0.06382024352543603
5072,2me5nitrophenol_neut->an (+0 -> -1),8.529,8.87279889929416,0.3437988992941605
5073,3mebenzenethiol_neut->an (+0 -> -1),6.385,6.252837268762576,0.13216273123742361
5074,4meobenzenethiol_neut->an (+0 -> -1),6.775,6.598085832522977,0.17691416747702338
5075,4me2piperidinecarboxylic_cation->neut (+1 -> +0),2.27,2.4308794956264403,0.16087949562644033
5076,4me2piperidinecarboxylic_neut->an (+0 -> -1),10.74,10.38689749007838,0.3531025099216194
5077,4cl2356tetrafluorobenzoic_neut->an (+0 -> -1),1.69,1.4347835344235031,0.2552164655764968
5078,4br2356tetrafluorobenzoic_neut->an (+0 -> -1),1.66,1.4195318403985775,0.24046815960142243
5079,4sh2356tetrafluorobenzoic_neut->an (+0 -> -1),1.67,1.744745181569078,0.07474518156907806
5080,4sh2356tetrafluorobenzoic_an->2an (-1 -> -2),3.36,3.0143945618311108,0.3456054381688891
5081,4oh35diclbenzenecarbonitrile_neut->an (+0 -> -1),4.38,4.321899218588332,0.0581007814116683
5082,6oh2clbenzenecarbonitrile_neut->an (+0 -> -1),6.1,5.806332691744528,0.29366730825547194
5083,3cl6ohbenzenecarbonitrile_neut->an (+0 -> -1),6.4,5.894200335957692,0.5057996640423079
5084,4cl3me26dinitrophenol_neut->an (+0 -> -1),3.24,3.3951190837452314,0.1551190837452312
5085,13dime36dih6thioxopurin21hone_neut->an (+0 -> -1),8.2,8.517109171408213,0.31710917140821415
5086,17dime36dih6thioxopurin21hone_neut->an (+0 -> -1),7.5,7.470297936323098,0.029702063676902313
5087,19dime36dih6thioxopurin21hone_neut->an (+0 -> -1),5.3,5.558371008447069,0.2583710084470692
5088,37dime36dih6thioxopurin21hone_neut->an (+0 -> -1),8.8,8.576825888025999,0.22317411197400183
5089,1me6mespurin21hone_cation->neut (+1 -> +0),2.5,1.7111211046904486,0.7888788953095514
5090,1me6mespurin21hone_neut->an (+0 -> -1),8.8,8.745513395664211,0.054486604335789224
5091,7me6mespurin21hone_cation->neut (+1 -> +0),1.3,1.1788906731802467,0.1211093268197534
5092,7me6mespurin21hone_neut->an (+0 -> -1),8.7,8.893567239823973,0.19356723982397384
5093,9me6mespurin21hone_cation->neut (+1 -> +0),1.7,1.7825379822913971,0.0825379822913972
5094,9me6mespurin21hone_neut->an (+0 -> -1),6.3,7.677975060236227,1.3779750602362268
5095,3me6mespurin23hone_cation->neut (+1 -> +0),1.4,1.3369734014633652,0.06302659853663473
5096,3me6mespurin23hone_neut->an (+0 -> -1),7.7,7.689825597017929,0.010174402982070951
5097,1me2mespurin61hone_neut->an (+0 -> -1),9.5,9.394103030631644,0.1058969693683558
5098,7me2mespurin61hone_neut->an (+0 -> -1),8.0,8.182532761906751,0.18253276190675116
5099,9me2mespurint61hone_neut->an (+0 -> -1),9.5,7.713324655897119,1.786675344102881
5100,3me2mespurin63hone_cation->neut (+1 -> +0),0.0,1.1152687377577744,1.1152687377577744
5101,3me2mespurin63hone_neut->an (+0 -> -1),8.7,8.72059853580592,0.020598535805920193
5102,benzodfuran4ol_neut->an (+0 -> -1),9.06,9.074164424070034,0.014164424070033377
5103,34methylenedioxybenzoic_neut->an (+0 -> -1),4.5,4.454030192611579,0.04596980738842138
5104,4me3ohbenzoic_neut->an (+0 -> -1),4.32,4.632262452475728,0.3122624524757276
5105,4oh3mebenzoic_neut->an (+0 -> -1),4.68,4.563327874644957,0.11667212535504312
5106,2oh4meobenzoic_neut->an (+0 -> -1),3.31,3.4896491953847377,0.17964919538473767
5107,4me2356tetrafluorobenzoic_neut->an (+0 -> -1),2.0,2.4148954523791266,0.4148954523791266
5108,4cf32356tetrafluorobenzoic_neut->an (+0 -> -1),1.44,1.5861992889643295,0.14619928896432954
5109,3nitro12benzenedicarboxylic_neut->an (+0 -> -1),2.11,2.1315575601149623,0.02155756011496246
5110,3nitro12benzenedicarboxylic_an->2an (-1 -> -2),4.48,3.345201137126634,1.1347988628733665
5111,5meo2ohbenzenecarbonitrile_neut->an (+0 -> -1),7.4,7.3106952397631995,0.0893047602368009
5112,6meo2ohbenzenecarbonitril_neut->an (+0 -> -1),6.6,6.5963261399312305,0.0036738600687691303
5113,4meocarb2pyridinecarboxylic_neut->an (+0 -> -1),3.71,3.865487500093608,0.15548750009360823
5114,5meocarb2pyridinecarboxylic_neut->an (+0 -> -1),3.62,3.9951154223754637,0.3751154223754636
5115,6meocarb2pyridinecarboxylic_neut->an (+0 -> -1),2.65,2.9714113826491566,0.3214113826491567
5116,1me28bismespurin61hone_cation->neut (+1 -> +0),1.7,1.604908133807677,0.09509186619232302
5117,1me28bismespurin61hone_neut->an (+0 -> -1),8.2,8.19405735044652,0.005942649553478674
5118,9me28bismespurin61hone_cation->neut (+1 -> +0),2.5,1.5778448486696854,0.9221551513303146
5119,9me28bismespurin61hone_neut->an (+0 -> -1),7.5,8.403211881391517,0.9032118813915169
5120,3me28bismespurin63hone_cation->neut (+1 -> +0),0.5,1.1400565866893562,0.6400565866893562
5121,3me28bismespurin63hone_neut->an (+0 -> -1),7.9,7.910009004863621,0.010009004863620774
5122,5cnindole_neut->an (+0 -> -1),15.24,14.962495504887357,0.27750449511264286
5123,4meobenzenedicarboxylic_neut->an (+0 -> -1),2.67,2.8231600269093375,0.1531600269093376
5124,4meobenzenedicarboxylic_an>2an (-1 -> -2),5.16,5.677356719909746,0.5173567199097455
5125,1ph3ohpyrazole_neut->an (+0 -> -1),7.57,8.319736576293735,0.7497365762937349
5126,5am3me1phpyrazole_cation->neut (+1 -> +0),3.95,3.690966290639204,0.2590337093607964
5127,3mequinazoline141h3hdione_neut->an (+0 -> -1),10.6,10.305040625272644,0.29495937472735534
5128,3oh4phcyclobutenedione_neut->an (+0 -> -1),0.37,1.098162898446562,0.7281628984465619
5129,3oh4pohphenylcyclobutenedione_neut->an (+0 -> -1),1.85,1.2194131497131675,0.6305868502868326
5130,3oh4pohphenylcyclobutenedione_an->2an (-1 -> -2),8.35,8.657737250502912,0.3077372505029121
5131,2oh3ph2cyclobutenone_neut->an (+0 -> -1),6.25,6.776904981629603,0.5269049816296034
5132,6oh1234tetrahnaphtalen1one_neut->an (+0 -> -1),7.74,8.043968492617584,0.3039684926175834
5133,8oh1234tetrahnaphtalen1one_neut->an (+0 -> -1),11.31,10.350453105236252,0.9595468947637489
5134,23quinaxolinedicarboxylic_neut->an (+0 -> -1),1.62,2.4320545660975013,0.8120545660975012
5135,23quinaxolinedicarboxylic_an->2an (-1 -> -2),3.64,2.2882992009041,1.3517007990959002
5136,1ph3pyrazolecarboxylic_neut->an (+0 -> -1),3.6,3.6954995767288894,0.09549957672888931
5137,1ph5pyrazolecarboxylic_neut->an (+0 -> -1),2.7,2.9394917550971496,0.23949175509714937
5138,3acetylindole_neut->an (+0 -> -1),12.99,12.873085788916587,0.11691421108341338
5139,2me3carbldehydeindole_neut->an (+0 -> -1),12.47,12.04771948958403,0.4222805104159715
5140,4me3phisoxazol52hone_neut->an (+0 -> -1),4.73,5.712126508508519,0.9821265085085189
5141,5nitro6oh1234tetrahnaphtalen1one_neut->an (+0 -> -1),8.59,8.01188746046067,0.5781125395393296
5142,7nitro8oh1234tetrahnaphtalen1one_neut->an (+0 -> -1),7.95,7.672162319416172,0.2778376805838283
5143,3me2acetamidobenzoic_neut->an (+0 -> -1),4.05,3.2951676631424087,0.7548323368575911
5144,5me2acetamidobenzoic_neut->an (+0 -> -1),3.73,3.9113101769318783,0.18131017693187834
5145,3tebu246trinitrophenol_neut->an (+0 -> -1),1.59,3.2452173673103752,1.6552173673103752
5146,3oh4pmeophenylcyclobutenedione_neut->an (+0 -> -1),2.05,0.7580989946603767,1.2919010053396232
5147,6cl4phpyridin21hone_cation->neut (+1 -> +0),-0.1,-1.9360248593282554,1.8360248593282553
5148,6cl4phpyridin21hone_neut->an (+0 -> -1),7.32,8.544798318247564,1.2247983182475632
5149,22pbiphenol_neut->an (+0 -> -1),7.56,8.051127594341114,0.49112759434111464
5150,22pbiphenol_an->2an (-1 -> -2),11.8,12.634057478636889,0.834057478636888
5151,4clbiphenyl3ol_neut->an (+0 -> -1),8.07,9.026625081618427,0.9566250816184265
5152,3nitrobiphenyl4ol_neut->an (+0 -> -1),6.73,6.957347571916709,0.22734757191670862
5153,4nitrobiphenyl3ol_neut->an (+0 -> -1),6.74,6.836292560958745,0.09629256095874439
5154,betaproline_cation->neut (+1 -> +0),3.02,3.6439059033602623,0.6239059033602623
5155,betaproline_neut->an (+0 -> -1),8.96,11.15692582951908,2.1969258295190794
5156,4nitro26ditbuphenol_neut->an (+0 -> -1),6.65,6.558334999442909,0.09166500055709115
5157,4br26ditbuphenol_neut->an (+0 -> -1),10.83,10.098002301889288,0.7319976981107121
5158,4me26ditbuphenol_neut->an (+0 -> -1),12.23,11.832256471011306,0.3977435289886948
5159,4meo26ditbuphenol_neut->an (+0 -> -1),12.15,12.17585380009435,0.025853800094349566
5160,4cn26ditbuphenol_neut->an (+0 -> -1),8.7,8.565951277094197,0.13404872290580272
5161,4crbxm26ditbuphenol_neut->an (+0 -> -1),9.53,9.575752483274215,0.04575248327421555
5162,4acet26ditbuphenol_neut->an (+0 -> -1),8.68,9.055008797058962,0.3750087970589622
5163,33diphe25pyrrolidinedione_neut->an (+0 -> -1),8.25,8.155562251231022,0.09443774876897848
5164,246tritbuphenol_neut->an (+0 -> -1),12.19,12.428773886792026,0.2387738867920266
5165,3oh4mecyclobutenedione_neut->an (+0 -> -1),0.24,0.7997049701059504,0.5597049701059504
5166,cyclopentenone_neut->an (+0 -> -1),9.14,8.542433281934256,0.5975667180657442
5167,22diclethanol_neut->an (+0 -> -1),12.89,13.367887966806808,0.4778879668068079
5168,2clethanol_neut->an (+0 -> -1),14.31,14.23564714455184,0.07435285544815962
5169,isothiazole2hone_cation->neut (+1 -> +0),0.33,-0.8950795567653973,1.2250795567653974
5170,dithiacyclohexanetetraoxide_neut->an (+0 -> -1),12.61,13.593974557710204,0.983974557710205
5171,biscf3cl3methanol_neut->an (+0 -> -1),5.1,5.235261683858757,0.13526168385875703
5172,8f1clterbutanol_neut->an (+0 -> -1),5.3,5.140928770641012,0.15907122935898776
5173,6clpyrimidin41hone_neut->an (+0 -> -1),7.43,7.199516012139667,0.23048398786033264
5174,3oh4hpyrain4one_neut->an (+0 -> -1),7.99,7.491906871354403,0.4980931286455972
5175,4me3ohfuran25hone_neut->an (+0 -> -1),7.77,8.12882167334342,0.35882167334342085
5176,6me76him1h123triazolo45dpyrimidin_cation->neut (+1 -> +0),3.25,3.35641897782413,0.10641897782412979
5177,6me76him1h123triazolo45dpyrimidin_neut->an (+0 -> -1),9.12,9.297348637886044,0.1773486378860447
5178,cyclopentanoneenol_neut->an (+0 -> -1),11.8,10.410567440015228,1.3894325599847726
5179,8mercaptopurine_neut->an (+0 -> -1),6.64,6.86953786740648,0.22953786740648052
5180,8mercaptopurine_an->2an (-1 -> -2),11.16,12.641861203934013,1.481861203934013
5181,thiopurinol_cation->neut (+1 -> +0),-0.66,0.09005917901430394,0.750059179014304
5182,thiopurinol_neut->an (+0 -> -1),8.34,7.809439327468345,0.5305606725316547
5183,thiopurinol_an->2an (-1 -> -2),11.65,11.643721689507627,0.006278310492373151
5184,3ohpyridin21Hone_neut->an (+0 -> -1),8.62,8.775286531579042,0.15528653157904238
5185,5ohpyridin21Hone_neut->an (+0 -> -1),8.51,8.842412295652991,0.3324122956529916
5186,1me5nitrouracil_neut->an (+0 -> -1),7.2,7.058158658107687,0.141841341892313
5187,1me7am1h123triazolo45dpyrmdin54hone_cation->neut (+1 -> +0),2.94,3.0005977106791777,0.06059771067917774
5188,1me7am1h123triazolo45dpyrmdin54hone_neut->an (+0 -> -1),9.04,9.567397824485042,0.5273978244850426
5189,1me5am1h123triazolo45dpyrmdin74hone_cation->neut (+1 -> +0),1.58,1.6342457701872775,0.05424577018727739
5190,1me5am1h123triazolo45dpyrmdin74hone_neut->an (+0 -> -1),8.25,7.747912844532606,0.502087155467394
5191,2me7am1h123triazolo45dpyrmdin54hone_cation->neut (+1 -> +0),3.94,3.4652956309076197,0.47470436909238023
5192,2me7am1h123triazolo45dpyrmdin54hone_neut->an (+0 -> -1),9.98,9.748178488400637,0.23182151159936382
5193,2me5am1h123triazolo45dpyrmdin76hone_cation->neut (+1 -> +0),1.86,2.081111724489846,0.22111172448984573
5194,2me5am1h123triazolo45dpyrmdin76hone_neut->an (+0 -> -1),8.64,8.761518253129237,0.1215182531292367
5195,55dime24dithioneimidazolidine_neut->an (+0 -> -1),7.6,7.937355767524753,0.3373557675247536
5196,cyclobuten12dicarboxylic_neut->an (+0 -> -1),1.12,2.089063259740528,0.969063259740528
5197,cyclobuten12dicarboxylic_an->2an (-1 -> -2),7.63,6.62405023969096,1.00594976030904
5198,5meo2thiophenecarboxylic_neut->an (+0 -> -1),3.8,4.146091656784936,0.34609165678493614
5199,2pyridinecarbothiamide_neut->an (+0 -> -1),12.55,13.020974416541733,0.47097441654173267
5200,4meocarb3furancarboxylic_neut->an (+0 -> -1),3.75,3.6567145137989465,0.09328548620105348
5201,1ohcyclohexanecarboxylic_neut->an (+0 -> -1),3.979,3.8320613386770974,0.14693866132290268
5202,4cf3phenol_neut->an (+0 -> -1),8.675,8.733361856575492,0.05836185657549109
5203,2oh4nitrobenzoic_neut->an (+0 -> -1),2.31,2.1821955718753374,0.12780442812466264
5204,6me2pyridinecarboxylic_cation->neut (+1 -> +0),0.9,2.716961164007027,1.8169611640070271
5205,6me2pyridinecarboxylic_neut->an (+0 -> -1),5.77,3.8291861799304314,1.9408138200695682
5206,1me6oxo16dih3pyridinecarbxlc_neut->an (+0 -> -1),3.84,3.961665106053066,0.12166510605306602
5207,4clbenzoydroxamic_neut->an (+0 -> -1),8.7,8.729516011875338,0.029516011875339032
5208,5me2ohcyclopentenone_neut->an (+0 -> -1),9.6,8.856394108771696,0.7436058912283041
5209,methanohydroxamic_neut->an (+0 -> -1),8.65,8.528286095613861,0.12171390438613905
5210,4fbenzohydroxamic_neut->an (+0 -> -1),8.63,8.648893202895884,0.018893202895883476
5211,4ibenzohydroxamic_neut->an (+0 -> -1),8.81,8.552844254297518,0.257155745702482
5212,4cnbenzohydroxamic_neut->an (+0 -> -1),8.26,8.274996308204585,0.014996308204585418
5213,4mebenzohydroxamic_neut->an (+0 -> -1),9.05,8.769709838399109,0.2802901616008917
5214,2phacetohydroxamic_neut->an (+0 -> -1),9.2,9.018137648112038,0.18186235188796118
5215,nphacetohydroxamic_neut->an (+0 -> -1),8.1,9.167980730961105,1.0679807309611054
5216,2meobenzohydroxamic_neut->an (+0 -> -1),8.9,8.416865766565689,0.4831342334343116
5217,2dimeambenzohydroxamic_neut->an (+0 -> -1),9.05,8.508274543367254,0.5417254566327472
5218,1naphtohydroxamic_neut->an (+0 -> -1),7.7,8.871574776294507,1.1715747762945066
5219,nph2thiophenecarbohydroxamic_neut->an (+0 -> -1),7.54,8.006305819076399,0.4663058190763989
5220,nph3pyridinecarbohydroxamic_neut->an (+0 -> -1),8.0,8.621157840179169,0.6211578401791691
5221,nph3nitrobenzohydroxamic_neut->an (+0 -> -1),7.67,7.582771983203024,0.0872280167969759
5222,nphbenzohydroxamic_neut->an (+0 -> -1),8.38,8.67408001641665,0.2940800164166486
5223,nph2clbenzohydoxamic_neut->an (+0 -> -1),7.6,7.470265443916169,0.12973455608383055
5224,2ndiphacetohydroxamic_neut->an (+0 -> -1),8.43,8.19343455562527,0.2365654443747296
5225,2menphbenzohydroxamic_neut->an (+0 -> -1),8.08,8.561421034025974,0.48142103402597414
5226,4menphbenzohydroxamic_neut->an (+0 -> -1),8.31,8.36596304180005,0.05596304180004985
5227,nptolylbenzohydroxamic_neut->an (+0 -> -1),8.27,8.588049670365022,0.3180496703650224
5228,nmtolylbenzohydroxamic_neut->an (+0 -> -1),8.67,8.580816609788677,0.08918339021132304
5229,4meonphebenzohydroxamic_neut->an (+0 -> -1),8.15,8.507297101143898,0.3572971011438977
5230,3cf3nph5nitrobenzohydoxamic_neut->an (+0 -> -1),7.85,7.964948627433536,0.11494862743353629
5231,2cf3nphbenzohydroxamic_neut->an (+0 -> -1),7.88,8.035396417800476,0.15539641780047564
5232,3cf3nphbenzohydroxamic_neut->an (+0 -> -1),8.15,8.402489450134212,0.2524894501342114
5233,4cf3nphbenzohydroxamic_neut->an (+0 -> -1),7.98,8.625210717580707,0.6452107175807065
5234,3ndiphenylpropenohydroxamic_neut->an (+0 -> -1),8.64,8.170475494593298,0.469524505406703
5235,2phnotolylacetohydroxamic_neut->an (+0 -> -1),8.46,8.559058887761232,0.09905888776123106
5236,4meonotolylbenzohydroxamic_neut->an (+0 -> -1),8.44,7.847878711045858,0.5921212889541412
5237,ethanedihydroxamic_neut->an (+0 -> -1),6.97,6.3540993828836045,0.6159006171163952
5238,ethanedihydroxamic_an->2an (-1 -> -2),9.0,8.157925929412746,0.8420740705872536
5239,2ohpropanohydroxamic_neut->an (+0 -> -1),9.35,9.166162994596977,0.1838370054030225
5240,2pyrazinecarbohydroxamic_neut->an (+0 -> -1),8.1,8.234482978939187,0.1344829789391877
5241,2pyrimidinecarbohydroxamic_neut->an (+0 -> -1),7.88,7.984330676468894,0.10433067646889427
5242,2pyridinecarbohydroxamic_neut->an (+0 -> -1),8.5,8.228939483201962,0.27106051679803755
5243,3pyridinecarbohydroxamic_neut->an (+0 -> -1),8.09,8.581434115416538,0.4914341154165385
5244,4pyridinecarbohydroxamic_neut->an (+0 -> -1),7.8,7.875674042120921,0.07567404212092121
5245,2nitrobenzohydroxamic_neut->an (+0 -> -1),8.2,7.708770516706992,0.4912294832930071
5246,4nitrobenzohydroxamic_neut->an (+0 -> -1),8.12,7.817366637761834,0.30263336223816495
5247,4ohbenzohydroxamic_neut->an (+0 -> -1),8.93,9.059542345788607,0.12954234578860735
5248,4ambenzohydroxamic_neut->an (+0 -> -1),9.42,9.288762813434964,0.1312371865650359
5249,2ambenzohydroxamic_neut->an (+0 -> -1),9.0,8.840480170102811,0.15951982989718871
5250,cyclohexanecarbohydroxamic_neut->an (+0 -> -1),9.75,9.317577540021148,0.4324224599788522
5251,nitroethanaloxime_neut->an (+0 -> -1),7.4,6.676940386775896,0.7230596132241045
5252,peroxymethanoic_neut->an (+0 -> -1),7.1,7.044293192704376,0.05570680729562394
5253,mehydroperoxide_neut->an (+0 -> -1),11.5,11.382143155509603,0.11785684449039735
5254,iprohydroperoxide_neut->an (+0 -> -1),12.1,11.710201823561313,0.38979817643868664
5255,propanohydroxamic_neut->an (+0 -> -1),9.5,9.494856182915441,0.005143817084558577
5256,4am2butynoic_cation->neut (+1 -> +0),1.8,1.279918683776354,0.520081316223646
5257,4am2butynoic_neut->an (+0 -> -1),8.34,7.742286561785167,0.597713438214833
5258,2butenohydroxamic_neut->an (+0 -> -1),8.9,8.651664201263541,0.24833579873645917
5259,2oxothiazolidine4carbx_neut->an (+0 -> -1),3.32,2.9917995733967,0.3282004266032996
5260,2penten4ynoic_neut->an (+0 -> -1),3.75,3.901313566963852,0.1513135669638519
5261,2oxoixolane3carbx_neut->an (+0 -> -1),3.75,3.513514612833604,0.2364853871663959
5262,f3acetaldehydeoxime_neut->an (+0 -> -1),8.9,9.027011442990702,0.12701144299070144
5263,6fpropanoneoxime_neut->an (+0 -> -1),6.0,5.933595150459665,0.06640484954033532
5264,2furaldehydeoxime_neut->an (+0 -> -1),11.16,11.187830318058552,0.02783031805855174
5265,2thiofenaldoxime_neut->an (+0 -> -1),10.76,10.754016166471406,0.005983833528594218
5266,3pyridinecarbaldehydeoxime_cation->neut (+1 -> +0),4.1,4.008815806904741,0.09118419309525905
5267,3pyridinecarbaldehydeoxime_neut->an (+0 -> -1),10.1,10.547316769119156,0.44731676911915663
5268,2clbenzoquinoneoxime_neut->an (+0 -> -1),5.7,5.752085754405657,0.05208575440565699
5269,3clbenzoquinoneoxime_neut->an (+0 -> -1),5.6,5.217726418618902,0.38227358138109757
5270,2brbenzoquinoneoxime_neut->an (+0 -> -1),5.7,5.551761054972334,0.148238945027666
5271,3brbenzoquinoneoxime_neut->an (+0 -> -1),5.55,5.226590126494889,0.32340987350511075
5272,2ohbenzaldehydeoxime_neut->an (+0 -> -1),9.3,9.598008512415461,0.29800851241546056
5273,2ohbenzaldehydeoxime_an->2an (-1 -> -2),12.1,12.755851352974737,0.6558513529747376
5274,4ohbenzaldehydeoxime_neut->an (+0 -> -1),8.93,8.873621554856616,0.05637844514338397
5275,2mebenzoquinoneoxime_neut->an (+0 -> -1),6.95,6.71299852567513,0.2370014743248703
5276,3mebenzoquinoneoxime_neut->an (+0 -> -1),6.9,6.723078883020916,0.1769211169790843
5277,benzophenoneoxime_neut->an (+0 -> -1),11.18,11.354411597196325,0.17441159719632537
5278,12diph12ethanedionedioxime_neut->an (+0 -> -1),8.5,9.522075297316995,1.022075297316995
5279,5me123cyclohexatrione13dioxime_neut->an (+0 -> -1),8.5,8.75296653101266,0.2529665310126603
5280,26pyridinecarboxaldhydedioxime_neut->an (+0 -> -1),10.08,10.139330688097516,0.05933068809751596
5281,26pyridinecarboxaldhydedioxime_an->2an (-1 -> -2),10.88,11.03015146043831,0.15015146043830896
5282,2oxo24pyridilethanaloxime_neut->an (+0 -> -1),7.8,7.829362652633185,0.029362652633185604
5283,2oxo23pyridilethanaloxime_neut->an (+0 -> -1),7.8,7.6579341878160685,0.14206581218393133
5284,3oh2pyridinecarbaldehydeoxime_neut->an (+0 -> -1),8.1,8.959799215373991,0.8597992153739913
5285,3ohbenzenecarboxamide_neut->an (+0 -> -1),9.3,9.00901123223056,0.2909887677694414
5286,4ohbenzenecarboxamide_neut->an (+0 -> -1),8.56,8.617595957280727,0.05759595728072675
5287,2oh5ibenzoic_neut->an (+0 -> -1),2.7,2.6601476502459205,0.0398523497540797
5288,2ohbenzenecarbonitrile_neut->an (+0 -> -1),6.86,7.01240655265989,0.15240655265988945
5289,cyclohexanecarboxylic_neut->an (+0 -> -1),4.9,4.769863419571236,0.13013658042876397
5290,4oxocyclohexanecarboxylic_neut->an (+0 -> -1),4.38,4.52932944251251,0.14932944251251
5291,phmethanethiol_neut->an (+0 -> -1),9.43,9.852150072223974,0.4221500722239746
5292,2meocarb1carbx1cyclobutene_neut->an (+0 -> -1),3.19,4.029160877017561,0.8391608770175609
5293,2meocarb3furancarboxylic_neut->an (+0 -> -1),3.09,3.6459580239593796,0.5559580239593798
5294,4am2nitrophenol_neut->an (+0 -> -1),7.81,7.964263609976124,0.1542636099761241
5295,1me24dihione241h3hpyrimidine_neut->an (+0 -> -1),7.47,7.700031124277253,0.2300311242772528
5296,45dimeisoxazol32hone_neut->an (+0 -> -1),6.1,6.26794284432684,0.16794284432684048
5297,335tricl6oh23dih2pyridinone_neut->an (+0 -> -1),6.53,6.096712671385874,0.4332873286141261
5298,335tribr6oh23dih2pyridinone_neut->an (+0 -> -1),6.78,6.290340454459313,0.4896595455406869
5299,6cf3241h3hdionepyrimidine_neut->an (+0 -> -1),5.7,5.848017780964776,0.1480177809647758
5300,6cf3241h3hdionepyrimidine_an->2an (-1 -> -2),13.0,12.856037936974907,0.14396206302509285
5301,5cf3141h3hdionepyrimidine_neut->an (+0 -> -1),7.35,7.0788983311162825,0.2711016688837171
5302,24dime3oh2cyclobutenone_neut->an (+0 -> -1),2.8,3.714105439448713,0.9141054394487131
5303,cyclohexanoneenol_neut->an (+0 -> -1),11.3,11.755183291076598,0.4551832910765974
5304,5me24hexanedioneenol_neut->an (+0 -> -1),8.66,8.540606754562878,0.11939324543712182
5305,268trimepurine_cation->neut (+1 -> +0),4.49,4.688966051979869,0.19896605197986883
5306,268trimepurine_neut->an (+0 -> -1),9.9,10.063056415699922,0.1630564156999217
5307,5bromoindole_neut->an (+0 -> -1),16.13,15.62367112019295,0.5063288798070484
5308,2oh3nitroacetophenone_neut->an (+0 -> -1),6.78,6.517946297579951,0.2620537024200491
5309,4oh3nitroacetophenone_neut->an (+0 -> -1),5.09,5.064367823528973,0.025632176471027
5310,4oh3nitromethylbenzoate_neut->an (+0 -> -1),5.4,5.176085342276598,0.22391465772340258
5311,3oh4nitromethylbenzoate_neut->an (+0 -> -1),6.15,6.175480586137696,0.02548058613769566
5312,39dime36dih6thioxopurin21hone_neut->an (+0 -> -1),8.8,9.125073104737918,0.3250731047379176
5313,14dih4oxo26pyridinecarboxylic_neut->an (+0 -> -1),1.4,1.041413139635897,0.3585868603641029
5314,14dih4oxo26pyridinecarboxylic_an->2an (-1 -> -2),3.47,3.6211076224422207,0.15110762244222053
5315,14dih4oxo26pyridinecarboxylic_2an->3an (-2 -> -3),11.4,11.966105722796431,0.566105722796431
5316,6oh3pyridinecarboxylic_neut->an (+0 -> -1),3.82,3.781112329229366,0.03888767077063404
5317,3me7ampyrimidino54e124triazin51hone_cation->neut (+1 -> +0),1.14,0.9703578499997079,0.16964215000029204
5318,3me7ampyrimidino54e124triazin51hone_neut->an (+0 -> -1),6.95,7.096398763709395,0.14639876370939486
5319,1me5meo1h123triazolo45dpyrimidin74hone_neut->an (+0 -> -1),7.17,7.138724144665659,0.031275855334341074
5320,2me5meo1h123triazolo45dpyrimidin74hone_neut->an (+0 -> -1),7.69,7.633355048911288,0.05664495108871215
5321,55dime1oh2pyrroilidinone_neut->an (+0 -> -1),8.7,8.958822745839525,0.2588227458395256
5322,4am2clphenol_neut->an (+0 -> -1),9.16,9.105238764197882,0.054761235802118335
5323,1me6thioxo36dihpurin21hone_neut->an (+0 -> -1),6.7,6.488282121032234,0.21171787896776628
5324,1me6thioxo36dihpurin21hone_an->2an (-1 -> -2),11.0,11.707903424397754,0.7079034243977542
5325,3me6thioxo36dihpurin21hone_neut->an (+0 -> -1),7.9,8.020930727590446,0.1209307275904461
5326,3me6thioxo36dihpurin21hone_an->2an (-1 -> -2),11.2,10.94400186970216,0.25599813029784
5327,7me6thioxo36dihpurin21hone_neut->an (+0 -> -1),6.8,6.905756519456795,0.10575651945679532
5328,7me6thioxo36dihpurin21hone_an->2an (-1 -> -2),12.1,12.951991564477842,0.8519915644778422
5329,9me6thioxo36dihpurin21hone_neut->an (+0 -> -1),4.9,4.915028535520724,0.015028535520723807
5330,9me6thioxo36dihpurin21hone_an->2an (-1 -> -2),12.6,12.60436398232594,0.004363982325941151
5331,1me8mercaptopurin21hone_neut->an (+0 -> -1),6.61,7.049509877580622,0.43950987758062166
5332,9me8mercaptopurin21hone_neut->an (+0 -> -1),7.0,7.352796256286171,0.3527962562861706
5333,9me8mercaptopurin21hone_an->2an (-1 -> -2),11.21,10.81512440361255,0.3948755963874504
5334,6mespurin21hone_cation->neut (+1 -> +0),1.4,1.1394351049319784,0.2605648950680215
5335,6mespurin21hone_neut->an (+0 -> -1),7.7,7.589772343890139,0.11022765610986074
5336,6mespurin21hone_an->2an (-1 -> -2),11.7,11.644924241319174,0.05507575868082526
5337,3oh4oxohpyran26dicarbx_neut->an (+0 -> -1),1.83,0.8602911398100606,0.9697088601899395
5338,3oh4oxohpyran26dicarbx_an->2an (-1 -> -2),2.11,2.3644615535738653,0.25446155357386546
5339,3oh4oxohpyran26dicarbx_2an->3an (-2 -> -3),11.25,10.23315482792858,1.0168451720714202
5340,2clbenzoic_neut->an (+0 -> -1),3.03,3.1116309155010997,0.08163091550109991
5341,6oh2clbenzoic_neut->an (+0 -> -1),2.63,3.326619094627362,0.696619094627362
5342,4meonoxide3pyridinecarboxylic_neut->an (+0 -> -1),2.88,2.890124878004534,0.01012487800453421
5343,5me4amacridine_cation->neut (+1 -> +0),3.9,4.346508072568939,0.44650807256893943
5344,4me9amacridine_cation->neut (+1 -> +0),10.24,10.288239078560203,0.048239078560202486
5345,45dimeacridine_cation->neut (+1 -> +0),4.51,5.222093254952981,0.7120932549529808
5346,26diamacridine_cation->neut (+1 -> +0),8.06,8.0146274186466,0.04537258135339961
5347,4meoacridine_cation->neut (+1 -> +0),5.26,5.047994488581027,0.2120055114189725
5348,3cl7meo9amacridine_cation->neut (+1 -> +0),8.94,8.523404458886615,0.41659554111338437
5349,2meoacridine_cation->neut (+1 -> +0),5.47,5.063934559183115,0.4060654408168851
5350,9dimeamacridine_cation->neut (+1 -> +0),9.08,8.712370092766676,0.367629907233324
5351,9meamacridine_cation->neut (+1 -> +0),10.43,11.060480574490313,0.6304805744903135
5352,1234tetrahacridine_cation->neut (+1 -> +0),6.38,5.723993699411794,0.6560063005882055
5353,1mephenanthridine_cation->neut (+1 -> +0),4.7,5.012646087429826,0.312646087429826
5354,3mephenanthridine_cation->neut (+1 -> +0),4.76,4.686343130628328,0.07365686937167215
5355,8mephenanthridine_cation->neut (+1 -> +0),4.93,4.613774407050949,0.31622559294905095
5356,10mephenanthridine_cation->neut (+1 -> +0),4.6,4.615341322575692,0.01534132257569265
5357,110dimephenathridine_cation->neut (+1 -> +0),4.96,4.803278898472512,0.15672110152748786
5358,1me6amphenanthridine_cation->neut (+1 -> +0),7.49,7.8438056201828665,0.3538056201828663
5359,10me6amphenanthridine_cation->neut (+1 -> +0),7.51,7.243713571606421,0.2662864283935784
5360,110dime6amphenanthridine_cation->neut (+1 -> +0),7.91,7.478509128851333,0.43149087114866713
5361,10hpyrimido54b14benzothiazine_cation->neut (+1 -> +0),3.76,3.6973052758497174,0.06269472415028243
5362,8cl10hpyrimido54b14benzothiazine_cation->neut (+1 -> +0),3.43,3.260346901705077,0.16965309829492314
5363,2meo10hpyrimido54b14benzothiazine_cation->neut (+1 -> +0),3.45,2.8451843752921677,0.6048156247078325
5364,benzoaphenanthridine_cation->neut (+1 -> +0),4.48,4.35661159640448,0.12338840359552083
5365,benzokphenantrhidine_cation->neut (+1 -> +0),4.44,4.3175479689052425,0.12245203109475788
5366,5ambenzoaphenanthridine_cation->neut (+1 -> +0),6.67,6.466759719873429,0.20324028012657092
5367,6ambenzokphenanthridine_cation->neut (+1 -> +0),6.64,6.537160318388135,0.10283968161186507
5368,7sulpho3aminoacridine_neut->an (+0 -> -1),7.6,7.148797910661387,0.4512020893386124
5369,2sulphoacridine_neut->an (+0 -> -1),4.78,4.388415034140339,0.3915849658596615
5370,trans1am2ohcyclohexan_cation->neut (+1 -> +0),9.63,9.498701549622293,0.1312984503777077
5371,3ac4nitroaniline_cation->neut (+1 -> +0),-0.14,-0.10344482657967369,0.036555173420326326
5372,2mesnmeaniline_cation->neut (+1 -> +0),3.71,3.7027057190387076,0.007294280961292365
5373,2mesulfoaniline_cation->neut (+1 -> +0),0.33,0.625556676617288,0.29555667661728796
5374,35fthioaniline_cation->neut (+1 -> +0),2.82,2.9761285546987564,0.15612855469875653
5375,45fthioaniline_cation->neut (+1 -> +0),2.17,2.0195602703379745,0.15043972966202546
5376,2phenylthioaniline_cation->neut (+1 -> +0),2.5,2.775774341172485,0.2757743411724851
5377,4phenylthioaniline_cation->neut (+1 -> +0),3.8,3.769267081050847,0.030732918949152754
5378,3cf3sulphonylaniline_cation->neut (+1 -> +0),1.79,1.8822290033194742,0.09222900331947415
5379,4cf3sulphonylaniline_cation->neut (+1 -> +0),-0.01,0.18071841928109666,0.19071841928109667
5380,3medimeaniline_cation->neut (+1 -> +0),5.344,5.798806419730282,0.45480641973028213
5381,2phacetamidine_cation->neut (+1 -> +0),11.57,11.880834067095506,0.3108340670955059
5382,3clnndimebenzylamine_cation->neut (+1 -> +0),8.67,8.504689177093184,0.1653108229068163
5383,4clnndimebenzylamine_cation->neut (+1 -> +0),8.83,8.873306261209496,0.0433062612094961
5384,4me3amfluorene_cation->neut (+1 -> +0),4.83,5.325661218307523,0.4956612183075233
5385,4pnitro4ambiphenyl_cation->neut (+1 -> +0),3.86,3.840928035376841,0.019071964623158966
5386,1amidinomethylnaphthalene_cation->neut (+1 -> +0),11.31,11.434354005674521,0.1243540056745207
5387,8meam1imeamnaphthalene_cation->neut (+1 -> +0),6.43,6.921135009552047,0.49113500955204703
5388,26ditbu3sulphopyridine_neut->an (+0 -> -1),4.12,6.216341588621278,2.0963415886212777
5389,23diclpyridine_cation->neut (+1 -> +0),-0.85,-0.7309069988054402,0.11909300119455979
5390,5i2meopyridine_cation->neut (+1 -> +0),1.51,2.076630705970106,0.5666307059701061
5391,2mesulphinylpyridine_cation->neut (+1 -> +0),-0.16,-0.1423291378092797,0.01767086219072031
5392,4mesulphinylpyridine_cation->neut (+1 -> +0),2.94,2.8142278054759062,0.12577219452409372
5393,3am4nitropyrazole_cation->neut (+1 -> +0),-0.47,-0.42259127823812737,0.04740872176187261
5394,5am1me3nitropyrazole_cation->neut (+1 -> +0),-0.62,-0.46830091144459196,0.15169908855540803
5395,3mesulfonylpyridazine_cation->neut (+1 -> +0),-1.01,-0.8364153406573251,0.17358465934267486
5396,4mesulfonylpyridazine_cation->neut (+1 -> +0),-1.06,-0.48701808896699905,0.572981911033001
5397,5pbrph2ampyrimidine_cation->neut (+1 -> +0),3.06,3.5186628459288647,0.45866284592886464
5398,5pfph2ampyrimidine_cation->neut (+1 -> +0),3.25,3.0321903247463284,0.21780967525367156
5399,4cl6dimeam2ampyrimidine_cation->neut (+1 -> +0),3.95,3.651201626213645,0.2987983737863553
5400,2cl4me6meam5ampyrimidine_cation->neut (+1 -> +0),3.4,3.3269458509159717,0.07305414908402819
5401,4meam2dimeam5brpyrimidine_cation->neut (+1 -> +0),6.47,6.281439560358703,0.18856043964129654
5402,2meam4dimeam5brpyrimidine_cation->neut (+1 -> +0),6.1,5.679347986916957,0.4206520130830427
5403,2me4dimeam5carbamoylpyrimidine_cation->neut (+1 -> +0),5.93,5.800884624099018,0.129115375900982
5404,45dime2meam5carbamoylpyrimidine_cation->neut (+1 -> +0),3.57,4.239558172670133,0.6695581726701332
5405,2meam46dime5cnpyrimidine_cation->neut (+1 -> +0),1.69,1.042683155540776,0.6473168444592239
5406,2me4dimeam5cnpyrimidine_cation->neut (+1 -> +0),4.37,3.8823578351940693,0.4876421648059308
5407,5pclph2meopyrimidine_cation->neut (+1 -> +0),0.62,0.4751543008498116,0.1448456991501884
5408,5pclph2meampyrimidine_cation->neut (+1 -> +0),3.26,3.3823061292969046,0.12230612929690476
5409,5pclphe1me2oxo12dihpyrimidine_cation->neut (+1 -> +0),1.78,1.7736596180781028,0.006340381921897231
5410,5mclph24diampyrimidine_cation->neut (+1 -> +0),6.7,6.471672372313839,0.228327627686161
5411,3me5nitro6oxo24diam36dihpyrimidine_cation->neut (+1 -> +0),2.8,2.9844224856390653,0.1844224856390655
5412,3me6oxo45diam36dihpyrimidine_cation->neut (+1 -> +0),3.57,3.6170006134148567,0.04700061341485684
5413,24diam6dimeampyrimidine_2cation->cation (+2 -> +1),0.68,0.6218608893296658,0.05813911067033428
5414,24diam6dimeampyrimidine_cation->neut (+1 -> +0),7.21,7.417970026673642,0.2079700266736424
5415,6meam24diampyrimidine_2cation->cation (+2 -> +1),1.05,0.4847135124252482,0.5652864875747519
5416,6meam24diampyrimidine_cation->neut (+1 -> +0),7.21,7.31169767990201,0.10169767990200995
5417,2oxo46dime1oh12dihpyrimidine_cation->neut (+1 -> +0),2.85,1.1300708951061518,1.7199291048938483
5418,2oxo46dime1oh12dihpyrimidine_neut->an (+0 -> -1),6.1,6.620691305727026,0.5206913057270262
5419,1me6mes4oxo14dihpyrimidine_cation->neut (+1 -> +0),1.77,1.7953846664133373,0.025384666413337253
5420,1me4mes6oxo16dihpyrimidine_cation->neut (+1 -> +0),0.13,0.049986122025257096,0.08001387797474291
5421,1me6thio4oh15dihpyrimidine_neut->an (+0 -> -1),4.38,4.864223474405753,0.484223474405753
5422,1me54thio6oh14dihpyrimidine_neut->an (+0 -> -1),5.05,5.502525856551501,0.45252585655150135
5423,16dime2im12dihpyrimidine_cation->neut (+1 -> +0),10.86,11.380961804492465,0.5209618044924653
5424,5i1me2im12dihpyrimidine_cation->neut (+1 -> +0),10.24,10.31432958650084,0.07432958650083954
5425,1me6o4meo16dihpyrimidine_cation->neut (+1 -> +0),-0.44,-0.3914822857273732,0.0485177142726268
5426,46dime1meo12dihpyrimidine_cation->neut (+1 -> +0),3.1,2.7377902695063527,0.36220973049364735
5427,5pmeoph1me2oxo1sdihpyrimidine_cation->neut (+1 -> +0),2.08,2.1965990750078612,0.11659907500786115
5428,5ptolyl1me2oxo1sdihpyrimidine_cation->neut (+1 -> +0),2.07,2.307182504701214,0.23718250470121438
5429,54meanilino24diampyrimidine_cation->neut (+1 -> +0),7.04,6.224813030361664,0.8151869696383365
5430,2dimeampyrimidine_cation->neut (+1 -> +0),4.15,3.992248382731451,0.15775161726854936
5431,3me2oxo4dimeam23dihpyrimidine_cation->neut (+1 -> +0),6.02,7.828581840571514,1.8085818405715148
5432,1me6thio4dimeam16dihpyrimidine_cation->neut (+1 -> +0),-0.8,2.0909060800437835,2.8909060800437834
5433,26dime4dimeampyrimidine_cation->neut (+1 -> +0),7.72,7.922774823998973,0.20277482399897284
5434,2meo4dimeampyrimidine_cation->neut (+1 -> +0),6.17,5.9737856982223825,0.19621430177761745
5435,2me4dimeampyrimidine_cation->neut (+1 -> +0),7.59,7.355230550288639,0.2347694497113606
5436,4meam26dimepyrimidine_cation->neut (+1 -> +0),7.56,7.159961909369349,0.4000380906306509
5437,5pfph1me2im12dihpyrimidine_cation->neut (+1 -> +0),10.62,10.545766951063305,0.07423304893669425
5438,5pfph2meampyrimidine_cation->neut (+1 -> +0),3.39,3.264286945523616,0.12571305447638403
5439,5pmeoph2ohpyrimidine_cation->neut (+1 -> +0),1.91,2.0913487146374417,0.18134871463744173
5440,5pmeoph2ohpyrimidine_neut->an (+0 -> -1),8.86,9.043506260598157,0.18350626059815767
5441,2meam5ipyrimidine_cation->neut (+1 -> +0),2.39,2.369686944303238,0.020313055696762117
5442,5ph2meopyrimidine_cation->neut (+1 -> +0),0.79,0.657693028400991,0.13230697159900906
5443,5ph4meopyrimidine_cation->neut (+1 -> +0),2.94,2.637699888671702,0.3023001113282979
5444,5nitroph4meopyrimidine_cation->neut (+1 -> +0),2.4,1.262299244374148,1.1377007556258518
5445,5ptolyl2meopyrimidine_cation->neut (+1 -> +0),0.77,0.8952192350055137,0.12521923500551368
5446,54nitroph2meampyrimidine_cation->neut (+1 -> +0),2.81,3.1205575356665287,0.31055753566652866
5447,5ph2meampyrimidine_cation->neut (+1 -> +0),3.42,3.759255145966514,0.33925514596651407
5448,5ptolyl2meampyrimidine_cation->neut (+1 -> +0),3.59,3.7526761722575523,0.1626761722575525
5449,5mesulphynylpyrimidine_cation->neut (+1 -> +0),0.42,0.3762574065558688,0.04374259344413117
5450,5mesulfphonylpyrimidine_cation->neut (+1 -> +0),0.97,-0.5440421594214921,1.5140421594214921
5451,5nitro2mepyrimidine_cation->neut (+1 -> +0),1.49,-0.2662514369953257,1.7562514369953257
5452,4phenoxy2mepyrimidine_cation->neut (+1 -> +0),3.17,3.6375877043674123,0.46758770436741237
5453,5benz246triampyrimidine_cation->neut (+1 -> +0),6.55,6.759518313070228,0.2095183130702285
5454,5phs246triampyrimidine_cation->neut (+1 -> +0),5.66,5.967976735675426,0.3079767356754255
5455,decahisoquinoline_cation->neut (+1 -> +0),11.32,10.7249370294163,0.595062970583701
5456,decahquinoine_cation->neut (+1 -> +0),11.29,10.96024827502972,0.32975172497027927
5457,1mesulfphynylisoquinoline_cation->neut (+1 -> +0),0.9,0.5884466769497374,0.3115533230502626
5458,2me5sulpho7br8ohquinoline_neut->an (+0 -> -1),3.32,2.5031382497680577,0.8168617502319422
5459,2me5sulpho7br8ohquinoline_an->2an (-1 -> -2),7.96,7.5326533985829816,0.4273466014170184
5460,24dime8mesquinoline_cation->neut (+1 -> +0),4.88,4.69757441332574,0.18242558667425968
5461,46dime8mesquinoline_cation->neut (+1 -> +0),4.54,4.305305361998937,0.23469463800106283
5462,2hidrazinoquinoline_cation->neut (+1 -> +0),7.82,7.705464155345063,0.11453584465493716
5463,3hidrazinoquinoline_2cation->cation (+2 -> +1),2.47,2.8271336582669893,0.35713365826698906
5464,3hidrazinoquinoline_cation->neut (+1 -> +0),4.85,4.723148691555143,0.1268513084448566
5465,4hidrazinoquinoline_2cation->cation (+2 -> +1),0.8,0.376291960689338,0.42370803931066203
5466,4hidrazinoquinoline_cation->neut (+1 -> +0),8.85,8.822266188990643,0.027733811009357012
5467,5hidrazinoquinoline_2cation->cation (+2 -> +1),3.5,3.899986341206251,0.399986341206251
5468,5hidrazinoquinoline_cation->neut (+1 -> +0),5.36,5.322430900880965,0.037569099119035165
5469,6hidrazinoquinoline_2cation->cation (+2 -> +1),3.53,3.494718385584121,0.03528161441587896
5470,6hidrazinoquinoline_cation->neut (+1 -> +0),5.5,5.435497353329112,0.06450264667088756
5471,7hidrazinoquinoline_2cation->cation (+2 -> +1),2.8,2.559122869247746,0.2408771307522537
5472,7hidrazinoquinoline_cation->neut (+1 -> +0),6.71,6.531952556625865,0.17804744337413503
5473,8hidrazinoquinoline_2cation->cation (+2 -> +1),1.3,1.7016176611298937,0.4016176611298936
5474,8hidrazinoquinoline_cation->neut (+1 -> +0),5.27,5.073694592315413,0.19630540768458626
5475,4me2hidrazinoquinoline_cation->neut (+1 -> +0),8.35,8.043879848860655,0.30612015113934454
5476,5sulphonic8oh7nitroquinoline_neut->an (+0 -> -1),0.4,1.394333302786234,0.9943333027862339
5477,5sulphonic8oh7nitroquinoline_an->2an (-1 -> -2),5.62,5.138282764963444,0.48171723503655617
5478,5sulphonic3ohquinoline_neut->an (+0 -> -1),4.09,3.3243122662692617,0.7656877337307382
5479,5sulphonic3ohquinoline_an->2an (-1 -> -2),8.66,8.216240610537593,0.4437593894624072
5480,4mesulphynylquinoline_cation->neut (+1 -> +0),2.88,2.7774889404192997,0.10251105958070017
5481,4mesulphonylquinoline_cation->neut (+1 -> +0),1.57,1.6947063449571909,0.1247063449571908
5482,2mesulphynylquinoline_cation->neut (+1 -> +0),-0.27,0.44304872244199167,0.7130487224419917
5483,8oh1oxquinoline_cation->neut (+1 -> +0),1.31,-0.9748568157041397,2.28485681570414
5484,e226trimequinuclidine_cation->neut (+1 -> +0),11.3,11.37512842957323,0.07512842957322974
5485,5nitro4dimeam6meampyrimidine_cation->neut (+1 -> +0),2.85,2.6445525000340284,0.20544749996597167
5486,hexahydropyrimidine_cation->neut (+1 -> +0),9.75,9.679353682999045,0.07064631700095525
5487,2456tetraampyrimidine_cation->neut (+1 -> +0),6.82,6.863722398847185,0.04372239884718443
5488,1me5pmeoph2im12dihpyrimidine_cation->neut (+1 -> +0),10.88,10.754446024067505,0.12555397593249573
5489,2ph8mesquinoline_cation->neut (+1 -> +0),2.11,3.480116655466291,1.370116655466291
5490,1me4piperidinotetrazole_cation->neut (+1 -> +0),0.0,1.3671557721263925,1.3671557721263925
5491,1me4oxo14dihcinnoline_cation->neut (+1 -> +0),-0.29,-0.22462410678997013,0.06537589321002985
5492,4me6oh5cn23dihfuro23bpyridine_neut->an (+0 -> -1),6.19,5.9957514362993125,0.19424856370068788
5493,4me6meo23dihfuro23bpyridine_cation->neut (+1 -> +0),1.85,1.7858406615918554,0.0641593384081447
5494,47dime6oxo2367tetrahfuro23bpyridine_cation->neut (+1 -> +0),1.52,1.7341537278461834,0.21415372784618336
5495,cis10h15naphthyridine_2cation->cation (+2 -> +1),6.65,6.563610942970434,0.08638905702956645
5496,cis10h15naphthyridine_cation->neut (+1 -> +0),10.31,10.1893024551395,0.12069754486049966
5497,trans10h15naphthyridine_2cation->cation (+2 -> +1),6.86,6.74976263874797,0.11023736125203065
5498,trans10h15naphthyridine_cation->neut (+1 -> +0),10.16,10.027003377363135,0.13299662263686507
5499,trans10h16naphthyridine_2cation->cation (+2 -> +1),8.18,8.019375771843988,0.16062422815601174
5500,trans10h16naphthyridine_cation->neut (+1 -> +0),10.68,10.30220375560436,0.37779624439563975
5501,trans10h17naphthyridine_2cation->cation (+2 -> +1),7.07,7.200106820323797,0.13010682032379695
5502,trans10h17naphthyridine_cation->neut (+1 -> +0),10.16,10.24708137577488,0.08708137577487918
5503,trans10h18naphthyridine_2cation->cation (+2 -> +1),4.32,3.4068402875490085,0.9131597124509918
5504,trans10h18naphthyridine_cation->neut (+1 -> +0),9.36,9.876397965456746,0.516397965456747
5505,1234tetrah15naphthyridine_cation->neut (+1 -> +0),6.96,7.30433803577336,0.34433803577335986
5506,1234tetrah16naphthyridine_cation->neut (+1 -> +0),10.19,10.23921295657091,0.04921295657091029
5507,1234tetrah17naphthyridine_cation->neut (+1 -> +0),7.08,6.505523476885217,0.5744765231147833
5508,1234tetrah18naphthyridine_cation->neut (+1 -> +0),7.61,8.177971567500297,0.5679715675002965
5509,5678tetrah17naphthyridine_2cation->neut (+2 -> +1),2.48,3.4175164030303913,0.9375164030303913
5510,5678tetrah17naphthyridine_cation->neut (+1 -> +0),8.56,8.154150083240177,0.4058499167598235
5511,3nitro15naphthyridine_cation->neut (+1 -> +0),0.63,1.3484953317580208,0.7184953317580208
5512,5me7oh34dihpyrano23bpyridine_cation->neut (+1 -> +0),1.94,1.719038738546006,0.22096126145399397
5513,5me7oh34dihpyrano23bpyridine_neut->an (+0 -> -1),10.17,10.241228447613777,0.07122844761377678
5514,5me7meo34dihpyrano23bpyridine_cation->neut (+1 -> +0),3.04,2.7471794130201603,0.2928205869798397
5515,58dime7o3478tethpyrano23bpyridine_cation->neut (+1 -> +0),1.65,1.4132422971874705,0.2367577028125294
5516,24dione6789tethpyrdo12apyrmdin_cation->neut (+1 -> +0),-0.24,-0.642737643616889,0.402737643616889
5517,24dione6789tethpyrdo12apyrmdin_neut->an (+0 -> -1),7.07,7.559879803801857,0.48987980380185636
5518,1hydrazinophthalazine_cation->neut (+1 -> +0),7.25,7.1882716468261165,0.06172835317388348
5519,7meo314benzoxadiazepine_cation->neut (+1 -> +0),1.44,-0.30810621126894144,1.7481062112689414
5520,4oh34dih138triazanaphthalene_cation->neut (+1 -> +0),6.56,6.187298222224182,0.37270177777581726
5521,6meam9mepurine_cation->neut (+1 -> +0),4.07,4.182048127258769,0.11204812725876856
5522,9me2piperidinopurine_cation->neut (+1 -> +0),4.1,3.7494573738509525,0.3505426261490472
5523,9me6piperidinopurine_cation->neut (+1 -> +0),4.12,4.022129399974185,0.09787060002581516
5524,9me8piperidinopurine_cation->neut (+1 -> +0),4.06,4.0710887456217355,0.011088745621735896
5525,2propanethiol_neut->an (+0 -> -1),10.86,10.986494431207781,0.1264944312077816
5526,2mes2oxoacetic_neut->an (+0 -> -1),0.54,1.207328895833749,0.6673288958337489
5527,mesacetic_neut->an (+0 -> -1),3.65,3.6390213454186098,0.010978654581390135
5528,me2mercaptoacetate_neut->an (+0 -> -1),8.03,7.52240309637719,0.507596903622809
5529,dimeammethanedithioic_neut->an (+0 -> -1),3.36,3.987184642480659,0.6271846424806591
5530,2oxobutanoic_neut->an (+0 -> -1),2.5,2.3580511471261802,0.14194885287381975
5531,3meopropenoic_neut->an (+0 -> -1),4.85,5.077661227251572,0.22766122725157256
5532,7hpurin8ol_neut->an (+0 -> -1),7.9,8.284728944771473,0.38472894477147257
5533,7hpurin8ol_an->2an (-1 -> -2),13.5,13.581335898527715,0.0813358985277155
5534,26dioxo1236teth4pyrimidinecarboxylic_neut->an (+0 -> -1),2.07,1.8552615768163419,0.214738423183658
5535,26dioxo1236teth4pyrimidinecarboxylic_an->2an (-1 -> -2),9.45,9.257679032658322,0.19232096734167747
5536,24dioxo1234teth5pyrimidinecarboxylic_neut->an (+0 -> -1),4.16,4.557528792795916,0.39752879279591546
5537,24dioxo1234teth5pyrimidinecarboxylic_an->2an (-1 -> -2),8.89,8.820323484400525,0.06967651559947541
5538,5am26dio1236teth3pyrimidinecarboxylic_neut->an (+0 -> -1),2.63,3.1224313818447476,0.49243138184474766
5539,5am26dio1236teth3pyrimidinecarboxylic_an->2an (-1 -> -2),8.72,9.453482451503447,0.7334824515034466
5540,5me6ohpyrimidine241h3hdione_neut->an (+0 -> -1),4.4,4.044938057906784,0.35506194209321595
5541,1mepyrolidine24dione_neut->an (+0 -> -1),7.05,6.952679015387879,0.09732098461212058
5542,5mepyrrolidine24dione_neut->an (+0 -> -1),6.42,6.890926822533771,0.47092682253377127
5543,ibotenic_neut->an (+0 -> -1),5.04,5.443943890451924,0.4039438904519237
5544,ibotenic_an->2an (-1 -> -2),8.16,7.890484795417576,0.26951520458242406
5545,thioibotenic_neut->an (+0 -> -1),5.9,7.432935434894553,1.5329354348945525
5546,thioibotenic_an->2an (-1 -> -2),7.8,8.200536574919202,0.4005365749192018
5547,3ohisoxazole_neut->an (+0 -> -1),5.85,5.774186558080333,0.07581344191966632
5548,3shisoxazole_neut->an (+0 -> -1),7.54,7.6907828210321885,0.15078282103218843
5549,5br26dio1236teth3pyrimidinecarboxylic_neut->an (+0 -> -1),2.38,1.7764440895067466,0.6035559104932533
5550,5br26dio1236teth3pyrimidinecarboxylic_an->2an (-1 -> -2),7.33,6.692540740858872,0.6374592591411279
5551,5i26dio1236teth3pyrimidinecarboxylic_neut->an (+0 -> -1),1.88,0.9614743924223488,0.9185256075776511
5552,5i26dio1236teth3pyrimidinecarboxylic_an->2an (-1 -> -2),7.63,7.747074628815761,0.11707462881576092
5553,6mesylpyrimidine241h3hdione_neut->an (+0 -> -1),4.73,4.703132489137187,0.02686751086281358
5554,bicylclo111pentane1carboxylic_neut->an (+0 -> -1),3.95,3.581356743209338,0.3686432567906621
5555,3oxocyclopentanecarboxylic_neut->an (+0 -> -1),4.25,3.975026718576175,0.2749732814238248
5556,3meam45dih5oxo2pyrazinecarboxamide_neut->an (+0 -> -1),7.48,7.970144947989278,0.4901449479892772
5557,cyclohexanephosphonic_neut->an (+0 -> -1),2.2,2.9597791142665075,0.7597791142665073
5558,cyclohexanephosphonic_an->2an (-1 -> -2),8.3,8.445870957088886,0.14587095708888498
5559,5et5meoxazolidine24dione_neut->an (+0 -> -1),6.1,6.302813581492903,0.20281358149290352
5560,dimeoxaloacetic_neut->an (+0 -> -1),1.77,1.399345298910725,0.3706547010892751
5561,dimeoxaloacetic_an->2an (-1 -> -2),4.62,4.858427285156745,0.23842728515674505
5562,11dime1propanethiol_neut->an (+0 -> -1),11.3,11.555073807083023,0.2550738070830221
5563,4sulfonic26dioxo1236tetrahpyrimidine_an->2an (-1 -> -2),7.26,7.284642622392572,0.0246426223925722
5564,2me2mercapto1propanol_neut->an (+0 -> -1),9.85,9.441630855598895,0.40836914440110483
5565,24pyrrolidinedione_neut->an (+0 -> -1),6.4,6.8122669901419615,0.4122669901419611
5566,isopropylidendiphosphonic_an->2an (-1 -> -2),3.16,2.6338555518383933,0.5261444481616069
5567,isopropylidendiphosphonic_2an->3an (-2 -> -3),8.04,9.628802101017367,1.588802101017368
5568,isopropylidendiphosphonic_3an->4an (-3 -> -4),12.1,10.820959572971816,1.2790404270281837
5569,diohebutenedioic_neut->an (+0 -> -1),1.57,1.6445303011553047,0.07453030115530468
5570,diohebutenedioic_an->2an (-1 -> -2),3.36,2.9850879324235366,0.3749120675764632
5571,S4hydroxyphenylethanethioate_neut->an (+0 -> -1),8.88,8.890536180372823,0.010536180372822557
5572,me4mercaptobenzoato_neut->an (+0 -> -1),5.33,5.659511192237921,0.3295111922379208
5573,N3oh4nitropheacetamide_neut->an (+0 -> -1),6.71,7.026719270506922,0.3167192705069217
5574,N4oh3nitropheacetamide_neut->an (+0 -> -1),6.78,6.9589947701197294,0.1789947701197292
5575,me4nitroanilinomethanoate_neut->an (+0 -> -1),13.0,12.724421617043024,0.2755783829569758
5576,2mes68dimepurine_2cation->cation (+2 -> +1),-0.6,-0.6155647920498275,0.015564792049827525
5577,2mes68dimepurine_cation->neut (+1 -> +0),3.04,3.174192169604958,0.13419216960495817
5578,2mes68dimepurine_neut->an (+0 -> -1),9.7,9.950812897017624,0.25081289701762444
5579,28bismes6mepurine_cation->neut (+1 -> +0),2.74,2.6524551602556166,0.08754483974438365
5580,28bismes6mepurine_neut->an (+0 -> -1),7.94,8.062427190397113,0.12242719039711236
5581,1etpiperidinecarboxylic_cation->neut (+1 -> +0),2.04,2.1834719446241557,0.1434719446241557
5582,2mes69dimepurin87hone_cation->neut (+1 -> +0),2.62,2.052289376167285,0.5677106238327152
5583,2mes69dimepurin87hone_neut->an (+0 -> -1),9.41,9.81722444135967,0.40722444135966995
5584,13indanedione_neut->an (+0 -> -1),7.2,6.84707704743432,0.35292295256568007
5585,222f31ptolylethanol_neut->an (+0 -> -1),12.04,12.361781544257573,0.32178154425757377
5586,222f314meophenylethanol_neut->an (+0 -> -1),12.24,11.892290490713386,0.3477095092866147
5587,noh5norbornene23carcoximide_neut->an (+0 -> -1),5.9,5.672849754434914,0.22715024556508645
5588,2oh5678tetrhquinazolinecarboxylic_cation->neut (+1 -> +0),-0.82,-0.21974662780851784,0.6002533721914821
5589,2oh5678tetrhquinazolinecarboxylic_neut->an (+0 -> -1),3.36,2.7655162108398317,0.5944837891601682
5590,2oh5678tetrhquinazolinecarboxylic_an->2an (-1 -> -2),10.38,11.160282063877936,0.7802820638779355
5591,2am5678tetrhquinazolinecarboxylic_cation->neut (+1 -> +0),0.61,1.1094061884387676,0.4994061884387676
5592,2am5678tetrhquinazolinecarboxylic_neut->an (+0 -> -1),4.72,5.128412784008931,0.4084127840089309
5593,2me5678tetrhquinazolin41hone_cation->neut (+1 -> +0),3.73,3.497343566081028,0.23265643391897184
5594,2me5678tetrhquinazolin41hone_neut->an (+0 -> -1),10.5,10.43141619257272,0.06858380742728087
5595,4mesyl35dimephenol_neut->an (+0 -> -1),8.13,7.9437741630720495,0.18622583692795125
5596,3ph4brisoxazol52hone_neut->an (+0 -> -1),2.3,2.5227508157871155,0.22275081578711564
5597,NmeN2mercaptophenylacetamide_neut->an (+0 -> -1),5.6,6.062430349004647,0.46243034900464774
5598,18naphtalenediol_neut->an (+0 -> -1),6.71,7.122411216597709,0.4124112165977092
5599,13naphtalenediol_neut->an (+0 -> -1),7.35,5.225815863253152,2.1241841367468473
5600,4phbutynoic_neut->an (+0 -> -1),3.44,3.5788427008594725,0.1388427008594726
5601,4oh35dimeacetophenone_neut->an (+0 -> -1),8.22,8.47670832926456,0.2567083292645602
5602,4trimeamphenol_cation->neut (+1 -> +0),8.06,8.305435534387467,0.24543553438746635
5603,3trimeamphenol_cation->neut (+1 -> +0),8.35,8.140914978372258,0.20908502162774134
5604,2trimeamphenol_cation->neut (+1 -> +0),7.43,7.292435259628788,0.1375647403712117
5605,2cl4trimeamphenol_cation->neut (+1 -> +0),6.62,6.639634495806733,0.019634495806732488
5606,2nitro4trimeamphenol_cation->neut (+1 -> +0),5.03,5.030553460706406,0.0005534607064054953
5607,3me4trimeamphenol_cation->neut (+1 -> +0),8.34,8.313871338345251,0.026128661654748697
5608,4me3trimeamphenol_cation->neut (+1 -> +0),8.26,8.444446808926527,0.18444680892652698
5609,26ditbu4trimeamphenol_cation->neut (+1 -> +0),9.84,9.529570937792263,0.3104290622077368
5610,5br8oh7quinolinesulfonic_neut->an (+0 -> -1),4.08,3.619548344903608,0.4604516550963922
5611,5br8oh7quinolinesulfonic_an->2an (-1 -> -2),8.56,7.786051025362293,0.7739489746377073
5612,5i8oh7quinolinesulfonic_neut->an (+0 -> -1),4.17,3.905006365795515,0.26499363420448496
5613,5i8oh7quinolinesulfonic_an->2an (-1 -> -2),8.66,8.551122434626217,0.10887756537378301
5614,5cl8oh7quinolinesulfonic_neut->an (+0 -> -1),3.84,4.464708523979355,0.6247085239793551
5615,5cl8oh7quinolinesulfonic_an->2an (-1 -> -2),8.46,8.291947974946547,0.16805202505345385
5616,7i8oh5quinolinesulfonic_neut->an (+0 -> -1),2.22,3.062903551371514,0.842903551371514
5617,7i8oh5quinolinesulfonic_an->2an (-1 -> -2),6.9,7.088309871711122,0.18830987171112135
5618,246trimethoxybenzoic_neut->an (+0 -> -1),3.59,3.7667025713055935,0.17670257130559364
5619,77dime3789tetrhpyrmdno21ipurine_cation->neut (+1 -> +0),7.1,7.408692733026179,0.30869273302617906
5620,99dime3789tetrhpyrmdno21ipurine_cation->neut (+1 -> +0),7.4,7.279300769507719,0.12069923049228137
5621,1isoquinolinecarboxylic_neut->an (+0 -> -1),4.97,4.8546289186864415,0.11537108131355822
5622,4oh1naphthalenesulfonic_an->2an (-1 -> -2),8.47,8.224336014209438,0.24566398579056248
5623,2oh1naphthalenesulfonic_an->2an (-1 -> -2),11.38,11.238208288060008,0.14179171193999274
5624,5oh1naphthalenesulfonic_an->2an (-1 -> -2),9.11,9.266181179020286,0.15618117902028672
5625,7oh1naphthalenesulfonic_an->2an (-1 -> -2),9.48,9.22862921689952,0.2513707831004801
5626,8oh1naphthalenesulfonic_an->2an (-1 -> -2),13.02,12.07207123700818,0.94792876299182
5627,1oh2naphthalenesulfonic_an->2an (-1 -> -2),9.47,9.527906345905398,0.05790634590539767
5628,6oh2naphthalenesulfonic_an->2an (-1 -> -2),9.13,8.838328656158154,0.29167134384184656
5629,7oh2naphthalenesulfonic_an->2an (-1 -> -2),9.35,9.420970616766446,0.07097061676644678
5630,67dioh2naphthalenesulfonic_an->2an (-1 -> -2),8.19,7.9712443041160155,0.21875569588398402
5631,67dioh2naphthalenesulfonic_2an->3an (-2 -> -3),12.16,11.882983078941898,0.2770169210581024
5632,57dinitr8oh1234tetrhnaphthalen1one_neut->an (+0 -> -1),5.12,4.672089831086775,0.447910168913225
5633,7oh13naphthalenedisulfonic_2an->3an (-2 -> -3),8.99,8.96065505870489,0.02934494129510945
5634,3oh27naphthalenedisulfonic_2an->3an (-2 -> -3),9.62,9.744205708325879,0.12420570832587963
5635,4oh27naphthalenedisulfonic_2an->3an (-2 -> -3),8.64,8.47576829862038,0.16423170137962018
5636,2me8ohquinolinesulfonic_neut->an (+0 -> -1),4.73,4.621502189999423,0.10849781000057757
5637,2me8ohquinolinesulfonic_an->2an (-1 -> -2),8.99,9.063036005684634,0.07303600568463331
5638,5oh3am27naphthalenedisulfonic_an->2an (-1 -> -2),2.49,2.9890362234360026,0.4990362234360024
5639,5oh3am27naphthalenedisulfonic_2an->3an (-2 -> -3),8.54,9.258380898337725,0.7183808983377258
5640,2me1naphthoic_neut->an (+0 -> -1),3.034,3.3567937394929475,0.32279373949294765
5641,3meo2naphthoic_neut->an (+0 -> -1),3.8,3.547124424713159,0.2528755752868408
5642,4meo1naphthoic_neut->an (+0 -> -1),4.31,4.5926686655750615,0.2826686655750619
5643,23dime1naphthoic_neut->an (+0 -> -1),2.831,3.202574734816472,0.37157473481647196
5644,24ohnphbenzenecarboxamide_neut->an (+0 -> -1),6.8,8.025279168371377,1.2252791683713768
5645,26ohnphbenzenecarboxamide_neut->an (+0 -> -1),6.3,5.833364231127059,0.46663576887294056
5646,35ditebuphenol_neut->an (+0 -> -1),10.293,10.59540449913861,0.30240449913861056
5647,4men4ohphenylbenzenecarboxamide_neut->an (+0 -> -1),9.54,9.486296532575677,0.05370346742432197
5648,4meon4ohphenylbenzenecarboxamide_neut->an (+0 -> -1),9.55,9.613048248479444,0.06304824847944346
5649,4ohbenzenediazonium_cation->neut (+1 -> +0),3.4,3.004687924926717,0.3953120750732828
5650,23diohbenzoic_neut->an (+0 -> -1),2.914,3.0280203115616553,0.11402031156165515
5651,25diohbenzoic_neut->an (+0 -> -1),2.951,3.0136498844962256,0.06264988449622555
5652,2accyclopentanone_neut->an (+0 -> -1),7.82,8.313097789625338,0.4930977896253381
5653,6me2ohcyclohexen1one_neut->an (+0 -> -1),11.23,10.79012058054732,0.43987941945268005
5654,4oh3nitrobenzoic_an->2an (-1 -> -2),6.41,6.701120934832129,0.2911209348321284
5655,2mercaptobenzoic_an->2an (-1 -> -2),8.2,7.987246256203463,0.21275374379653655
5656,3mercaptobenzoic_an->2an (-1 -> -2),6.15,6.12906194619275,0.020938053807250334
5657,4mercaptobenzoic_an->2an (-1 -> -2),5.9,6.130715329031566,0.23071532903156555
5658,2mes8mepurine_cation->neut (+1 -> +0),2.83,2.8678161981099715,0.03781619810997139
5659,2mes8mepurine_neut->an (+0 -> -1),9.58,9.338995433064962,0.2410045669350378
5660,37dimepurine2681h3h7htrione_neut->an (+0 -> -1),5.5,5.681536060006083,0.18153606000608313
5661,17dimepurine2681h3h7htrione_neut->an (+0 -> -1),5.5,5.429013674014027,0.07098632598597288
5662,17dimepurine2681h3h7htrione_an->2an (-1 -> -2),10.6,11.007512423743258,0.4075124237432579
5663,13dimepurine2681h3h7htrione_neut->an (+0 -> -1),5.75,6.215053221809993,0.46505322180999276
5664,6me2pyridinecarbothiamide_neut->an (+0 -> -1),12.62,12.58759545577334,0.03240454422665984
5665,13dime26dio1236tetrh4pyrmdinecrbxylc_neut->an (+0 -> -1),0.8,1.184855699540674,0.384855699540674
5666,233trime1pyrolidiniol_cation->neut (+1 -> +0),5.9,6.117328709011823,0.21732870901182277
5667,4ohphenylthiocyanate_neut->an (+0 -> -1),8.57,8.27953331212884,0.2904666878711595
5668,2ohmebenzoate_neut->an (+0 -> -1),9.87,10.076545364093747,0.20654536409374735
5669,345triohmethylbenzoate_neut->an (+0 -> -1),7.88,6.835977035928796,1.0440229640712042
5670,22dime135cyclohexanetrione_neut->an (+0 -> -1),4.2,3.892090038897411,0.30790996110258906
5671,22dime135cyclohexanetrione_an->2an (-1 -> -2),9.73,10.876419107649212,1.146419107649212
5672,2ohme6meophenol_neut->an (+0 -> -1),9.97,9.578779974810264,0.3912200251897371
5673,1carbx2meocarbx1cyclopentene_neut->an (+0 -> -1),2.94,2.8843767418382216,0.05562325816177838
5674,2accyclohexanone_neut->an (+0 -> -1),10.09,9.675830562896593,0.41416943710340703
5675,4nitro12benzenedicarboxylic_an->2an (-1 -> -2),4.12,3.9855471665672946,0.13445283343270553
5676,4oh35diclacetophenone_neut->an (+0 -> -1),4.6,4.490553439343655,0.10944656065634462
5677,2oh35dinitroacetophenone_neut->an (+0 -> -1),3.26,4.0920434630763785,0.8320434630763787
5678,222trifluoro1phethanol_neut->an (+0 -> -1),11.9,11.694886838647115,0.2051131613528856
5679,2oxo2phethanaloxime_neut->an (+0 -> -1),8.4,8.04533118885463,0.35466881114536974
5680,3me2ambenzoic_neut->an (+0 -> -1),4.92,4.804360667987298,0.1156393320127016
5681,4me3ambenzoic_neut->an (+0 -> -1),4.49,4.819440495620032,0.3294404956200321
5682,6me3ambenzoic_neut->an (+0 -> -1),4.16,4.117034321601565,0.0429656783984349
5683,2me4ambenzoic_neut->an (+0 -> -1),5.17,4.8436063000353204,0.3263936999646795
5684,3me4ambenzoic_neut->an (+0 -> -1),4.81,5.367945934756794,0.5579459347567948
5685,5678tetrahquinazolin41hone_cation->neut (+1 -> +0),2.69,2.7105487920998366,0.02054879209983662
5686,5678tetrahquinazolin41hone_neut->an (+0 -> -1),9.64,9.712482411920298,0.0724824119202978
5687,357trime465h7hdiopyrzl34dpyrmdn_neut->an (+0 -> -1),9.83,10.323700511533374,0.49370051153337435
5688,2me6mesulfinylphenol_neut->an (+0 -> -1),8.78,8.32704514389037,0.4529548561096295
5689,137trime2681h3h7htrionepurine_neut->an (+0 -> -1),6.0,5.863026599388355,0.13697340061164542
5690,379trime2681h3h7htrionepurine_neut->an (+0 -> -1),8.35,9.635388778221866,1.2853887782218667
5691,5678tetrahquinazoline41hthione_cation->neut (+1 -> +0),1.95,1.4163638911589516,0.5336361088410484
5692,5678tetrahquinazoline41hthione_neut->an (+0 -> -1),8.13,8.151801769051179,0.021801769051178255
5693,4methieno32cpyridinium_cation->neut (+1 -> +0),6.17,5.797898166563925,0.3721018334360746
5694,7methieno23cpyridinium_cation->neut (+1 -> +0),5.81,5.814198040123189,0.004198040123189806
5695,24dimethieno32cpyridinium_cation->neut (+1 -> +0),6.43,6.482700071618131,0.052700071618131616
5696,46dimethieno32cpyridinium_cation->neut (+1 -> +0),6.75,6.1826425632976445,0.5673574367023555
5697,246trimethieno32cpyridinium_cation->neut (+1 -> +0),6.77,6.963844986556808,0.19384498655680815
5698,thieno23cpyridinium_cation->neut (+1 -> +0),5.25,5.367734988218108,0.1177349882181078
5699,4me3ambenzenesulphonic_neut->an (+0 -> -1),3.6323,3.6139845824255508,0.0183154175744491
5700,3me4ambenzenesulphonic_neut->an (+0 -> -1),3.1264,3.572985107885809,0.44658510788580896
5701,19dime261h3hdionepurine_neut->an (+0 -> -1),5.99,6.521117536170786,0.531117536170786
5702,39dime261h3hdionepurine_neut->an (+0 -> -1),10.14,9.325421826072056,0.814578173927945
5703,89dime261h3hdionepurine_neut->an (+0 -> -1),6.2,6.6170283802581675,0.41702838025816735
5704,17dime261h3hdionepurine_neut->an (+0 -> -1),8.6,8.657371217979723,0.057371217979723
5705,28bismespurin61hone_cation->neut (+1 -> +0),1.4,1.2670338735061408,0.13296612649385908
5706,28bismespurin61hone_neut->an (+0 -> -1),7.5,7.284964752984796,0.21503524701520416
5707,28bismespurin61hone_an->2an (-1 -> -2),10.75,10.607518592073802,0.1424814079261978
5708,3dimesulfoniophenol_cation->neut (+1 -> +0),7.67,7.659229345150416,0.010770654849584282
5709,4dimesulfoniophenol_cation->neut (+1 -> +0),7.3,7.291859489412025,0.008140510587974603
5710,3dimesulfoniobenzoic_cation->neut (+1 -> +0),3.2,3.3936710616748558,0.1936710616748556
5711,4dimesulfoniobenzoic_cation->neut (+1 -> +0),3.3,2.7655993957586578,0.5344006042413421
5712,455trime1oh2pyrrolidinone_neut->an (+0 -> -1),8.85,8.652378190878519,0.19762180912148075
5713,455trime1oh2pyroline2carbx_neut->an (+0 -> -1),2.85,3.89122345402149,1.0412234540214897
5714,4me5ph124triazole32hthione_neut->an (+0 -> -1),7.66,7.641677512500916,0.01832248749908416
5715,99dime268trio1oxa7azaspiro44nonane_neut->an (+0 -> -1),7.9,7.300698934052966,0.5993010659470341
5716,2me5678tetrah41hthionequinazoline_cation->neut (+1 -> +0),2.35,2.1743050580670094,0.17569494193299073
5717,2me5678tetrah41hthionequinazoline_neut->an (+0 -> -1),8.91,9.252610288898358,0.3426102888983582
5718,3cl5678tetraahisoquinolin12hone_cation->neut (+1 -> +0),-0.28,-0.19197318147907882,0.0880268185209212
5719,3cl5678tetraahisoquinolin12hone_neut->an (+0 -> -1),8.81,8.395772778779595,0.4142272212204059
5720,3me4dimesulfoniophenol_cation->neut (+1 -> +0),7.6,7.10568706118933,0.49431293881066996
5721,4me3dimesulfoniophenol_cation->neut (+1 -> +0),8.01,8.21634527534782,0.20634527534781988
5722,2mesulfinylphenol_neut->an (+0 -> -1),7.6,8.442985934362174,0.842985934362174
5723,3mesulfiniylphenol_neut->an (+0 -> -1),8.79,9.103851306539184,0.3138513065391848
5724,4mesulfiniylphenol_neut->an (+0 -> -1),8.43,8.413561379493775,0.01643862050622502
5725,2nohcarbamoyl1mepyridinium_cation->neut (+1 -> +0),5.25,5.683090482602185,0.43309048260218486
5726,3nohcarbamoyl1mepyridinium_cation->neut (+1 -> +0),6.41,6.571647122805795,0.16164712280579518
5727,4nohcarbamoyl1mepyridinium_cation->neut (+1 -> +0),5.95,6.586629641389315,0.6366296413893151
5728,3ohiminome1mepyridinium_cation->neut (+1 -> +0),9.1,9.156500424801962,0.05650042480196227
5729,4ohiminome1mepyridinium_cation->neut (+1 -> +0),8.23,8.367975502718995,0.1379755027189944
5730,2ohiminome1mepyridinium_cation->neut (+1 -> +0),7.82,8.081833514535276,0.2618335145352759
5731,4me12benzenedicarboxylic_neut->an (+0 -> -1),3.04,3.999602689102656,0.9596026891026561
5732,4me12benzenedicarboxylic_an->2an (-1 -> -2),5.26,4.729491727928074,0.5305082720719261
5733,2oh3meoacetophenone_neut->an (+0 -> -1),10.0,9.421104560102398,0.5788954398976021
5734,1ph123triazole4carbx_neut->an (+0 -> -1),2.88,3.210891963821817,0.3308919638218173
5735,nmen2ohphenylacetamide_neut->an (+0 -> -1),8.6,8.840458225985913,0.24045822598591293
5736,2am345678hxh4quinazolinecarbx_cation->neut (+1 -> +0),2.71,2.983803345874545,0.273803345874545
5737,bicyclo221hept2ene3mecarbx2carbx_neut->an (+0 -> -1),3.19,3.529548707995951,0.33954870799595094
5738,bicyclo221hepta25dien3mecarbx2carbx_neut->an (+0 -> -1),3.02,3.6700903168418595,0.6500903168418595
5739,1ph5me4carbx123triazole_neut->an (+0 -> -1),3.73,3.279915550471272,0.45008444952872795
5740,2ohph1pyrolylketone_neut->an (+0 -> -1),8.59,8.450752796737325,0.13924720326267526
5741,3ph1otol3ohtriazen_neut->an (+0 -> -1),11.55,11.497899827393296,0.052100172606705186
5742,1ph3otol3ohtriazen_neut->an (+0 -> -1),11.86,11.560836300061437,0.2991636999385623
5743,14meohph3ph3ohtriazen_neut->an (+0 -> -1),11.95,11.640828108152917,0.3091718918470825
5744,13bisptolyl3ohtriazen_neut->an (+0 -> -1),12.18,12.006563921738511,0.17343607826148855
5745,3ph1acetanilid3ohtriazen_neut->an (+0 -> -1),11.66,11.27052538405597,0.3894746159440299
5746,13diphenyl3ohtriazen_neut->an (+0 -> -1),11.41,11.33776919119179,0.07223080880821087
5747,12clphe3ph3ohtriazen_neut->an (+0 -> -1),10.52,10.483845690869575,0.03615430913042417
5748,14clphe3ph3ohtriazen_neut->an (+0 -> -1),10.72,10.906488337241043,0.18648833724104286
5749,1ph34clphe3ohtriazen_neut->an (+0 -> -1),10.65,10.890005910699372,0.24000591069937194
5750,14brphe3ph3ohtriazen_neut->an (+0 -> -1),10.86,10.911548899327931,0.05154889932793161
5751,14sulfophenyl3ph3ohtriazen_an->2an (-1 -> -2),9.99,11.071763328805481,1.081763328805481
5752,1ptolph3ph3ohtriaze_neut->an (+0 -> -1),11.78,11.883299800091939,0.10329980009193918
5753,1ph3me3ohtriazen_neut->an (+0 -> -1),12.39,12.48623462295761,0.09623462295760987
5754,14nitroph3me3ohtriazen_neut->an (+0 -> -1),12.34,10.621406683205205,1.718593316794795
5755,14clph3me3ohtriaze_neut->an (+0 -> -1),11.52,11.86663215172775,0.34663215172774997
5756,1ptolph3me3ohtriaze_neut->an (+0 -> -1),12.58,12.341199170965814,0.23880082903418653
5757,14clphe34clphe3ohtriazen_neut->an (+0 -> -1),10.55,10.396064275266315,0.15393572473368522
5758,1otol34clphe3ohtriazen_neut->an (+0 -> -1),11.16,11.175566107546071,0.01556610754607135
5759,14acph3ph3ohtriazen_neut->an (+0 -> -1),10.96,10.763464827768153,0.19653517223184735
5760,5sulpho7cl8ohquinoline_neut->an (+0 -> -1),2.9,2.7299693147359845,0.17003068526401544
5761,5sulpho7cl8ohquinoline_an->2an (-1 -> -2),6.8,7.510066547556683,0.710066547556683
5762,5sulpho6me8ohquinoline_neut->an (+0 -> -1),4.8,4.295378906393957,0.5046210936060431
5763,5sulpho6me8ohquinoline_an->2an (-1 -> -2),8.7,8.939651901945911,0.23965190194591202
5764,5nitro2meoaniline_cation->neut (+1 -> +0),2.49,2.6662747618240763,0.1762747618240761
5765,3oxo2356tetrah1himidazo12aimidazole_cation->neut (+1 -> +0),6.82,6.001668317523182,0.8183316824768179
5766,1me2me1himiazo45cpyridine_cation->neut (+1 -> +0),6.48,6.1793223302314795,0.30067766976852095
5767,1me1himidazo45cpyridine_cation->neut (+1 -> +0),6.36,6.12958153587132,0.2304184641286806
5768,1me1himidazo45bpyridine_cation->neut (+1 -> +0),4.1,3.843694812301451,0.2563051876985485
5769,3o2367tetrh1h5himdazo12apyrimdne_cation->neut (+1 -> +0),8.15,7.7210387113430325,0.4289612886569678
5770,2367tetrh1h5himdazo12apyrimdne_cation->neut (+1 -> +0),11.22,11.266903158184927,0.04690315818492685
5771,6oh145triazanaphthalene_neut->an (+0 -> -1),9.52,9.749692003322163,0.22969200332216388
5772,1mepurin81hone_neut->an (+0 -> -1),9.8,10.52193184497991,0.7219318449799097
5773,3mepurin83hone_neut->an (+0 -> -1),10.5,10.456260255983258,0.043739744016741966
5774,1me28dione1h7hpurine_neut->an (+0 -> -1),7.94,8.563355690431557,0.6233556904315565
5775,34diohbenzenesulfonic_an->2an (-1 -> -2),8.5,8.019011119522665,0.48098888047733546
5776,34diohbenzenesulfonic_2an->3an (-2 -> -3),12.8,12.43177396227572,0.36822603772428053
5777,26dio1me1236tetrh4pyrimidinecarbx_an->2an (-1 -> -2),10.52,10.192667074921353,0.32733292507864675
5778,26dio3me1236tetrh4pyrimidinecarbx_neut->an (+0 -> -1),0.7,0.8428004149476678,0.14280041494766782
5779,26dio3me1236tetrh4pyrimidinecarbx_an->2an (-1 -> -2),9.82,10.365126059079394,0.5451260590793936
5780,me12dih2opyrimidin5ylcarbx_cation->neut (+1 -> +0),0.65,1.0479027897454616,0.39790278974546156
5781,me12dih2opyrimidin5ylcarbx_neut->an (+0 -> -1),7.29,7.230058941191088,0.05994105880891176
5782,8oh24dimequinazollin_cation->neut (+1 -> +0),3.79,3.3547753573542662,0.4352246426457338
5783,8oh24dimequinazollin_neut->an (+0 -> -1),9.41,9.50906326625039,0.09906326625038986
5784,4me8ohquinazoline_cation->neut (+1 -> +0),2.88,2.9589702706158345,0.07897027061583461
5785,4me8ohquinazoline_neut->an (+0 -> -1),8.77,8.956528128704148,0.1865281287041487
5786,26ditebupyridine_cation->neut (+1 -> +0),5.02,7.18756641095772,2.16756641095772
5787,26dimethoxypyridine_cation->neut (+1 -> +0),1.6,2.2303709604601574,0.6303709604601573
5788,2dimeampyridine_cation->neut (+1 -> +0),6.98,6.872423927523077,0.10757607247692302
5789,1me5meocarb4nmeamimidazole_cation->neut (+1 -> +0),4.21,3.7244014195865702,0.48559858041342974
5790,pyrazine1oxide_cation->neut (+1 -> +0),0.05,0.4636245919976938,0.4136245919976938
5791,3mepyrazine1oxide_cation->neut (+1 -> +0),0.46,1.1091711337369015,0.6491711337369015
5792,3meopyrazine1oxide_cation->neut (+1 -> +0),-0.45,-0.8991904129479433,0.4491904129479433
5793,3ampyrazine1oxide_cation->neut (+1 -> +0),1.5,2.200832979694023,0.7008329796940229
5794,3dimeampyrazine1oxide_cation->neut (+1 -> +0),1.34,1.9813406562249725,0.6413406562249724
5795,3mesulfinylpyridazine_cation->neut (+1 -> +0),-0.62,-0.06127497647218316,0.5587250235278168
5796,4mesulfinylpyridazine_cation->neut (+1 -> +0),0.22,0.9340150642967258,0.7140150642967258
5797,2oh5meobenzoic_neut->an (+0 -> -1),2.94,2.652779981621297,0.28722001837870303
5798,45dioh27naphthalenedisulfonic_2an->3an (-2 -> -3),5.36,6.01220498712541,0.6522049871254101
5799,45dime16diohpyridin21hone_neut->an (+0 -> -1),5.05,3.9636739878355245,1.0863260121644753
5800,45dime16diohpyridin21hone_an->2an (-1 -> -2),10.35,10.15981122753292,0.19018877246707966
5801,3me4oh34dihquinazoline_cation->neut (+1 -> +0),7.62,7.928923650554698,0.30892365055469817
5802,2356tetrah1himidazo12aimidazole_cation->neut (+1 -> +0),10.6,11.16878556228654,0.568785562286541
5803,nohphthalimide_neut->an (+0 -> -1),7.0,6.025644537386967,0.9743554626130333
5804,14crbxph3ph3ohtriazen_an->2an (-1 -> -2),10.97,10.931867176776922,0.038132823223078205
5805,4iodobenzimidazole_cation->neut (+1 -> +0),4.75,4.789290366225118,0.039290366225118056
5806,5iodobenzimidazole_cation->neut (+1 -> +0),5.03,4.768981579601533,0.2610184203984671
5807,5pnitrophenyl2ohpyrimidine_cation->neut (+1 -> +0),1.42,1.6130882907075543,0.1930882907075544
5808,5pnitrophenyl2ohpyrimidine_neut->an (+0 -> -1),8.17,8.526074752660545,0.356074752660545
5809,6meam4mercaptopyrimidine_cation->neut (+1 -> +0),-0.27,0.3822714067399158,0.6522714067399158
5810,6meam4mercaptopyrimidine_neut->an (+0 -> -1),9.64,9.515157305743216,0.12484269425678463
5811,4meo2mepyrimidine_cation->neut (+1 -> +0),3.98,4.070778621931152,0.09077862193115172
5812,4dimeampyrimidine_cation->neut (+1 -> +0),6.37,6.22708211905879,0.14291788094121038
5813,5dimeampyrimidine_cation->neut (+1 -> +0),2.96,3.123673261622261,0.16367326162226092
5814,4am5nitropyrimidine_cation->neut (+1 -> +0),1.98,2.112559741853345,0.13255974185334507
5815,2me4am5nitropyrimidine_cation->neut (+1 -> +0),2.67,2.2172541925380314,0.4527458074619686
5816,2am4meampyrimidine_cation->neut (+1 -> +0),7.75,7.375987927731128,0.37401207226887223
5817,2am4cl6meampyrimidine_cation->neut (+1 -> +0),3.88,3.627621150444554,0.25237884955544576
5818,4am2meam5brpyrimidine_cation->neut (+1 -> +0),5.72,5.699517004972181,0.020482995027818696
5819,2am4meam5brpyrimidine_cation->neut (+1 -> +0),6.21,6.106495123115268,0.10350487688473198
5820,2am5br4dimeampyrimidine_cation->neut (+1 -> +0),5.96,6.080659431897252,0.12065943189725203
5821,4am5br2dimeampyrimidine_cation->neut (+1 -> +0),6.15,6.09469959071501,0.05530040928499069
5822,4am6cl2dimeampyrimidine_cation->neut (+1 -> +0),3.75,4.363262064225348,0.6132620642253483
5823,4am2dimeampyrimidine_cation->neut (+1 -> +0),7.62,8.269356693586928,0.6493566935869284
5824,5nitro2am4dimeam6ohpyrimidine_cation->neut (+1 -> +0),-0.62,-0.4677593945980627,0.1522406054019373
5825,5nitro2am4dimeam6ohpyrimidine_neut->an (+0 -> -1),8.53,9.198927377399254,0.668927377399255
5826,5nitro2am4meam6ohpyrimidine_cation->neut (+1 -> +0),-0.37,-0.3138090418056638,0.05619095819433617
5827,5nitro2am4meam6ohpyrimidine_neut->an (+0 -> -1),8.7,8.332093829428548,0.3679061705714517
5828,2cf34ampyrimidine_cation->neut (+1 -> +0),1.39,1.737471888468904,0.3474718884689041
5829,3dimeampyridine_cation->neut (+1 -> +0),6.45,6.6736252154728,0.2236252154727998
5830,5i2oxo12dihpyridine_cation->neut (+1 -> +0),0.0,0.3722206444053038,0.3722206444053038
5831,5i2oxo12dihpyridine_neut->an (+0 -> -1),9.93,10.236720875673164,0.30672087567316453
5832,35dinitro4oxo14dihpyridine_neut->an (+0 -> -1),4.56,4.361684321630993,0.19831567836900632
5833,4thiocyanatoaniline_cation->neut (+1 -> +0),2.9,2.3320553619184397,0.5679446380815603
5834,245triclaniline_cation->neut (+1 -> +0),1.09,0.8856061748306825,0.2043938251693176
5835,246triclaniline_cation->neut (+1 -> +0),-0.03,-0.07649056024270084,0.046490560242700846
5836,4nitro3meaniline_cation->neut (+1 -> +0),1.41,1.2683298209624274,0.1416701790375725
5837,nme2nitroaniline_cation->neut (+1 -> +0),-0.62,-0.2934555785668236,0.3265444214331764
5838,nme4nitroaniline_cation->neut (+1 -> +0),0.55,0.790458151480169,0.2404581514801689
5839,3nitro4meoaniline_cation->neut (+1 -> +0),3.26,4.502683259155307,1.2426832591553074
5840,3cl4nitroaniline_cation->neut (+1 -> +0),0.26,0.2092042286283231,0.0507957713716769
5841,5cf33nitroaniline_cation->neut (+1 -> +0),0.82,0.8426271798353104,0.022627179835310485
5842,4fnndimebenzylamine_cation->neut (+1 -> +0),8.94,8.741935239080608,0.19806476091939196
5843,dimebenzylamine_cation->neut (+1 -> +0),9.03,9.095029507437303,0.06502950743730374
5844,3nitrodimebenzylamine_cation->neut (+1 -> +0),8.2,8.149340486499959,0.050659513500040276
5845,4nitrodimebenzylamine_cation->neut (+1 -> +0),8.14,7.676031278197038,0.46396872180296267
5846,4meodimebenzylamine_cation->neut (+1 -> +0),9.32,9.053210952372698,0.26678904762730227
5847,4oh26dimeocarbpyridine_cation->neut (+1 -> +0),0.5,0.8946948932926784,0.3946948932926784
5848,4oh26dimeocarbpyridine_neut->an (+0 -> -1),6.25,6.592222047061629,0.34222204706162884
5849,345tribrpyridine_cation->neut (+1 -> +0),0.45,0.005552957334561626,0.4444470426654384
5850,5ph2ampyrimidine_cation->neut (+1 -> +0),3.32,3.0208253970800447,0.2991746029199551
5851,54nitroph2ampyrimidine_cation->neut (+1 -> +0),2.7,2.845116726396409,0.1451167263964086
5852,6thioxo36dihpurin21hone_neut->an (+0 -> -1),6.2,6.262679602264777,0.06267960226477687
5853,6thioxo36dihpurin21hone_an->2an (-1 -> -2),11.4,10.641719475608454,0.7582805243915463
5854,5oh4o4hpyran2carboxylic_an->2an (-1 -> -2),7.75,8.128569879584525,0.3785698795845249
5855,6cn5am1h123triazolo45bpyridine_cation->neut (+1 -> +0),-0.06,1.4161786668667702,1.4761786668667702
5856,6cn5am1h123triazolo45bpyridine_neut->an (+0 -> -1),6.53,6.216985724695712,0.3130142753042886
5857,2me3oh4hpyran4one_cation->neut (+1 -> +0),-0.71,-1.323301654581451,0.6133016545814511
5858,2me3oh4hpyran4one_neut->an (+0 -> -1),8.66,9.270910873735998,0.6109108737359978
5859,12cyclohexanedione_neut->an (+0 -> -1),10.3,10.35169356617806,0.051693566178059314
5860,35dime4ohfuran25hone_neut->an (+0 -> -1),4.0,4.763272581421814,0.7632725814218144
5861,1ohcyclopentanecarboxylic_neut->an (+0 -> -1),4.076,4.17519694300563,0.09919694300563009
5862,2oh356tricl14benzoquinone_neut->an (+0 -> -1),1.09,1.0523347084673507,0.037665291532649414
5863,2oh356tribr14benzoquinone_neut->an (+0 -> -1),1.1,1.3377797154759081,0.23777971547590804
5864,36dioh25dicl14benzoquinone_neut->an (+0 -> -1),0.73,0.27234278198595785,0.45765721801404213
5865,36dioh25dicl14benzoquinone_an->2an (-1 -> -2),3.08,2.6582371016441853,0.4217628983558148
5866,36dioh25dibr14benzoquinone_neut->an (+0 -> -1),0.8,0.8972078843252005,0.09720788432520044
5867,36dioh25dibr14benzoquinone_an->2an (-1 -> -2),3.1,3.8788189008840597,0.7788189008840596
5868,36dioh25dif14benzoquinone_neut->an (+0 -> -1),1.4,0.8606261907839157,0.5393738092160842
5869,36dioh25dif14benzoquinone_an->2an (-1 -> -2),3.3,3.315574498372005,0.015574498372004975
5870,34dinitro12benzenediol_neut->an (+0 -> -1),4.02,3.779485936927945,0.24051406307205436
5871,34dinitro12benzenediol_an->2an (-1 -> -2),8.24,7.445261721892907,0.7947382781070935
5872,35dinitro12benzenediol_neut->an (+0 -> -1),3.32,2.2418131721140604,1.0781868278859394
5873,35dinitro12benzenediol_an->2an (-1 -> -2),9.86,10.35212817738749,0.4921281773874906
5874,246trinitro13benzenediol_neut->an (+0 -> -1),1.74,1.0077756251916288,0.7322243748083712
5875,246trinitro13benzenediol_an->2an (-1 -> -2),4.86,4.565611149675445,0.2943888503245553
5876,246trinitro135benzenetriol_neut->an (+0 -> -1),1.26,0.24450510758154387,1.0154948924184561
5877,246trinitro135benzenetriol_an->2an (-1 -> -2),4.16,4.618054551538129,0.4580545515381287
5878,246trinitro135benzenetriol_2an->3an (-2 -> -3),7.66,6.642807168163441,1.0171928318365593
5879,sulfoacetic_an>2an (-1 -> -2),4.2,3.9902891887448693,0.2097108112551309
5880,ethanothioamide_neut->an (+0 -> -1),13.4,13.096440128336273,0.3035598716637278
5881,metam_neut->an (+0 -> -1),2.89,2.1555443351658203,0.7344556648341798
5882,2mercaptoethanol_neut->an (+0 -> -1),9.4,9.749112117889432,0.3491121178894314
5883,nitrooxyacetic_neut->an (+0 -> -1),2.26,2.0544239523694943,0.20557604763050552
5884,2cl2nitroacetamide_neut->an (+0 -> -1),3.5,4.089731916507371,0.5897319165073709
5885,2f2nitroacetamide_neut->an (+0 -> -1),5.89,5.271924437453319,0.6180755625466805
5886,6am352h4hdione124triazine_neut->an (+0 -> -1),7.35,7.105439828422549,0.2445601715774508
5887,5nitro6oh24dione241h3hpyrimidine_an->2an (-1 -> -2),10.25,10.046694214311895,0.2033057856881051
5888,2nitrooxypropanoic_neut->an (+0 -> -1),2.39,2.591933601331352,0.20193360133135174
5889,3am111f3propan2ol_neut->an (+0 -> -1),12.29,12.768972429899746,0.47897242989974664
5890,67dih1h123triazolo45dpyrmdn5one_neut->an (+0 -> -1),8.03,8.638662369284848,0.6086623692848487
5891,67dih1h123triazolo45dpyrmdn5one_an->2an (-1 -> -2),14.48,14.238502753898885,0.24149724610111534
5892,124triazin51hone54epyrimidino_neut->an (+0 -> -1),6.59,6.806550183817763,0.21655018381776348
5893,4crbx5nitr26dio1236tethpyrmdine_an->2an (-1 -> -2),4.94,4.445595671812348,0.49440432818765245
5894,dithiacycloheptane1133tetroxide_neut->an (+0 -> -1),11.75,11.20285774546122,0.5471422545387803
5895,1me5hiox56dih1h123triazolo45dpyrimidin7one_neut->an (+0 -> -1),6.73,5.194557250739508,1.5354427492604925
5896,tetrahydropyran2carbx_neut->an (+0 -> -1),3.8,3.828523611747614,0.028523611747614197
5897,3mepyrimidino54e124triazin5one_neut->an (+0 -> -1),7.0,6.8291276273454535,0.17087237265454647
5898,3oh2pyridinecarbx_neut->an (+0 -> -1),5.17,5.318131767978736,0.14813176797873595
5899,3oh2pyridinecarbx_an->2an (-1 -> -2),10.76,11.821907508755348,1.0619075087553487
5900,1me1hpyrazolo34dpyrimidin4one_neut->an (+0 -> -1),9.26,9.734878007117754,0.47487800711775385
5901,3acamd25pyrrolidinedione_neut->an (+0 -> -1),8.85,7.95492810345068,0.8950718965493198
5902,1ac5meimidazolidine24dione_neut->an (+0 -> -1),7.2,6.870265617060291,0.32973438293970947
5903,8cf3purin6one_an->2an (-1 -> -2),10.9,11.290544957503261,0.3905449575032609
5904,8br9mepurine26dione_neut->an (+0 -> -1),5.45,5.163192502891919,0.2868074971080814
5905,3clbenzenesulfinic_neut->an (+0 -> -1),2.68,3.1138153868381213,0.43381538683812115
5906,4clbenzenesulfinic_neut->an (+0 -> -1),2.76,2.021846243706996,0.7381537562930038
5907,4brbenzenesulfinic_neut->an (+0 -> -1),3.08,2.085544533028873,0.994455466971127
5908,4oh24dihpteridine21hthione_neut->an (+0 -> -1),9.72,10.435495758326843,0.715495758326842
5909,mesulfonic1oh12pyridyl_neut->an (+0 -> -1),4.05,3.695996044328677,0.35400395567132303
5910,mesulfonic1oh12pyridyl_an->2an (-1 -> -2),9.7,11.410524268555047,1.710524268555048
5911,mesulfonic1oh13pyridyl_neut->an (+0 -> -1),4.6,4.369295765201023,0.23070423479897695
5912,mesulfonic1oh13pyridyl_an->2an (-1 -> -2),9.53,11.159866361198755,1.629866361198756
5913,mesulfonic1oh14pyridyl_neut->an (+0 -> -1),4.95,4.631176972373152,0.31882302762684844
5914,mesulfonic1oh14pyridyl_an->2an (-1 -> -2),10.05,10.671737395277848,0.6217373952778473
5915,5mes2me1h123triazolo45dpyrimidine7one_neut->an (+0 -> -1),7.28,7.198174213688238,0.08182578631176263
5916,5mesulf1me1h123triazolo45dpyrimidin7one_neut->an (+0 -> -1),2.96,3.3096072618114105,0.34960726181141055
5917,5mesulf2me1h123triazolo45dpyrimidin7one_neut->an (+0 -> -1),3.54,3.9044346527360423,0.36443465273604225
5918,5ipro2thioxo4imidazolidinone_neut->an (+0 -> -1),8.7,8.357873005330553,0.34212699466944585
5919,chelidonic_an->2an (-1 -> -2),2.36,2.432663581070515,0.07266358107051518
5920,3cl4ohbenzoic_an->2an (-1 -> -2),7.52,7.731210428633201,0.21121042863320127
5921,125678hexah26dioxo4crbxpteridine_an->2an (-1 -> -2),12.04,12.256586996829078,0.21658699682907923
5922,4mebenzenesulfinic_neut->an (+0 -> -1),2.8,2.5989232003572553,0.2010767996427445
5923,4meobenzenesulfinic_neut->an (+0 -> -1),2.72,2.8867595366235514,0.16675953662355125
5924,cyclohexylmethanidithioic_neut->an (+0 -> -1),2.05,0.7964504458999855,1.2535495541000143
5925,2phethynylphosphonic_neut->an (+0 -> -1),1.14,0.32538458487893784,0.8146154151210621
5926,2phethynylphosphonic_an->2an (-1 -> -2),6.3,6.050480924633768,0.24951907536623175
5927,2oh2phethanimidamide_cation->neut (+1 -> +0),10.82,9.934702975016434,0.8852970249835668
5928,2oh2phethanimidamide_neut->an (+0 -> -1),12.52,13.106452402662477,0.5864524026624771
5929,13dime6acetoxyampyrimidine24dione_neut->an (+0 -> -1),7.01,6.449304765002093,0.5606952349979064
5930,1ph2pyrazolin4one_neut->an (+0 -> -1),9.05,9.650928205757985,0.6009282057579846
5931,1ph2pyrazolin5one_neut->an (+0 -> -1),6.56,7.104993579129618,0.5449935791296188
5932,6oh5phpyrimidine241h3hdione_neut->an (+0 -> -1),3.75,2.2432593152144635,1.5067406847855365
5933,13dio4cn2azaspiro45decane_neut->an (+0 -> -1),7.09,7.425971596848583,0.3359715968485828
5934,2s5ph6oh23dihpyrimidin41hone_neut->an (+0 -> -1),3.9,1.43259311752068,2.46740688247932
5935,3ph7ampyrimidino54e124triazin5one_cation->neut (+1 -> +0),1.0,0.42256725292086195,0.577432747079138
5936,3ph7ampyrimidino54e124triazin5one_neut->an (+0 -> -1),6.77,6.8211924348330735,0.051192434833073897
5937,4ph25dioxo3pyrrolidinecarboxylic_neut->an (+0 -> -1),2.9,3.0602116723140407,0.16021167231404077
5938,4ph25dioxo3pyrrolidinecarboxylic_an->2an (-1 -> -2),8.92,8.757021899783844,0.1629781002161561
5939,4ph25dioxo3pyrrolidinecarboxamide_neut->an (+0 -> -1),7.62,7.475767930434597,0.1442320695654029
5940,3me3ph25pyrolidnedione_neut->an (+0 -> -1),8.8,8.941441025936136,0.1414410259361354
5941,12me3indolylethanone_neut->an (+0 -> -1),13.24,12.886316906043294,0.3536830939567057
5942,5678teth1hnaphthol23dimidazol2one_neut->an (+0 -> -1),12.21,12.267229445728148,0.057229445728147255
5943,5678teth1hnaphthol23dimidazol2thione_neut->an (+0 -> -1),10.43,10.528708245052421,0.09870824505242126
5944,2tbuiminomethylphenol_neut->an (+0 -> -1),9.5,8.870989290810144,0.6290107091898562
5945,n2pyridiylbenzenesulfonamide_neut->an (+0 -> -1),8.2,7.05567335561153,1.1443266443884692
5946,2ohbiphenyl_neut->an (+0 -> -1),10.01,9.569731649731068,0.44026835026893174
5947,3oh1naphtocarxltmethyl_neut->an (+0 -> -1),8.88,8.999378154204093,0.11937815420409237
5948,4oh2naphtocarxltmethyl_neut->an (+0 -> -1),8.75,8.879769676569417,0.12976967656941696
5949,555p5ptetrame22pbipyrrolidine_2cation->cation (+2 -> +1),6.95,6.607553167152511,0.34244683284748945
5950,555p5ptetrame22pbipyrrolidine_cation->neut (+1 -> +0),10.3,11.135647738556322,0.8356477385563217
5951,4ph4me3cn25pyrrolidinedione_neut->an (+0 -> -1),6.2,6.635255553523638,0.4352555535236382
5952,3oh1naphtacetamide_neut->an (+0 -> -1),9.31,8.940952794006403,0.3690472059935974
5953,4oh2npahtacetamide_neut->an (+0 -> -1),8.87,8.98492293092496,0.1149229309249602
5954,4ph4me25dioxo3pyrrolidinecarboxamide_neut->an (+0 -> -1),7.69,7.559506752884814,0.1304932471151865
5955,3me5678teth1hnaphthol23dimidazol2thione_neut->an (+0 -> -1),10.78,10.945334983796165,0.16533498379616596
5956,2cl4cyclohexylphenol_neut->an (+0 -> -1),8.66,8.68703545343868,0.02703545343868008
5957,2p6pdinitro24dicldiphenylamine_neut->an (+0 -> -1),12.53,12.083764774136142,0.4462352258638571
5958,n3nitrophenylbenzenesulfonamide_neut->an (+0 -> -1),6.94,7.451664097904505,0.5116640979045046
5959,n4nitrophenylbenzenesulfonamide_neut->an (+0 -> -1),6.2,6.31485115176236,0.11485115176235983
5960,4amn35dinitrophebenzenesulfonamide_neut->an (+0 -> -1),6.19,7.909932282644288,1.7199322826442875
5961,4amn4nitrophebenzenesulfonamide_neut->an (+0 -> -1),6.97,6.557011685171201,0.41298831482879894
5962,4amnphebenzenesulfonamide_neut->an (+0 -> -1),9.05,9.098307861862628,0.04830786186262692
5963,435cicl4ohphenyl6me2cl25cyclohexadien1one_neut->an (+0 -> -1),5.5,5.192587047417428,0.3074129525825722
5964,n4chlorophenylbenzenesulfonamide_neut->an (+0 -> -1),7.93,8.61590743168895,0.6859074316889497
5965,4amn35diclphenylbenzenesulfonamide_neut->an (+0 -> -1),7.54,8.095370406079937,0.5553704060799367
5966,4amnn3cl5nitrophebenzenesulfonamide_neut->an (+0 -> -1),6.92,6.850664982725062,0.06933501727493763
5967,4amn4cl3nitrophebenzenesulfonamide_neut->an (+0 -> -1),7.16,6.562321616813659,0.5976783831863415
5968,4amn3clphebenzenesulfonamide_neut->an (+0 -> -1),8.28,8.55331215493389,0.2733121549338904
5969,4amn4clphebenzenesulfonamide_neut->an (+0 -> -1),8.56,8.928603715198019,0.3686037151980184
5970,4ohbenzophenone_neut->an (+0 -> -1),7.95,7.946198641621966,0.003801358378034081
5971,23p4trihydroxybenzophenone_neut->an (+0 -> -1),7.02,7.17874334372608,0.1587433437260808
5972,23p4trihydroxybenzophenone_an->2an (-1 -> -2),9.24,9.645989156394275,0.40598915639427524
5973,23p4trihydroxybenzophenone_2an->3an (-2 -> -3),12.2,12.483180151289162,0.2831801512891623
5974,n4ohphe4nitrobenzenecarboxmd_neut->an (+0 -> -1),9.5,9.323904609770457,0.17609539022954301
5975,ph4nitroanilinomethanoate_neut->an (+0 -> -1),12.5,12.027070227232555,0.4729297727674453
5976,n2ohphebenzenecrbxmd_neut->an (+0 -> -1),7.5,8.57978964066508,1.07978964066508
5977,n4ohphebenzenecrbxmd_neut->an (+0 -> -1),9.54,9.51173972033382,0.0282602796661795
5978,5pho2ambenzoic_cation->neut (+1 -> +0),2.34,2.0649669444590186,0.27503305554098123
5979,5pho2ambenzoic_neut->an (+0 -> -1),4.88,4.423494791173344,0.45650520882665546
5980,4benz4me25dioxo3pyrrolidinecarbonitrile_neut->an (+0 -> -1),6.69,6.538343302320629,0.15165669767937118
5981,4et4ph25dioxo3pyrrolidinecarbonitrile_neut->an (+0 -> -1),5.97,6.326719852327589,0.35671985232758896
5982,44clanilino35dinitrobenzoic_an->2an (-1 -> -2),13.42,12.193225524711313,1.2267744752886873
5983,44oh2mephe26dicl25cyclohexadien1oneimino_neut->an (+0 -> -1),5.9,6.23507654786214,0.3350765478621396
5984,435dicl4ohpheny2mel25cyclohexadien1oneimino_neut->an (+0 -> -1),5.7,5.616942979797845,0.08305702020215477
5985,435dibr4ohpheny2mel25cyclohexadien1oneimino_neut->an (+0 -> -1),5.4,5.316890102284914,0.08310989771508659
5986,435dibr4ohpheny3mel25cyclohexadien1oneimino_neut->an (+0 -> -1),5.6,6.068245048141617,0.4682450481416174
5987,4clph4nitroanilinomethanoate_neut->an (+0 -> -1),12.3,11.81858473505024,0.48141526494976006
5988,4cln4ohphebenzenecrbxmd_neut->an (+0 -> -1),9.5,9.41605460655087,0.08394539344912921
5989,4phesulfonylaminobenzoic_an->2an (-1 -> -2),7.75,8.309566191180721,0.5595661911807213
5990,2oh4phesulfonylaminobenzoic_an->2an (-1 -> -2),7.61,7.820984832887618,0.21098483288761738
5991,nptolylbenzenesulfonamide_neut->an (+0 -> -1),8.64,8.701039941132418,0.0610399411324174
5992,2benzoylbenzoic_neut->an (+0 -> -1),3.536,3.757667856629425,0.2216678566294248
5993,24ditebuphenol_neut->an (+0 -> -1),11.72,11.414675959733662,0.3053240402663384
5994,spironapht1h3ppyrrolidine4pcn34dih2p5pdioxo_neut->an (+0 -> -1),6.3,5.977845252237711,0.3221547477622888
5995,44oh35dime25cyclohexadien1oneimino_neut->an (+0 -> -1),8.7,9.120619444963896,0.42061944496389714
5996,35ditebu4ohbenzenesulfonic_an->2an (-1 -> -2),10.4,10.841190436626107,0.4411904366261066
5997,npacetylphenylenzenesulfonamide_neut->an (+0 -> -1),6.94,6.548684372284328,0.39131562771567197
5998,435dicl4ohph26dime25cyclohexadien1one_neut->an (+0 -> -1),5.9,5.482713802753158,0.4172861972468427
5999,435dibr4ohph26dime25cyclohexadien1one_neut->an (+0 -> -1),5.4,5.397663730001118,0.0023362699988824787
6000,435dicl4ohph25dime25cyclohexadien1one_neut->an (+0 -> -1),6.1,5.895358688951855,0.2046413110481442
6001,2ph13indanedione_neut->an (+0 -> -1),4.4,5.039782068661626,0.639782068661626
6002,2ptoluoylbenzoic_neut->an (+0 -> -1),3.644,3.6793239548186145,0.03532395481861439
6003,35ditebu4ohbenzoic_an->2an (-1 -> -2),10.8,10.66835491331108,0.13164508668891983
6004,24clph13indanedione_neut->an (+0 -> -1),4.0,5.080409030502342,1.0804090305023424
6005,13diphe135triazine246trione_neut->an (+0 -> -1),6.51,6.457067916195498,0.052932083804502206
6006,25dionespirofluorene93pyrrolidine_neut->an (+0 -> -1),7.72,8.12420354228431,0.40420354228430977
6007,44diphe235pyrrolidinetrione_neut->an (+0 -> -1),5.5,4.637385347569812,0.8626146524301879
6008,44diph15dioxo3pyrrolidinecarboxamide_neut->an (+0 -> -1),7.44,7.326767031489019,0.11323296851098164
6009,44diph25dioxo3pyrrolidinecn_neut->an (+0 -> -1),5.18,6.262203244310258,1.082203244310258
6010,25dioxo4cnspirofluorene93pyrrolidine_neut->an (+0 -> -1),5.6,5.722192798100562,0.1221927981005626
6011,25dioxo4me41napht3pyrrolidinecrbx_neut->an (+0 -> -1),2.94,3.2163823278271204,0.27638232782712047
6012,25dioxo4me41napht3pyrrolidinecrbx_an->2an (-1 -> -2),8.93,8.358937413443645,0.571062586556355
6013,3me32napht25pyrrolidinedione_neut->an (+0 -> -1),8.73,8.552057841457993,0.1779421585420078
6014,4me41napht25dioxo3pyrrolidinecn_neut->an (+0 -> -1),6.2,5.995811176296734,0.20418882370326585
6015,4me42napht25dioxo3pyrrolidinecn_neut->an (+0 -> -1),6.25,6.296700346587263,0.0467003465872633
6016,3oh44diph25pyrrolidinedione_neut->an (+0 -> -1),7.65,7.478618147482997,0.171381852517003
6017,4amn26dimepyrimidin4ylbenzenesulfonamide_neut->an (+0 -> -1),7.49,6.373776463649967,1.1162235363500335
6018,25dioxo4me41napht3pyrrolidinecarbxmd_neut->an (+0 -> -1),7.6,7.723219629678252,0.1232196296782524
6019,25dioxo4me42napht3pyrrolidinecarbxmd_neut->an (+0 -> -1),7.7,7.6230730200141705,0.07692697998582965
6020,2isobutiryl13indanedione_neut->an (+0 -> -1),3.2,4.0058144022970605,0.8058144022970604
6021,phpnitrophenylphosphonate_neut->an (+0 -> -1),2.5,0.20297918361988732,2.2970208163801127
6022,35nitro2pyridylaminobenzoic_an->2an (-1 -> -2),14.59,14.207061381294967,0.3829386187050332
6023,45nitro2pyridylaminobenzoic_an->2an (-1 -> -2),14.42,13.443798219537028,0.9762017804629721
6024,4amns4mepyrimidin2ylbenzenesulfonamide_neut->an (+0 -> -1),6.84,7.259762369798156,0.41976236979815607
6025,naphthol23dimidazol2thione_neut->an (+0 -> -1),9.84,10.139741509374563,0.299741509374563
6026,2acetyl12indandione_neut->an (+0 -> -1),2.9,3.336743651041683,0.4367436510416831
6027,4amn2pyrimidin2ylbenzenesulfonamide_neut->an (+0 -> -1),6.35,7.718927006904732,1.3689270069047321
6028,1ph123triazole45dicarboxylic_neut->an (+0 -> -1),2.13,0.7149157011645828,1.415084298835417
6029,1ph123triazole45dicarboxylic_an->2an (-1 -> -2),4.93,5.073276654969379,0.14327665496937936
6030,n4aminosulfonylphenylacetamide_neut->an (+0 -> -1),10.02,9.81598118544894,0.20401881455105908
6031,2nformylnmethylaminobenzenethiol_neut->an (+0 -> -1),5.65,5.564849683616178,0.08515031638382276
6032,3nitrobenzohydroxamic_neut->an (+0 -> -1),8.4,8.124212339885533,0.2757876601144673
6033,2clbenzohydroxamic_neut->an (+0 -> -1),7.85,7.942611505005135,0.09261150500513526
6034,2fbenzohydroxamic_neut->an (+0 -> -1),8.0,8.496821225360108,0.4968212253601081
6035,uracylsulfonamide_neut->an (+0 -> -1),5.43,4.984476320162663,0.4455236798373363
6036,benzenetriol_neut->an (+0 -> -1),9.12,7.9672509360615305,1.1527490639384688
6037,7oxo47dih1hpyrazolo43dpyrimidine3crbx_neut->an (+0 -> -1),3.6,2.2799206182099088,1.3200793817900913
6038,5me1oh2pyrroline5carboxylic_neut->an (+0 -> -1),2.95,4.033772656323628,1.083772656323628
6039,111trifluro24pentanedione_neut->an (+0 -> -1),6.3,5.3341755427462285,0.9658244572537713
6040,3me24pentanedione_neut->an (+0 -> -1),10.87,10.42386765616858,0.44613234383141886
6041,3ipro24pentanedione_neut->an (+0 -> -1),12.85,11.568686499437952,1.2813135005620477
6042,3ph24pentanedione_neut->an (+0 -> -1),9.32,8.439217981542829,0.8807820184571717
6043,3et3pnitrophenyl25pyrrolidinedione_neut->an (+0 -> -1),8.49,8.107746990774956,0.38225300922504424
6044,3et3phenyl25pyrrolidinedione_neut->an (+0 -> -1),8.76,8.869486025679105,0.10948602567910548
6045,5et5ph2thioxo23dihpyrimidin46dione_neut->an (+0 -> -1),6.3,6.790720340134034,0.4907203401340343
6046,13diphe13propanedione_neut->an (+0 -> -1),8.95,8.734318023243105,0.21568197675689404
6047,4oh5formam26diampyrimidine_cation->neut (+1 -> +0),2.5,2.7562782276676794,0.2562782276676794
6048,4oh5formam26diampyrimidine_neut->an (+0 -> -1),9.9,9.409101177035609,0.49089882296439136
6049,nmethyephedrine_cation->neut (+1 -> +0),9.76,8.180944061234783,1.579055938765217
6050,2cl3nitroaniline_cation->neut (+1 -> +0),-0.94,-0.6824328814246492,0.25756711857535075
6051,5oh2nitroaniline_cation->neut (+1 -> +0),-0.55,-0.6750184586201078,0.12501845862010774
6052,sphspyperidin2ylmethanol_cation->neut (+1 -> +0),9.57,9.603247387216193,0.03324738721619269
6053,rphspyperidin2ylmethanol_cation->neut (+1 -> +0),9.77,9.274177777208603,0.4958222227913964
6054,4benzylpyridine_cation->neut (+1 -> +0),5.59,5.629701501362592,0.03970150136259232
6055,1me6meo2oxo12dihpyridine_cation->neut (+1 -> +0),0.91,0.681527147417448,0.228472852582552
6056,4me26bismeocarbonylpyridine_cation->neut (+1 -> +0),0.18,0.4750368874705613,0.2950368874705613
6057,1me4nitro5piperidinoimidazole_cation->neut (+1 -> +0),0.7,1.0705378919975166,0.37053789199751663
6058,1me5nitro2piperidinoimidazole_cation->neut (+1 -> +0),2.72,2.6686775659518602,0.051322434048139964
6059,n2methylpropenylmorpholine_cation->neut (+1 -> +0),5.45,5.850780341156347,0.40078034115634686
6060,3meam2carbam5ampyrazine_cation->neut (+1 -> +0),2.48,3.1504735137431954,0.6704735137431954
6061,2hydroxyfluorene_neut->an (+0 -> -1),9.53,9.633498505863816,0.1034985058638167
6062,2nitro7hydroxyfluorene_neut->an (+0 -> -1),8.94,9.098891516996844,0.15889151699684412
6063,1hydroxyfluorene_neut->an (+0 -> -1),9.05,9.770932229242849,0.7209322292428482
6064,8am6meoquinoline_cation->neut (+1 -> +0),3.38,4.281997252594903,0.9019972525949029
6065,4trimeambicyclo222oct2carboxylic_cation->neut (+1 -> +0),4.083,4.291782696552889,0.2087826965528885
6066,57dih1hfuro34bpyridin2one_cation->neut (+1 -> +0),0.5,0.5776670153244545,0.07766701532445452
6067,57dih1hfuro34bpyridin2one_neut->an (+0 -> -1),9.85,10.430905525028344,0.5809055250283439
6068,57dih1hthieno34bpyridin2one_cation->neut (+1 -> +0),0.69,0.5325811466484662,0.15741885335153372
6069,57dih1hthieno34bpyridin2one_neut->an (+0 -> -1),10.68,10.303315385542309,0.37668461445769097
6070,66diox2oh57dihthieno34bpyridin2one_cation->neut (+1 -> +0),-0.4,-0.3316263487522191,0.06837365124778094
6071,66diox2oh57dihthieno34bpyridin2one_neut->an (+0 -> -1),8.99,9.073475431710454,0.08347543171045402
6072,66diox2meo57dihthieno34bpyridin2one_cation->neut (+1 -> +0),-0.4,0.4636626977158498,0.8636626977158498
6073,2meo57dihfuro34bpyridine_cation->neut (+1 -> +0),1.56,1.6386762387568625,0.07867623875686247
6074,2meo57dihthieno34bpyridine_cation->neut (+1 -> +0),2.26,2.1107311391012598,0.14926886089874003
6075,1me57dihfuro34bpyridin21hone_cation->neut (+1 -> +0),0.01,0.32014422078604454,0.31014422078604453
6076,1me57dihthieno34bpyridin21hone_cation->neut (+1 -> +0),0.26,0.609152566868695,0.349152566868695
6077,66diox1me57dihthieno34bpyridin21hone_cation->neut (+1 -> +0),-0.94,-0.8901437299226522,0.04985627007734772
6078,cyanomelamine_neut->an (+0 -> -1),6.7,7.979348400402604,1.2793484004026041
6079,cyanomelamine_cation->neut (+1 -> +0),1.1,1.1626980628409562,0.06269806284095614
6080,246triaminophenol_3cation->2cation (+3 -> +2),1.0,-0.053263397038954,1.053263397038954
6081,246triaminophenol_2cation->cation (+2 -> +1),3.1,3.1586843171019217,0.05868431710192157
6082,246triaminophenol_cation->neut (+1 -> +0),6.0,5.603855884583825,0.3961441154161749
6083,246triaminophenol_neut->an (+0 -> -1),10.5,10.467564653650332,0.03243534634966849
6084,13dimevioluric_neut->an (+0 -> -1),4.72,5.1418454015967034,0.4218454015967037
6085,5ohimino246trione1h3h5hpyrimidine_neut->an (+0 -> -1),4.41,3.5612721289310443,0.8487278710689559
6086,5ohimino246trione1h3h5hpyrimidine_an->2an (-1 -> -2),9.66,9.820461261605907,0.16046126160590646
6087,4nitrosophenol_neut->an (+0 -> -1),6.36,5.901159037588184,0.4588409624118164
6088,4nitroso26dimephenol_neut->an (+0 -> -1),7.56,7.52854057329819,0.03145942670180979
6089,4nitroso35dimethylphenol_neut->an (+0 -> -1),8.04,6.888653675726762,1.151346324273237
6090,8oh7nitroso2naphthalenesulfonic_an->2an (-1 -> -2),7.22,6.379058493909469,0.8409415060905303
6091,5oh6nitroso1naphthalenesulfonic_an->2an (-1 -> -2),7.32,6.77327983609586,0.5467201639041406
6092,6oh5nitroso2naphthalenesulfonic_an->2an (-1 -> -2),7.6,7.377257488823526,0.2227425111764738
6093,nndimethyl4nitroso_cation->neut (+1 -> +0),4.54,2.518702084766524,2.0212979152334762
6094,1nitrosopiperazine_cation->neut (+1 -> +0),5.93,6.0938128625185035,0.1638128625185038
6095,5nitroso8ohquinoline_cation->neut (+1 -> +0),2.26,2.33114844134274,0.07114844134274012
6096,5nitroso8ohquinoline_neut->an (+0 -> -1),7.6,7.363820688559465,0.2361793114405346
6097,9amino2hydroxyacridine_cation->neut (+1 -> +0),7.67,8.579261589484194,0.9092615894841938
6098,9amino3hydroxyacridine_cation->neut (+1 -> +0),6.59,6.6037729436729125,0.013772943672912596
6099,9amino4hydroxyacridine_cation->neut (+1 -> +0),7.01,6.700374968299497,0.30962503170050315
6100,9amino1hydroxyacridine_cation->neut (+1 -> +0),5.57,5.279423378765036,0.2905766212349645
6101,3cynoquinuclidine_cation->neut (+1 -> +0),7.81,8.082541108645227,0.2725411086452274
6102,1me45diam2im12dihpyrimidine_cation->neut (+1 -> +0),13.66,13.42601361289502,0.23398638710498076
6103,3cyano6me2pyridone_neut->an (+0 -> -1),9.09,9.339405941126335,0.2494059411263354
6104,5cn2me6oxonicotinic_neut->an (+0 -> -1),3.51,3.2056043506645224,0.30439564933547736
6105,5cn2me6oxonicotinic_an->2an (-1 -> -2),8.97,8.891912223434765,0.07808777656523525
6106,5ac6me2oxo1hpyridine3carbx_neut->an (+0 -> -1),4.68,6.0227634709580835,1.3427634709580838
6107,5ac6me2oxo1hpyridine3carbx_an->2an (-1 -> -2),10.87,9.863184872378081,1.006815127621918
6108,5ac2oh6menicotinonitrile_neut->an (+0 -> -1),7.51,7.498845940840024,0.011154059159975915
6109,5ac6me21hpyridinone_neut->an (+0 -> -1),10.58,10.504345364405989,0.07565463559401131
6110,5ac2oh6memethylnicotinate_neut->an (+0 -> -1),9.31,8.681579484338133,0.6284205156618672
6111,2ohacetophenone_neut->an (+0 -> -1),10.26,10.150385763277857,0.10961423672214288
6112,2246trinitroanilinobenzoic_an->2an (-1 -> -2),12.33,11.248910926716633,1.0810890732833673
6113,3246trinitroanilinobenzoic_an->2an (-1 -> -2),10.38,10.849967217089816,0.46996721708981504
6114,424dinitroanilinobenzoic_an->2an (-1 -> -2),13.14,13.782836338134071,0.6428363381340709
6115,4246trinitroanilinobenzoic_an->2an (-1 -> -2),10.06,9.964240670106175,0.0957593298938253
6116,4cl2246trinitroanilinobenzoic_an->2an (-1 -> -2),11.78,10.966871864798929,0.8131281352010706
6117,4psulfonic246trinitrodiphenylaniline_an->2an (-1 -> -2),9.73,9.380736867121517,0.3492631328784839
6118,324dinitroanilinobenzoic_an->2an (-1 -> -2),13.48,13.396111888693852,0.08388811130614826
6119,24nitroanilino35dinitrobenzoic_an->2an (-1 -> -2),12.98,12.241627891912284,0.7383721080877166
6120,1mepyridazonin1ium3olate_cation->neut (+1 -> +0),2.31,2.6038747943068055,0.2938747943068054
6121,1mepyridazonin1ium3thiolate_cation->neut (+1 -> +0),0.02,0.5526158803069245,0.5326158803069245
6122,1mepyridazonin1ium5thiolate_cation->neut (+1 -> +0),-0.34,-0.06690480114619479,0.27309519885380523
6123,6mespyridazin32hone_neut->an (+0 -> -1),10.11,10.410456525825765,0.30045652582576565
6124,3meo6mespyridazine_cation->neut (+1 -> +0),1.84,2.4053484681983806,0.5653484681983805
6125,3meam6mespyridazine_cation->neut (+1 -> +0),5.94,5.099002725362085,0.8409972746379157
6126,1mequinoli1ium3olate_cation->neut (+1 -> +0),5.42,5.946481303810077,0.5264813038100771
6127,1mequinoli1ium6olate_cation->neut (+1 -> +0),7.15,7.296811376890177,0.14681137689017643
6128,1mequinoli1ium8olate_cation->neut (+1 -> +0),6.81,7.155561450633708,0.34556145063370813
6129,2meisoquinoli4ium1olate_cation->neut (+1 -> +0),4.93,5.1221063510664715,0.19210635106647178
6130,2meisoquinoli5ium1olate_cation->neut (+1 -> +0),6.9,6.962884343596214,0.06288434359621409
6131,2meisoquinoli7ium1olate_cation->neut (+1 -> +0),7.09,7.226224512748834,0.13622451274883396
6132,435dibr4ohphenyl26dibr25cyclohexadien1oneimino_neut->an (+0 -> -1),6.1,4.619435402424583,1.480564597575417
6133,43cl4ohphenyl26dicl25cyclohexandien1oneimino_neut->an (+0 -> -1),5.7,6.028150637264624,0.3281506372646241
6134,43br4ohphenyl26dibr25cyclohexandien1oneimino_neut->an (+0 -> -1),5.4,5.453845224630517,0.053845224630516775
6135,435dicl4ohphenyl25cyclohexadien1oneimino_neut->an (+0 -> -1),5.8,5.73986179429149,0.06013820570851003
6136,435dibr4ohphenyl25cyclohexadien1oneimino_neut->an (+0 -> -1),5.8,6.027140601662416,0.22714060166241623
6137,435dibr4ohph34dime25cyclhexdien1oneimino_neut->an (+0 -> -1),5.6,6.173789238885548,0.5737892388855483
6138,435dicl4ohph34dime25cyclhexdien1oneimino_neut->an (+0 -> -1),5.9,6.253205997207841,0.35320599720784074
6139,435dicl4ohph3cl25cyclhexdien1oneimino_neut->an (+0 -> -1),5.7,5.351321201754152,0.3486787982458486
6140,435dibr4ohph3br25cyclhexdien1oneimino_neut->an (+0 -> -1),5.4,6.011180459309231,0.6111804593092307
6141,435dicl4ohph3me25cyclhexdien1oneimino_neut->an (+0 -> -1),5.9,6.146092699839298,0.2460926998392976
6142,43me4oh35diclphl25cyclohexdien1oneimino_neut->an (+0 -> -1),5.7,5.887754237950721,0.18775423795072044
6143,4azaspiro23hexane_cation->neut (+1 -> +0),10.1,10.343600020151417,0.24360002015141724
6144,22difluor4azaspiro23hexane_cation->neut (+1 -> +0),6.9,6.641353987773166,0.25864601222683437
6145,7oxa1azaspiro35nonane_cation->neut (+1 -> +0),10.2,10.179593946677961,0.02040605332203782
6146,7oxa2azaspiro35nonane_cation->neut (+1 -> +0),10.58,10.733776528058858,0.15377652805885766
6147,7me27diazaspiro35nonane_2cation->cation (+2 -> +1),8.02,8.338892795067608,0.31889279506760815
6148,7me27diazaspiro35nonane_cation->neut (+1 -> +0),10.71,10.33134669112021,0.378653308879791
6149,7me17diazaspiro35nonane_2cation->cation (+2 -> +1),7.24,7.799558358740988,0.559558358740988
6150,7me17diazaspiro35nonane_cation->neut (+1 -> +0),10.4,10.443469091077347,0.04346909107734653
6151,2methylbenzimidazole_cation->neut (+1 -> +0),6.1,6.4411808446283745,0.34118084462837484
6152,2hydroxybenzimidazole_cation->neut (+1 -> +0),-1.7,-1.8320294396933559,0.1320294396933559
6153,2phbenzimidazole_cation->neut (+1 -> +0),4.98,5.338721928860231,0.3587219288602306
6154,2clbenzimidazole_cation->neut (+1 -> +0),2.1,2.1998760948188716,0.0998760948188715
6155,5methoxybenzimidazole_cation->neut (+1 -> +0),5.91,5.36080826416013,0.5491917358398704
6156,5nitrobenzimidazole_cation->neut (+1 -> +0),3.66,3.1903296223775994,0.4696703776224007
6157,45dime1himidazole2thiol_neut->an (+0 -> -1),12.19,11.961775461407896,0.22822453859210334
6158,2clbenzimidazole_neut->an (+0 -> -1),9.4,9.20226742648107,0.19773257351893037
6159,2cf3benzimidazole_cation->neut (+1 -> +0),0.6,0.9205527324491545,0.3205527324491545
6160,2cf3benzimidazole_neut->an (+0 -> -1),10.1,9.388078358395031,0.7119216416049685
6161,2ccl3benzimidazole_cation->neut (+1 -> +0),0.3,0.374242420502358,0.07424242050235802
6162,2ccl3benzimidazole_neut->an (+0 -> -1),10.3,9.56689930056551,0.7331006994344911
6163,28bismes6mepurine_2cation->cation (+2 -> +1),-1.36,-1.630688082338433,0.270688082338433
6164,2mes8mepurine_2cation->cation (+2 -> +1),-1.03,-1.5518504534431417,0.5218504534431416
6165,3oh6clme4hpyran4one_cation->neut (+1 -> +0),-1.71,-1.508506677010808,0.20149332298919198
6166,3oh6clme4hpyran4one_neut->an (+0 -> -1),7.7,7.743693538128161,0.0436935381281609
6167,3oh6ime4hpyran4one_cation->neut (+1 -> +0),-1.6,-1.177724096625738,0.422275903374262
6168,3oh6ime4hpyran4one_neut->an (+0 -> -1),7.8,7.937366836746587,0.13736683674658678
6169,3oh4hpyrain4one_cation->neut (+1 -> +0),-1.28,-0.1928217922024702,1.0871782077975298
6170,67dih1h123triazolo45dpyrmdn5one_cation->neut (+1 -> +0),-1.36,-1.2770660403893395,0.08293395961066063
6171,23diampropanoic_2cation->cation (+2 -> +1),1.3,0.8077511089795335,0.49224889102046654
6172,23diampropanoic_cation->neut (+1 -> +0),6.79,6.8884849465558045,0.09848494655580442
6173,23diampropanoic_neut->an (+0 -> -1),9.51,9.10230983404561,0.40769016595439034
6174,1mercaptopropanone_neut->an (+0 -> -1),7.86,8.153657784299275,0.2936577842992749
6175,1133tetrame2nitroguanidine_cation->neut (+1 -> +0),-0.82,-0.6678637764715862,0.15213622352841372
6176,1me2nitroguanidine_cation->neut (+1 -> +0),-1.7,-1.0712439056002436,0.6287560943997563
6177,11dime2nitroguanidine_cation->neut (+1 -> +0),-2.1,-1.1808321337821504,0.9191678662178497
6178,tropone_cation->neut (+1 -> +0),-0.6,0.6891857118403761,1.2891857118403762
6179,2pyrrolecarboxamide_cation->neut (+1 -> +0),-1.23,-0.6124282908454832,0.6175717091545168
6180,perinaphthenone_cation->neut (+1 -> +0),-1.4,-1.072318241734603,0.3276817582653968
6181,pmethoxybenzamide_cation->neut (+1 -> +0),-1.15,-0.7456773784116519,0.404322621588348
6182,acetamide_cation->neut (+1 -> +0),-1.4,-0.35437558448546636,1.0456244155145336
6183,26diclpurine_cation->neut (+1 -> +0),-1.16,-0.2945520515268747,0.8654479484731252
6184,6oh145triazanaphthalene_cation->neut (+1 -> +0),-1.2,-1.2696854595644087,0.06968545956440875
6185,1me6cl1himidazo45cpyridine_2cation->cation (+2 -> +1),-1.5,-1.728369257901381,0.22836925790138096
6186,2mesulphinylquinoxaline_cation->neut (+1 -> +0),-1.36,-0.8836091957938645,0.47639080420613555
6187,2mesulphonylquinoxaline_cation->neut (+1 -> +0),-1.66,-1.6758407485720612,0.015840748572061303
6188,1234tetrah15naphthyridine_2cation->cation (+2 -> +1),-1.35,-0.6730781733996221,0.676921826600378
6189,4me6oh5cn23dihfuro23bpyridine_cation->neut (+1 -> +0),-1.9,-1.245862317063235,0.6541376829367649
6190,1me4thio14dihcinnoline_cation->neut (+1 -> +0),-1.29,-1.980511918643578,0.690511918643578
6191,3meantrhanyl_cation->neut (+1 -> +0),-1.24,-1.126069498597559,0.11393050140244099
6192,34dimeantrhanyl_cation->neut (+1 -> +0),-1.22,-0.8501529260640455,0.3698470739359545
6193,anthranyl_cation->neut (+1 -> +0),-2.22,-1.1161617832214743,1.103838216778526
6194,23dimeindole_cation->neut (+1 -> +0),-1.34,-0.23910660777299064,1.1008933922270094
6195,4mes6meopyrimidine_cation->neut (+1 -> +0),-1.98,-1.3318543838425363,0.6481456161574637
6196,5me6meo4mercaptpyrimidine_cation->neut (+1 -> +0),-1.59,-0.48178634175720525,1.1082136582427948
6197,6mercapto4ohpyrimidine_cation->neut (+1 -> +0),-1.7,-1.4659880173059374,0.23401198269406254
6198,1me54thio6oh14dihpyrimidine_cation->neut (+1 -> +0),-1.13,-1.6792593128681164,0.5492593128681165
6199,45diaminopyrimidine_2cation->cation (+2 -> +1),-0.97,-0.002045270937347965,0.967954729062652
6200,24diaminopyrimidine_2cation->neut (+2 -> +1),-1.01,-1.1186553985615904,0.10865539856159034
6201,1me3oh6oxo16dihpyridazine_cation->neut (+1 -> +0),-1.32,-2.4088114051089757,1.0888114051089757
6202,3me4nitropyrazole_cation->neut (+1 -> +0),-1.25,-1.1184452299163183,0.13155477008368166
6203,124dinirophenylpyrazole_cation->neut (+1 -> +0),-1.4,-1.5248346366240577,0.1248346366240578
6204,13dime45dibrpyrazole_cation->neut (+1 -> +0),-0.6,-0.5143501387786129,0.08564986122138707
6205,5me34dibrpyrazole_cation->neut (+1 -> +0),-0.96,-1.3834298946550954,0.4234298946550954
6206,15dime34dibrpyrazole_cation->neut (+1 -> +0),-1.52,-1.8078585909338445,0.28785859093384447
6207,35dibrpyrazole_cation->neut (+1 -> +0),-1.83,-2.1166647460236394,0.28666474602363934
6208,4cl1phpyrazole_cation->neut (+1 -> +0),-1.4,-0.9725681233355283,0.4274318766644716
6209,4phoxazole_cation->neut (+1 -> +0),-0.51,-0.25865529440635004,0.25134470559364996
6210,5nitro1me4climidazole_cation->neut (+1 -> +0),-1.42,-1.18287999505237,0.23712000494762986
6211,5nitro1me2brimidazole_cation->neut (+1 -> +0),-0.75,-1.8979392466648966,1.1479392466648966
6212,4nitro1me5brimidazol_cation->neut (+1 -> +0),-1.77,-1.9014708064945065,0.1314708064945065
6213,3brpyridinox_cation->neut (+1 -> +0),-0.16,-0.10234651236514569,0.05765348763485431
6214,3clpyridinox_cation->neut (+1 -> +0),-0.13,-0.1738599078431884,0.043859907843188384
6215,4clpyridinox_cation->neut (+1 -> +0),0.44,0.661462028421977,0.221462028421977
6216,35dibrpyridinox_cation->neut (+1 -> +0),-0.85,-1.5687156150404826,0.7187156150404826
6217,35diclpyridinox_cation->neut (+1 -> +0),-0.94,-0.8336144812797519,0.10638551872024804
6218,2cnpyridinox_cation->neut (+1 -> +0),-1.75,-2.0079453679926917,0.25794536799269174
6219,2acpyridinox_cation->neut (+1 -> +0),-0.45,0.8368120271201178,1.2868120271201178
6220,4acpyridinox_cation->neut (+1 -> +0),-0.47,-0.49069495415576636,0.020694954155766387
6221,2clpyridinox_cation->neut (+1 -> +0),-0.81,-0.7100697665264297,0.09993023347357033
6222,234tribrpyridine_cation->neut (+1 -> +0),-1.07,-2.292650598489961,1.2226505984899607
6223,26dicl4ohpyridine_cation->neut (+1 -> +0),-1.15,-1.9521764663812666,0.8021764663812667
6224,35dicl4oxo14dihpyridine_cation->neut (+1 -> +0),-1.07,-0.959519977984022,0.11048002201597806
6225,26dicl4meopyridine_cation->neut (+1 -> +0),-1.36,-1.4282832904960063,0.06828329049600623
6226,2meo35diclpyridine_cation->neut (+1 -> +0),-1.4,-0.9408286414609783,0.4591713585390216
6227,1me4oxo35dicl14dih_cation->neut (+1 -> +0),-1.22,-1.2761347258531277,0.05613472585312773
6228,2meo35dibrpyridine_cation->neut (+1 -> +0),-1.5,-1.0487073918707788,0.45129260812922123
6229,2oh34diampyridine_2cation->cation (+2 -> +1),-0.87,-1.5417781350448152,0.6717781350448152
6230,4meo3ampyridine_2cation->cation (+2 -> +1),-0.62,-0.3412215596157706,0.2787784403842294
6231,2meo3ampyridine_2cation->cation (+2 -> +1),-0.96,-0.2715539303382446,0.6884460696617554
6232,2oh5ampyridine_2cation->cation (+2 -> +1),-0.61,-1.006901274052586,0.396901274052586
6233,26dinitro4medimeaniline_cation->neut (+1 -> +0),-1.66,-0.2811897364000986,1.3788102635999013
6234,5oh2nitronm3aniline_cation->neut (+1 -> +0),-0.94,-0.3618532386986546,0.5781467613013453
6235,34dinitroaniline_cation->neut (+1 -> +0),-1.2,-1.1534871023726536,0.04651289762734634
6236,5cl2nitroaniline_cation->neut (+1 -> +0),-1.54,-1.5036497942225124,0.0363502057774876
6237,4cl2nitroaniline_cation->neut (+1 -> +0),-0.94,-0.6964580469239263,0.24354195307607363
6238,2nitro4cloronmeaniline_cation->neut (+1 -> +0),-1.2,-0.9587165072747856,0.24128349272521432
6239,2nitro4braniline_cation->neut (+1 -> +0),-1.05,-0.971407946664983,0.07859205333501706
6240,2nitro5braniline_cation->neut (+1 -> +0),-1.48,-1.4521794530326875,0.02782054696731251
6241,nndimenpnitroguanidine_cation->neut (+1 -> +0),-1.3,-1.2192727340667595,0.08072726593324053
6242,2shquinoxaline_cation->neut (+1 -> +0),-1.24,-1.3549107662482518,0.1149107662482518
6243,1me3nitro4oxo14dihpyridine_cation->neut (+1 -> +0),-0.8,-0.6256313747407418,0.17436862525925823
6244,1ohisoquinoline_cation->neut (+1 -> +0),-1.2,-1.2535330343616282,0.05353303436162826
6245,26dioh4ampyrimidine_an->2an (-1 -> -2),15.32,14.832774566967366,0.4872254330326342
6246,25methiphen2ylpyridine_cation->neut (+1 -> +0),3.99,3.8423337272451077,0.14766627275489252
6247,25mefuran2ylpyridine_cation->neut (+1 -> +0),4.24,4.424618389783295,0.18461838978329492
6248,2furan2ylpyridine_cation->neut (+1 -> +0),4.15,4.249217915349059,0.09921791534905822
6249,3furan2ylpyridine_cation->neut (+1 -> +0),4.62,4.394558721182592,0.22544127881740827
6250,35methylfuran2ylpyridine_cation->neut (+1 -> +0),4.67,4.6658193373538905,0.00418066264610939
6251,32thyenylpyridine_cation->neut (+1 -> +0),4.62,4.3666623724940585,0.2533376275059416
6252,35methiophen2ylpyridine_cation->neut (+1 -> +0),4.56,4.64058826557202,0.08058826557202003
6253,42furylpyridine_cation->neut (+1 -> +0),5.6,5.641869620663717,0.04186962066371702
6254,45mefuran2ylpyridine_cation->neut (+1 -> +0),5.7,5.594010970655899,0.10598902934410148
6255,42thyenylpyridine_cation->neut (+1 -> +0),5.59,5.492763169625913,0.09723683037408648
6256,45methiophen2ylpyridine_cation->neut (+1 -> +0),5.68,5.562094060520107,0.11790593947989247
6257,6am1me2thiouracyl_neut->an (+0 -> -1),9.84,9.71120275288299,0.12879724711701002
6258,6sh7me8azapurine_cation->neut (+1 -> +0),-1.66,-1.5952440191119814,0.06475598088801848
6259,6sh7me8azapurine_neut->an (+0 -> -1),7.11,6.928453246282271,0.1815467537177291
6260,6oh7me8azapurine_neut->an (+0 -> -1),8.17,7.866471466603483,0.3035285333965172
6261,6sh123triazolo5p4p45pyrimidine_an->2an (-1 -> -2),9.44,9.288543530279453,0.1514564697205465
6262,6sh9me8azapurine_neut->an (+0 -> -1),7.21,7.147834471709293,0.06216552829070654
6263,6oh9me8azapurine_neut->an (+0 -> -1),8.06,7.985846108138043,0.07415389186195753
6264,6am9me8azapurine_cation->neut (+1 -> +0),2.8,2.7122260346524527,0.08777396534754711
6265,pterin_cation->neut (+1 -> +0),2.2,2.7053515246615785,0.5053515246615783
6266,6me8oxypterin_cation->neut (+1 -> +0),-0.05,0.5455775371285796,0.5955775371285796
6267,6me8oxypterin_neut->an (+0 -> -1),7.07,7.244536986212026,0.17453698621202562
6268,7me8oxypterin_cation->neut (+1 -> +0),0.03,-0.11132896336212994,0.14132896336212994
6269,7me8oxypterin_neut->an (+0 -> -1),6.94,7.096312598175821,0.15631259817582066
6270,67dime8oxypterin_cation->neut (+1 -> +0),0.41,0.6165014395161483,0.20650143951614836
6271,67dime8oxypterin_neut->an (+0 -> -1),7.24,7.425133536135354,0.18513353613535344
6272,67dime58dioxypterin_cation->neut (+1 -> +0),0.22,-0.26781566206395,0.48781566206395
6273,67dime58dioxypterin_neut->an (+0 -> -1),6.64,6.453036462169318,0.18696353783068176
6274,7tertbutylpterin_cation->neut (+1 -> +0),2.54,2.380260416090146,0.15973958390985388
6275,7tertbutylpterin_neut->an (+0 -> -1),8.54,8.37785893585243,0.16214106414756912
6276,7tertbutyl5oxypterin_cation->neut (+1 -> +0),1.62,2.317724383864517,0.6977243838645171
6277,7tertbutyl5oxypterin_neut->an (+0 -> -1),7.52,7.378193855700239,0.14180614429976046
6278,6phpterin_cation->neut (+1 -> +0),2.17,2.058672425560876,0.111327574439124
6279,6phpterin_neut->an (+0 -> -1),8.22,8.245919234719606,0.025919234719605555
6280,6phoxypterin_cation->neut (+1 -> +0),-0.54,-0.2377305867171886,0.3022694132828114
6281,6phoxypterin_neut->an (+0 -> -1),6.99,6.630876514926649,0.35912348507335157
6282,7phpterin_cation->neut (+1 -> +0),2.3,2.53900895305801,0.2390089530580104
6283,7phpterin_neut->an (+0 -> -1),8.14,8.217614901066202,0.07761490106620172
6284,167trimepterin_cation->neut (+1 -> +0),3.2,3.369669645751011,0.16966964575101073
6285,167trime5oxypterin_cation->neut (+1 -> +0),2.95,2.811866475057905,0.13813352494209497
6286,24diaminopteridin_cation->neut (+1 -> +0),5.32,5.113831237411406,0.20616876258859396
6287,24diamino8oxypteridin_cation->neut (+1 -> +0),2.17,2.264409121986941,0.09440912198694118
6288,24diamino58dioxypteridin_cation->neut (+1 -> +0),1.2,1.2767359723191802,0.07673597231918028
6289,24diam67dimepteridin_cation->neut (+1 -> +0),5.44,6.006869971024337,0.566869971024337
6290,24diam67dime8oxypteridin_cation->neut (+1 -> +0),3.04,3.418502668538265,0.37850266853826486
6291,24diam67dime58dioxypteridin_cation->neut (+1 -> +0),1.36,2.0043601262638937,0.6443601262638936
6292,24diamino7phpterin_cation->neut (+1 -> +0),5.36,5.343532003684674,0.016467996315326694
6293,24diamino6phpterin_cation->neut (+1 -> +0),5.07,4.8868989915296925,0.18310100847030775
6294,24diamino6ph8oxypterin_cation->neut (+1 -> +0),2.5,2.3776842949000923,0.12231570509990775
6295,247triamino6phpteridin_cation->neut (+1 -> +0),6.26,6.799764826959837,0.5397648269598374
6296,247triamino6phpteridin_2cation->cation (+2 -> +1),-1.18,-0.8443630644009339,0.33563693559906604
6297,67diphepterin_cation->neut (+1 -> +0),1.82,1.8413075884618761,0.02130758846187608
6298,67diphepterin_neut->an (+0 -> -1),8.6,8.308863730031472,0.2911362699685274
6299,67diphe8oxypterin_cation->neut (+1 -> +0),0.08,-0.41644232698892836,0.4964423269889284
6300,67diphe8oxypterin_neut->an (+0 -> -1),6.86,6.6982668341675105,0.16173316583248987
6301,67diphe58dioxypterin_cation->neut (+1 -> +0),-0.99,-0.05732649193335515,0.9326735080666448
6302,67diphe58dioxypterin_neut->an (+0 -> -1),4.61,6.222041035041214,1.612041035041214
6303,67diphe24diampteridine_cation->neut (+1 -> +0),5.12,5.074043712988652,0.04595628701134835
6304,67diphe24diam58dioxypteridine_cation->neut (+1 -> +0),1.08,1.7595687027447493,0.6795687027447492
6305,3methyluracil_neut->an (+0 -> -1),9.95,9.785497103232016,0.16450289676798313
6306,5chlorouracil_neut->an (+0 -> -1),7.95,7.823763455926028,0.1262365440739721
6307,5iodouracil_neut->an (+0 -> -1),8.25,7.836138310700542,0.4138616892994582
6308,6fluorouracil_neut->an (+0 -> -1),4.03,4.428677352602055,0.3986773526020544
6309,6chlorouracil_neut->an (+0 -> -1),5.67,5.34916308016908,0.3208369198309198
6310,6chloro3methyluracil_neut->an (+0 -> -1),5.84,6.0541997285883875,0.21419972858838765
6311,thiotropone_cation->neut (+1 -> +0),-1.57,-0.716923054607002,0.853076945392998
6312,45diaminoacridine_2cation->cation (+2 -> +1),2.68,1.5840704554814815,1.0959295445185187
6313,68dihydroxypurine_neut->an (+0 -> -1),8.2,8.171691969756822,0.02830803024317774
6314,3me79dihydropurine48dione_neut->an (+0 -> -1),5.5,6.040643095573324,0.5406430955733237
6315,7me68dioxypurin_neut->an (+0 -> -1),7.8,8.538592637163,0.7385926371629994
6316,17dime9hpurine68dione_neut->an (+0 -> -1),8.5,8.267173413313378,0.23282658668662215
6317,19dime7hpurine68dione_neut->an (+0 -> -1),8.5,9.32514589687743,0.8251458968774301
6318,37dime9hpurine68dione_neut->an (+0 -> -1),6.0,5.667862098289999,0.33213790171000124
6319,39dime3hpurine68dione_neut->an (+0 -> -1),9.0,9.222620401399992,0.2226204013999915
6320,79dime1hpurine68dione_neut->an (+0 -> -1),9.2,8.454033359013856,0.7459666409861434
6321,137trime8oxo78dih1hpurin3ium6olate_cation->neut (+1 -> +0),2.9,3.0596687891685246,0.15966878916852467
6322,benzoguanamine_cation->neut (+1 -> +0),4.86,3.744423166413629,1.1155768335863714
6323,24diam6meo135triazine_cation->neut (+1 -> +0),4.15,3.412952186069771,0.7370478139302294
6324,24diam1hpyrrolo23dpyrimidine_cation->neut (+1 -> +0),6.18,5.761821403219774,0.4181785967802254
6325,6me534diclph34diampyrimidine_cation->neut (+1 -> +0),7.15,7.388090407088462,0.2380904070884613
6326,54clph34diampyrimidine_cation->neut (+1 -> +0),6.79,7.230597182987456,0.44059718298745576
6327,24diam6me55clbenzylpyrimidine_cation->neut (+1 -> +0),7.58,7.521227010802336,0.058772989197664494
6328,24diam5pheampyrimidine_cation->neut (+1 -> +0),6.79,6.615541355592102,0.17445864440789816
6329,24diam5pmeophenylthiopyrimidine_cation->neut (+1 -> +0),5.94,5.530814937908196,0.4091850620918045
6330,24diam5pclphenylthiopyrimidine_cation->neut (+1 -> +0),5.7,6.0262984439730705,0.3262984439730703
6331,24diam5pclphenoxypyrimidine_cation->neut (+1 -> +0),6.16,5.95413934364547,0.2058606563545302
6332,24diam64clphsulfanylpyrimidine_cation->neut (+1 -> +0),5.02,5.473548236613805,0.4535482366138055
6333,24diam5pbrphthieno23dpyrimidine_cation->neut (+1 -> +0),4.47,4.579805725795482,0.10980572579548209
6334,24diam5me6phthieno23dpyrimidine_cation->neut (+1 -> +0),4.9,4.80025621241549,0.09974378758451063
6335,24diam6benzyl5mequinazoline_cation->neut (+1 -> +0),6.98,8.210434833349566,1.230434833349566
6336,35diam64clph124triazine_cation->neut (+1 -> +0),6.07,6.031521088608289,0.038478911391711
6337,35diam6pclbenzyl124triazine_cation->neut (+1 -> +0),6.47,6.768861571352876,0.2988615713528766
6338,2me4Htriazolo45dpyrimidine7thione_neut->an (+0 -> -1),7.64,7.204688954702512,0.435311045297488
6339,4methioquinazoline_cation->neut (+1 -> +0),3.01,2.6332294777591283,0.3767705222408715
6340,2shquinazoline_cation->neut (+1 -> +0),0.26,0.8898709434545022,0.6298709434545022
6341,1me21hquinoxalinethione_cation->neut (+1 -> +0),-1.01,-0.9179291355812307,0.09207086441876933
6342,4mercaptopyridazine_cation->neut (+1 -> +0),-0.75,-0.7442457338574187,0.0057542661425813435
6343,2mercaptopyrimidine_cation->neut (+1 -> +0),1.35,1.9531208685339925,0.6031208685339924
6344,2clnndimeaniline_cation->neut (+1 -> +0),4.22,3.983318888693252,0.23668111130674774
6345,2nitronndimeaniline_cation->neut (+1 -> +0),2.92,3.0086372648302637,0.0886372648302638
6346,3brnndimeaniline_cation->neut (+1 -> +0),3.81,4.195962540293121,0.38596254029312105
6347,3meonndimeaniline_cation->neut (+1 -> +0),4.74,4.626015238787883,0.11398476121211765
6348,nnnpnptetramethyl13benzenediamine_cation->neut (+1 -> +0),6.09,5.067048502808047,1.0229514971919524
6349,nndime3phenylenediamine_cation->neut (+1 -> +0),6.45,5.417853135434827,1.0321468645651732
6350,4dimeamphenylthiocyanate_cation->neut (+1 -> +0),3.04,2.8864972518242853,0.15350274817571474
6351,9me2mespurint61hone_cation->neut (+1 -> +0),1.5,2.0247925784961804,0.5247925784961804
6352,2methylthioquinazoline_cation->neut (+1 -> +0),1.6,1.8504337992350468,0.2504337992350467
6353,8hydroxy2methylquinoline_neut->an (+0 -> -1),10.31,10.34201063109129,0.0320106310912891
6354,24diphoxazole_cation->neut (+1 -> +0),-0.04,0.90535375032022,0.9453537503202201
6355,2me5phoxazole_cation->neut (+1 -> +0),2.13,2.040460943654711,0.08953905634528869
6356,2me4phoxazole_cation->neut (+1 -> +0),1.1,1.5020549031525903,0.4020549031525902
6357,5me2phoxazole_cation->neut (+1 -> +0),1.94,2.102406995901841,0.16240699590184127
6358,25diphoxazole_cation->neut (+1 -> +0),0.84,1.2273624413027493,0.3873624413027493
6359,thiazole4carboxylic_neut->an (+0 -> -1),3.81,3.7669744262573586,0.04302557374264149
6360,2methiazole4carboxylic_neut->an (+0 -> -1),3.9,3.707154359517993,0.1928456404820067
6361,2clthiazole4carboxylic_neut->an (+0 -> -1),3.3,3.0780413884937783,0.22195861150622154
6362,2brthiazole4carboxylic_neut->an (+0 -> -1),3.28,3.262084489029596,0.01791551097040367
6363,thiazole5carboxylic_neut->an (+0 -> -1),3.18,3.0915624714136456,0.08843752858635456
6364,2methiazole5carboxylic_neut->an (+0 -> -1),3.26,3.3990320146860915,0.13903201468609172
6365,2clthiazole5carboxylic_neut->an (+0 -> -1),3.0,2.68222113053387,0.3177788694661299
6366,2brthiazole5carboxylic_neut->an (+0 -> -1),2.96,2.934775479324685,0.025224520675315
6367,5methiazole2carboxylic_neut->an (+0 -> -1),3.03,3.135140990436148,0.10514099043614822
6368,thiazole2carboxylic_neut->an (+0 -> -1),2.63,2.634892018484604,0.004892018484603966
6369,4methylthiazole5carboxylic_neut->an (+0 -> -1),3.51,3.486996220010571,0.023003779989428708
6370,2meo4methiazole_cation->neut (+1 -> +0),2.22,2.1999165095873865,0.020083490412613703
6371,bromcyclizine_cation->neut (+1 -> +0),7.97,8.13045719973845,0.16045719973844985
6372,fluorcyclizine_cation->neut (+1 -> +0),8.23,8.016899204705105,0.21310079529489556
6373,methylcyclizine_cation->neut (+1 -> +0),8.21,8.406295950380558,0.19629595038055747
6374,2dipheme2imidazoline_cation->neut (+1 -> +0),9.78,9.514237851324712,0.2657621486752877
6375,36dimepyrimidin43hone_cation->neut (+1 -> +0),2.1,2.1100139515962804,0.010013951596280268
6376,7me4am7hpyrrolo23dpyrimidine_cation->neut (+1 -> +0),5.13,5.590147908560148,0.4601479085601481
6377,1hydroxy2naphtoic_neut->an (+0 -> -1),2.7,3.2842985088456382,0.584298508845638
6378,1hydroxy2naphtoic_an->2an (-1 -> -2),12.9,12.425522216757336,0.4744777832426639
