,compn,exp.pKa,pred.pKa,M.U.E
0,"1,10 phenanthroline (+1 -> +0)",4.9,4.908084577900854,0.008084577900853596
1,"1,1,3,3-tetramethylguanidine (+1 -> +0)",13.6,13.405705343896447,0.194294656103553
2,"1,1-dinitroethane (+0 -> -1)",5.21,4.217521065793964,0.9924789342060363
3,1-methyltriazole (+1 -> +0),1.25,1.7100800398931888,0.4600800398931888
4,"1,2,3 triazole (+1 -> +0)",1.17,1.22346810001131,0.05346810001130997
5,"1,2,3 triazole (+0 -> -1)",9.26,9.435182319553878,0.17518231955387797
6,"1-methyl-1,2,4-triazole (+1 -> +0)",3.2,2.673854388566375,0.5261456114336251
7,"1,2,4triazole (+1 -> +0)",2.39,2.5025439901207163,0.11254399012071614
8,"1,2,4triazole (+0 -> -1)",10.26,10.07840799844406,0.18159200155593958
9,"1,1-cyclopentanediacetic acid (+0 -> -1)",3.8,3.49543513357154,0.3045648664284597
10,"1,1-cyclopentanediacetic acid (-1 -> -2)",6.77,7.243867239453888,0.4738672394538881
11,1-methyl-2(1h)-pyrazinone (+1 -> +0),-0.04,0.012692873744687638,0.05269287374468764
12,"1,2-dimethylindole (+1 -> +0)",0.33,0.8400433689590319,0.5100433689590318
13,"1,2-dimethylurazole (+0 -> -1)",7.5,7.793762457467292,0.2937624574672917
14,"1,2-ethanediamine (+2 -> +1)",6.85,7.025109803628043,0.17510980362804318
15,"1,2-ethanediamine (+1 -> +0)",9.92,9.862137805707007,0.05786219429299244
16,"1,2 phenylenediamine (+2 -> +1)",0.8,0.5551104911582065,0.2448895088417935
17,"1,2 phenylenediamine (+1 -> +0)",4.47,5.44081625561775,0.9708162556177502
18,"1,3 cyclohexanedione (+0 -> -1)",5.26,4.986769082522448,0.27323091747755157
19,"1,3,5-benzenetricarboxylic acid (+0 -> -1)",3.12,2.4434112119484084,0.6765887880515917
20,"1,3,5-benzenetricarboxylic acid (-1 -> -2)",3.89,4.234637758062767,0.3446377580627673
21,"1,3,5-benzenetricarboxylic acid (-2 -> -3)",4.7,4.736506079320807,0.03650607932080696
22,"1,3 phenylenediamine (+2 -> +1)",2.54,2.564082965942119,0.024082965942119117
23,"1,3 phenylenediamine (+1 -> +0)",4.88,4.923500848120536,0.04350084812053634
24,"1,3-propanediamine (+2 -> +1)",8.49,8.055137158397525,0.43486284160247557
25,"1,3-propanediamine (+1 -> +0)",10.47,10.224681367168134,0.24531863283186617
26,"1,4-dimethylurazole (+0 -> -1)",5.3,6.1102263785083215,0.8102263785083217
27,"1,4-phenylenediamine (+2 -> +1)",2.97,3.0037618774292776,0.03376187742927739
28,"1,4-phenylenediamine (+1 -> +0)",5.94,6.24541089297001,0.30541089297000923
29,"1,7-phenanthroline (+1 -> +0)",4.3,4.494484197708565,0.19448419770856518
30,1-amino-2-naphthalenesulfonic acid (+0 -> -1),1.71,2.2496811998000137,0.5396811998000137
31,4-amino-2-naphthalenesulfonic acid (+0 -> -1),3.2,3.238229285974504,0.038229285974503924
32,1-amino-4-naphthalenesulfonic acid (+0 -> -1),2.81,2.707362534920618,0.1026374650793822
33,1-amino-5-naphthalenesulfonic acid (+0 -> -1),3.69,3.527188317200258,0.16281168279974212
34,1-amino-6-naphthalenesulfonic acid (+0 -> -1),3.8,3.7251875424979115,0.07481245750208831
35,1-amino-7-naphthalenesulfonic acid (+0 -> -1),3.66,3.6077849576975263,0.05221504230247387
36,1-amino-8-naphthalenesulfonic acid (+0 -> -1),5.03,4.897687331622751,0.1323126683772493
37,1-aminoacridine (+1 -> +0),6.02,6.251297365912083,0.23129736591208339
38,aminocyclopropane (+1 -> +0),9.1,9.376189125138946,0.2761891251389468
39,1-cyanomethylpiperidine (+1 -> +0),4.55,4.240135032208773,0.30986496779122685
40,1-acridinol (+1 -> +0),5.72,5.325960987433554,0.3940390125664459
41,1-acridinol (+0 -> -1),8.51,8.638164881756058,0.12816488175605834
42,n-methylpyrroline (+1 -> +0),9.88,8.39053768677829,1.4894623132217113
43,1 methylhistidine (+2 -> +1),1.69,1.8883298671727964,0.19832986717279644
44,1 methylhistidine (+1 -> +0),6.48,5.857405900801161,0.6225940991988397
45,1 methylhistidine (+0 -> -1),8.85,9.227371432692973,0.37737143269297313
46,1-methylimidazole (+1 -> +0),7.31,7.016204399587391,0.29379560041260877
47,1-methylxanthine (-1 -> -2),12.0,11.728112313880503,0.27188768611949676
48,1-naphthoic acid (+0 -> -1),3.7,4.073136911117596,0.37313691111759617
49,1-naphtol (+0 -> -1),9.34,9.407865883630738,0.06786588363073776
50,1-naphtylamine (+1 -> +0),3.92,3.798130469431128,0.12186953056887173
51,1-phenylurazole (+0 -> -1),4.8,4.849157728231055,0.04915772823105513
52,2-methylpropanoic acid (+0 -> -1),4.84,4.891524526245621,0.05152452624562098
53,2'2-bipyridine (+2 -> +1),0.05,0.317016216712239,0.267016216712239
54,2'2-bipyridine (+1 -> +0),4.4,4.450283807801461,0.05028380780146069
55,"2,2-dibromopropanoic acid (+0 -> -1)",1.48,2.0513148918353457,0.5713148918353457
56,"2,2-dichloropropanoic acid (+0 -> -1)",2.06,1.4079187953503798,0.6520812046496203
57,"2,3,4,5-tetramethylpyrrole (+1 -> +0)",3.78,3.52902126791815,0.25097873208184973
58,"2,3,4-trimethylpyrrole (+1 -> +0)",3.92,3.713719922976228,0.20628007702377182
59,"(+)-2,3-butanediamine (+2 -> +1)",6.91,6.781687370939282,0.1283126290607184
60,"(+)-2,3-butanediamine (+1 -> +0)",10.0,10.185826384264548,0.18582638426454778
61,"2,3 dichlorophenol (+0 -> -1)",7.44,7.970560537036064,0.530560537036064
62,"2,3 dimethylaniline (+1 -> +0)",4.7,4.416432594122719,0.2835674058772808
63,"2,3-dimethylbenzoic acid (+0 -> -1)",3.77,4.4187307621120455,0.6487307621120455
64,"2,3-dimethylphenol (+0 -> -1)",10.5,10.633545171510317,0.13354517151031686
65,"2,3-dimethylquinoline (+1 -> +0)",4.94,5.428821675186756,0.488821675186756
66,"2,3-dinitrobenzoic acid (+0 -> -1)",1.85,1.4241454342257835,0.42585456577421654
67,"2,3-dimethylsuccinic acid (+0 -> -1)",3.93,3.536829328241275,0.3931706717587251
68,"2,3-dimethylsuccinic acid (-1 -> -2)",6.0,6.02047599995868,0.020475999958679658
69,"2,3,4-trimethylphenol (+0 -> -1)",10.59,10.684471874853994,0.09447187485399411
70,"2,4,5-trifluorophenol (+0 -> -1)",7.37,7.679037786647085,0.30903778664708526
71,"2,4,5-trimethylimidazole (+1 -> +0)",8.92,8.746802288131782,0.17319771186821775
72,"2,4,5-trimethylthiazole (+1 -> +0)",4.55,4.694787450708495,0.1447874507084954
73,"2,4,6-trimethylbenzoic acid (+0 -> -1)",3.45,3.8536587697704547,0.40365876977045456
74,"2,4,6-trimethylphenol (+0 -> -1)",10.88,11.014772715747608,0.13477271574760685
75,"2,4,6 trimethylpyridine (+1 -> +0)",7.43,7.712449073549955,0.2824490735499552
76,"2,4,6-trinitrobenzoic acid (+0 -> -1)",0.65,0.7655828327215204,0.11558283272152037
77,"2,4,6-tribromobenzoic acid (+0 -> -1)",1.41,1.150451252653486,0.2595487473465139
78,"2,4,6-trimethylpyridine1-oxide (+1 -> +0)",1.99,1.4787763338653788,0.5112236661346212
79,"2,4-dichloro-6-nitroaniline (+1 -> +0)",-3.0,-3.18041314006217,0.18041314006217002
80,24-dichlorophenol (+0 -> -1),7.85,7.994750850254802,0.14475085025480272
81,"2,4-dimethyl-8-hydroxyquinoline (+1 -> +0)",6.2,6.0103417016579925,0.18965829834200765
82,"2,4-dimethyl-8-hydroxyquinoline (+0 -> -1)",10.6,10.18302154257238,0.41697845742761963
83,"2,4-dimethylaniline (+1 -> +0)",4.89,5.088533549980255,0.1985335499802554
84,"2,4-dimethylbenzoic acid (+0 -> -1)",4.22,4.381739258524674,0.1617392585246744
85,"2,4-dimethylimidazole (+1 -> +0)",8.38,8.236143886529202,0.14385611347079852
86,"2,4-dimethylphenol (+0 -> -1)",10.58,10.546188697024167,0.0338113029758329
87,"2,4-dimethylpyridine (+1 -> +0)",6.74,6.524202743576532,0.21579725642346848
88,"2,4-dimethyl-pyridine1-oxide (+1 -> +0)",1.63,1.700678374049346,0.07067837404934618
89,"2,4 dimethylthiazole (+1 -> +0)",3.76,3.6631165863808937,0.09688341361910613
90,"2,4-dinitrobenzoic acid (+0 -> -1)",1.43,1.7968804078309226,0.3668804078309227
91,"2,4-dinitrophenol (+0 -> -1)",4.08,4.60821470571155,0.5282147057115498
92,"2,5-dichloro-4-nitroaniline (+1 -> +0)",-1.74,-1.6834850457587742,0.05651495424122577
93,"2,5-dimethylaniline (+1 -> +0)",4.53,4.598293344913026,0.06829334491302586
94,"2,5-dimethylbenzoic acid (+0 -> -1)",3.99,4.285022437924578,0.29502243792457783
95,"2,5-dimethylphenol (+0 -> -1)",10.22,10.299724536324543,0.07972453632454268
96,"2,5-dimethylpiperazine (+2 -> +1)",5.2,5.684604793745068,0.48460479374506793
97,"2,5-dimethylpiperazine (+1 -> +0)",9.66,9.841127173081103,0.18112717308110327
98,"2,5-dimethylpyrazine (+1 -> +0)",1.9,1.976762787811099,0.07676278781109902
99,"2,5-dimethylpyridine (+1 -> +0)",6.43,6.525788940725203,0.09578894072520328
100,"2,5-dimethylpyridine1-oxide (+1 -> +0)",1.21,1.4536720700955579,0.2436720700955579
101,"2,5-dimethylthiazole (+1 -> +0)",3.91,3.8762501014839206,0.03374989851607957
102,"2,5-dinitrobenzoic acid (+0 -> -1)",1.62,1.5921808878375971,0.02781911216240296
103,"2,5-dinitrophenol (+0 -> -1)",5.22,5.401851652310248,0.18185165231024847
104,"2,5-dihydroxybenzoquinone (+0 -> -1)",2.71,2.6683737005822605,0.04162629941773943
105,"2,5-dihydroxybenzoquinone (-1 -> -2)",5.18,5.062870881495793,0.11712911850420671
106,"2,5-dihydroxy-3,6-dinitro-1,4-benzoquinone (-1 -> -2)",-0.5,0.5059834164078696,1.0059834164078696
107,"2,6-dichloro-4nitroaniline (+1 -> +0)",-3.31,-3.0968315862583933,0.21316841374160678
108,"2,6 dichlorophenol (+0 -> -1)",6.78,6.2823965917510725,0.4976034082489278
109,"2,6-dihydroxybenzoic acid (+0 -> -1)",1.3,1.036570141963729,0.26342985803627106
110,"2,6-dimethylquinoline (+1 -> +0)",5.46,5.3709017099102425,0.08909829008975745
111,"2,6-dimethyl4-nitrophenol (+0 -> -1)",7.19,6.604263130764862,0.5857368692351388
112,"2,6 dimethylaniline (+1 -> +0)",3.95,4.177135337044972,0.22713533704497202
113,"2,6-dimethylbenzoic acid (+0 -> -1)",3.36,3.2136098221947194,0.14639017780528052
114,"2,6 dimethylphenol (+0 -> -1)",10.59,10.440898369855017,0.14910163014498323
115,"cis-2,6-dimethylpiperidine (+1 -> +0)",11.07,10.770880757787015,0.2991192422129849
116,"2,6-dimethylpyrazine (+1 -> +0)",2.2,1.878915314596779,0.3210846854032212
117,"2,6-dimethylpyridine (+1 -> +0)",6.71,6.144498964200996,0.565501035799004
118,"2,6-dimethylpyridine oxide (+1 -> +0)",1.37,1.215860893184379,0.15413910681562104
119,"2,6-dimethylpyrimidine (+1 -> +0)",2.7,3.3870613320520917,0.6870613320520915
120,"2,6-dinitrobenzoic acid (+0 -> -1)",1.14,1.1025900183227897,0.03740998167721021
121,"2,6-dinitrophenol (+0 -> -1)",3.71,3.4921369036989187,0.21786309630108125
122,2-acetamidobenzoic acid (+0 -> -1),3.63,3.0187918274037555,0.6112081725962444
123,n-[bis(dimethylamino)methylidene]acetamide (+1 -> +0),7.5,7.558260833789296,0.05826083378929603
124,2-acetylbenzoic acid (+0 -> -1),4.13,2.8502885888877847,1.2797114111122152
125,(S)-2-acetamidobutanoic acid (+0 -> -1),3.72,3.703999621684858,0.01600037831514234
126,2-acetylphenol (+0 -> -1),9.19,9.604283574937227,0.4142835749372278
127,2-acetylpyridine (+1 -> +0),2.64,2.2533350767766,0.38666492322340007
128,2-(S)-amino-butanoic acid (+1 -> +0),2.29,2.357985877404624,0.0679858774046238
129,2-(S)-amino-butanoic acid (+0 -> -1),9.83,9.489798047120573,0.34020195287942734
130,2-amino-1-naphtalenesulfonic acid (+0 -> -1),2.35,2.901669388653823,0.5516693886538229
131,2-amino-2-cyanopropane (+1 -> +0),5.3,5.403086035425836,0.10308603542583583
132,2-amino-3-methylpyridine (+1 -> +0),7.14,6.872692111767075,0.2673078882329243
133,2-amino-4-methylpyridine (+1 -> +0),7.48,7.504899272618282,0.024899272618281287
134,3-amino-1-naphthalenesulfonic acid (+0 -> -1),3.79,3.38816219505164,0.40183780494835997
135,"2-amino-5,6-dihydro-1h-pyrimidin-4-one (+1 -> +0)",7.05,7.069400815737538,0.019400815737538046
136,2-amino-5methylpyridine (+1 -> +0),7.22,7.060584760437461,0.15941523956253878
137,2-amino-6methylpyridine (+1 -> +0),7.41,7.279822167075707,0.13017783292429286
138,2-amino-6-naphthalenesulfonic acid (+0 -> -1),3.79,3.757764545203128,0.032235454796872176
139,2-amino-8-naphthalenesulfonic acid (+0 -> -1),3.89,3.7487260635855764,0.14127393641442376
140,2-aminoacridine (+1 -> +0),5.9,5.998433115310671,0.09843311531067034
141,2-aminobenzoic acid (+1 -> +0),2.09,2.1011491745336723,0.011149174533672479
142,2-aminobenzoic acid (+0 -> -1),4.79,4.601656062701265,0.18834393729873522
143,2-aminobenzoic acid methyl ester (+1 -> +0),2.36,2.3015225789469334,0.058477421053066525
144,2-aminobenzenesulfonic acid (+0 -> -1),2.46,3.081093056613682,0.6210930566136819
145,2-aminobenzothiazole (+1 -> +0),4.48,3.8788601150455158,0.6011398849544847
146,2-aminobiphenyl (+1 -> +0),3.78,3.7562572626459163,0.0237427373540835
147,2-aminoethylphosphonic acid (-1 -> -2),10.8,9.351318774832848,1.448681225167153
148,2-aminoethylphosphonic acid (+1 -> +0),2.45,1.451490594814433,0.9985094051855672
149,2-aminoethylphosphonic acid (+0 -> -1),7.0,8.836779341271171,1.8367793412711713
150,2-aminoimidazole (+1 -> +0),8.46,8.533330180500947,0.07333018050094608
151,2-aminopyrazine (+1 -> +0),3.07,2.8404925488991095,0.22950745110089033
152,2-aminopyridine (+1 -> +0),6.71,6.662302055268881,0.04769794473111855
153,2-aminopyrimidine (+1 -> +0),3.55,3.8527280288937815,0.3027280288937817
154,2-aminopropanol (+1 -> +0),9.47,9.439875716308428,0.030124283691572273
155,2-aminoquinoline (+1 -> +0),7.34,7.416682681795003,0.07668268179500348
156,2-aminothiazole (+1 -> +0),5.36,5.436135889016125,0.07613588901612456
157,2-aminothiophenol (+0 -> -1),5.9,5.524959535537806,0.3750404644621943
158,2-bromo-6-nitrobenzoic acid (+0 -> -1),1.37,2.340017487447489,0.970017487447489
159,2-bromoaniline (+1 -> +0),2.53,2.528283756007558,0.001716243992441857
160,2-bromobenzoic acid (+0 -> -1),2.85,2.470690919480397,0.3793090805196031
161,2-bromophenol (+0 -> -1),8.45,8.805488701271525,0.35548870127152554
162,2-bromo-2-phenylacetic acid (+0 -> -1),2.21,2.977786180247879,0.7677861802478789
163,2-bromophenylphosphonic acid (-1 -> -2),7.37,7.773659967672241,0.4036599676722412
164,2-bromophenylphosphonic acid (+0 -> -1),1.53,1.9603995718910205,0.4303995718910205
165,2-bromopropanoic acid (+0 -> -1),2.97,2.923062410911194,0.04693758908880641
166,2-bromopyridine (+1 -> +0),0.84,0.6129732670407044,0.22702673295929554
167,2-bromoquinoline (+1 -> +0),1.5,0.4953923025718119,1.0046076974281881
168,carbamoyl pyridine-2-carboxylate (+1 -> +0),2.1,1.4312831186934636,0.6687168813065365
169,2-chloro-2-methylpropanoic acid (+0 -> -1),2.98,3.2629377939076347,0.28293779390763474
170,2-chloro-3-nitrobenzoic acid (+0 -> -1),2.02,2.634286628083358,0.6142866280833581
171,2-chloro-4-nitrobenzoic acid (+0 -> -1),1.96,1.9823098493272813,0.022309849327281306
172,2-chloro-5-nitrobenzoic acid (+0 -> -1),2.17,2.100472398290723,0.06952760170927696
173,2-chloro-6-nitroaniline (+1 -> +0),-2.41,-2.2087369161924544,0.20126308380754576
174,2-chloroimidazole (+1 -> +0),3.55,3.4245483254117417,0.12545167458825812
175,2-chlorocrotonic acid (+0 -> -1),2.8,3.1624162765467565,0.3624162765467567
176,2-chloropropanoic acid (+0 -> -1),2.84,2.652915989920686,0.18708401007931386
177,2-chloropyridine (+1 -> +0),0.47,0.6903451337129125,0.22034513371291253
178,2-cyano-2-methylpropanoic acid (+0 -> -1),2.29,2.555238121069517,0.26523812106951716
179,2-cyanopropanoic acid (+0 -> -1),2.37,2.7695919442813084,0.3995919442813083
180,2-cyanopyridine (+1 -> +0),-0.26,-0.4511803943905228,0.1911803943905228
181,2-(aminomethyl)propanedinitrile (+1 -> +0),5.14,5.660352853697205,0.5203528536972053
182,(dimethylamino)pyrazine (+1 -> +0),3.24,2.83498390229936,0.4050160977006403
183,2-fluoroaniline (+1 -> +0),3.2,3.424400868157961,0.2244008681579608
184,2-fluoropyridine (+1 -> +0),-0.44,-0.24299831777437397,0.19700168222562603
185,2-hydroxy-3-methylbenzoic acid (+0 -> -1),2.99,2.904159480418822,0.08584051958117822
186,2-hydroxy-3-nitrobenzoic acid (+0 -> -1),1.87,2.696371276373916,0.8263712763739157
187,2-hydroxy-4methylpyridine (+1 -> +0),1.14,1.0325743752518752,0.10742562474812467
188,2-hydroxy-4methylpyridine (+0 -> -1),12.23,12.469520569889408,0.2395205698894074
189,2-hydroxy-1-naphtoic acid (+0 -> -1),2.7,3.618655067255869,0.9186550672558687
190,2-hydroxy-1-naphtoic acid (-1 -> -2),11.9,11.259638873358494,0.6403611266415066
191,2-hydroxy-5-nitrobenzoic acid (+0 -> -1),2.12,2.56459592459246,0.44459592459246
192,2-hydroxy-6-nitrobenzoic acid (+0 -> -1),2.24,1.1520002004520729,1.0879997995479274
193,2-hydroxyacridine (+1 -> +0),5.62,5.538047086304913,0.08195291369508695
194,2-hydroxyacridine (+0 -> -1),8.85,8.78595100415438,0.06404899584561896
195,2-hydroxybenzaldehyde (+0 -> -1),8.34,8.245134485760584,0.09486551423941592
196,2-hydroxybenzamide (+0 -> -1),8.47,8.09342723121064,0.3765727687893605
197,2-hydroxypyridine (+0 -> -1),11.6,11.584094084858208,0.015905915141791738
198,2-hydroxypyridine 1-oxide (+1 -> +0),-0.8,-0.6423774605868244,0.1576225394131756
199,2-hydroxypyridine 1-oxide (+0 -> -1),5.97,6.074611688395663,0.10461168839566337
200,2-hydroxyquinoline (+1 -> +0),-0.31,-0.252032256724239,0.057967743275760986
201,2-hydroxyquinoline (+0 -> -1),11.74,12.02472869006716,0.2847286900671602
202,2-iodoaniline (+1 -> +0),2.54,3.328149176414546,0.7881491764145458
203,2-iodobenzoic acid (+0 -> -1),2.86,2.5695719722492347,0.29042802775076515
204,2-iodophenol (+0 -> -1),8.46,8.236465261524424,0.2235347384755766
205,2-iodopyridine (+1 -> +0),1.82,2.6595120107704524,0.8395120107704523
206,2-iodopropanoic acid (+0 -> -1),3.11,3.2985948970641488,0.1885948970641489
207,2-mercaptopropanoic acid (+0 -> -1),3.64,4.148735415728463,0.5087354157284625
208,2-mercaptopropanoic acid (-1 -> -2),10.21,9.360441720493117,0.8495582795068835
209,2-mercaptopyridine (+1 -> +0),-1.07,-0.8390424568157284,0.23095754318427164
210,2-mercaptopyridine (+0 -> -1),10.0,9.685019116788599,0.31498088321140116
211,2-mercaptoquinoline (+1 -> +0),-1.44,-2.349663230810668,0.909663230810668
212,2-mercaptoquinoline (+0 -> -1),10.21,10.363250275034709,0.15325027503470778
213,2-(methoxycarbonyl)pyridine (+1 -> +0),2.21,1.7849461229133565,0.42505387708664344
214,2methoxyethylamine (+1 -> +0),9.45,9.413909290479634,0.03609070952036575
215,2-methoxypyridine (+1 -> +0),3.06,3.1703109347281746,0.11031093472817455
216,"2-methyl-3,4-Dihydroquinazoline (+1 -> +0)",9.19,9.091383036750447,0.09861696324955282
217,2-methyl-4-nitrobenzoic acid (+0 -> -1),2.95,2.8605268615981343,0.08947313840186588
218,2-methyl-6-nitrobenzoic acid (+0 -> -1),1.87,2.4884564370152944,0.6184564370152943
219,2-methylaminopyrazine (+1 -> +0),3.39,3.694943488762142,0.30494348876214206
220,2methylimidazole (+1 -> +0),7.85,7.953540858400113,0.1035408584001134
221,2-methylindole (+1 -> +0),-0.2,0.3649831018110996,0.5649831018110996
222,2-Methylpiperidine (+1 -> +0),11.08,11.065363553010545,0.014636446989454654
223,2-methylpyrazine (+1 -> +0),1.46,1.5533902142394593,0.09339021423945937
224,2-methylpyridine (+1 -> +0),5.96,5.881636250352631,0.07836374964736859
225,2-methylpyridine 1-oxide (+1 -> +0),1.03,0.9530192805580313,0.07698071944196871
226,2-methylquinazoline (+1 -> +0),3.0,3.007213520572373,0.0072135205723729
227,2-methylquinoline (+1 -> +0),5.7,5.5404358899124295,0.15956411008757065
228,6-methyltetrahydropyridine (+1 -> +0),9.55,9.607010035708864,0.05701003570886343
229,2-methylthiazole (+1 -> +0),3.59,3.612505008867977,0.02250500886797724
230,2-naphthoic acid (+0 -> -1),4.16,3.932870956292061,0.22712904370793918
231,2-naphtol (+0 -> -1),9.57,9.610828512422197,0.04082851242219654
232,2-naphtylamine (+1 -> +0),4.11,3.996303901892688,0.11369609810731252
233,2-nitrohydroquinone (-1 -> -2),10.03,9.985238528643851,0.044761471356148164
234,2-nitrohydroquinone (+0 -> -1),7.63,7.4813271036046025,0.14867289639539738
235,2-nitroimidazole (+1 -> +0),-0.81,-0.7787086996901094,0.03129130030989069
236,2-nitropyridine (+1 -> +0),-2.06,-2.107682176049801,0.04768217604980096
237,2-(dimethylamino)benzoic acid (+1 -> +0),1.4,2.214544561610028,0.814544561610028
238,2-(dimethylamino)benzoic acid (+0 -> -1),8.51,8.207517528948504,0.30248247105149595
239,2-oxopropanoic acid (+0 -> -1),2.49,2.1608214762254043,0.3291785237745959
240,2-hydroxynaphthoquinone (+0 -> -1),4.0,4.301477854620347,0.30147785462034715
241,2-chlorocinnamic acid (+0 -> -1),4.23,3.998620938697549,0.23137906130245156
242,"2,5-diphenylimidazole (+1 -> +0)",5.64,5.385926121951261,0.2540738780487386
243,"2,5-diphenylimidazole (+0 -> -1)",12.53,12.208279447525133,0.32172055247486675
244,2-phenylbenzimidazole (+0 -> -1),11.91,11.880354822104756,0.02964517789524379
245,2-phenylimidazole (+1 -> +0),6.43,6.142246527590196,0.2877534724098041
246,2-phenylimidazole (+0 -> -1),13.32,12.872871141558743,0.44712885844125694
247,2-tert-butylbenzoic acid (+0 -> -1),3.57,2.8763250619091068,0.6936749380908931
248,2-tertbutylphenol (+0 -> -1),10.62,10.946185686098563,0.32618568609856347
249,2-tert-butylpyridine (+1 -> +0),5.76,5.797321837776337,0.037321837776337574
250,2-tert-butylthiazole (+1 -> +0),3.0,3.5007589822317904,0.5007589822317904
251,2-thiophenecarboxylic acid (+0 -> -1),3.53,3.5634498161415413,0.03344981614154152
252,2-vinylpyridine (+1 -> +0),4.98,4.4129885515783975,0.5670114484216029
253,"3,3,3-trichloro-2-hydroxypropanoic acid (+0 -> -1)",2.34,1.594331203061011,0.7456687969389888
254,"3,3'-bipyridine (+2 -> +1)",3.0,3.1575831800806924,0.1575831800806924
255,"3,3'-bipyridine (+1 -> +0)",4.6,4.3214800174933465,0.2785199825066531
256,"3,4-dichlorophenol (+0 -> -1)",8.63,8.470766714037772,0.15923328596222852
257,"3,4-dimethylaniline (+1 -> +0)",5.17,5.109941760109258,0.06005823989074166
258,"3,4-dimethylbenzoic acid (+0 -> -1)",4.41,4.360286539017248,0.04971346098275209
259,"3,4-dimethyl-8-hydroxyquinoline (+1 -> +0)",5.8,5.597388009362695,0.20261199063730473
260,"3,4-dimethyl-8-hydroxyquinoline (+0 -> -1)",10.05,9.971424540990544,0.07857545900945695
261,"3,4-dimethylphenol (+0 -> -1)",10.32,10.36766688084742,0.047666880847419435
262,"3,4-dimethylpyridine (+1 -> +0)",6.47,6.523008718151287,0.05300871815128705
263,"3,4-dimethylpyridine 1-oxide (+1 -> +0)",1.49,1.1363813011857467,0.35361869881425334
264,"3,4-dinitrobenzoate (+0 -> -1)",2.82,2.901113245624713,0.08111324562471323
265,"3,4-dinitrophenol (+0 -> -1)",5.42,5.184371075322196,0.23562892467780383
266,"3,4,5-trifluorophenol (+0 -> -1)",7.84,8.172345235857343,0.33234523585734266
267,"3,4,5-trimethylphenol (+0 -> -1)",10.25,10.490174487443312,0.24017448744331205
268,"3,5-dibromoaniline (+1 -> +0)",2.35,2.4628702407676464,0.11287024076764629
269,"3,5-dibromophenol (+0 -> -1)",8.06,8.175783333033138,0.11578333303313748
270,"3,5 dichlorophenol (+0 -> -1)",8.48,8.07760292972382,0.4023970702761801
271,"3,5-dihydroxybenzoic acid (+0 -> -1)",4.04,3.986269053965052,0.05373094603494799
272,"3,5-diiodoaniline (+1 -> +0)",2.37,2.7747175743660275,0.4047175743660274
273,"3,5-diiodophenol (+0 -> -1)",8.1,8.215344679582778,0.11534467958277794
274,"3,5-dimethoxyaniline (+1 -> +0)",3.86,3.7157964998415345,0.1442035001584654
275,"3,5-dimethoxyphenol (+0 -> -1)",9.35,9.456568387363657,0.10656838736365692
276,"3,5-dimethyl-4-nitrophenol (+0 -> -1)",8.25,7.667165272603664,0.5828347273963361
277,"3,5-dimethylbenzoic acid (+0 -> -1)",4.3,4.179352452283651,0.12064754771634867
278,"3,5-dimethylphenol (+0 -> -1)",10.15,9.975730694342406,0.17426930565759413
279,"3,5-dimethylpyridine (+1 -> +0)",6.09,5.9211839886779245,0.16881601132207535
280,"3,5-dimethylpyridine1-oxide (+1 -> +0)",1.18,0.4230524769823898,0.7569475230176101
281,"3,5-dinitroaniline (+1 -> +0)",0.23,0.4194062173099038,0.18940621730990378
282,"3,5-dinitrobenzoic acid (+0 -> -1)",2.85,2.513273958100015,0.3367260418999849
283,"3,5-dinitrophenol (+0 -> -1)",6.73,6.899289448385826,0.16928944838582538
284,"3,6-dichlorophthalic acid (+0 -> -1)",1.46,2.0507922381820665,0.5907922381820665
285,"3,6-dimethylpyridazine (+1 -> +0)",3.99,4.449647419522897,0.4596474195228968
286,3-acetamidobenzoic acid (+0 -> -1),4.07,3.754806537164856,0.31519346283514427
287,3-acetoxybenzoic acid (+0 -> -1),4.0,3.9381756855649135,0.061824314435086514
288,3-acetylbenzoic acid (+0 -> -1),3.83,3.8437079386464914,0.013707938646491336
289,3-acetylpyridine (+1 -> +0),3.26,3.284162940099284,0.024162940099284214
290,3-amino-1-naphthoic acid (+1 -> +0),2.61,3.639065703224179,1.029065703224179
291,3-amino-1-naphthoic acid (+0 -> -1),4.39,4.362176845919581,0.027823154080418355
292,3-aminobenzoic acid (+1 -> +0),3.07,3.45382652549252,0.38382652549252017
293,3-aminobenzoic acid (+0 -> -1),4.79,4.531765735347974,0.25823426465202637
294,3-aminobenzoic acid methyl ester (+1 -> +0),3.58,3.272578687568716,0.3074213124312841
295,3-aminobenzonitrile (+1 -> +0),2.75,2.7330638277913657,0.016936172208634304
296,3-aminobenzenesulfonic acid (+0 -> -1),3.74,3.5040056757824125,0.2359943242175877
297,3-aminobiphenyl (+1 -> +0),4.18,4.343777538267497,0.16377753826749686
298,3-aminoisoquinoline (+1 -> +0),4.95,4.897889611449694,0.052110388550306475
299,3-aminopropanoic acid (+1 -> +0),3.55,3.6262402408334733,0.07624024083347347
300,3-aminopropanoic acid (+0 -> -1),10.24,10.070624574492872,0.1693754255071287
301,3-aminopyridine (+1 -> +0),6.03,6.09515734291854,0.06515734291853992
302,3-aminopyridine 1-oxide (+1 -> +0),1.47,1.1051664419933278,0.36483355800667217
303,3-aminoquinoline (+1 -> +0),4.95,4.965059873112882,0.015059873112881483
304,3-bromoaniline (+1 -> +0),3.53,3.493726446389889,0.03627355361011064
305,3-bromobenzoic acid (+0 -> -1),3.81,3.701216855086323,0.10878314491367691
306,3 bromophenol (+0 -> -1),9.03,9.106948871028667,0.07694887102866765
307,3-bromophenylphosphonic acid (-1 -> -2),6.69,6.680782405296323,0.009217594703677001
308,3-bromophenylphosphonic acid (+0 -> -1),1.45,1.6490274329638162,0.1990274329638162
309,3-chloro-4-methylaniline (+1 -> +0),4.05,3.872807848323215,0.1771921516767847
310,3-chlorocrotonic acid (+0 -> -1),3.84,4.398949400783472,0.5589494007834723
311,trans-3-chlorocrotonic acid (+0 -> -1),4.02,3.86662301441375,0.15337698558624968
312,3-chloro-o-toluidine (+1 -> +0),2.49,3.9116836720747825,1.4216836720747823
313,3-chloropyridine (+1 -> +0),2.84,2.816443334685399,0.023556665314600878
314,3-chloroquinoline (+1 -> +0),2.63,2.7196855915067095,0.08968559150670963
315,3-cyanopyridine (+1 -> +0),1.39,1.5310924287079564,0.14109242870795646
316,3-fluoroaniline (+1 -> +0),3.58,3.402631359863821,0.17736864013617915
317,3-fluoropyridine (+1 -> +0),2.97,3.1149866716771406,0.1449866716771404
318,3-hydroxyacridine (+0 -> -1),9.72,9.607559389759398,0.11244061024060237
319,3-hydroxyacridine (+1 -> +0),5.3,4.990622746159285,0.3093772538407151
320,3-hydroxybenzaldehyde (+0 -> -1),9.0,8.974309713038156,0.02569028696184361
321,3-hydroxypyridine (+1 -> +0),4.8,4.825269138467607,0.025269138467606922
322,3-hydroxypyridine (+0 -> -1),8.72,8.713545005985257,0.006454994014744031
323,3-hydroxyquinoline (+1 -> +0),4.3,4.215670195244857,0.08432980475514285
324,3-hydroxyquinoline (+0 -> -1),8.06,8.524612736355472,0.4646127363554715
325,3-iodoaniline (+1 -> +0),3.58,3.733223974933007,0.15322397493300688
326,3-iodobenzoic acid (+0 -> -1),3.86,3.9608366438321196,0.10083664383211977
327,3-iodophenol (+0 -> -1),8.88,9.285519943720605,0.40551994372060385
328,3-iodopyridine (+1 -> +0),3.25,3.5578237881984505,0.30782378819845047
329,3-(methylthio)phenol (+0 -> -1),9.53,9.86802431686618,0.3380243168661803
330,3-methylxanthine (+0 -> -1),8.1,8.19499394025538,0.09499394025537988
331,3-methylxanthine (-1 -> -2),11.3,11.975756357091493,0.6757563570914922
332,3-mercaptopyridine (+1 -> +0),2.28,2.5483757083840057,0.26837570838400593
333,3-mercaptopyridine (+0 -> -1),7.01,7.083230986055517,0.07323098605551692
334,3-mercaptoquinoline (+1 -> +0),2.33,2.782090043728502,0.4520900437285018
335,3-mercaptoquinoline (+0 -> -1),6.13,6.077069862870682,0.0529301371293176
336,"3-mercapto-1,2-propanediol (+0 -> -1)",9.43,8.791524148845934,0.638475851154066
337,3-mercaptopropanoate (-1 -> -2),10.84,11.009080356195856,0.16908035619585604
338,3-methylpyridine1-oxide (+1 -> +0),1.08,1.0999604337260367,0.01996043372603662
339,3-(methoxycarbonyl)pyridine (+1 -> +0),3.13,3.031442275597051,0.09855772440294874
340,3-methoxypyridazine (+1 -> +0),2.5,2.7577545206336787,0.25775452063367865
341,3-methoxypyridine (+1 -> +0),4.91,4.864977543897684,0.045022456102316255
342,3-methylisoquinoline (+1 -> +0),5.64,5.404168489159634,0.2358315108403657
343,3-methylpiperidine (+1 -> +0),11.07,11.402939097072956,0.33293909707295555
344,3-methylpyridine (+1 -> +0),5.68,5.8132881993036865,0.13328819930368674
345,3-methylquinoline (+1 -> +0),5.15,5.045630843809125,0.1043691561908755
346,3-methylsulfonylaniline (+1 -> +0),2.68,2.1932336896642965,0.4867663103357036
347,3-methylsulfonylbenzoic acid (+0 -> -1),3.52,3.528448668157636,0.008448668157635897
348,3-methylsulfonylphenol (+0 -> -1),9.33,8.513790484120843,0.8162095158791569
349,3-methylthiopyridazine (+1 -> +0),2.26,2.0779927312188518,0.18200726878114803
350,3-nitropyridine (+1 -> +0),0.79,1.1159485743648103,0.3259485743648103
351,3-chlorocinnamic acid (+0 -> -1),4.29,4.6162548305583115,0.3262548305583115
352,3-pyrroline (+1 -> +0),10.46,9.472428732259083,0.9875712677409183
353,3-sulfamoylbenzoic acid (+0 -> -1),3.54,3.664236768005374,0.12423676800537375
354,3-sulfobenzoic acid (-1 -> -2),3.78,4.140682428886709,0.3606824288867094
355,3-phenolsulfonic acid (-1 -> -2),9.07,9.29232815001819,0.22232815001818906
356,3-tert-butylbenzoic acid (+0 -> -1),4.2,4.472103223378805,0.27210322337880477
357,3-tertbutylphenol (+0 -> -1),10.12,10.169352109772138,0.049352109772138775
358,3-tert-butylpyridine (+1 -> +0),5.82,5.865812504291727,0.04581250429172634
359,3-thiophenecarboxylic acid (+0 -> -1),4.1,4.101669039113817,0.0016690391138176608
360,3-trimethylsilylbenzoic acid (+0 -> -1),4.09,4.383523085768785,0.2935230857687854
361,1-hydroxyazabenzotriazole (+0 -> -1),4.09,4.17521655983568,0.08521655983568
362,"4,4-bipyridine (+2 -> +1)",3.17,3.3727809334397083,0.20278093343970838
363,"4,4-bipyridine (+1 -> +0)",4.82,4.96965107069164,0.14965107069163963
364,"4,5-dimethylthiazole (+1 -> +0)",3.73,3.748951867843637,0.018951867843636894
365,4-acetamidobenzoic acid (+0 -> -1),4.28,4.824664293719198,0.5446642937191974
366,4-acetoxybenzoic acid (+0 -> -1),4.38,3.7923320593462506,0.5876679406537493
367,4-acetylbenzoic acid (+0 -> -1),3.7,3.857558266246656,0.1575582662466557
368,4-acetylpyridine (+1 -> +0),3.51,3.3591280338430627,0.1508719661569371
369,"4-amino-2,5-dimethylphenol (+1 -> +0)",5.28,5.8411480332581895,0.5611480332581893
370,"4-amino-2,5-dimethylphenol (+0 -> -1)",10.4,10.229267375905462,0.17073262409453882
371,4-amino-2-naphthoic acid (+1 -> +0),2.89,3.0516335468923703,0.1616335468923702
372,4-amino-2-naphthoic acid (+0 -> -1),4.46,4.235013629444424,0.2249863705555759
373,4-amino-3-methylpyridine (+1 -> +0),9.43,9.322737246170806,0.10726275382919326
374,4-aminobenzoic acid (+1 -> +0),2.41,2.4822320632423054,0.07223206324230524
375,4-aminobenzoic acid (+0 -> -1),4.85,4.646254189872625,0.20374581012737458
376,4-aminobenzoic methyl ester (+1 -> +0),2.45,2.552248800041707,0.102248800041707
377,4-aminobenzonitrile (+1 -> +0),1.74,2.005205546108817,0.26520554610881697
378,4-aminobenzophenone (+1 -> +0),2.15,2.3781418325659827,0.22814183256598275
379,4-aminobenzenesulfonic acid (+0 -> -1),3.23,3.375990926609397,0.14599092660939705
380,4-aminobiphenyl (+1 -> +0),4.27,4.468515007262166,0.19851500726216642
381,4-aminoisoquinoline (+1 -> +0),6.27,6.071505180808327,0.1984948191916729
382,4 aminopyridine (+1 -> +0),9.11,9.002709193915095,0.10729080608490449
383,4-aminopyrimidine (+1 -> +0),5.69,5.916834910297194,0.22683491029719338
384,4-aminoquinoline (+1 -> +0),9.13,9.202263515172987,0.07226351517298646
385,4-aminosalicylic acid (-1 -> -2),13.74,13.738613434417228,0.001386565582771837
386,4-aminosalicylic acid (+1 -> +0),1.78,1.5423487320950526,0.2376512679049474
387,4-aminosalicylic acid (+0 -> -1),3.73,3.951541398429053,0.22154139842905307
388,4-azaindole (+1 -> +0),6.9,6.585591034506236,0.3144089654937643
389,4 bromoaniline (+1 -> +0),3.88,3.8965970337372324,0.016597033737232536
390,4-bromobenzoic acid (+0 -> -1),3.99,3.9284114957691294,0.06158850423087081
391,4-bromophenol (+0 -> -1),9.34,8.98878761264075,0.351212387359249
392,4-bromophenylphosphonic acid (-1 -> -2),6.83,7.00739690114461,0.1773969011446095
393,4-bromophenylphosphonic acid (+0 -> -1),1.6,1.4694831691530768,0.13051683084692334
394,4-bromopyridine (+1 -> +0),3.71,3.3360302804776074,0.37396971952239255
395,4-butyrobetaine (+1 -> +0),3.94,3.940402171790492,0.00040217179049184537
396,"4-chloro-2,6-dinitrophenol (+0 -> -1)",2.97,3.458302208690358,0.4883022086903579
397,4-chloro-2-nitroaniline (+1 -> +0),-1.1,-1.1859967001643277,0.08599670016432759
398,4-chloro-3-methylphenol (+0 -> -1),9.55,9.732542324174435,0.1825423241744346
399,4-chloro-n-methylaniline (+1 -> +0),3.9,3.7416765588450973,0.1583234411549026
400,4-chloro-o-toluidine (+1 -> +0),3.39,4.021402808169625,0.6314028081696246
401,4-chlorophenylacetic acid (+0 -> -1),4.19,4.243602356529575,0.05360235652957446
402,4-chloropyridine (+1 -> +0),3.83,3.8887370747472003,0.058737074747200246
403,4-chlorothiophenol (+0 -> -1),5.9,5.936040645213204,0.036040645213203604
404,"4-cyano-2,6-dimethylphenol (+0 -> -1)",8.27,8.084098504336911,0.18590149566308867
405,"4-cyano-3,5-dimethylphenol (+0 -> -1)",8.21,8.054269265735131,0.1557307342648695
406,4-cyanopyridine (+1 -> +0),1.9,1.7782666236044946,0.1217333763955053
407,4-fluoroaniline (+1 -> +0),4.65,4.404697935332625,0.24530206466737514
408,4-hydroxybenzaldehyde (+0 -> -1),7.62,7.540583523633419,0.079416476366581
409,4-hydroxyisoquinoline (+1 -> +0),4.77,4.714438399537542,0.055561600462457506
410,4-hydroxypteridine (+1 -> +0),-0.17,-0.03686650061928809,0.13313349938071192
411,4-hydroxypteridine (+0 -> -1),7.89,7.769033691676227,0.12096630832377286
412,4-hydroxypyridine (+1 -> +0),3.23,3.1180179850328074,0.11198201496719262
413,4-hydroxypyridine (+0 -> -1),11.09,11.116518888332127,0.026518888332127233
414,4-hydroxyisoquinoline (+1 -> +0),2.27,2.3557413365780366,0.08574133657803662
415,4-hydroxyisoquinoline (+0 -> -1),11.25,11.340237433576771,0.09023743357677105
416,4-iodoaniline (+1 -> +0),3.82,3.57578371710048,0.24421628289952002
417,4-iodobenzoic acid (+0 -> -1),4.0,3.762854519039185,0.2371454809608151
418,4 iodophenol (+0 -> -1),9.2,9.090091962048067,0.10990803795193216
419,4-iodopyridine (+1 -> +0),4.02,4.341152174985214,0.3211521749852144
420,4-isopropylpyridine (+1 -> +0),6.02,6.047078275712994,0.02707827571299415
421,4-mercaptopyridine (+1 -> +0),1.43,1.2140956929807558,0.21590430701924412
422,4-mercaptopyridine (+0 -> -1),8.86,8.910307930121707,0.050307930121707756
423,4-mercaptoquinoline (+1 -> +0),0.77,0.6370451050685837,0.13295489493141632
424,4-mercaptoquinoline (+0 -> -1),8.83,9.53310914648013,0.7031091464801307
425,4-methoxycarbonylpyridine (+1 -> +0),3.26,3.1949765508489776,0.0650234491510222
426,4-methylpiperidine (+1 -> +0),11.23,10.924295530727594,0.30570446927240624
427,4-methoxypyridazine (+1 -> +0),3.68,3.7680507130967973,0.08805071309679713
428,4-methylpyridine (+1 -> +0),6.0,5.982785023611537,0.01721497638846259
429,4-methylpyridine 1-oxide (+1 -> +0),1.26,1.0268437196593458,0.23315628034065417
430,4-methylpyrimidine (+1 -> +0),1.95,2.0881767259180535,0.13817672591805352
431,4-methylquinazoline (+1 -> +0),2.8,2.6535095782990608,0.14649042170093907
432,4-methylquinoline (+1 -> +0),5.5,5.661436823355385,0.1614368233553849
433,4-methylsulfonylaniline (+1 -> +0),1.48,1.8256661662008407,0.3456661662008407
434,4-methylsulfonylbenzoic acid (+0 -> -1),3.64,3.3315781715199613,0.30842182848003885
435,4-methylsulfonylphenol (+0 -> -1),7.83,7.617635623625353,0.212364376374647
436,4-methylthiazole (+1 -> +0),3.16,3.1492950394682637,0.010704960531736418
437,4-(methylthio)pyridazine (+1 -> +0),3.25,3.237381331798904,0.012618668201096028
438,4-m-nitrophenylpyridine (+1 -> +0),4.87,4.840055687072692,0.02994431292730848
439,4-nitroimidazole (+1 -> +0),-0.16,-0.5375823932959634,0.3775823932959633
440,4-nitroisoquinoline (+1 -> +0),1.35,1.4894512217326525,0.13945122173265245
441,4-nitropyridine (+1 -> +0),1.23,1.2584367169060187,0.028436716906018678
442,4-chlorocinnamic acid (+0 -> -1),4.41,4.019329237300806,0.39067076269919454
443,4-phenylpyridine (+1 -> +0),5.55,5.466519637654368,0.0834803623456315
444,4-phenylurazole (+0 -> -1),5.2,6.073054118956699,0.8730541189566985
445,4-(p-nitrophenyl)pyridine (+1 -> +0),4.87,4.554920517150304,0.3150794828496961
446,4-sulfamoylbenzoic acid (+0 -> -1),3.47,3.3964748970396386,0.07352510296036163
447,4-sulfobenzoic acid (-1 -> -2),3.72,3.795389548487175,0.07538954848717472
448,4-sulfophenol (-1 -> -2),8.56,8.576322003713628,0.016322003713627353
449,4-tertbutylaniline (+1 -> +0),4.93,4.961299830358935,0.03129983035893513
450,4-tert-butylbenzoic acid (+0 -> -1),4.39,4.154792423677129,0.23520757632287026
451,4-tert-butylphenol (+0 -> -1),10.23,9.858221944916476,0.37177805508352435
452,4-tert-butylpyridine (+1 -> +0),5.99,5.920281323928247,0.0697186760717532
453,4-tert-butylthiazole (+1 -> +0),3.04,2.896012513840488,0.14398748615951185
454,4-trimethylsilylbenzoic acid (+0 -> -1),4.19,4.2470824256363064,0.057082425636306056
455,4-vinylpyridine (+1 -> +0),5.62,5.687783686680686,0.06778368668068602
456,"5,5-dimethyl-1,3-thiazolidine-2,4-dione (+0 -> -1)",6.63,6.812917500075385,0.18291750007538532
457,"5,5-dimethylhydantoin (+0 -> -1)",9.19,8.838734678523078,0.35126532147692124
458,5-aminoisoquinoline (+1 -> +0),5.58,5.490430330746207,0.08956966925379284
459,5-aminopyrimidine (+1 -> +0),2.6,2.351619539488026,0.24838046051197393
460,5-aminoquinoline (+1 -> +0),5.46,5.486305218266636,0.026305218266635677
461,5-aminosalicylic acid (+1 -> +0),2.74,3.105669683259463,0.3656696832594628
462,5-aminosalicylic acid (+0 -> -1),5.84,4.9683867792977585,0.8716132207022413
463,5-azaindole (+1 -> +0),8.3,8.023449197490987,0.2765508025090142
464,5-bromoquinoline (+1 -> +0),3.62,3.854646075680712,0.23464607568071205
465,5-chloro-o-toluidine (+1 -> +0),3.85,3.224390898796716,0.6256091012032843
466,5-hydroxyisoquinoline (+1 -> +0),5.39,5.260049984675057,0.1299500153249431
467,5-hydroxyquinoline (+1 -> +0),5.2,5.051861083300756,0.14813891669924395
468,5-hydroxyquinoline (+0 -> -1),8.54,8.646601969512385,0.10660196951238632
469,5-methylquinazoline (+1 -> +0),2.31,2.184284976814271,0.1257150231857289
470,5-methylquinoline (+1 -> +0),4.62,5.0590780359749035,0.43907803597490336
471,5-methylthiazole (+1 -> +0),3.03,2.8862959352579542,0.14370406474204556
472,"5-nitro-1,10-phenanthroline (+1 -> +0)",3.23,3.351991330110933,0.12199133011093322
473,5-nitroindazole (+1 -> +0),-0.96,-0.8306399633499986,0.1293600366500014
474,5-nitroisoquinoline (+1 -> +0),3.51,3.3135654337171703,0.19643456628282951
475,5-phenylimidazole (+1 -> +0),6.05,5.818230586469956,0.23176941353004388
476,6-aminoisoquinoline (+1 -> +0),7.16,7.349926623324305,0.18992662332430488
477,6-aminophenanthridine (+1 -> +0),7.07,7.666231169985163,0.5962311699851623
478,6 aminoquinoline (+1 -> +0),5.63,5.674600618280421,0.0446006182804215
479,6-azaindole (+1 -> +0),7.9,7.861632945387815,0.038367054612185036
480,6-chloro-o-toluidine (+1 -> +0),2.22,1.7926787769927692,0.42732122300723097
481,6-chloroquinoline (+1 -> +0),4.0,3.974277400599128,0.02572259940087207
482,6-hydroxyisoquinoline (+1 -> +0),5.84,6.170976721307039,0.3309767213070387
483,6-hydroxyquinoline (+1 -> +0),5.17,5.003875839831103,0.16612416016889675
484,6-hydroxyquinoline (+0 -> -1),8.88,9.017767205145361,0.13776720514536045
485,6-methoxyquinoline (+1 -> +0),5.03,4.92942657797024,0.10057342202976027
486,6-methylquinazoline (+1 -> +0),2.16,2.312669773699472,0.152669773699472
487,6-methylquinoline (+1 -> +0),5.1,5.05651966601615,0.043480333983849206
488,6-nitroindazole (+1 -> +0),-0.97,-0.8439492884646915,0.12605071153530845
489,6-nitroisoquinoline (+1 -> +0),3.45,3.4959089787015456,0.04590897870154542
490,7-aza-1-hydroxybenzotriazole (+0 -> -1),4.65,4.327104426373061,0.32289557362693966
491,7-aminoisoquinoline (+1 -> +0),6.19,6.106042815270619,0.08395718472938096
492,7-aminoquinoline (+1 -> +0),6.63,6.686112748067021,0.05611274806702138
493,7-azaindole (+1 -> +0),4.6,4.434578785129738,0.1654212148702614
494,7-chloroquinoline (+1 -> +0),3.85,3.9188601258329028,0.06886012583290269
495,7-hydroxyisoquinoline (+1 -> +0),5.69,5.545761065206829,0.1442389347931714
496,7-hydroxyquinoline (+1 -> +0),5.48,5.5382019385619055,0.05820193856190503
497,7-hydroxyquinoline (+0 -> -1),8.85,8.92716469627135,0.0771646962713497
498,7-methoxyquinoline (+1 -> +0),5.03,5.478466456568848,0.4484664565688474
499,7-methylquinazoline (+1 -> +0),2.54,2.270766295514557,0.26923370448544315
500,7-methylxanthine (+0 -> -1),8.33,8.326876465924872,0.0031235340751276652
501,7-methylxanthine (-1 -> -2),13.0,13.92110695526917,0.9211069552691704
502,7-nitroisoquinoline (+1 -> +0),3.59,3.605289507071407,0.015289507071407193
503,8-aminoisoquinoline (+1 -> +0),6.05,5.991067280967119,0.058932719032880776
504,8-aminoquinaldine (+1 -> +0),4.86,4.4421965520960285,0.41780344790397184
505,8-aminoquinoline (+1 -> +0),3.97,4.253080363813371,0.283080363813371
506,8-amino-2-naphthol (+1 -> +0),4.2,4.6140264603731564,0.41402646037315627
507,8-chloroquinoline (+1 -> +0),3.12,3.394531858168553,0.27453185816855274
508,8-hydroxy-2-methylquinoline (+1 -> +0),5.58,5.5632541736670404,0.016745826332959624
509,8-hydroxy-4-methylquinoline (+1 -> +0),5.56,5.201421310669054,0.3585786893309457
510,8-hydroxyisoquinoline (+1 -> +0),5.65,5.653145479397543,0.0031454793975429496
511,8-hydroxyquinoline (+1 -> +0),4.91,4.710849934681928,0.19915006531807222
512,8-hydroxyquinoline (+0 -> -1),9.81,9.760233803618515,0.04976619638148527
513,8-hydroxyquinoline-5-sulfonic acid (-1 -> -2),8.76,8.85331066053145,0.09331066053145065
514,8-hydroxyquinoline-5-sulfonic acid (+0 -> -1),4.11,4.019344940747184,0.09065505925281592
515,8-methylquinazoline (+1 -> +0),2.15,2.1011592352793,0.04884076472069987
516,8-nitroisoquinoline (+1 -> +0),3.57,3.4891339169937368,0.08086608300626308
517,8-hydroxyguanine (+1 -> +0),-0.1,0.16199316846988498,0.26199316846988496
518,8-hydroxyguanine (+0 -> -1),8.55,8.874881611869217,0.32488161186921616
519,9-aminoacridine (+1 -> +0),10.0,10.041425699065098,0.04142569906509763
520,5-carbomethoxyacridine (+1 -> +0),3.43,3.6907389209579966,0.26073892095799645
521,9-methyluric acid (+0 -> -1),5.77,5.145077992191561,0.624922007808439
522,9-methylxanthine (+0 -> -1),6.25,6.160840043977958,0.08915995602204241
523,"a,a,a-trifluoro-m-cresol (+0 -> -1)",8.95,8.811776885193819,0.13822311480618055
524,abietic acid (+0 -> -1),4.94,5.709433404986051,0.7694334049860503
525,acetamidine (+1 -> +0),12.2,12.542811651090151,0.34281165109015177
526,acetamidopyridine (+1 -> +0),4.37,3.3964007430615553,0.9735992569384448
527,iodoacetic acid (+0 -> -1),4.76,4.508382362062998,0.2516176379370014
528,acetohydrazine (+1 -> +0),3.24,2.9774475393466124,0.2625524606533878
529,acetohydroxamic acid (+0 -> -1),9.4,9.207689091460477,0.1923109085395236
530,acetone oxime (+0 -> -1),12.2,13.411926231282013,1.211926231282014
531,acetylacetic acid (+0 -> -1),3.58,3.994666889538017,0.414666889538017
532,acetylene dicarboxylic acid (-1 -> -2),2.34,1.8099849175817475,0.5300150824182523
533,acetylene dicarboxylic acid (+0 -> -1),0.66,1.1267014518044514,0.46670145180445133
534,acetylguanidine (+1 -> +0),8.23,8.012070860559323,0.2179291394406775
535,acetylpiperazine (+1 -> +0),7.94,8.83432811314324,0.8943281131432395
536,acetylsalicylic acid (+0 -> -1),3.47,3.5843637149178633,0.11436371491786312
537,2-chlorocrotonic acid (+0 -> -1),3.14,3.1856857869755304,0.045685786975530274
538,acridine (+1 -> +0),5.6,5.382225846997304,0.21777415300269531
539,acrylic acid (+0 -> -1),4.26,4.307239362231418,0.04723936223141845
540,adenine (+0 -> -1),9.75,10.303527023495658,0.5535270234956577
541,adenine-n1-oxide (+0 -> -1),8.845,8.709597856003331,0.13540214399666972
542,adrenaline (+1 -> +0),8.64,9.53280657610997,0.8928065761099688
543,adrenaline (+0 -> -1),9.96,9.790185467719304,0.16981453228069654
544,2-fluoroacrylic acid (+0 -> -1),2.55,2.381663197924218,0.16833680207578183
545,alanine (+1 -> +0),2.34,2.5950744083509143,0.25507440835091444
546,alanine (+0 -> -1),9.69,9.942269351555673,0.25226935155567354
547,l-alanyl-l-alanine (+1 -> +0),3.13,3.5068618017641056,0.37686180176410566
548,l-alanyl-l-alanine (+0 -> -1),8.13,7.7734174870162205,0.3565825129837803
549,alanine methyl ester (+1 -> +0),7.74,7.930683700313987,0.19068370031398718
550,alanylglycine (+1 -> +0),3.11,2.8976921331559913,0.2123078668440086
551,alanylglycine (+0 -> -1),8.11,8.2606674725871,0.15066747258710045
552,allothreonine (+1 -> +0),2.11,2.4470683215029556,0.33706832150295574
553,allothreonine (+0 -> -1),9.1,8.947885165437578,0.15211483456242192
554,alloxan (+0 -> -1),6.63,5.383140255803911,1.2468597441960885
555,allylacetic acid (+0 -> -1),4.68,4.736198501250179,0.056198501250179334
556,allylamine (+1 -> +0),9.69,9.713337488225651,0.023337488225651626
557,aminoantipyrine (+1 -> +0),4.94,4.885959458586231,0.05404054141376946
558,aminomalonic acid (+0 -> -1),3.32,3.3106809157241264,0.009319084275873468
559,aminomalonic acid (-1 -> -2),9.83,9.124806401763113,0.7051935982368871
560,aminomethylphosphonic acid (-1 -> -2),10.0,7.885211857345684,2.114788142654316
561,aminomethylphosphonic acid (+1 -> +0),1.8,0.555249864098629,1.244750135901371
562,aminomethylphosphonic acid (+0 -> -1),5.4,8.279974092990876,2.879974092990876
563,aminomethylsulfonic acid (+0 -> -1),5.57,4.940604515126257,0.6293954848737435
564,aminotetrazole (+0 -> -1),6.07,6.1724507251435785,0.10245072514357823
565,aminotetrazole (+1 -> +0),1.76,1.1712986246270303,0.5887013753729697
566,angelic acid (+0 -> -1),4.29,4.301721108121614,0.011721108121613533
567,"(1r,8s)-7-methylidene-1,2,3,5,6,8-hexahydropyrrolizin-1-ol (+1 -> +0)",9.4,8.860484014083859,0.5395159859161414
568,aniline (+1 -> +0),4.6,4.63170168659158,0.031701686591580014
569,anthraquinone-1-carboxylic acid (+0 -> -1),3.37,2.7141725443594433,0.6558274556405568
570,anthraquinone-2-carboxyllic acid (+0 -> -1),3.42,3.2043551656949028,0.21564483430509718
571,anthraquinone monooxime (+0 -> -1),9.78,9.177475149656573,0.6025248503434266
572,anthracene-1-carboxylic acid (+0 -> -1),3.68,4.137908302411539,0.4579083024115387
573,anthracene-2-carboxylic acid (+0 -> -1),4.18,3.8779887108825797,0.30201128911742003
574,anthracene-9-carboxylic acid (+0 -> -1),3.65,3.275318284237234,0.37468171576276577
575,antipyrine (+1 -> +0),1.45,1.576259883198201,0.12625988319820114
576,apomorphine (+1 -> +0),7.0,7.568428405396592,0.5684284053965918
577,arginine (+2 -> +1),2.17,1.6889756465801833,0.48102435341981664
578,arginine (+1 -> +0),9.04,9.201303393644206,0.1613033936442072
579,asparagine (+1 -> +0),2.02,2.2564174737450093,0.23641747374500932
580,asparagine (+0 -> -1),8.8,8.895346907570627,0.09534690757062592
581,aspartic acid (-1 -> -2),9.6,9.418134692390392,0.18186530760960729
582,aspartic acid (+1 -> +0),1.89,1.9633938048445065,0.07339380484450664
583,aspartic acid (+0 -> -1),3.65,4.127329082013623,0.4773290820136231
584,aspidospermine (+1 -> +0),7.65,8.329468022460558,0.6794680224605578
585,azetidine (+1 -> +0),11.29,11.180644687871109,0.1093553121288906
586,a-alanine methyl ester (+1 -> +0),9.17,8.960277945552921,0.20972205444707903
587,barbituric acid (+0 -> -1),4.06,4.7310209972227595,0.6710209972227599
588,3-difluoroacrylic acid (+0 -> -1),3.17,3.735111383960099,0.5651113839600992
589,"b,b-dimethylacrylic acid (+0 -> -1)",5.12,5.207365955105803,0.08736595510580258
590,benzo[c]isothiazole (+1 -> +0),-0.1,0.4133378769525864,0.5133378769525864
591,benzohydroxamic acid (+0 -> -1),8.89,8.26884308863048,0.6211569113695212
592,benzilic acid (+0 -> -1),3.09,2.3606709498341303,0.7293290501658696
593,benzimidazole (+1 -> +0),5.55,5.644099441421513,0.0940994414215135
594,benzimidazole (+0 -> -1),12.3,12.586044011161196,0.28604401116119504
595,benzoic acid (+0 -> -1),4.2,3.999226737812285,0.20077326218771496
596,benzoquinone monooxime (+0 -> -1),6.2,5.775127591403222,0.42487240859677833
597,benzothiazole (+1 -> +0),1.2,1.164710703288053,0.035289296711946916
598,benzotriazole (+1 -> +0),0.42,1.8051669934517207,1.3851669934517208
599,benzotriazole n-oxide (+0 -> -1),5.65,5.503637473852834,0.1463625261471666
600,benzoxazole (+1 -> +0),0.5,-0.2613052355520029,0.7613052355520029
601,benzylalcohol (+0 -> -1),15.4,14.810463068286975,0.5895369317130257
602,benzylamine (+1 -> +0),9.38,9.41360847127542,0.03360847127541966
603,benzylmethylamine (+1 -> +0),9.58,9.469169573268797,0.11083042673120325
604,"[(4S,6R)-2,2,6-trimethylpiperidin-4-yl] benzoate (+1 -> +0)",9.35,9.805764653278468,0.45576465327846805
605,betaine (+1 -> +0),1.83,2.054951079515096,0.22495107951509574
606,bromoacetic acid (+0 -> -1),2.9,3.117656586809029,0.21765658680902922
607,(Bromomethyl)phosphonic acid (-1 -> -2),6.52,7.064993297622241,0.5449932976222414
608,(Bromomethyl)phosphonic acid (+0 -> -1),1.14,1.1855771640235764,0.04557716402357648
609,5-bromotetrazole (+0 -> -1),2.13,3.090345847377339,0.9603458473773392
610,2-bromotetronic acid (+0 -> -1),2.23,2.201948342841419,0.028051657158580934
611,caffeine (+1 -> +0),0.6,0.5846301543537136,0.015369845646286406
612,canaline (+2 -> +1),2.4,2.1395429408387363,0.2604570591612636
613,canaline (+1 -> +0),3.7,3.849189959040195,0.1491899590401946
614,canaline (+0 -> -1),9.2,9.655388289338372,0.45538828933837294
615,canavanine (+2 -> +1),2.5,1.5158723242223813,0.9841276757776187
616,canavanine (+1 -> +0),6.6,6.874229944331468,0.2742299443314682
617,canavanine (+0 -> -1),9.25,9.154061835160444,0.09593816483955564
618,carbamodithioic acid (+0 -> -1),2.95,2.3262520842421592,0.6237479157578409
619,carbamoylacetic acid (+0 -> -1),3.64,3.926810760004866,0.2868107600048657
620,carbamoyl-l-alanine (+0 -> -1),3.89,4.136207193035147,0.2462071930351466
621,carbamoyl-b-alanine (+0 -> -1),4.99,4.355432065156997,0.6345679348430036
622,carbamoylglycine (+0 -> -1),3.88,3.759169158793834,0.12083084120616583
623,carbendazim (+1 -> +0),4.53,4.116090116356933,0.41390988364306747
624,carnitine (+1 -> +0),3.8,3.1618648847153175,0.6381351152846824
625,6-chloro-1h-benzotriazole-1-ol (+0 -> -1),4.62,4.856213634879073,0.2362136348790731
626,chloroacetic acid (+0 -> -1),2.87,2.792115287034015,0.07788471296598498
627,chlorodifluoroacetic acid (+0 -> -1),0.46,0.1437686939432412,0.3162313060567588
628,chloromethylphosphonic acid (-1 -> -2),6.3,6.553364095322332,0.2533640953223326
629,chloromethylphosphonic acid (+0 -> -1),1.4,1.0486250996096613,0.3513749003903386
630,chloropropynoic acid (+0 -> -1),1.85,1.850818579088659,0.0008185790886590105
631,5-chlorotetrazole (+0 -> -1),2.07,1.9572694246922975,0.11273057530770236
632,cinchonine (+2 -> +1),4.04,4.125798663311268,0.08579866331126773
633,cinchonine (+1 -> +0),8.15,8.701702716988702,0.5517027169887019
634,cinnolinone (+1 -> +0),2.35,2.3612314056915293,0.01123140569152925
635,"cis-1,2-cyclohexanediamine (+2 -> +1)",6.43,7.171198352159425,0.741198352159425
636,"cis-1,2-cyclohexanediamine (+1 -> +0)",9.93,9.49789499002717,0.43210500997282963
637,"cis-cyclohexane-1,2-dicarboxylic acid (+0 -> -1)",4.34,4.657271677599759,0.31727167759975927
638,"cis-cyclohexane-1,2-dicarboxylic acid (-1 -> -2)",6.76,6.977240396354705,0.21724039635470493
639,"cis-1,3-cyclohexanedicarboxylic acid (-1 -> -2)",5.46,5.236260164523866,0.22373983547613374
640,"cis-1,3-cyclohexanedicarboxylic acid (+0 -> -1)",4.1,4.381320401494229,0.281320401494229
641,cis-3-chloroacrylic acid (+0 -> -1),3.65,3.7556223645105717,0.10562236451057183
642,cis-cinnamic acid (+0 -> -1),3.88,4.113713174776414,0.2337131747764145
643,"cis-2,3-oxiranedicarboxylic acid (-1 -> -2)",3.92,3.7352078983089134,0.1847921016910865
644,"cis-2,3-oxiranedicarboxylic acid (+0 -> -1)",1.93,2.0484806418205066,0.11848064182050666
645,2-chlorotetronic acid (+0 -> -1),2.13,2.1785938231236166,0.04859382312361671
646,codeine (+1 -> +0),8.22,8.240319611451099,0.020319611451098396
647,creatine (+1 -> +0),2.79,3.004754715178218,0.2147547151782181
648,creatine (+0 -> -1),12.07,12.387601197049445,0.317601197049445
649,creatinine (+1 -> +0),4.83,5.275690546593058,0.44569054659305785
650,cumene hydroperoxide (+0 -> -1),12.33,11.819520130953858,0.5104798690461418
651,cyanoacetic acid (+0 -> -1),2.46,2.191426587824858,0.26857341217514197
652,cyanoethylamine (+1 -> +0),7.7,8.003523570286067,0.3035235702860666
653,cyanomethylamine (+1 -> +0),5.34,4.980765803852296,0.35923419614770413
654,"cyclobutane-1,1-dicarboxylic acid (+0 -> -1)",3.01,2.941434571060954,0.0685654289390456
655,"cyclobutane-1,1-dicarboxylic acid (-1 -> -2)",5.55,5.5768843449595495,0.026884344959549722
656,"cis-cyclobutane-1,2-dicarboxylic acid (+0 -> -1)",3.9,4.040022121828268,0.140022121828268
657,"cis-cyclobutane-1,2-dicarboxylic acid (-1 -> -2)",5.89,6.45480265851291,0.5648026585129102
658,"trans-cyclobutane-1,2-dicarboxylic acid (+0 -> -1)",3.79,2.866527125667673,0.9234728743323268
659,"trans-cyclobutane-1,2-dicarboxylic acid (-1 -> -2)",5.61,6.309515891733064,0.6995158917330633
660,"cis-cyclobutane-1,3-dicarboxylic acid (+0 -> -1)",4.03,3.732214523899607,0.2977854761003931
661,"cis-cyclobutane-1,3-dicarboxylic acid (-1 -> -2)",5.3,6.126555557718961,0.8265555577189616
662,"trans-cyclobutane-1,3-dicarboxylic acid (+0 -> -1)",3.8,3.868965556435189,0.06896555643518898
663,"trans-cyclobutane-1,3-dicarboxylic acid (-1 -> -2)",5.28,5.498778945601221,0.2187789456012208
664,cyclobutanecarboxylic acid (+0 -> -1),4.79,5.220626906198521,0.43062690619852084
665,"trans-cyclohexane-1,4-dicarboxylic acid (+0 -> -1)",4.18,4.295038254314576,0.1150382543145767
666,"trans-cyclohexane-1,4-dicarboxylic acid (-1 -> -2)",5.42,5.515311438870744,0.09531143887074389
667,1-aminocyclohexane-1-carboxylic acid (+0 -> -1),10.03,10.160576969640243,0.13057696964024323
668,1-aminocyclohexane-1-carboxylic acid (+1 -> +0),2.65,2.316730190985669,0.3332698090143311
669,trans-2-amino-1-cyclohexanecarboxylic acid (+0 -> -1),10.21,9.005567841041927,1.204432158958074
670,trans-2-amino-1-cyclohexanecarboxylic acid (+1 -> +0),3.56,3.8819901438405564,0.32199014384055635
671,cyclohexylamine (+1 -> +0),10.64,10.871752707646952,0.231752707646951
672,"cyclopentane-1,1-dicarboxylic acid (+0 -> -1)",3.09,2.929332742062914,0.16066725793708603
673,"cyclopentane-1,1-dicarboxylic acid (-1 -> -2)",5.8,6.1280747609531145,0.3280747609531147
674,"trans-1,2-cyclopentane dicarboxylic acid (+0 -> -1)",3.96,3.6888393333883824,0.27116066661161753
675,"trans-1,2-cyclopentane dicarboxylic acid (-1 -> -2)",5.85,7.07667412567643,1.2266741256764302
676,"cis-cyclopentane-1,3-dicarboxylic acid (+0 -> -1)",4.23,4.248771570274094,0.01877157027409382
677,"cis-cyclopentane-1,3-dicarboxylic acid (-1 -> -2)",5.53,6.8627619010477865,1.3327619010477862
678,"trans-cyclopentane-1,3-dicarboxylic acid (+0 -> -1)",4.32,4.394923088905212,0.07492308890521215
679,"trans-cyclopentane-1,3-dicarboxylic acid (-1 -> -2)",5.42,5.625633986077218,0.20563398607721783
680,cyclopentylamine (+1 -> +0),10.65,10.620239483723969,0.029760516276031268
681,"cyclopropane-1,1-dicarboxylic acid (+0 -> -1)",1.68,2.402846770304417,0.722846770304417
682,"cyclopropane-1,1-dicarboxylic acid (-1 -> -2)",7.22,6.946269038859166,0.27373096114083406
683,"cis-cyclopropane-1,2-dicarboxylic acid (+0 -> -1)",3.33,3.4854339476287883,0.15543394762878826
684,"cis-cyclopropane-1,2-dicarboxylic acid (-1 -> -2)",6.47,6.020349087710566,0.44965091228943344
685,"trans-cyclopropane-1,2-dicarboxylic acid (+0 -> -1)",3.65,3.491432201467582,0.1585677985324181
686,"trans-cyclopropane-1,2-dicarboxylic acid (-1 -> -2)",5.13,5.124721118204423,0.005278881795576673
687,cyclopropanecarboxylic acid (+0 -> -1),4.83,4.707904827916554,0.122095172083446
688,cysteine  (-1 -> -2),10.76,10.37933713714985,0.3806628628501496
689,cysteine  (+1 -> +0),1.98,1.6091060342354595,0.3708939657645405
690,cysteine  (+0 -> -1),8.38,8.47184324529709,0.09184324529709009
691,cysteamine (+1 -> +0),8.23,9.100111082257307,0.8701110822573064
692,cysteamine (+0 -> -1),10.53,10.030998863083777,0.49900113691622217
693,cysteine methyl ester (+1 -> +0),6.38,6.157834262111314,0.22216573788868565
694,cysteine methyl ester (+0 -> -1),9.17,9.928540151505292,0.7585401515052919
695,cytosine (+1 -> +0),4.58,4.281315611753722,0.2986843882462784
696,cytosine (+0 -> -1),12.15,12.07038180396367,0.07961819603633025
697,"1,4-Diazabicyclo[2.2.2]octane (+2 -> +1)",2.97,3.0729944920579806,0.10299449205798039
698,"1,4-Diazabicyclo[2.2.2]octane (+1 -> +0)",8.82,9.617450800412398,0.7974508004123972
699,dibromoacetic acid (+0 -> -1),1.39,1.3043355493931772,0.0856644506068227
700,dibromosuccinic acid (+0 -> -1),1.48,0.7220366551855673,0.7579633448144327
701,dichloroacetic acid (+0 -> -1),1.26,1.5740516612906674,0.3140516612906674
702,dichloromethylphosphonic acid (-1 -> -2),5.58,5.380418441357483,0.19958155864251736
703,dichloromethylphosphonic acid (+0 -> -1),0.7,-0.206865963642616,0.906865963642616
704,"(R,R)-2,3-Dichlorosuccinic acid (+0 -> -1)",1.68,1.47804819146684,0.20195180853315997
705,"(R,R)-2,3-Dichlorosuccinic acid (-1 -> -2)",3.18,2.6990316913329337,0.4809683086670664
706,dicyclohexylamine (+1 -> +0),11.25,10.930642897059204,0.31935710294079556
707,dicyclopentylamine (+1 -> +0),10.93,11.442156890970754,0.5121568909707541
708,difluoroacetic acid (+0 -> -1),1.33,1.5143375511755819,0.18433755117558182
709,dihydroxymaleic acid (+0 -> -1),1.1,0.8368995400782575,0.2631004599217426
710,diisopropylamine (+1 -> +0),11.12,11.316442514521164,0.19644251452116457
711,dimethylamine (+1 -> +0),10.77,10.728483152110488,0.041516847889511155
712,[4-(dimethylamino)phenyl]phosphonic acid (-1 -> -2),7.35,7.801001514931535,0.4510015149315354
713,[4-(dimethylamino)phenyl]phosphonic acid (+1 -> +0),2.0,1.5444456101698165,0.4555543898301835
714,[4-(dimethylamino)phenyl]phosphonic acid (+0 -> -1),4.2,4.6821116650964285,0.48211166509642833
715,dimethylcyclohexylamine (+1 -> +0),10.7,10.391202275699445,0.30879772430055397
716,2-methylpropanethiol (+0 -> -1),11.22,11.243075734106977,0.023075734106976498
717,dimethylglyoxime (+0 -> -1),10.6,11.411745079430073,0.8117450794300733
718,"1,2-dimethylguanidine (+1 -> +0)",13.6,12.793384750112306,0.8066152498876935
719,dimethylisopropylamine (+1 -> +0),9.91,10.393417927638987,0.48341792763898717
720,dimethylmalonic acid (-1 -> -2),5.68,5.963213394530304,0.28321339453030436
721,dimethylmalonic acid (+0 -> -1),3.01,3.1538478667512537,0.14384786675125394
722,"1,4-dimethylpiperazine (+2 -> +1)",4.63,4.252447261129023,0.3775527388709765
723,"1,4-dimethylpiperazine (+1 -> +0)",8.54,8.7384586786428,0.1984586786428011
724,dimethyl phosphoric acid (+0 -> -1),0.76,0.04963795424447426,0.7103620457555258
725,dinitromethane (+0 -> -1),3.63,3.450667611261962,0.1793323887380378
726,diphenylacetic acid (+0 -> -1),3.94,3.959707120949549,0.019707120949548962
727,diphenylamine (+1 -> +0),0.9,1.3110035307094945,0.41100353070949447
728,dithioerythritol (+0 -> -1),9.5,7.4391275659129725,2.0608724340870275
729,dopamine (+1 -> +0),8.87,9.744696354542427,0.8746963545424276
730,dopamine (+0 -> -1),10.63,9.188161904668238,1.4418380953317627
731,ecgonine (+0 -> -1),10.21,9.535496452729642,0.6745035472703584
732,d-ephedrine (+1 -> +0),9.54,9.122154286356214,0.41784571364378564
733,"1,2-ethanedithiol (-1 -> -2)",10.54,10.510530098341789,0.029469901658210063
734,"1,2-ethanedithiol (+0 -> -1)",8.96,9.816272074083395,0.8562720740833942
735,ethanethiol (+0 -> -1),10.61,10.585254026829208,0.024745973170791302
736,ethanol (+0 -> -1),15.9,15.34857319734179,0.5514268026582112
737,ethanolamine (+1 -> +0),9.5,8.875784100593396,0.6242158994066038
738,cyanoethylamine (+1 -> +0),10.63,10.751988279208888,0.12198827920888711
739,ethyleneglycol (+0 -> -1),14.77,15.471749754004549,0.701749754004549
740,ethyl hydroperoxide (+0 -> -1),11.8,11.735913957281962,0.06408604271803853
741,ethylphosphinic acid (+0 -> -1),3.29,3.48880524906692,0.1988052490669201
742,formylglycine (+0 -> -1),3.43,3.233449604179924,0.19655039582007605
743,difluoroacetic acid (+0 -> -1),2.58,3.1250178932079047,0.5450178932079046
744,formic acid (+0 -> -1),3.75,3.4761290287661666,0.2738709712338334
745,gallic acid (+0 -> -1),4.21,4.0848926274349715,0.12510737256502846
746,glutamic acid (+1 -> +0),2.19,2.3475497252169983,0.1575497252169984
747,glutamic acid (+0 -> -1),4.25,3.952544739178374,0.2974552608216259
748,glutamic acid (-1 -> -2),9.67,10.318707418739361,0.6487074187393613
749,glutamine (+0 -> -1),9.13,8.833422183781046,0.29657781621895474
750,glutamine (+1 -> +0),2.17,2.4785431808767147,0.30854318087671473
751,glutarimide (+0 -> -1),11.43,10.700107896459944,0.7298921035400561
752,glyceric acid (+0 -> -1),3.64,3.0537945436048197,0.5862054563951804
753,glycolic acid (+0 -> -1),3.83,3.917154554096129,0.08715455409612893
754,glycylalanine (+1 -> +0),3.15,3.0364759782869424,0.11352402171305753
755,glycylalanine (+0 -> -1),8.33,8.282496245185811,0.04750375481418878
756,glycylglycylglycine (+1 -> +0),3.38,2.7021924407322606,0.6778075592677393
757,glycylglycylglycine (+0 -> -1),7.88,8.103884021426119,0.22388402142611863
758,glycylglycine (+1 -> +0),3.13,2.8572332650711267,0.27276673492887316
759,glycylglycine (+0 -> -1),8.25,8.535083608438288,0.2850836084382884
760,glycyl-proline (+1 -> +0),2.81,3.25678712436401,0.4467871243640098
761,glycyl-proline (+0 -> -1),8.65,8.45324124987949,0.19675875012051058
762,glycyl-serine (+1 -> +0),2.98,2.8278164884678754,0.15218351153212462
763,glycyl-serine (+0 -> -1),8.38,8.198150411404246,0.18184958859575495
764,glycyltyrosine (+1 -> +0),2.93,3.1164875788888606,0.18648757888886047
765,glycyltyrosine (+0 -> -1),8.45,7.527652768232855,0.9223472317671444
766,glycyltyrosine (-1 -> -2),10.49,10.456258891734844,0.03374110826515597
767,glycyl-valine (+1 -> +0),3.15,2.768195850388068,0.381804149611932
768,glycyl-valine (+0 -> -1),8.18,8.433087391783257,0.25308739178325723
769,glycine (+1 -> +0),2.34,2.687872907609254,0.34787290760925416
770,glycine (+0 -> -1),9.6,9.45710198892096,0.14289801107903877
771,glycineamide (+1 -> +0),8.03,7.633110080489758,0.3968899195102411
772,glycine methylester (+1 -> +0),7.59,7.419746591483289,0.1702534085167109
773,glycinehydroxamic acid (+1 -> +0),7.1,7.533376146266274,0.43337614626627463
774,glycinehydroxamic acid (+0 -> -1),9.1,8.889072337783883,0.21092766221611647
775,"4,4,4-trifluorocrotonic acid (+0 -> -1)",3.36,3.0608904688475063,0.2991095311524936
776,guanidine (+1 -> +0),13.6,12.221819716822946,1.3781802831770538
777,guanidineacetic acid (+1 -> +0),2.81,3.2723569541470825,0.46235695414708244
778,guanine (-1 -> -2),12.3,12.365963161743398,0.06596316174339734
779,harmine (+1 -> +0),7.45,7.573420441108915,0.12342044110891504
780,heroin (+1 -> +0),7.6,7.552538417063203,0.04746158293679681
781,hexafluoro-2-propanol (+0 -> -1),9.42,9.047417721660427,0.37258227833957314
782,hippuric acid (+0 -> -1),3.65,3.7274308337110043,0.07743083371100434
783,histidine (+2 -> +1),1.82,1.9641426652840845,0.14414266528408448
784,histidine (+1 -> +0),6.0,6.173807128104403,0.17380712810440269
785,histidine (+0 -> -1),9.17,8.830632256816603,0.3393677431833968
786,homocysteine (-1 -> -2),10.86,10.680207958311389,0.17979204168861074
787,homocysteine (+1 -> +0),2.22,2.565739030480689,0.34573903048068866
788,homocysteine (+0 -> -1),8.87,8.965895862237073,0.09589586223707336
789,homogentistic acid (+0 -> -1),4.4,3.806925811305848,0.5930741886941524
790,homoserine (+1 -> +0),2.71,2.116518097387914,0.5934819026120861
791,homoserine (+0 -> -1),9.72,8.674518924873286,1.0454810751267143
792,hydantoin (+0 -> -1),9.12,9.06519042520187,0.054809574798129646
793,hypoxanthine (+1 -> +0),1.19,2.196426562581859,1.0064265625818591
794,hypoxanthine (+0 -> -1),8.5,9.000353485651626,0.5003534856516261
795,imidazole (+1 -> +0),6.95,6.6184716934812515,0.33152830651874865
796,imidazole (+0 -> -1),14.17,13.151974336742494,1.0180256632575055
797,indazole (+1 -> +0),1.25,1.5986049899883623,0.3486049899883623
798,indazole (+0 -> -1),13.9,13.135471250121217,0.7645287498787834
799,indoline (+1 -> +0),4.9,5.189585902060706,0.2895859020607059
800,iodoacetic acid (+0 -> -1),3.18,3.182448186619947,0.002448186619946835
801,isoasparagine (+1 -> +0),2.97,2.7962548043099176,0.17374519569008262
802,isoasparagine (+0 -> -1),8.02,8.063505330653303,0.04350533065330353
803,isoglutamine (+1 -> +0),3.81,4.22751591795712,0.4175159179571195
804,isoglutamine (+0 -> -1),7.88,7.462411863057049,0.4175881369429506
805,isohistamine (+2 -> +1),6.04,5.705568416579736,0.33443158342026447
806,isohistamine (+1 -> +0),9.27,9.351597975964259,0.0815979759642591
807,isoleucine (+1 -> +0),2.36,2.643082487909431,0.2830824879094309
808,isoleucine (+0 -> -1),9.68,9.50621207403319,0.1737879259668098
809,lysergic acid (+1 -> +0),3.44,3.3605851684045724,0.0794148315954275
810,lysergic acid (+0 -> -1),7.68,7.64818815981258,0.03181184018741945
811,isopropylamine (+1 -> +0),10.64,10.44112145536748,0.19887854463252097
812,isopropylmalonic acid (-1 -> -2),5.88,5.906078657471745,0.026078657471745537
813,isopropylmalonic acid (+0 -> -1),2.94,2.2528385926253662,0.6871614073746337
814,isopropylphofphinic acid (+0 -> -1),3.56,3.3483214495305473,0.21167855046945272
815,isoquinoline (+1 -> +0),5.4,5.363215873383405,0.03678412661659536
816,isoretronecanol (+1 -> +0),10.83,10.55859552879738,0.27140447120262046
817,isothiazole (+1 -> +0),-0.5,-0.07838317401638761,0.4216168259836124
818,d-isoserine (+1 -> +0),2.72,2.468074087884861,0.25192591211513937
819,d-isoserine (+0 -> -1),9.25,8.959901963559606,0.2900980364403942
820,isovanillin (+0 -> -1),8.89,9.206974557792098,0.31697455779209704
821,itaconic acid (-1 -> -2),5.45,5.62684027374684,0.17684027374683975
822,itaconic acid (+0 -> -1),3.63,3.2052002585806036,0.42479974141939625
823,lactic acid (+0 -> -1),3.86,5.028610103490159,1.1686101034901593
824,leucine (+1 -> +0),2.33,2.605877888675045,0.27587788867504504
825,leucine (+0 -> -1),9.6,9.292957122934556,0.3070428770654434
826,lumazine (+0 -> -1),7.92,7.583973154235759,0.33602684576424124
827,isolysergic acid (+1 -> +0),3.33,2.6050845335213912,0.7249154664786088
828,isolysergic acid (+0 -> -1),8.46,9.23133679378527,0.7713367937852684
829,lysine (+2 -> +1),2.18,1.6910128050957107,0.48898719490428944
830,lysine (+1 -> +0),8.94,9.43655626928507,0.4965562692850707
831,lysine (+0 -> -1),10.53,10.255536537044296,0.274463462955703
832,m-acetylaniline (+1 -> +0),3.58,3.548596090633872,0.031403909366128246
833,m-acetylphenol (+0 -> -1),9.19,9.254925310218052,0.0649253102180527
834,m-aminophenol (+0 -> -1),9.87,9.98181139507572,0.11181139507572091
835,m-chlorobenzoic acid (+0 -> -1),3.83,3.6111476731430097,0.2188523268569904
836,m-chlorophenol (+0 -> -1),9.1,8.914683854189501,0.18531614581049816
837,m-chloraniline (+1 -> +0),3.52,3.518735864517799,0.0012641354822009454
838,m-cresol (+0 -> -1),10.0,10.201820769795244,0.2018207697952441
839,m-cyanobenzoic acid (+0 -> -1),3.6,3.5608453058508323,0.039154694149167835
840,m-cyanophenol (+0 -> -1),8.61,8.698368828881922,0.08836882888192221
841,m-fluorobenzoic acid (+0 -> -1),3.87,3.8317419934051067,0.03825800659489342
842,m-fluorophenol (+0 -> -1),9.29,9.128917566937002,0.1610824330629974
843,m-hydroxybenzoic acid (+0 -> -1),4.08,3.934493831968405,0.145506168031595
844,m-hydroxybenzoic acid (-1 -> -2),9.85,9.666777045838732,0.183222954161268
845,m-hydroxyphenol (+0 -> -1),9.2,9.438814751482626,0.23881475148262687
846,m-hydroxyphenol (-1 -> -2),10.9,10.99264738745769,0.0926473874576903
847,m-methoxybenzoic acid (+0 -> -1),4.08,3.8941632025179462,0.18583679748205384
848,m-methoxyphenol (+0 -> -1),9.65,9.495086604868629,0.1549133951313717
849,m-methylbenzoic acid (+0 -> -1),4.27,4.144282592675913,0.12571740732408632
850,m-nitroaniline (+1 -> +0),2.5,2.4065227580131365,0.09347724198686347
851,m-nitrobenzoic acid (+0 -> -1),3.46,3.566242544522093,0.10624254452209314
852,m-nitrophenol (+0 -> -1),8.36,8.407329796436606,0.04732979643660684
853,m-phenylphenol (+0 -> -1),9.63,9.21404453924936,0.4159554607506415
854,m-trifluoromethylaniline (+1 -> +0),3.5,2.9292414885372073,0.5707585114627927
855,maleic acid (+0 -> -1),1.92,1.907059393036394,0.012940606963605994
856,maleic acid (-1 -> -2),6.23,5.924243053739946,0.305756946260054
857,malic acid (+0 -> -1),3.46,3.2488461411442175,0.21115385885578242
858,malic acid (-1 -> -2),5.1,4.838855493729843,0.2611445062701563
859,malonic acid (+0 -> -1),2.7,2.3193272226559563,0.3806727773440439
860,malonic acid (-1 -> -2),5.26,6.17444751817667,0.9144475181766705
861,mandelic acid (+0 -> -1),3.4,2.9057733581884593,0.49422664181154063
862,m-anisidine (+1 -> +0),4.2,4.1197305766771475,0.0802694233228527
863,m-Benzbetaine (+1 -> +0),3.217,3.102558204686342,0.11444179531365828
864,mercaptopurine (+0 -> -1),7.77,7.81629378693188,0.04629378693188002
865,mesaconic acid (+0 -> -1),3.09,2.756579824547112,0.33342017545288805
866,mesaconic acid (-1 -> -2),4.75,4.891498842935498,0.14149884293549775
867,meso-dibromosuccinic acid (+0 -> -1),1.42,2.739970778672201,1.319970778672201
868,meso-dibromosuccinic acid (-1 -> -2),2.97,2.444594897528698,0.5254051024713022
869,dichlorosuccinic acid (+0 -> -1),1.74,2.0355394946303464,0.29553949463034646
870,dichlorosuccinic acid (-1 -> -2),3.24,2.8852267395392275,0.35477326046077273
871,"meso-2,3-dimethylsuccinic acid (+0 -> -1)",3.77,3.99342330036076,0.2234233003607602
872,"meso-2,3-dimethylsuccinic acid (-1 -> -2)",5.36,5.737527173469172,0.3775271734691721
873,methacrylic acid (+0 -> -1),4.66,4.430105722189179,0.22989427781082128
874,methanethiol (+0 -> -1),10.7,10.235977027816201,0.4640229721837983
875,methanol (+0 -> -1),15.54,16.312056767883217,0.7720567678832175
876,methionine (+1 -> +0),2.28,2.063231749447926,0.21676825055207383
877,methionine (+0 -> -1),9.21,9.598809584906597,0.38880958490659623
878,methoxyacetic acid (+0 -> -1),3.57,3.105793211843415,0.4642067881565848
879,4-methoxyphenylphosphonic acid (+0 -> -1),2.4,2.157709624481174,0.24229037551882593
880,4-methoxyphenylphosphonic acid (-1 -> -2),7.15,7.4479716854474525,0.2979716854474521
881,trimethylamine (+1 -> +0),10.62,10.552472137092924,0.06752786290707569
882,1-methylazetidine (+1 -> +0),10.4,10.632122212319597,0.23212221231959695
883,methylguanidine (+1 -> +0),13.4,12.79569432893869,0.6043056710613097
884,methylphosphinic acid (+0 -> -1),3.08,3.109360160985143,0.029360160985143047
885,methylphosphonic acid (+0 -> -1),2.38,2.7862613374624345,0.40626133746243465
886,methylphosphonic acid (-1 -> -2),7.74,7.914083253235393,0.1740832532353931
887,methylphosphoric (+0 -> -1),1.54,2.2863370207684914,0.7463370207684914
888,methylphosphoric (-1 -> -2),6.31,5.121031071850206,1.1889689281497935
889,methylpiperidine (+1 -> +0),10.19,10.124889627309564,0.06511037269043563
890,methylpyrrolidine (+1 -> +0),10.46,10.35346032826111,0.10653967173889001
891,methylsulfonylacetic acid (+0 -> -1),2.36,2.2301372017194856,0.12986279828051428
892,methyltetrazole (+0 -> -1),5.5,5.7545661596549635,0.25456615965496354
893,morphine (+1 -> +0),8.21,8.30379351305979,0.09379351305979
894,morpholine (+1 -> +0),8.43,9.201893573446972,0.7718935734469721
895,m-phthalic acid (+0 -> -1),3.7,3.6439985464775617,0.05600145352243846
896,m-phthalic acid (-1 -> -2),4.6,4.6359472043943475,0.03594720439434784
897,m-thiocresol (+0 -> -1),6.58,6.493769429072035,0.08623057092796493
898,m-methylaniline (+1 -> +0),4.69,4.807766129955403,0.11776612995540248
899,myosmine (+1 -> +0),5.26,5.551560549747044,0.29156054974704393
900,"1,2-dimethylpiperidine (+1 -> +0)",10.26,10.309961968266506,0.04996196826650667
901,"1,2-dimethylpyrrolidine (+1 -> +0)",10.26,9.893962752186873,0.36603724781312685
902,n-acetylalanine (+0 -> -1),3.72,3.7362614333386395,0.016261433338639275
903,n-acetyl-b-alanine (+0 -> -1),4.46,4.663229691233939,0.20322969123393886
904,n-acetylpenicillamine (+0 -> -1),9.9,9.054901600756335,0.8450983992436658
905,acetylglycine (+0 -> -1),3.67,3.581547972584268,0.0884520274157321
906,n-acetylimidazole (+1 -> +0),3.6,3.4184862766956563,0.1815137233043438
907,n-acetyltetramethylguanidine (+1 -> +0),9.1,9.866568382182523,0.7665683821825233
908,n-acetyltrimethylguanidine (+1 -> +0),8.93,8.92181328600418,0.008186713995819161
909,naphthimidazole (+1 -> +0),5.16,5.166944133778198,0.006944133778198136
910,naphthohydroquinone (+0 -> -1),9.37,10.752812674382032,1.3828126743820324
911,naphthohydroquinone (-1 -> -2),10.93,10.850483859673862,0.07951614032613818
912,naphthochinonoxim (+0 -> -1),8.01,8.395856268845504,0.3858562688455045
913,n-benzoylpiperazine (+1 -> +0),7.75,7.9206277672049366,0.17062776720493655
914,nicotine (+2 -> +1),3.13,3.303985505365481,0.17398550536548107
915,nicotine (+1 -> +0),8.11,7.489079542430606,0.6209204575693938
916,n-isopropylaniline (+1 -> +0),5.5,5.65448776773098,0.15448776773097972
917,6-nitrobenzotriazole n-oxide (+0 -> -1),2.75,2.772423906074197,0.022423906074196864
918,nitroacetic acid (+0 -> -1),1.68,1.874891054373136,0.19489105437313614
919,nitroethane (+0 -> -1),8.57,9.565426693393722,0.9954266933937213
920,nitromesitol (+0 -> -1),8.98,9.219700140499267,0.23970014049926647
921,nitromethane (+0 -> -1),10.12,10.633618973445405,0.5136189734454053
922,nitrourea (+0 -> -1),4.15,3.734596530079833,0.4154034699201672
923,n-methylalanine (+1 -> +0),2.22,1.83787222037326,0.38212777962674016
924,n-methylalanine (+0 -> -1),10.19,10.091658332851793,0.09834166714820647
925,n-methylaniline (+1 -> +0),4.85,4.38501630276586,0.4649836972341399
926,1-methylaziridine (+1 -> +0),7.86,7.472041552892791,0.3879584471072093
927,1-methylindazole (+1 -> +0),0.4,1.0145576100021012,0.6145576100021012
928,n-methylbenzimidazole (+1 -> +0),5.24,5.474877867843111,0.23487786784311115
929,methylmethoxyamine (+1 -> +0),4.75,5.188089708988347,0.43808970898834687
930,n-methylmorpholine (+1 -> +0),7.41,7.661739002476746,0.25173900247674563
931,"n,n-dimethylglycylglycine (+1 -> +0)",3.11,3.1492991807577964,0.03929918075779648
932,"n,n-dimethylglycylglycine (+0 -> -1)",8.09,6.980342543158837,1.1096574568411626
933,"n,n-dimethyl-o-toluidine (+1 -> +0)",5.86,5.577706029498096,0.28229397050190475
934,nn-dimethyl-p-toluidine (+1 -> +0),5.5,5.222307249697066,0.2776927503029336
935,"n,n dimethylaniline (+1 -> +0)",5.15,5.205893240542397,0.05589324054239686
936,"n,n dimethylglycine (+1 -> +0)",2.15,2.026972377403588,0.12302762259641176
937,"n,n dimethylglycine (+0 -> -1)",9.94,9.341439783418455,0.5985602165815447
938,noradrenaline (+1 -> +0),8.64,8.402858677197752,0.2371413228022483
939,noradrenaline (+0 -> -1),9.7,9.869933521910855,0.1699335219108562
940,o-acetylaniline (+1 -> +0),2.3,2.4804863604377525,0.18048636043775268
941,o-chlorophenol (+0 -> -1),8.55,8.288193182393382,0.26180681760661884
942,o-chloraniline (+1 -> +0),2.64,2.682755579165244,0.04275557916524386
943,o-cresol (+0 -> -1),10.26,9.801221117880996,0.4587788821190042
944,o-fluorobenzoic acid (+0 -> -1),3.27,3.87332804921365,0.6033280492136499
945,o-hydroxyphenol (+0 -> -1),9.4,9.171705202716975,0.22829479728302537
946,o-hydroxyphenol (-1 -> -2),12.4,11.867046161663087,0.5329538383369137
947,o-methoxyphenol (+0 -> -1),9.99,9.639273345790993,0.35072665420900684
948,o-methylbenzoate (+0 -> -1),3.9,4.206505178775215,0.3065051787752151
949,o-methylisourea (+1 -> +0),9.72,9.898602618146764,0.1786026181467637
950,o-methylthreonine (+1 -> +0),2.02,1.7999696335339364,0.22003036646606366
951,o-methylthreonine (+0 -> -1),9.0,9.385065818085284,0.38506581808528395
952,o-methyltyrosine (+1 -> +0),2.21,2.372975249924404,0.16297524992440415
953,o-methyltyrosine (+0 -> -1),9.35,9.373481426936316,0.02348142693631594
954,o-nitroaniline (+1 -> +0),-0.28,-0.286024841170625,0.006024841170624962
955,o-nitrophenol (+0 -> -1),7.22,7.165586806067325,0.05441319393267463
956,o-anisidine (+1 -> +0),4.53,4.431351556615345,0.09864844338465506
957,o-fluorophenol (+0 -> -1),8.73,8.663527093359328,0.06647290664067285
958,o-methoxybenzoic acid (+0 -> -1),4.09,4.128833898763858,0.03883389876385834
959,o-phthalic acid (+0 -> -1),2.95,3.4253458824819347,0.47534588248193455
960,o-phthalic acid (-1 -> -2),5.41,5.410210020667754,0.00021002066775377415
961,ornithine (+2 -> +1),1.94,2.4995770683605816,0.5595770683605816
962,ornithine (+1 -> +0),8.65,7.600421099203917,1.0495789007960834
963,ornithine (+0 -> -1),10.76,10.741975764699655,0.018024235300345026
964,o-toluidine (+1 -> +0),4.45,4.125851397138156,0.3241486028618441
965,oxalic acid (-1 -> -2),4.27,4.528209542569125,0.25820954256912554
966,oxalic acid (+0 -> -1),1.28,1.0919587713243484,0.18804122867565165
967,oxazole (+1 -> +0),0.8,1.099383655823078,0.299383655823078
968,p-acetylphenol (+0 -> -1),8.05,7.9431466283436425,0.10685337165635822
969,p-aminophenol (+0 -> -1),10.3,10.651003789860932,0.35100378986093084
970,p-aminophenol (+1 -> +0),5.48,5.519512118064597,0.039512118064596535
971,p-chlorobenzoic acid (+0 -> -1),3.99,4.007677131014996,0.017677131014996128
972,p-chlorophenol (+0 -> -1),9.43,9.563029426985533,0.13302942698553366
973,p-chloraniline (+1 -> +0),3.99,3.9217165351597885,0.06828346484021175
974,p-cresol (+0 -> -1),10.26,10.172775764544692,0.08722423545530766
975,p-cyanobenzoic acid (+0 -> -1),3.55,3.6225197180041926,0.07251971800419277
976,p-cyanophenol (+0 -> -1),7.95,7.8906886048212455,0.05931139517875472
977,p-fluorobenzoic acid (+0 -> -1),4.14,4.160812176158888,0.02081217615888864
978,p-fluorophenol (+0 -> -1),9.89,9.85959547838895,0.030404521611050228
979,p-hydroxybenzoic acid (-1 -> -2),9.23,9.163340950062857,0.06665904993714378
980,p-hydroxybenzoic acid (+0 -> -1),4.58,4.321941977629531,0.25805802237046915
981,p-hydroxyphenol (+0 -> -1),9.91,10.330768131694608,0.4207681316946079
982,p-hydroxyphenol (-1 -> -2),12.04,11.954705931655813,0.08529406834418651
983,4-methylmercaptophenol (+0 -> -1),9.53,9.016919369999112,0.5130806300008874
984,p-methoxybenzoic acid (+0 -> -1),4.49,4.496655985040956,0.00665598504095577
985,p-methoxyphenol (+0 -> -1),10.2,9.860914583063536,0.339085416936463
986,p-methylbenzoic acid (+0 -> -1),4.36,4.257066200312035,0.1029337996879649
987,p-nitroaniline (+1 -> +0),1.01,0.9706266928749052,0.03937330712509479
988,p-nitro-benzoic acid (+0 -> -1),3.44,3.578426666304792,0.13842666630479217
989,p-nitrophenol (+0 -> -1),7.15,6.667767604032294,0.4822323959677064
990,p-phenylphenol (+0 -> -1),9.55,9.792910315074682,0.2429103150746812
991,p-trifluoromethylaniline (+1 -> +0),2.6,3.0058473946346194,0.4058473946346193
992,p-anisidine (+1 -> +0),5.36,5.2576384394664855,0.10236156053351486
993,p-benzbetaine (+1 -> +0),3.25,2.760725417884127,0.4892745821158728
994,perimidine (+1 -> +0),6.35,6.117537173582451,0.23246282641754856
995,perlolidine (+1 -> +0),4.01,4.389285636616052,0.37928563661605263
996,perlolidine (+0 -> -1),11.39,10.730497041402518,0.6595029585974821
997,peroxyacetic acid (+0 -> -1),8.2,7.255226347401056,0.9447736525989434
998,phenylalanine (+1 -> +0),1.83,1.9622863738718053,0.1322863738718052
999,phenylalanine (+0 -> -1),9.83,9.205578573204033,0.6244214267959673
1000,phenanthridine (+1 -> +0),4.52,4.6029695403222055,0.08296954032220594
1001,phenazine (+1 -> +0),1.2,1.243632806906116,0.04363280690611604
1002,phenol (+0 -> -1),9.99,9.904070270695723,0.08592972930427756
1003,phenoxyacetate (+0 -> -1),3.71,3.3418068231989304,0.36819317680106955
1004,phenylacetic (+0 -> -1),4.31,4.104002797148843,0.2059972028511563
1005,phenylhydrazine (+1 -> +0),5.2,6.119852427242029,0.919852427242029
1006,phenylmalonic acid (-1 -> -2),5.59,5.679901347403624,0.08990134740362432
1007,phenylmalonic acid (+0 -> -1),2.52,2.158738186218078,0.3612618137819221
1008,phenylphosphonic acid (+0 -> -1),2.1,2.6261809661353857,0.5261809661353856
1009,phosphoramidic acid (-1 -> -2),8.25,8.02635229964336,0.22364770035663994
1010,phosphoramidic acid (+0 -> -1),2.83,2.5239780871395885,0.3060219128604116
1011,phthalazine (+1 -> +0),3.47,3.747214744863146,0.2772147448631457
1012,phtalimide (+0 -> -1),8.3,8.546276059414513,0.24627605941451236
1013,physostigmine (+1 -> +0),7.88,7.941207325234906,0.06120732523490613
1014,picolinic acid (+1 -> +0),1.01,0.9382566876239622,0.07174331237603782
1015,picolinic acid (+0 -> -1),5.32,5.316351296808396,0.0036487031916045964
1016,picric acid (+0 -> -1),0.42,1.7681383538341482,1.3481383538341483
1017,piperazine (+2 -> +1),5.33,5.18223843286878,0.14776156713122024
1018,piperazine (+1 -> +0),9.73,9.672029576044242,0.05797042395575858
1019,piperidine (+1 -> +0),11.12,11.183142120998014,0.0631421209980143
1020,p-phenoxybenzoic acid (+0 -> -1),4.52,3.7602335524228554,0.7597664475771442
1021,p-phthalic acid (+0 -> -1),3.54,3.387096153575146,0.152903846424854
1022,p-phthalic acid (-1 -> -2),4.46,4.11944519962674,0.34055480037326014
1023,proline (+1 -> +0),1.99,1.8246311027649327,0.1653688972350673
1024,proline (+0 -> -1),10.6,10.85754571063364,0.2575457106336412
1025,2-oxopropanoic acid (+0 -> -1),4.87,4.54238729935944,0.32761270064056003
1026,propargylalcohol (+0 -> -1),13.55,14.179407874502797,0.629407874502796
1027,propiolic acid (+0 -> -1),1.88,1.808542237744578,0.071457762255422
1028,pseudotropine (+1 -> +0),9.86,10.15208642659314,0.29208642659314066
1029,p-thiocresol (+0 -> -1),6.52,6.471588559597517,0.04841144040248224
1030,p-toluidine (+1 -> +0),5.08,4.878590977895068,0.20140902210493206
1031,p-tolyl-phosphonic acid (+0 -> -1),1.84,1.7002397534826574,0.13976024651734265
1032,p-tolyl-phosphonic acid (-1 -> -2),7.33,7.231693009584696,0.09830699041530444
1033,purine (+0 -> -1),8.92,8.898127234550937,0.02187276544906247
1034,pyrazinone (+1 -> +0),0.6,1.2460792264763576,0.6460792264763576
1035,"3,6-dimethylpyridazine (+1 -> +0)",2.33,2.792757511658376,0.462757511658376
1036,pyridine (+1 -> +0),5.17,5.29085031587325,0.12085031587325012
1037,"pyridine-2,6-dicarboxylic acid (+0 -> -1)",2.22,0.5299681139038475,1.6900318860961527
1038,"pyridine-2,6-dicarboxylic acid (-1 -> -2)",5.22,6.067387727208433,0.8473877272084334
1039,pyridine-1-oxide (+1 -> +0),0.69,0.7928529311494481,0.10285293114944816
1040,pyrimidinamine (+1 -> +0),1.3,1.7676449329778414,0.4676449329778414
1041,pyrrole-2-carboxylic acid (+0 -> -1),4.43,4.321793079650557,0.1082069203494429
1042,pyrrole 3-carboxylic acid (+0 -> -1),5.07,5.42932315545708,0.35932315545707993
1043,pyrrolidine (+1 -> +0),11.31,10.73556430581942,0.5744356941805808
1044,methyl quinazoline (+1 -> +0),1.95,2.1278599225840686,0.17785992258406869
1045,quinidine (+2 -> +1),4.2,3.977884989440902,0.2221150105590981
1046,quinidine (+1 -> +0),8.8,8.334408329113726,0.4655916708862744
1047,quinine (+2 -> +1),4.33,4.055330499539089,0.2746695004609112
1048,quinine (+1 -> +0),8.59,8.638685910062147,0.048685910062147286
1049,quinoline (+1 -> +0),4.8,4.883199714883358,0.08319971488335831
1050,quinoxalinone (+1 -> +0),0.72,0.7153463146318897,0.004653685368110283
1051,rubeanic (+0 -> -1),10.89,10.34127297168634,0.5487270283136603
1052,s-methylisothiourea (+1 -> +0),9.83,9.365889978790705,0.46411002120929545
1053,saccharin (+0 -> -1),2.32,2.215153987809024,0.104846012190976
1054,salicylic (-1 -> -2),12.38,13.196778395523868,0.8167783955238672
1055,salicylic (+0 -> -1),2.78,2.841348768827338,0.061348768827337974
1056,sarcosin (+1 -> +0),2.12,2.208569671497761,0.08856967149776107
1057,sarcosin (+0 -> -1),10.2,9.889861573646662,0.3101384263533369
1058,sarcosinamide (+1 -> +0),8.02,7.771724451146453,0.2482755488535462
1059,sarcosine dimethylamide (+1 -> +0),8.86,8.678090688149464,0.18190931185053572
1060,sarcosine methylamide (+1 -> +0),8.28,7.827595768856755,0.4524042311432446
1061,semicarbazide (+1 -> +0),3.53,3.9887406351306796,0.45874063513067975
1062,serine (+1 -> +0),2.21,2.2850731060563767,0.07507310605637674
1063,serine (+0 -> -1),9.15,8.814627538097234,0.33537246190276626
1064,serine methyl ester (+1 -> +0),7.03,6.762049762369947,0.2679502376300533
1065,sparteine (+2 -> +1),4.49,4.298386836927463,0.19161316307253706
1066,sparteine (+1 -> +0),11.76,12.691457330816636,0.9314573308166363
1067,spinacine (+2 -> +1),1.65,1.6708146612956867,0.020814661295686765
1068,spinacine (+1 -> +0),4.94,5.116388672462745,0.17638867246274437
1069,spinacine (+0 -> -1),8.66,8.792818013822835,0.13281801382283476
1070,squaric acid (-1 -> -2),3.48,3.7799992807449483,0.2999992807449483
1071,squaric acid (+0 -> -1),0.59,0.021669530268902726,0.5683304697310972
1072,strychnine (+1 -> +0),8.2,8.046084096251278,0.15391590374872166
1073,succinamic acid (+0 -> -1),4.39,4.6480987456069585,0.2580987456069588
1074,succinic acid (+0 -> -1),4.21,3.818314984845119,0.39168501515488074
1075,succinic acid (-1 -> -2),5.64,6.0639720051459385,0.4239720051459388
1076,maleinimide (+0 -> -1),9.62,9.02196142452885,0.5980385754711488
1077,2-sulfoacetic acid (-1 -> -2),4.0,3.909879719987586,0.0901202800124139
1078,DL-tartaric acid (+0 -> -1),3.03,2.6588709947724025,0.3711290052275973
1079,DL-tartaric acid (-1 -> -2),4.37,3.8523867452757727,0.5176132547242274
1080,taurine (+0 -> -1),9.06,9.432530379203856,0.37253037920385523
1081,t-butylphosphonic acid (+0 -> -1),2.79,2.8818367524153743,0.09183675241537426
1082,t-butylphosphonic acid (-1 -> -2),8.88,8.407620970980151,0.47237902901984974
1083,tert-butylthiol (+0 -> -1),11.2,10.964520441281948,0.23547955871805115
1084,tert-pentanoic acid (+0 -> -1),5.03,4.8393549522207415,0.19064504777925873
1085,tertbutanol (+0 -> -1),16.0,16.366286710960882,0.36628671096088183
1086,tertbutylamine (+1 -> +0),10.69,10.87505964099362,0.18505964099361982
1087,tert-butylaniline (+1 -> +0),7.1,6.611695457678727,0.4883045423212726
1088,tert-butyldimethylamine (+1 -> +0),10.52,10.849220183948873,0.3292201839488733
1089,tert butylhydroperoxide (+0 -> -1),12.8,12.649700778591674,0.15029922140832674
1090,tetrahydroisoquinoline (+1 -> +0),9.41,8.938350722578843,0.47164927742115736
1091,tetrahydroquinazoline (+1 -> +0),7.63,8.042021970072087,0.41202197007208685
1092,tetrahydroquinoline (+1 -> +0),5.03,5.027890305982034,0.002109694017966568
1093,tetrahydroquinoxaline (+1 -> +0),4.48,4.909302419059032,0.42930241905903177
1094,"2,5,6-tetramethylbenzoic acid (+0 -> -1)",3.42,3.3157449167034754,0.10425508329652455
1095,"N,N,N',N'-Tetramethylethylenediamine (+2 -> +1)",5.85,6.09912712146578,0.2491271214657802
1096,"N,N,N',N'-Tetramethylethylenediamine (+1 -> +0)",8.97,8.838305317792997,0.1316946822070033
1097,tetramethylpyrazine (+1 -> +0),3.6,3.340946373016041,0.2590536269839592
1098,"2,3,5,6-tetramethylpyridine (+1 -> +0)",7.9,7.636984345545496,0.26301565445450414
1099,tetramethylsuccinic acid (-1 -> -2),7.28,6.857748994688751,0.42225100531124937
1100,tetramethylsuccinic acid (+0 -> -1),3.5,3.33334800980224,0.1666519901977601
1101,tetrazole (+0 -> -1),4.86,5.471358966568153,0.6113589665681527
1102,tetrolic acid (+0 -> -1),2.62,2.36166332956741,0.25833667043259023
1103,4-Hydroxyfuran-2(5H)-one (+0 -> -1),3.76,3.851256611306507,0.0912566113065072
1104,thebaine (+1 -> +0),7.95,8.313662418703778,0.363662418703778
1105,theobromine (+1 -> +0),0.68,0.2192039800520682,0.46079601994793185
1106,theobromine (+0 -> -1),9.97,9.92283463322838,0.047165366771620754
1107,theophylline (+0 -> -1),8.55,9.031057978979232,0.48105797897923175
1108,thiabendazole (+1 -> +0),4.64,4.794914759068925,0.1549147590689257
1109,thioacetic acid (+0 -> -1),3.33,2.4865183361252754,0.8434816638747247
1110,thiocyanatoacetic acid (+0 -> -1),2.58,2.4261298885416913,0.15387011145830876
1111,thiodiacetic acid (-1 -> -2),4.29,6.312889613619212,2.0228896136192116
1112,thiodiacetic acid (+0 -> -1),3.32,2.1602028492962537,1.1597971507037461
1113,thiophenol (+0 -> -1),6.5,6.578558811469658,0.07855881146965782
1114,thiosemicarbazide (+1 -> +0),1.5,1.0981840068876423,0.4018159931123577
1115,thiourea (+1 -> +0),-1.58,-2.1420391871460467,0.5620391871460466
1116,threonine (+1 -> +0),2.09,1.9310538845491623,0.1589461154508376
1117,threonine (+0 -> -1),9.1,9.38565433732639,0.28565433732639
1118,thymine (+0 -> -1),9.9,9.728428490135371,0.17157150986462888
1119,tiglic acid (+0 -> -1),4.96,4.924958447764631,0.03504155223536909
1120,tolylhydroquinone (+0 -> -1),10.03,10.258611887295796,0.22861188729579673
1121,tolylhydroquinone (-1 -> -2),11.62,12.029712109682368,0.4097121096823688
1122,"trans-1,2-cyclohexanedicarboxylic acid (-1 -> -2)",5.93,5.486092360823999,0.4439076391760004
1123,"trans-1,2-cyclohexanedicarboxylic acid (+0 -> -1)",4.18,4.168145374335693,0.011854625664306617
1124,trans-2-cyanocyclohexane-1-carboxylic acid (+0 -> -1),3.87,4.023348847663776,0.15334884766377588
1125,trans-2-bromocinnamic acid (+0 -> -1),4.41,4.031194849498578,0.37880515050142183
1126,"trans-4-cyclohexene-1,2-dicarboxylic (-1 -> -2)",5.81,5.65218337477515,0.15781662522484918
1127,"trans-4-cyclohexene-1,2-dicarboxylic (+0 -> -1)",3.95,4.440944308553095,0.4909443085530949
1128,trans-4-hydroxyproline (+1 -> +0),1.82,1.8823554698816585,0.06235546988165841
1129,trans-4-hydroxyproline (+0 -> -1),9.66,10.105480546735759,0.44548054673575876
1130,trans-3-chloroacrylate (+0 -> -1),3.32,3.7921386325707758,0.47213863257077593
1131,trans-cinnamic acid (+0 -> -1),4.45,4.555183386095305,0.10518338609530442
1132,trans-crotonic acid (+0 -> -1),4.68,4.679161198298885,0.0008388017011142779
1133,"trans-1,2-cyclohexanediamine (+2 -> +1)",6.34,5.956586835241795,0.3834131647582044
1134,"trans-1,2-cyclohexanediamine (+1 -> +0)",9.74,10.318450065630628,0.5784500656306282
1135,"trans-2,3-oxiranedicarboxylic acid (-1 -> -2)",3.25,3.876271578613867,0.6262715786138671
1136,"trans-2,3-oxiranedicarboxylic acid (+0 -> -1)",1.93,2.2648405115232855,0.33484051152328553
1137,triacetylmethane (+0 -> -1),5.85,5.443925751520643,0.40607424847935647
1138,tribromoacetic acid (+0 -> -1),0.72,0.9199168098440058,0.19991680984400584
1139,trichloroacetic acid (+0 -> -1),0.52,0.3943923685571331,0.1256076314428669
1140,trichloroacrylic acid (+0 -> -1),1.15,2.2205071447966978,1.0705071447966978
1141,"2,2,2-trichloroethanamine (+1 -> +0)",5.47,4.690482609924646,0.7795173900753536
1142,trichloroethanol (+0 -> -1),12.02,11.881098327578897,0.13890167242110252
1143,trichloromethylphosphonic acid (-1 -> -2),4.71,4.481081499880675,0.2289185001193248
1144,triethylamine (+1 -> +0),10.72,10.343159599132417,0.3768404008675841
1145,trifluoroacetic acid (+0 -> -1),0.5,0.05632895564930607,0.44367104435069393
1146,perfluoroacrylic acid (+0 -> -1),1.79,2.179499964125842,0.3894999641258421
1147,trifluoroethanol (+0 -> -1),12.43,12.535427215540114,0.10542721554011436
1148,trimethylamine (+1 -> +0),9.8,9.874527310486368,0.07452731048636707
1149,trinitromethane (+0 -> -1),0.06,-0.49707863587708534,0.5570786358770854
1150,triphenylacetic acid (+0 -> -1),3.96,3.6456100307294994,0.31438996927050056
1151,tromethamine (+1 -> +0),8.08,7.768162727659615,0.3118372723403855
1152,tropacocaine (+1 -> +0),9.51,9.060582953587293,0.44941704641270697
1153,tropine (+1 -> +0),10.33,10.329304279913167,0.0006957200868331626
1154,tropolone (+1 -> +0),-0.5,-0.0907061488359231,0.4092938511640769
1155,tropolone (+0 -> -1),6.9,6.449473055817118,0.4505269441828821
1156,tryptophan (+1 -> +0),2.38,2.118121446334947,0.26187855366505275
1157,tryptophan (+0 -> -1),9.39,9.56291086604178,0.17291086604177863
1158,tyramine (+1 -> +0),9.74,9.518556637239477,0.2214433627605228
1159,tyramine (+0 -> -1),10.52,10.249433824787904,0.270566175212096
1160,tyrosine amide (+1 -> +0),7.48,7.415395264117561,0.06460473588243953
1161,tyrosine amide (+0 -> -1),9.89,10.221068607250604,0.3310686072506037
1162,tyrosine (+1 -> +0),2.18,2.0644180194296577,0.11558198057034241
1163,tyrosine (+0 -> -1),9.11,9.34773539331292,0.2377353933129207
1164,tyrosine (-1 -> -2),10.6,10.50644384068045,0.09355615931954908
1165,uracil (+0 -> -1),9.4,9.32204226827255,0.0779577317274498
1166,urazole (+0 -> -1),5.8,6.445539043509928,0.6455390435099284
1167,uric (+0 -> -1),5.4,5.939424683245611,0.5394246832456107
1168,uric (-1 -> -2),9.8,9.868433980811668,0.06843398081166718
1169,valine amide (+1 -> +0),8.0,7.838226616354097,0.16177338364590277
1170,valine (+1 -> +0),2.3,2.521011584349967,0.22101158434996737
1171,valine (+0 -> -1),9.79,9.91929075291813,0.12929075291813064
1172,valine methyl ester (+1 -> +0),7.49,7.749432101285181,0.25943210128518057
1173,vanillin (+0 -> -1),7.4,7.210291885022175,0.18970811497782503
1174,veronal (+0 -> -1),8.02,8.110482724691167,0.09048272469116725
1175,allyl alcohol (+0 -> -1),15.52,14.837218035560046,0.682781964439954
1176,"2,3,6,7-tetrahydroimidazo(1,2-a)pyrimidin-5(1h)-one (+1 -> +0)",8.25,8.237906586788299,0.012093413211701431
1177,"5,6,7,8-tetrahydropteridine (+1 -> +0)",6.63,7.052244827177975,0.42224482717797507
1178,4-bromoisoquinoline (+1 -> +0),3.31,3.0905595636778784,0.21944043632212162
1179,2-aminoquinazoline (+1 -> +0),4.83,4.679580625919801,0.15041937408019912
1180,4-aminoquinazoline (+1 -> +0),5.76,6.155092271449583,0.3950922714495828
1181,4-methoxycinnoline (+1 -> +0),3.14,3.738434100614832,0.5984341006148317
1182,4-(methylthio)cinnoline (+1 -> +0),3.15,2.915236906569371,0.23476309343062907
1183,2-bromopyrimidine (+1 -> +0),-1.63,-1.791630685044912,0.16163068504491207
1184,1-methylthiophthalazine (+1 -> +0),3.46,3.2838652005290268,0.1761347994709732
1185,1-aminophthalazine (+1 -> +0),6.58,6.43024978717797,0.14975021282203027
1186,2-methoxyquinoxaline (+1 -> +0),0.28,0.20717406985965603,0.072825930140344
1187,"2,3-dimethoxyquinoxaline (+1 -> +0)",-1.15,-0.15003542748546916,0.9999645725145307
1188,6-methoxyphenanthridine (+1 -> +0),2.38,2.6755790728530915,0.2955790728530916
1189,2-amino-7-methylbenzothiazole (+1 -> +0),4.25,4.371562897179317,0.12156289717931656
1190,2-amino-5-methoxybenzothiazole (+1 -> +0),4.29,4.290390660334999,0.00039066033499857156
1191,"2-amino-1,5-dihydro-4h-imidazol-4-one (+1 -> +0)",4.8,4.955103014231253,0.15510301423125306
1192,"n-(4,5-dihydro-1h-imidazol-2-yl)acetamide (+1 -> +0)",7.48,6.907915146472898,0.5720848535271026
1193,4-imidazolecarboxamide (+1 -> +0),3.7,3.5243962438196936,0.17560375618030655
1194,4-chloro-1-methylimidazole (+1 -> +0),3.1,3.29545226067612,0.19545226067611976
1195,1-methyl-4-phenylimidazole (+1 -> +0),5.78,6.267156103692203,0.48715610369220297
1196,benzopyrazole (+1 -> +0),2.48,2.5828737888493594,0.10287378884935938
1197,n-methylpyrazole (+1 -> +0),2.08,2.1525097121036962,0.07250971210369617
1198,"1,3-dimethylpyrazole (+1 -> +0)",2.97,2.8186103891342986,0.15138961086570157
1199,3-methylpyrazole (+1 -> +0),3.43,2.976546905018374,0.4534530949816262
1200,"3,5-dimethylpyrazole (+1 -> +0)",4.25,4.314084759879927,0.06408475987992723
1201,2-methoxypyrazine (+1 -> +0),0.75,0.6324985465896509,0.11750145341034912
1202,2-methylthiopyrazine (+1 -> +0),0.51,0.7719008831248306,0.2619008831248306
1203,2-carbamylpyrazine (+1 -> +0),-0.5,-0.37619545226438866,0.12380454773561134
1204,1-mercaptoisoquinoline (+0 -> -1),10.84,10.874092168762026,0.03409216876202592
1205,6-bromo-4-chloroquinoline (+1 -> +0),2.83,2.6926372485961636,0.13736275140383647
1206,2-amino-5-chloropyrimidine (+1 -> +0),1.73,1.997376803352699,0.2673768033526991
1207,5-(4-chlorophenyl)pyrimidin-2-amine (+1 -> +0),3.14,2.661318466707999,0.47868153329200114
1208,2-amino-5-cyanopyrimidine (+1 -> +0),0.66,0.755273463644718,0.095273463644718
1209,2-amino-4-methylpyrimidine (+1 -> +0),4.13,4.447696538216568,0.31769653821656796
1210,"2-amino-4,6-dimethylpyrimidine (+1 -> +0)",4.86,4.75193208722709,0.10806791277291072
1211,4-amino-6-methylpyrimidine (+1 -> +0),6.16,6.328223020169624,0.16822302016962354
1212,4-amino-6-chloropyrimidine (+1 -> +0),2.1,2.1554176703158126,0.05541767031581246
1213,meso-dimercaptosuccinic acid (+0 -> -1),2.4,2.855917103684103,0.455917103684103
1214,meso-dimercaptosuccinic acid (-1 -> -2),3.46,3.076160583266833,0.3838394167331671
1215,meso-dimercaptosuccinic acid (-2 -> -3),9.44,9.526951361011172,0.08695136101117207
1216,meso-dimercaptosuccinic acid (-3 -> -4),11.82,10.734398013733188,1.0856019862668127
1217,benzenehexacarboxylic acid (+0 -> -1),0.68,0.3900215894647996,0.28997841053520046
1218,benzenehexacarboxylic acid (-1 -> -2),2.21,2.9527116870377563,0.7427116870377564
1219,benzenehexacarboxylic acid (-4 -> -5),6.32,6.059635966959359,0.2603640330406414
1220,benzenehexacarboxylic acid (-5 -> -6),7.49,5.382871666188243,2.1071283338117572
1221,benzenepentacarboxylic acid (-4 -> -5),6.46,6.819150879191713,0.35915087919171285
1222,benzenepentacarboxylic acid (+0 -> -1),1.8,2.20794821353197,0.40794821353196986
1223,"1,2,4,5-benzene-tetracarboxylic acid (+0 -> -1)",1.92,2.445902862354341,0.5259028623543411
1224,"1,2,4,5-benzene-tetracarboxylic acid (-3 -> -4)",5.63,5.806309912902302,0.17630991290230202
1225,"1,2,3,5-benzene-tetracarboxylic acid (-3 -> -4)",5.81,6.193899257523997,0.38389925752399723
1226,"1,2,3,5-benzene-tetracarboxylic acid (+0 -> -1)",2.38,3.0321196524463536,0.6521196524463537
1227,"1,2,3,4-benzene-tetracarboxylic acid (-3 -> -4)",6.21,5.912046333509561,0.29795366649043853
1228,"1,2,3,4-benzene-tetracarboxylic acid (+0 -> -1)",2.05,1.863801060704776,0.1861989392952239
1229,"1,2,3-benzenetricarboxylic acid (-2 -> -3)",5.87,5.469798788652187,0.40020121134781306
1230,"1,2,3-benzenetricarboxylic acid (-1 -> -2)",4.2,3.7833300958366527,0.4166699041633475
1231,"1,2,3-benzenetricarboxylic acid (+0 -> -1)",2.8,2.907543375034641,0.10754337503464129
1232,4-Pyridinealdoxime (+1 -> +0),4.73,4.957779856891715,0.22777985689171487
1233,4-Pyridinealdoxime (+0 -> -1),10.02,9.679194852166932,0.34080514783306803
1234,Pyridine-2-aldoxime (+1 -> +0),3.56,3.253483553795446,0.306516446204554
1235,Pyridine-2-aldoxime (+0 -> -1),10.17,10.718653049664477,0.5486530496644768
1236,p-tolyl-arsonic acid (+0 -> -1),3.7,3.6774896670984694,0.022510332901530816
1237,p-tolyl-arsonic acid (-1 -> -2),8.68,9.015267185973183,0.3352671859731835
1238,m-tolyl-arsonic acid (+0 -> -1),3.82,3.747371132539567,0.07262886746043273
1239,m-tolyl-arsonic acid (-1 -> -2),8.6,8.652344758883746,0.05234475888374668
1240,o-tolyl-arsonic acid (+0 -> -1),3.82,4.069921713087476,0.24992171308747624
1241,o-tolyl-arsonic acid (-1 -> -2),8.85,8.807234429928311,0.042765570071688686
1242,methylarsonic (+0 -> -1),4.12,5.035959583049554,0.9159595830495535
1243,methylarsonic (-1 -> -2),9.14,9.00747881093272,0.13252118906727972
1244,1-naphtyl-arsonic (+0 -> -1),3.66,4.577622959221688,0.9176229592216876
1245,1-naphtyl-arsonic (-1 -> -2),8.66,7.948172272929726,0.7118277270702738
1246,(2-nitrophenyl)-arsonic acid (+0 -> -1),3.37,3.975794625597292,0.6057946255972917
1247,(2-nitrophenyl)-arsonic acid (-1 -> -2),8.54,8.969316865802636,0.4293168658026367
1248,(3-nitrophenyl)-arsonic acid (+0 -> -1),3.41,3.0384559858084703,0.3715440141915298
1249,(3-nitrophenyl)-arsonic acid (-1 -> -2),7.8,8.19669493789025,0.39669493789025
1250,(4-nitrophenyl)-arsonic acid (+0 -> -1),2.9,3.6505033844776342,0.7505033844776343
1251,(4-nitrophenyl)-arsonic acid (-1 -> -2),7.8,7.716324365813545,0.08367563418645485
1252,(2-chlorophenyl)-arsonic acid (+0 -> -1),3.76,2.973501174274129,0.7864988257258707
1253,(2-chlorophenyl)-arsonic acid (-1 -> -2),8.39,8.041353768464742,0.348646231535259
1254,(4-bromophenyl)-arsonic acid (+0 -> -1),3.25,3.701068990997552,0.4510689909975518
1255,(4-bromophenyl)-arsonic acid (-1 -> -2),8.19,8.021844302561465,0.1681556974385341
1256,(4-chlorophenyl)-arsonic acid (+0 -> -1),3.33,3.75084317496146,0.42084317496146006
1257,(4-chlorophenyl)-arsonic acid (-1 -> -2),8.25,8.243105298093848,0.006894701906151823
1258,diazepam (+1 -> +0),3.3,3.4746234292458977,0.1746234292458979
1259,lycodine (+2 -> +1),3.97,3.9237313796804543,0.04626862031954593
1260,lycodine (+1 -> +0),8.08,9.106513186093176,1.026513186093176
1261,harmaline (+1 -> +0),9.55,8.68592189363532,0.8640781063646799
1262,dimethylarsinic acid (+0 -> -1),6.29,6.906467127717643,0.6164671277176428
1263,clonazepam (+1 -> +0),1.5,2.024881584663893,0.524881584663893
1264,clonazepam (+0 -> -1),10.5,10.362259503855444,0.13774049614455564
1265,phenyliminoimidazolidine (+1 -> +0),10.24,9.811061886856717,0.4289381131432837
1266,"n-(4-nitrophenyl)-4,5-dihydro-1h-imidazol-2-amine (+1 -> +0)",8.52,8.49438708099785,0.02561291900214968
1267,n-(4-methoxyphenyl)imidazolidin-2-imine (+1 -> +0),10.62,10.075933457516623,0.5440665424833764
1268,"1-[4-(4,5-dihydro-1H-imidazol-2-ylamino)phenyl]ethanone  (+1 -> +0)",9.11,8.720303588614762,0.3896964113852377
1269,"n-(2-chloro-4-nitrophenyl)-4,5-dihydro-1h-imidazol-2-amine (+1 -> +0)",7.29,7.052634794173334,0.23736520582666643
1270,"n-(2-fluoro-4-nitrophenyl)-4,5-dihydro-1h-imidazol-2-amine (+1 -> +0)",7.41,7.030864177653822,0.3791358223461785
1271,"n-(3-chloro-4-nitrophenyl)-4,5-dihydro-1h-imidazol-2-amine (+1 -> +0)",8.07,7.970659372692154,0.09934062730784632
1272,"n-(3-fluoro-4-nitrophenyl)-4,5-dihydro-1h-imidazol-2-amine (+1 -> +0)",7.8,7.569489243100697,0.230510756899303
1273,"n-(4,5-dihydro-1h-imidazol-2-yl)pyridin-3-amine (+2 -> +1)",3.05,2.4370830913866346,0.6129169086133652
1274,"n-(4,5-dihydro-1h-imidazol-2-yl)pyridin-3-amine (+1 -> +0)",8.99,8.866963708496272,0.12303629150372863
1275,n-(2-imidazoline-2-yl)pyridine-2-amine (+1 -> +0),9.45,8.864461598168417,0.5855384018315828
1276,n-phenylguanidine (+1 -> +0),10.9,10.671950098468823,0.2280499015311772
1277,1-(4-aminophenyl)guanidine (+1 -> +0),12.01,11.332269644249653,0.6777303557503469
1278,1-(4-aminophenyl)guanidine (+2 -> +1),3.63,3.6411191394898177,0.011119139489817798
1279,"n-1,3-benzodioxol-5-ylguanidine (+1 -> +0)",11.03,10.701639658652706,0.3283603413472935
1280,"2-(2,4,5-trimethylphenyl)guanidine (+1 -> +0)",11.35,11.026311360963593,0.32368863903640666
1281,4-nitropyridine 1-oxide (+1 -> +0),-1.7,-1.482207565485397,0.21779243451460295
1282,2-hydroxypyrimidine (+1 -> +0),2.24,2.5041095472671486,0.2641095472671484
1283,2-hydroxypyrimidine (+0 -> -1),9.17,9.434747335279408,0.26474733527940764
1284,4-hydroxypyrimidine (+0 -> -1),8.59,8.783548164419027,0.19354816441902756
1285,3-hydroxytropolone (+0 -> -1),6.7,7.246099741605778,0.5460997416057776
1286,3-hydroxytropolone (-1 -> -2),11.5,11.541336034672643,0.041336034672642796
1287,histamine (+2 -> +1),6.04,5.09342877175251,0.9465712282474898
1288,histamine (+1 -> +0),9.2,9.514272346399505,0.3142723463995054
1289,diphenylmethanol (+0 -> -1),13.54,15.396504541203871,1.856504541203872
1290,"2,3,5-trimethylpyrrole (+1 -> +0)",2.0,2.643464922048394,0.6434649220483939
1291,"2,4-dimethylpyrrole (+1 -> +0)",2.55,2.587490750850727,0.037490750850727395
1292,pyrazole (+0 -> -1),13.91,13.83395928248471,0.07604071751529062
1293,benzotriazole (+0 -> -1),8.38,8.136132711642016,0.24386728835798444
1294,2-methylmercaptopyridine (+1 -> +0),3.62,3.7885498404512266,0.16854984045122645
1295,1-methyl-2-thiopyridone (+1 -> +0),-1.22,-0.8750870541699918,0.3449129458300082
1296,3-methylmercaptopyridine (+1 -> +0),4.45,4.4086996879707305,0.04130031202926965
1297,1-methylpyridin-1-ium-3-thiolate (+1 -> +0),2.27,2.232532996928886,0.03746700307111395
1298,4-(Methylthio)pyridine (+1 -> +0),5.97,5.529841736971848,0.44015826302815153
1299,1-methyl-4(1h)-pyridinethione (+1 -> +0),1.3,1.2648182493143807,0.03518175068561935
1300,2-(Methylthio)quinoline (+1 -> +0),3.71,3.9040575197765497,0.19405751977654973
1301,3-(Methylthio)quinoline (+1 -> +0),3.88,3.7082367478918767,0.17176325210812315
1302,4-(Methylthio)quinoline (+1 -> +0),5.81,5.412054492644052,0.39794550735594747
1303,5-mercaptoquinoline (+1 -> +0),3.31,3.3949129311339945,0.08491293113399445
1304,5-mercaptoquinoline (+0 -> -1),6.48,6.192900091201017,0.28709990879898317
1305,5-(Methylthio)quinoline (+1 -> +0),4.5,4.245569982808823,0.25443001719117664
1306,1-methylquinoline-5-thione (+1 -> +0),3.22,3.625191569540017,0.4051915695400168
1307,6-mercaptoquinoline (+1 -> +0),3.95,4.461008228404832,0.5110082284048314
1308,6-mercaptoquinoline (+0 -> -1),6.5,5.996515947701448,0.5034840522985524
1309,6-(Methylthio)quinoline (+1 -> +0),4.12,4.660357113516933,0.5403571135169329
1310,1-methylquinoline-6-thione (+1 -> +0),4.75,4.313235635799155,0.43676436420084475
1311,8-mercaptoquinoline (+1 -> +0),2.05,1.607471686025792,0.4425283139742078
1312,8-mercaptoquinoline (+0 -> -1),8.29,9.567510049695738,1.2775100496957386
1313,8-(Methylthio)quinoline (+1 -> +0),3.5,3.1537655413861847,0.3462344586138153
1314,1-mercaptoisoquinoline (+1 -> +0),-1.9,-2.743981051239416,0.8439810512394161
1315,1-(Methylthio)isoquinoline (+1 -> +0),3.93,3.966380033666879,0.03638003366687892
1316,1-methylisoquinoline-1-thione (+1 -> +0),-2.13,-2.450161272647456,0.3201612726474563
1317,3-mercaptoisoquinoline (+1 -> +0),0.39,-0.1218600026459411,0.5118600026459411
1318,3-mercaptoisoquinoline (+0 -> -1),8.58,8.482313114501405,0.09768688549859483
1319,3-(Methylthio)isoquinoline (+1 -> +0),3.41,3.2219578143951884,0.18804218560481178
1320,2-methoxyquinoline (+1 -> +0),3.17,3.245264359929063,0.07526435992906322
1321,4-methoxyquinoline (+1 -> +0),6.65,6.459423054472456,0.19057694552754434
1322,acridone (+1 -> +0),-0.26,-0.5471402027025034,0.2871402027025034
1323,2-hydroxypyrazine (+0 -> -1),8.23,8.572745370915936,0.34274537091593515
1324,4-hydroxypyridazine (+1 -> +0),1.07,1.2039027816300116,0.13390278163001157
1325,4-hydroxypyridazine (+0 -> -1),8.68,8.873733969152948,0.19373396915294805
1326,3-hydroxypyridazine (+0 -> -1),10.46,10.217440804767325,0.24255919523267622
1327,4-methoxypyrimidine (+1 -> +0),2.5,3.0626545515485013,0.5626545515485013
1328,1-methyl-2-pyrimidinone (+1 -> +0),2.5,2.7501601145468033,0.2501601145468033
1329,1-methylpyrimidin-4-one (+1 -> +0),1.8,2.253647003663435,0.4536470036634348
1330,4-hydroxycinnoline (+1 -> +0),-0.35,-0.584758829817213,0.23475882981721308
1331,4-hydroxycinnoline (+0 -> -1),9.27,9.624873701190689,0.35487370119068906
1332,3-hydroxycinnoline (+0 -> -1),8.64,8.71630859002769,0.07630859002768986
1333,5-hydroxycinnoline (+1 -> +0),1.92,2.625448527613263,0.7054485276132629
1334,5-hydroxycinnoline (+0 -> -1),7.4,7.819867568825294,0.4198675688252935
1335,6-hydroxycinnoline (+1 -> +0),3.65,3.462271205339465,0.18772879466053505
1336,6-hydroxycinnoline (+0 -> -1),7.52,7.8451773526982,0.3251773526982005
1337,7-hydroxycinnoline (+1 -> +0),3.31,3.51792578635237,0.2079257863523698
1338,7-hydroxycinnoline (+0 -> -1),7.56,8.284498192351265,0.7244981923512652
1339,8-hydroxy-cinnoline (+1 -> +0),2.74,2.400896520954226,0.3391034790457743
1340,8-hydroxy-cinnoline (+0 -> -1),8.2,8.296647692416764,0.09664769241676474
1341,2-hydroxyquinoxaline (+0 -> -1),9.08,9.522164975734615,0.4421649757346149
1342,5-hydroxyquinoxaline (+1 -> +0),0.9,0.9861863930479506,0.08618639304795062
1343,5-hydroxyquinoxaline (+0 -> -1),8.65,8.399987418664875,0.2500125813351257
1344,6-hydroxyquinoxaline (+1 -> +0),1.4,1.9414703893106466,0.5414703893106467
1345,6-hydroxyquinoxaline (+0 -> -1),7.92,8.080639154755584,0.1606391547555841
1346,1-hydroxyphenazine (+1 -> +0),1.44,1.581847147220219,0.14184714722021896
1347,1-hydroxyphenazine (+0 -> -1),8.5,8.59848073499531,0.0984807349953094
1348,2-hydroxyphenazine (+1 -> +0),2.6,2.789948696433717,0.1899486964337167
1349,2-hydroxyphenazine (+0 -> -1),7.5,7.814189120132222,0.3141891201322222
1350,"1,4,5-triazanaphthalene (+1 -> +0)",1.2,1.4185067459587577,0.21850674595875774
1351,"1,4,6-triazanaphthalene (+1 -> +0)",2.47,2.5510701668384916,0.08107016683849144
1352,1-methoxyphthalazine (+1 -> +0),3.7,3.5117580179523733,0.18824198204762688
1353,3-aminoacridine (+1 -> +0),8.0,8.103752252210693,0.10375225221069329
1354,4-aminoacridine (+1 -> +0),4.2,4.735360144825574,0.5353601448255736
1355,"7,8-benzoquinoline (+1 -> +0)",4.25,4.124055903487007,0.12594409651299276
1356,"5,6-benzoquinoline (+1 -> +0)",5.15,4.785283241237191,0.3647167587628095
1357,"4-amino-5,6-benzoquinoline (+1 -> +0)",5.2,4.646023586042635,0.5539764139573649
1358,"6,7-benzoquinoline (+1 -> +0)",5.05,4.953049416190847,0.09695058380915267
1359,"3-amino-6,7-benzoquinoline (+1 -> +0)",4.78,4.669843638758795,0.11015636124120487
1360,Benz[a]acridine (+1 -> +0),4.7,5.220829011369707,0.5208290113697069
1361,benzo[c]acridin-10-amine (+1 -> +0),6.72,6.401682670881556,0.318317329118444
1362,"3,5-diazaindole (+1 -> +0)",6.1,6.16445391716197,0.06445391716197069
1363,"3,5-diazaindole (+0 -> -1)",10.88,10.941001918977008,0.06100191897700746
1364,"1,3-dihydroimidazo[4,5-c]pyridin-2-one (+0 -> -1)",10.12,10.014430297734666,0.10556970226533302
1365,"1,3-dihydroimidazo[4,5-c]pyridin-2-one (+1 -> +0)",6.12,5.612777330569599,0.5072226694304014
1366,"2-mercapto-1h-imidazo[4,5-c]pyridine (+1 -> +0)",4.93,4.9270177232899455,0.0029822767100542436
1367,"2-mercapto-1h-imidazo[4,5-c]pyridine (+0 -> -1)",8.63,8.413691590892508,0.2163084091074925
1368,"6-chloro-1,3-dihydroimidazo[4,5-c]pyridin-2-one (+1 -> +0)",1.77,1.568208557400781,0.2017914425992191
1369,"6-chloro-1,3-dihydroimidazo[4,5-c]pyridin-2-one (+0 -> -1)",9.48,9.215700806470368,0.2642991935296326
1370,"6-chloro-1,3-dihydroimidazo[4,5-c]pyridin-2-one (-1 -> -2)",14.36,14.046874703072449,0.3131252969275504
1371,"6-chloro-1h-imidazo[4,5-c]pyridine (+0 -> -1)",10.19,10.2316397935077,0.04163979350770042
1372,"4-chloro-1h-imidazo[4,5-c]pyridine (+0 -> -1)",9.83,10.005158943986768,0.17515894398676757
1373,"6-chloro-1h-imidazo[4,5-c]pyridine-2(3h)-thione (+1 -> +0)",0.81,0.8621030996814643,0.052103099681464204
1374,"6-chloro-1h-imidazo[4,5-c]pyridine-2(3h)-thione (+0 -> -1)",7.76,7.655495735649403,0.1045042643505969
1375,"6-chloro-1h-imidazo[4,5-c]pyridine-2(3h)-thione (-1 -> -2)",13.4,12.875181073444164,0.5248189265558363
1376,"2,6-dichloro-3-deazapurine (+1 -> +0)",1.35,1.0148040646801224,0.3351959353198777
1377,"2,6-dichloro-3-deazapurine (+0 -> -1)",6.85,6.812353801931462,0.037646198068538084
1378,1-methyl-2-oxopyridine (+1 -> +0),0.32,0.8098153416559111,0.48981534165591106
1379,1-methyl-4-oxopyridine (+1 -> +0),3.33,3.2294055237293113,0.10059447627068874
1380,1-methyl-6-amino-4-oxopyridine (+1 -> +0),2.09,2.0234203639415256,0.06657963605847428
1381,1-methyl-5-amino-4-oxopyridine (+1 -> +0),3.8,4.18108009168511,0.38108009168511003
1382,1-methyl-3-amino-4-oxopyridine (+1 -> +0),2.94,3.704272863714018,0.7642728637140181
1383,3-amino-1-methyl-4(1h)-pyridinone (+1 -> +0),3.88,3.6613886634359556,0.2186113365640443
1384,3-hydroxy-1-methylpyridazine (+1 -> +0),2.31,2.0810168009807333,0.22898319901926678
1385,4-hydroxy-1-methylpyridazine (+1 -> +0),1.07,0.9856650501552977,0.08433494984470236
1386,4-hydroxy-2-methylpyridazine (+1 -> +0),1.74,2.3300983009636305,0.5900983009636305
1387,"3,6-dimercaptopyridazine (+0 -> -1)",2.06,3.1339090572717048,1.0739090572717047
1388,"3,6-dimercaptopyridazine (-1 -> -2)",10.36,11.477583990711398,1.117583990711399
1389,6-(methylthio)pyridazine-3-thiol (+0 -> -1),8.19,8.378589437946577,0.18858943794657712
1390,"pyridazine-3,6-dithiol (+1 -> +0)",1.95,2.588545959423306,0.638545959423306
1391,"3,6-dihydroxypyridazine (+0 -> -1)",5.67,5.877576966724798,0.20757696672479842
1392,"3,6-dihydroxypyridazine (-1 -> -2)",13.0,13.863547437175523,0.863547437175523
1393,"3,6-dimethoxypyridazine (+1 -> +0)",1.61,1.8081683713335188,0.19816837133351872
1394,"1H-imidazo[4,5-c]pyridine (+0 -> -1)",9.95,9.581502524051256,0.36849747594874316
1395,4-Acetamidophenol (+0 -> -1),9.61,9.306321352200523,0.30367864779947595
1396,acetazolamide (+0 -> -1),7.2,8.145518850644894,0.9455188506448939
1397,acetazolamide (-1 -> -2),8.8,7.979664576782838,0.8203354232171627
1398,6-acetylmorphine (+1 -> +0),8.19,8.245038118184489,0.05503811818448945
1399,6-acetylmorphine (+0 -> -1),9.55,9.971378006438396,0.4213780064383954
1400,proflavine (+2 -> +1),0.3,0.5530253040109407,0.25302530401094075
1401,proflavine (+1 -> +0),9.65,9.057908628931369,0.5920913710686317
1402,acridine yellow (+2 -> +1),0.5,0.6864068915286561,0.18640689152865608
1403,acridine yellow (+1 -> +0),8.9,8.725049885608733,0.17495011439126706
1404,amantadine (+1 -> +0),10.71,10.493744005798423,0.21625599420157826
1405,amiloride (+1 -> +0),8.7,7.926697851855863,0.7733021481441362
1406,6-aminopenicillanic acid  (+1 -> +0),2.3,2.5197109526177535,0.21971095261775364
1407,6-aminopenicillanic acid  (+0 -> -1),4.9,5.049526762830762,0.14952676283076194
1408,aminopyrine (+1 -> +0),5.06,5.783945234189885,0.7239452341898858
1409,5-aminosalicylic acid (-1 -> -2),13.9,13.686916364250738,0.21308363574926226
1410,amphetamine (+1 -> +0),9.94,10.084730133820678,0.14473013382067812
1411,4-methoxy-amphetamine (+1 -> +0),9.99,10.104078710445545,0.11407871044554518
1412,anagrelide (+1 -> +0),2.87,3.2064541990303956,0.33645419903039553
1413,anagrelide (+0 -> -1),10.0,10.001728281449378,0.0017282814493775334
1414,arecaidine (+0 -> -1),9.07,9.027096991573092,0.042903008426907974
1415,arecaidine methyl ester (+1 -> +0),7.64,7.340887006122904,0.29911299387709533
1416,1-phenylpiperazine (+1 -> +0),9.02,8.996096134390843,0.023903865609156583
1417,3-chloroazuloic acid (+0 -> -1),4.95,5.069230679277296,0.11923067927729569
1418,3-bromoazuloic acid (+0 -> -1),4.87,5.093741031266969,0.22374103126696898
1419,3-nitroazuloic acid (+0 -> -1),4.32,4.141600274984898,0.17839972501510193
1420,"5,5-dibromobarbituric acid (+0 -> -1)",5.68,5.490342747697816,0.189657252302184
1421,"5,5-dichlorobarbituric  (+0 -> -1)",5.55,5.062101975784496,0.48789802421550377
1422,"5,5-dimethylbarbituric (+0 -> -1)",8.51,8.604850850626573,0.09485085062657284
1423,5-phenyl-5-methylbarbituric (+0 -> -1),7.78,7.930522364570958,0.1505223645709579
1424,"5,5-diphenylbarbituric acid (+0 -> -1)",7.3,6.89335152724437,0.4066484727556299
1425,"5,5-diphenylbarbituric acid (-1 -> -2)",11.9,12.030688677777139,0.13068867777713855
1426,"1',5-spiro(cyclopropane) Barbituric acid (+0 -> -1)",8.73,8.44369317770499,0.2863068222950105
1427,"1',5-spiro(cyclobutane) Barbituric acid (+0 -> -1)",8.82,8.566703784083177,0.25329621591682283
1428,"1',5-spiro(cyclopentane) Barbituric acid (+0 -> -1)",8.83,8.846105743020019,0.016105743020018437
1429,"1',5-spiro(cyclohexane) Barbituric acid (+0 -> -1)",8.88,8.582166221657886,0.297833778342115
1430,p-nitro-benzenesulfonamide (+0 -> -1),8.63,8.713469908343214,0.0834699083432131
1431,p-chloro-benzenesulfonamide (+0 -> -1),9.23,9.80834936376284,0.5783493637628396
1432,benzenesulfonamide (+0 -> -1),10.0,9.99312722471603,0.006872775283969901
1433,p-methyl-benzenesulfonamide (+0 -> -1),9.9,10.072901688684503,0.17290168868450273
1434,p-methoxy-benzenesulfonamide (+0 -> -1),10.22,10.007001890684403,0.21299810931559726
1435,m-nitro-benzenesulfonamide (+0 -> -1),9.2,8.606580112668656,0.5934198873313434
1436,n-phenyl-benzenesulfonamide (+0 -> -1),8.31,8.988532780848551,0.6785327808485508
1437,n-phenyl-p-nitro-benzenesulfonamide (+0 -> -1),7.42,7.421732898123068,0.001732898123067983
1438,n-phenyl-p-amino-benzenesulfonamide (+0 -> -1),8.89,8.352444814947642,0.5375551850523586
1439,n-phenyl-p-chloro-benzenesulfonamide (+0 -> -1),7.98,7.803936398368652,0.17606360163134838
1440,n-phenyl-p-methyl-benzenesulfonamide (+0 -> -1),8.46,7.837390262095401,0.6226097379046003
1441,n-phenyl-p-methoxy-benzenesulfonamide (+0 -> -1),8.66,8.647012847586613,0.012987152413387548
1442,n-phenyl-m-nitro-benzenesulfonamide (+0 -> -1),7.5,7.7454623670959215,0.2454623670959215
1443,benzocaine (+1 -> +0),2.53,2.399957199889406,0.13004280011059377
1444,lorazepam (+1 -> +0),1.3,0.21462872228251406,1.085371277717486
1445,medazepam (+1 -> +0),6.19,5.898550472787114,0.29144952721288675
1446,nitrazepam (+1 -> +0),3.2,2.866138615071467,0.33386138492853323
1447,nitrazepam (+0 -> -1),10.39,10.468795291326817,0.0787952913268164
1448,oxazepam (+1 -> +0),1.8,1.6512791470811932,0.14872085291880688
1449,oxazepam (+0 -> -1),11.1,10.379204656986683,0.7207953430133163
1450,chlordiazepoxide (+1 -> +0),4.6,5.310653983545301,0.710653983545301
1451,7-acetamido-nitrazepam (+1 -> +0),3.2,3.59805192111926,0.3980519211192597
1452,7-acetamido-nitrazepam (+0 -> -1),12.4,12.625034634398684,0.22503463439868376
1453,7-amino-nitrazepam (+2 -> +1),2.5,1.934669051747413,0.565330948252587
1454,7-amino-nitrazepam (+1 -> +0),4.6,4.0257039045367815,0.5742960954632181
1455,7-amino-nitrazepam (+0 -> -1),13.1,12.988181630433441,0.11181836956655822
1456,benzoylecgonine methyl ester (+1 -> +0),8.7,8.916494655870288,0.2164946558702887
1457,benzoylecgonine (+0 -> -1),10.14,10.56383730024768,0.42383730024767985
1458,penicilin G (+0 -> -1),2.73,2.7316211488725406,0.001621148872540612
1459,ampicilin (+1 -> +0),2.53,2.906269802337004,0.37626980233700413
1460,ampicilin (+0 -> -1),7.24,7.330939141383109,0.09093914138310843
1461,ascorbic acid (+0 -> -1),4.05,4.238319126323025,0.18831912632302483
1462,ascorbic acid (-1 -> -2),11.62,10.676729046154104,0.9432709538458948
1463,allobarbital (+0 -> -1),7.81,7.860450020628509,0.05045002062850923
1464,2-benzenesulfonilamidopyrimidine (+0 -> -1),5.91,5.949151109062472,0.039151109062471434
1465,8-bromotheophyline (+0 -> -1),5.45,5.734650351866001,0.2846503518660004
1466,camptothecin (+1 -> +0),1.18,1.577232616431039,0.39723261643103913
1467,captopril (+0 -> -1),3.7,3.4677621039204096,0.23223789607959056
1468,captopril (-1 -> -2),9.8,10.605919726563567,0.805919726563566
1469,chloral hydrate  (+0 -> -1),10.04,9.737321777073685,0.3026782229263141
1470,8-chlorotheophylline (+0 -> -1),5.3,5.381514432514507,0.08151443251450718
1471,chlorothiazide (+0 -> -1),6.85,6.492359485416017,0.3576405145839825
1472,chlorothiazide (-1 -> -2),9.45,9.233092957503228,0.2169070424967714
1473,cinoxacin (+0 -> -1),5.38,4.647392956797428,0.732607043202572
1474,clioquinol (+0 -> -1),8.16,7.053095508634404,1.1069044913655963
1475,clonidine (+1 -> +0),8.12,6.909325293749447,1.2106747062505523
1476,clozapine (+2 -> +1),4.02,4.536038433758282,0.5160384337582826
1477,clozapine (+1 -> +0),7.6,7.617571733499162,0.01757173349916208
1478,2-cyanoguanidinophenytoin (+0 -> -1),5.3,5.3941559865203415,0.09415598652034163
1479,cycliramide (+2 -> +1),3.64,4.194042974642174,0.5540429746421736
1480,cycliramide (+1 -> +0),8.78,8.177303352777347,0.6026966472226523
1481,cycloserine (+1 -> +0),4.53,6.047325726637095,1.517325726637095
1482,cycloserine (+0 -> -1),7.31,7.869845048245221,0.5598450482452213
1483,dihydrocodeine (+1 -> +0),8.75,8.473569837913608,0.2764301620863918
1484,dihydromorphine (+1 -> +0),9.35,8.67263158847686,0.6773684115231404
1485,diphenic (+0 -> -1),3.2,2.1772379822750807,1.0227620177249195
1486,diphenic (-1 -> -2),5.06,6.060567082047694,1.0005670820476942
1487,diphenylpyraline (+1 -> +0),8.9,8.96064944011447,0.060649440114469044
1488,ectonine methyl ester (+1 -> +0),9.16,8.541142418384904,0.6188575816150959
1489,epinastine (+1 -> +0),11.2,9.927646865650349,1.2723531343496504
1490,estazolam (+1 -> +0),2.84,3.010101580139252,0.17010158013925203
1491,fludiazepam (+1 -> +0),2.29,3.3976695882215253,1.1076695882215253
1492,flumequine (+0 -> -1),6.38,6.308233639662077,0.07176636033792327
1493,flunitrazepam (+1 -> +0),1.71,1.7702229064660129,0.060222906466012915
1494,5-fluorouracil (+0 -> -1),8.0,7.744834335119545,0.25516566488045456
1495,5-fluorouracil (-1 -> -2),13.0,12.613751781796797,0.3862482182032032
1496,5-fluoro-1methoxycarbonyl-uracyl (+0 -> -1),6.8,6.678564162009388,0.12143583799061197
1497,glutethimide (+0 -> -1),10.5,11.211513048494455,0.7115130484944547
1498,heliotridane (+1 -> +0),11.4,11.156862131161542,0.243137868838458
1499,heliotridene (+1 -> +0),10.55,10.245312805443,0.3046871945570011
1500,4-hydroxycoumarin (+0 -> -1),4.13,4.181834323114373,0.05183432311437297
1501,4-pyridinecarboxylic (+1 -> +0),1.78,1.7385014671906047,0.041498532809395305
1502,4-pyridinecarboxylic (+0 -> -1),4.85,5.05156413641886,0.2015641364188605
1503,ketamine (+1 -> +0),7.5,7.677228083504644,0.17722808350464359
1504,mecamylamine (+1 -> +0),11.2,11.128849174742491,0.07115082525750793
1505,methyl-4-hydroxybenzoate (+0 -> -1),8.15,8.256709367691368,0.10670936769136752
1506,mianserin (+1 -> +0),7.5,7.443369480779879,0.0566305192201213
1507,midazolam (+2 -> +1),1.7,1.6694198644416103,0.030580135558389676
1508,midazolam (+1 -> +0),6.5,6.420358674393241,0.07964132560675896
1509,nicotinamide (+1 -> +0),3.33,3.4470060302110097,0.11700603021100964
1510,3-pyiridinecarboxylic (+1 -> +0),2.03,2.2215232549220323,0.19152325492203248
1511,3-pyiridinecarboxylic (+0 -> -1),4.83,4.883069485558113,0.05306948555811264
1512,phenytoin (+0 -> -1),8.31,7.714228551007405,0.5957714489925952
1513,pseudoecgonine (+0 -> -1),9.7,10.22211641075849,0.5221164107584908
1514,pseudoecgonine (+1 -> +0),8.15,8.778140369460871,0.6281403694608709
1515,ciprofloxacin (+1 -> +0),6.09,6.175111327145147,0.08511132714514691
1516,ciprofloxacin (+0 -> -1),8.74,8.373224973935326,0.3667750260646745
1517,difloxacin (+1 -> +0),6.06,5.829512739459098,0.23048726054090185
1518,difloxacin (+0 -> -1),7.63,7.71174058851722,0.08174058851721977
1519,nalixidic (+0 -> -1),5.95,5.881652805248719,0.06834719475128104
1520,ofloxacin (+1 -> +0),6.05,6.229259022622124,0.1792590226221238
1521,ofloxacin (+0 -> -1),8.22,7.911985903252777,0.3080140967472236
1522,N-ethyl-quinolone carboxylic acid (+0 -> -1),6.51,6.801290030365511,0.29129003036551104
1523,sorbic acid  (+0 -> -1),4.51,4.91772812104252,0.40772812104252054
1524,sulfadimidine (+1 -> +0),2.65,1.2108548625389721,1.4391451374610278
1525,sulfadimidine (+0 -> -1),7.59,7.633932734878474,0.04393273487847438
1526,sulfamethoxypyridazine (+0 -> -1),7.19,7.3025591996753505,0.11255919967535011
1527,sulfanilamide (+1 -> +0),2.36,1.9466501788944655,0.4133498211055344
1528,sulfanilamide (+0 -> -1),10.43,10.586258532401363,0.15625853240136323
1529,sulfanylamide N1-benzoyl (+1 -> +0),1.78,1.3260203405921134,0.45397965940788665
1530,sulfanylamide N1-benzoyl (+0 -> -1),4.57,4.225877877918648,0.3441221220813526
1531,tecomine (+1 -> +0),7.2,7.433568645704926,0.23356864570492597
1532,tetrahydrozoline (+1 -> +0),10.51,10.196597962407932,0.3134020375920681
1533,tolazoline (+1 -> +0),10.3,10.687978774656859,0.38797877465685815
1534,"3,5-dibenzamido-1,2,4-triazole (+0 -> -1)",10.21,9.190077233849092,1.0199227661509092
1535,"3,5-di(p-nitro-benzamido)-1,2,4-triazole (+0 -> -1)",8.64,8.553421699072906,0.08657830092709418
1536,sulfathiazole (+0 -> -1),7.49,7.386186801387506,0.10381319861249416
1537,vanillic acid (+0 -> -1),4.53,4.573677882831169,0.0436778828311688
1538,ortho-vanillin (+0 -> -1),7.91,8.261855573149713,0.35185557314971305
1539,histamine monoiodo (+2 -> +1),4.11,4.149599124935622,0.03959912493562179
1540,histamine monoiodo (+0 -> -1),11.88,12.331641072234508,0.4516410722345068
1541,histamine diiodo (+2 -> +1),2.31,2.9330809034109633,0.6230809034109632
1542,histamine diiodo (+0 -> -1),10.11,10.038595069053326,0.07140493094667377
1543,"6-methyl-2,4-diamino-pteridine (+1 -> +0)",5.33,5.377739182582036,0.04773918258203569
1544,sulfacetamide (+1 -> +0),1.76,1.9619845986279696,0.20198459862796958
1545,sulfacetamide (+0 -> -1),5.22,5.64600303479093,0.4260030347909298
1546,bentazone (+0 -> -1),3.51,3.4688087275909716,0.0411912724090282
1547,debrisoquine (+1 -> +0),11.9,12.396152175348053,0.4961521753480529
1548,ioxynil  (+0 -> -1),4.08,4.390445853133519,0.310445853133519
1549,pentachlorophenol (+0 -> -1),4.69,4.515210858641833,0.17478914135816748
1550,pirimicarb (+1 -> +0),4.54,5.0526549762084825,0.5126549762084824
1551,"5,6-difluorobenzimidazole (+1 -> +0)",4.5,4.310068669492124,0.1899313305078758
1552,"5,6-difluorobenzimidazole (+0 -> -1)",11.7,11.872684898942286,0.17268489894228622
1553,"4,5,6,7-tetrafluorobenzimidazole (+1 -> +0)",2.1,2.2249336404092626,0.12493364040926247
1554,"4,5,6,7-tetrafluorobenzimidazole (+0 -> -1)",9.4,9.535452546180462,0.13545254618046165
1555,pyridoxine (+1 -> +0),5.0,5.7339811044406765,0.7339811044406765
1556,pyridoxine (+0 -> -1),8.96,8.972534014756913,0.012534014756912626
1557,sulfapyridine (+0 -> -1),8.2,7.468222991572812,0.7317770084271871
1558,mirtazapine (+1 -> +0),7.1,7.792450853883498,0.6924508538834981
1559,7-hydroxy phenanthridine (+1 -> +0),4.39,5.341603360725933,0.9516033607259331
1560,7-hydroxy phenanthridine (+0 -> -1),8.68,8.136161801833207,0.5438381981667924
1561,1-pyrroline (+1 -> +0),6.7,6.560980899699913,0.13901910030008757
1562,1-piperidine (+1 -> +0),7.93,8.318416676262668,0.3884166762626684
1563,3-piperidine (+1 -> +0),10.43,10.37309569919921,0.0569043008007899
1564,"2-methyl-3,4-Dihydroquinazoline (+1 -> +0)",10.16,9.965437605023093,0.19456239497690753
1565,quinmerac (+0 -> -1),3.96,3.634293692916213,0.3257063070837871
1566,clopyralid (+0 -> -1),2.32,2.103727794669534,0.21627220533046598
1567,1-phenyl-4-methyl-urazole (+0 -> -1),4.7,4.5609100697931915,0.1390899302068087
1568,1-methyl-urazole (+0 -> -1),5.3,6.18965584543092,0.8896558454309202
1569,1-methyl-4-phenyl-urazole (+0 -> -1),4.7,5.213077876332323,0.5130778763323232
1570,1-methyl-2-phenyl-urazole (+0 -> -1),6.97,6.8959902878383765,0.07400971216162322
1571,1-methylxanthine (+0 -> -1),7.7,7.71317517254866,0.013175172548660186
1572,adenine (+1 -> +0),4.17,3.8238600467323955,0.3461399532676044
1573,adenine-n1-oxide (+1 -> +0),2.69,2.4632749176837576,0.22672508231624233
1574,allopurinol (+0 -> -1),9.4,9.309812255675062,0.09018774432493792
1575,guanine (+1 -> +0),3.3,2.825386766463497,0.47461323353650275
1576,isoguanine (+1 -> +0),4.5,4.2072080695904965,0.29279193040950346
1577,isoguanine (+0 -> -1),9.0,8.916597138111388,0.08340286188861157
1578,purine (+1 -> +0),2.52,2.652387866719991,0.13238786671999092
1579,2-hydroxypyrazine (+1 -> +0),-0.1,0.21646854409269523,0.3164685440926952
1580,"6-chloro-1h-imidazo[4,5-c]pyridine (+1 -> +0)",2.7,2.547267893209418,0.15273210679058202
1581,2-(methylthio)quinoxaline (+1 -> +0),0.29,0.5873128625268729,0.2973128625268729
1582,4-hydroxypyrimidine (+1 -> +0),1.85,2.000663407327888,0.15066340732788808
1583,2-chloro-8-(methylthio)-9H-purine (+1 -> +0),1.35,1.9305714632583246,0.5805714632583245
1584,2-chloro-8-(methylthio)-9H-purine (+0 -> -1),8.75,8.56754840937661,0.18245159062339056
1585,"2-(methylthio)-1H-imidazo[4,5-c]pyridine (+1 -> +0)",5.98,5.9502112611725435,0.029788738827456918
1586,"2,8-dihydroxyadenine (+1 -> +0)",2.45,2.99569523434043,0.54569523434043
1587,"2,8-dihydroxyadenine (+0 -> -1)",8.12,8.069959055197739,0.05004094480226051
1588,"2,8-dihydroxyadenine (-1 -> -2)",11.4,11.991534579025092,0.5915345790250921
1589,"1,9-dimethyladenine (+2 -> +1)",-0.7,-0.1957427762975934,0.5042572237024066
1590,"1,9-dimethyladenine (+1 -> +0)",9.1,9.149464517875668,0.04946451787566808
1591,"7,9-dimethyladenine (+2 -> +1)",0.5,0.6041615433366285,0.10416154333662853
1592,"7,9-dimethylguanine (+1 -> +0)",7.22,6.90659573774227,0.31340426225772955
1593,"7,9-dimethylhypoxanthine (+1 -> +0)",6.46,6.774370714625184,0.3143707146251842
1594,6N6N9N-trimdethyladenine (+2 -> +1),-0.77,-0.17448324906840096,0.5955167509315991
1595,"N6,N6,N9-trimethyladenine (+1 -> +0)",4.18,4.712905940321781,0.5329059403217808
1596,1-methylcitosine (+1 -> +0),4.5,5.034213959833611,0.5342139598336111
1597,9-methylguanine (+1 -> +0),3.1,2.757229389111802,0.34277061088819805
1598,9-methylguanine (+0 -> -1),9.5,9.579231573378916,0.07923157337891595
1599,1-methyluracil (+0 -> -1),9.7,9.630870327903406,0.06912967209659371
1600,9-methylisoguanine (+1 -> +0),4.5,3.978878552956547,0.5211214470434529
1601,9-methylisoguanine (+0 -> -1),9.0,9.839004560840587,0.8390045608405874
1602,9-methyladenine (+2 -> +1),-0.64,-0.5651386150082018,0.07486138499179817
1603,9-methyladenine (+1 -> +0),4.1,4.141289174033726,0.041289174033726006
1604,9-methylhypoxanthine (+1 -> +0),1.87,2.2692879681020948,0.39928796810209466
1605,9-methylhypoxanthine (+0 -> -1),9.21,9.210697194443501,0.0006971944435001376
1606,isocytosine (+1 -> +0),4.07,4.064581034585568,0.005418965414432542
1607,isocytosine (+0 -> -1),9.47,9.277902431189187,0.19209756881081397
1608,"5,6-dimethyl-2-thiouracil (+0 -> -1)",8.08,8.345927763484697,0.26592776348469727
1609,6-methyul-2-thiouracil (+0 -> -1),7.73,7.87481068281858,0.14481068281858
1610,5-methyul-2-thiouracil (+0 -> -1),7.71,7.758232026314474,0.048232026314473764
1611,4-dimethylamino-6-methoxypyrimidine (+1 -> +0),4.23,4.307916537940958,0.07791653794095765
1612,4-dimethylamino-6-methylthiopyrimidine (+1 -> +0),4.57,4.162729431353298,0.40727056864670264
1613,4-dimethylamino-6-mercaptopyrimidine (+1 -> +0),-0.27,0.34056482586138603,0.610564825861386
1614,4-dimethylamino-6-mercaptopyrimidine (+0 -> -1),9.5,9.730962323141899,0.2309623231418989
1615,4-dimethylamino-6-hydroxypyrimidine (+1 -> +0),1.22,1.2370229458879605,0.017022945887960494
1616,4-dimethylamino-6-hydroxypyrimidine (+0 -> -1),10.42,10.408135023098101,0.011864976901899027
1617,4-dimethylamino-2-methylthiopyrimidine (+1 -> +0),5.73,5.153335304999792,0.5766646950002086
1618,4-dimethylamino-2-mercaptopyrimidine (+1 -> +0),2.4,2.075393944193835,0.32460605580616475
1619,4-dimethylamino-2-mercaptopyrimidine (+0 -> -1),11.18,11.217824913121444,0.03782491312144387
1620,4-amino-6-methylthiopyrimidine (+1 -> +0),3.94,4.194518026564403,0.2545180265644027
1621,4-amino-6-mercaptopyrimidine (+1 -> +0),0.24,-0.36035129654231834,0.6003512965423183
1622,4-amino-6-mercaptopyrimidine (+0 -> -1),9.25,9.157771775357201,0.092228224642799
1623,4-amino-6-hydroxypyrimidine (+1 -> +0),1.36,1.3372940841108267,0.022705915889173367
1624,4-amino-6-hydroxypyrimidine (+0 -> -1),10.05,10.04005574746149,0.009944252538510057
1625,4-amino-2-methylthiopyrimidine (+1 -> +0),4.91,5.185258154439044,0.2752581544390438
1626,4-amino-2-methoxypyrimidine (+1 -> +0),5.53,5.833275706899546,0.3032757068995462
1627,4-amino-2-mercaptopyrimidine (+1 -> +0),2.4,2.976894393640076,0.5768943936400759
1628,4-amino-2-mercaptopyrimidine (+0 -> -1),11.18,10.611172512092967,0.5688274879070327
1629,2-thiouracil (+0 -> -1),7.46,7.820750853205356,0.3607508532053556
1630,2-dimethylamino-4-methylthiopyrimidine (+1 -> +0),5.04,4.772505951334583,0.2674940486654167
1631,2-dimethylamino-4-methoxypyrimidine (+1 -> +0),5.87,5.657580193459484,0.21241980654051584
1632,2-dimethylamino-4-hydroxypyrimidine (+1 -> +0),3.68,4.073098874749732,0.39309887474973193
1633,2-dimethylamino-4-hydroxypyrimidine (+0 -> -1),9.89,9.507653682976912,0.38234631702308874
1634,2-amino-4-methylthiopyrimidine (+1 -> +0),4.75,4.613822339454479,0.13617766054552138
1635,2-amino-4-methylthoxypyrimidine (+1 -> +0),5.53,5.74700759184232,0.21700759184231977
1636,2-amino-4-mercaptopyrimidine (+1 -> +0),2.86,2.960657541583924,0.10065754158392393
1637,2-amino-4-mercaptopyrimidine (+0 -> -1),8.03,7.52573319974147,0.5042668002585291
1638,2-dimethylamino-4-mercaptopyrimidine (+1 -> +0),2.2,2.287540731877179,0.08754073187717903
1639,2-dimethylamino-4-mercaptopyrimidine (+0 -> -1),8.02,8.573097029297028,0.5530970292970281
1640,4-mercaptopyrimidine (+0 -> -1),6.9,7.15360998180299,0.25360998180299
1641,2-mercaptopyrimidine (+0 -> -1),7.1,7.3175659687017625,0.2175659687017628
1642,pentamethylguanidine (+1 -> +0),13.8,14.860081084178262,1.060081084178261
1643,"2-phenyl-1,1,3,3-tetramethylguanidine (+1 -> +0)",11.77,12.853966789982945,1.083966789982945
1644,2chlorphenyl-iminotrispyrrolizinophosphorane (+1 -> +0),9.98,10.693506594679302,0.713506594679302
1645,4bromophenyl-iminotrispyrrolizinophosphorane (+1 -> +0),11.23,10.886423630054306,0.3435763699456942
1646,4-trifluoromethylphenyl-iminotrispyrrolizinophosphorane (+1 -> +0),10.59,10.927063966129847,0.3370639661298469
1647,4-chloro-2-nitrophenyl-iminotrispyrrolizinophosphorane (+1 -> +0),8.37,9.78519871934866,1.4151987193486608
1648,4-dimethylaminophenyl-iminotrispyrrolizinophosphorane (+1 -> +0),12.0,12.065773630891382,0.06577363089138188
1649,4-trifluoromethyl-2-nitro-phenyl-iminotrispyrrolizinophosphorane (+1 -> +0),8.14,9.470611020549253,1.3306110205492523
1650,4-methoxyphenyl-iminotrispyrrolizinophosphorane (+1 -> +0),11.94,12.064443948427087,0.12444394842708739
1651,4-nitrophenyl-iminotrispyrrolizinophosphorane (+1 -> +0),9.22,8.889922327793919,0.3300776722060821
1652,5-chloro-2-nitrophenyl-iminotrispyrrolizinophosphorane (+1 -> +0),8.33,7.106975510988136,1.2230244890118644
1653,"2,5-dinitrophenyl-iminotrispyrrolizinophosphorane (+1 -> +0)",7.34,6.02444848405107,1.31555151594893
1654,"2,5-dichlorophenyl-iminotrispyrrolizinophosphorane (+1 -> +0)",9.21,8.74730431740652,0.4626956825934805
1655,"2,5-dichloro-4-nitrophenyl-iminotrispyrrolizinophosphorane (+1 -> +0)",7.5,6.622190096263405,0.877809903736595
1656,"2,6-dichlorophenyl-iminotrispyrrolizinophosphorane (+1 -> +0)",9.0,9.531452076224483,0.5314520762244825
1657,iminotripyrrolizinophosphorane (+1 -> +0),13.93,14.327460345754663,0.3974603457546628
1658,phenyliminotrispyrrolizinophosphorane (+1 -> +0),11.6,11.236209122838755,0.3637908771612448
1659,phenyliminotrisdimethylaminophosphorane (+1 -> +0),10.6,10.874329358716626,0.274329358716626
1660,iminotrisdimethylaminophosphorane (+1 -> +0),13.32,14.075714258066203,0.7557142580662024
1661,"1,8-bisdimethylaminonaphtlalene (+1 -> +0)",12.1,9.760110189099551,2.3398898109004485
1662,"azobenzene-3,4-diol (+0 -> -1)",7.5,7.256086927600726,0.24391307239927418
1663,"azobenzene-3,4-diol (-1 -> -2)",11.45,12.154300410998555,0.704300410998556
1664,"4-nitro-azobenzene-3,4-diol (+0 -> -1)",6.87,6.858489695362052,0.01151030463794811
1665,"4-nitro-azobenzene-3,4-diol (-1 -> -2)",11.25,11.814281578217336,0.5642815782173365
1666,"3-methoxy-6-p-tolyl-4,5-dihydropyridazine (+1 -> +0)",5.01,5.422141694255467,0.41214169425546743
1667,"3-phenyl-4,5-dihydro-1H-pyridazin-6-one (+1 -> +0)",1.41,-1.0684631171097827,2.478463117109783
1668,"1,5,9-triazacyclododecane (+1 -> +0)",12.2,12.050627087600684,0.14937291239931483
1669,"1,5,9-triazacyclododecane (+2 -> +1)",7.57,7.633819784088207,0.06381978408820643
1670,"1,5,9-triazacyclododecane (+3 -> +2)",2.41,3.7022663293511675,1.2922663293511674
1671,"3,6 dichloropyridazine (+1 -> +0)",-1.5,-2.416875665637064,0.9168756656370638
1672,"3,6-bis(dimethylamino)pyridazine (+1 -> +0)",6.71,7.147144158011496,0.4371441580114963
1673,3-hydroxy-6-methylpyridazine (+1 -> +0),-0.81,-0.27105564926965275,0.5389443507303473
1674,"n,n-dimethyl-3-pyridazinamine (+1 -> +0)",4.59,5.177650993039766,0.587650993039766
1675,"n,n-dimethyl-6-phenyl-3-pyridazinamine (+1 -> +0)",4.49,5.320772541183387,0.8307725411833866
1676,"3-(n,n-dimethylamino)-6-chloropyridazine (+1 -> +0)",2.82,3.6619420144870034,0.8419420144870036
1677,3-chloro-6-phenylpyridazine (+1 -> +0),-0.06,0.9033071645563613,0.9633071645563613
1678,3-chloro-6-methylpyridazine (+1 -> +0),0.89,1.707328693057197,0.8173286930571969
1679,"1,6-dihydro-1-methyl-4methylaino-6-thiopyrimidine (+1 -> +0)",-0.48,0.4050391165751135,0.8850391165751135
1680,"1,6-dihydro-1-methyl-4methylamino-6-oxopyrimidine (+1 -> +0)",0.82,1.8594460859617037,1.0394460859617038
1681,"1,6-dihydro-1-methyl-4-amino-6-thiopyrimidine (+1 -> +0)",0.98,0.3290509923890754,0.6509490076109246
1682,"1,2-dihydro-4-dimethylamino-1methyl-2-thiopyrimidine (+1 -> +0)",2.62,3.566827694829427,0.9468276948294267
1683,"2-dimethylamino-1,6-dihydro-1-methyl-6-thiopyrimidine (+1 -> +0)",2.0,2.177902447928381,0.17790244792838106
1684,"2-dimethylamino-1,6-dihydro-1-methyl-6-oxopyrimidine (+1 -> +0)",3.49,3.2976874227773294,0.1923125772226708
1685,"1,6-dihydro-2-amino-6thiopyrimidine (+1 -> +0)",2.92,2.605001987615818,0.3149980123841818
1686,4-hydroxy-6-(methylamino)pyrimidine (+1 -> +0),1.7,1.1978211982757783,0.5021788017242217
1687,4-hydroxy-6-(methylamino)pyrimidine (+0 -> -1),10.47,10.507093408706798,0.03709340870679689
1688,6-methoxy-n-methylpyrimidin-4-amine (+1 -> +0),4.23,4.158996277136204,0.07100372286379653
1689,carbazole (+0 -> -1),15.16,15.30541468646388,0.14541468646388012
1690,indolizine (+1 -> +0),3.9,4.414161285454656,0.5141612854546564
1691,isoxazole (+1 -> +0),-2.03,-2.017428736028039,0.012571263971960622
1692,1h-pyrazol-3-ol (+0 -> -1),7.94,7.482495581921814,0.4575044180781864
1693,dibromotriazole (+0 -> -1),5.37,6.041293040886631,0.6712930408866313
1694,4h-pyran-4-one (+1 -> +0),0.1,-0.8813930102125598,0.9813930102125598
1695,homoquinoline (+1 -> +0),3.2,4.037139512481346,0.8371395124813459
1696,2-aminoquinoxaline (+1 -> +0),3.96,4.394050916547228,0.4340509165472284
1697,5-aminoquinoxaline (+1 -> +0),2.62,1.6798950038546243,0.9401049961453758
1698,6-aminoquinoxaline (+1 -> +0),2.95,2.8021207142157385,0.14787928578426168
1699,"2,3-diaminoquinoxaline (+1 -> +0)",4.7,4.559878779074874,0.1401212209251259
1700,neutral red (+1 -> +0),6.75,7.102969452761631,0.3529694527616307
1701,5-methyl-10H-phenazin-1-ol (+0 -> -1),9.5,9.094835449794633,0.4051645502053667
1702,pyocyanine (+1 -> +0),5.0,4.660414408056942,0.3395855919430577
1703,isoxazole-3-carboxylic (+0 -> -1),2.69,2.6184438039539026,0.07155619604609731
1704,isoxazole-4-carboxylicacid (+0 -> -1),3.42,3.2852083887179697,0.1347916112820302
1705,isoxazole-5-carboxylic (+0 -> -1),2.04,2.2076019441717287,0.1676019441717287
1706,5-phenylisoxazole-3-carboxylicacid (+0 -> -1),2.26,2.457147379504047,0.19714737950404704
1707,3-phenyl-4-benzoyl isoxazol-5-one (+0 -> -1),1.3,0.7871330542825126,0.5128669457174875
1708,"4-benzoyl-3-methyl-2h-1,2-oxazol-5-one (+0 -> -1)",1.4,1.5120673934402014,0.11206739344020145
1709,pyrazolecarboxylic (+0 -> -1),3.84,3.673808234565448,0.16619176543455172
1710,5-nitroindazole (+0 -> -1),11.69,11.683989474615402,0.006010525384597898
1711,6-nitroindazole (+0 -> -1),11.67,11.383266981345944,0.286733018654056
1712,7-nitroindazole (+0 -> -1),12.48,12.17516541523862,0.30483458476138026
1713,4-hydroxyindazole (+0 -> -1),8.65,8.604615508742576,0.045384491257424386
1714,5-hydroxyindazole (+0 -> -1),10.05,10.116707075395286,0.06670707539528564
1715,6-hydroxyindazole (+0 -> -1),9.35,9.44056899284865,0.09056899284865061
1716,7-hydroxyindazole (+0 -> -1),8.6,8.490813733891418,0.10918626610858162
1717,6-aminoindazole (+1 -> +0),3.66,2.9453532677865795,0.7146467322134207
1718,"(4r)-1,4-dihydroquinazolin-4-ol (+1 -> +0)",7.77,7.605600426901173,0.16439957309882658
1719,4-methyl-2-methylsulfanylquinazoline (+1 -> +0),1.86,2.0268803401124824,0.16688034011248232
1720,"1,4,5,6-tetrahydropyrimidine (+1 -> +0)",13.0,12.786332527399278,0.21366747260072216
1721,"2-amino-1,4,5,6-tetrahydropyrimidine (+1 -> +0)",14.1,13.031146446904081,1.0688535530959182
1722,"2-phenyl-1,4,5,6-tetrahydropyrimidine (+1 -> +0)",12.8,12.290604167398254,0.5093958326017471
1723,"2-methoxy-1,4,5,6-tetrahydropyrimidine (+1 -> +0)",10.79,10.538367213330215,0.2516327866697843
1724,"5-methoxy-1,4,5,6-tetrahydropyrimidine (+1 -> +0)",11.72,11.408802332806214,0.3111976671937864
1725,"5-hydroxy-1,4,5,6-tetrahydropyrimidine (+1 -> +0)",10.9,11.194509653745992,0.29450965374599214
1726,"2-methyl-1,4,5,6-tetrahydropyrimidin-5-ol (+1 -> +0)",11.4,12.074724030557665,0.6747240305576643
1727,"2,2,4,6,6-pentamethyltetrahydro pyrimidine (+1 -> +0)",8.11,8.370450559565189,0.26045055956518937
1728,2-amino-5-bromopyrimidine (+1 -> +0),1.95,1.6556180858139449,0.2943819141860551
1729,5-bromo-4-tert-butylpyrimidin-2-amine (+1 -> +0),2.93,2.772819179382755,0.15718082061724514
1730,2-amino-5-bromo-4-methylpyrimidine (+1 -> +0),2.66,2.716434622765333,0.056434622765332954
1731,"2-amino-5-bromo-4,6-dimethylpyrimidine (+1 -> +0)",3.35,3.3509236394503708,0.0009236394503706613
1732,2-amino-5-bromo-4-hydroxypyrimidine (+1 -> +0),2.56,2.7707884811100234,0.21078848111002335
1733,2-amino-5-bromo-4-hydroxypyrimidine (+0 -> -1),8.05,8.272102086949419,0.2221020869494179
1734,2-amino-5-chloro-4(3h)-pyrimidinone (+1 -> +0),2.53,3.0729915800350582,0.5429915800350584
1735,2-amino-5-chloro-4(3h)-pyrimidinone (+0 -> -1),7.97,7.714098630276555,0.25590136972344446
1736,2-amino-5-fluoro-4-hydroxypyrimidine (+1 -> +0),2.57,2.83901637195983,0.2690163719598302
1737,2-amino-5-fluoro-4-hydroxypyrimidine (+0 -> -1),8.04,7.8782759487436875,0.16172405125631162
1738,2-amino-4-chloro-6-hydroxypyrimidine (+1 -> +0),0.5,0.38076364392131445,0.11923635607868555
1739,2-amino-4-chloro-6-hydroxypyrimidine (+0 -> -1),8.06,8.17196432546387,0.11196432546386959
1740,"2-amino-4,6-dimethyl-5-pyrimidinecarbonitrile (+1 -> +0)",1.67,2.391090622454609,0.721090622454609
1741,2-amino-4-methyl-5-cyanopyrimidine (+1 -> +0),1.14,1.5696909204199976,0.4296909204199977
1742,"2-amino-4,6-diphenyl-pyrimidine (+1 -> +0)",3.78,3.3756530796450868,0.40434692035491304
1743,2-amino-5-iodopyrimidine (+1 -> +0),2.23,2.3791931191985505,0.1491931191985505
1744,"2-amino-6-fluoro-1,4-dihydropyrimidin-4-one (+0 -> -1)",8.38,8.520545434140818,0.140545434140817
1745,5-bromo-2methoxypyrimidine (+1 -> +0),-0.77,-0.24733265468159793,0.5226673453184021
1746,5-bromo-2-methylthiopyrimidine (+1 -> +0),-0.9,-0.5986670060650514,0.3013329939349486
1747,5-bromo-2-methylaminopyrimidine (+1 -> +0),2.09,2.13935191328018,0.04935191328018007
1748,4-acetamidopyrimidine (+1 -> +0),2.76,2.843431669770502,0.0834316697705022
1749,4-amino-5-bromopyrimidine (+1 -> +0),3.97,3.795945995767105,0.1740540042328953
1750,4-amino-5-bromo-2-hydroxypyrimidine (+1 -> +0),3.04,2.670627912758899,0.3693720872411008
1751,4-amino-5-bromo-2-hydroxypyrimidine (+0 -> -1),10.33,10.05903544298398,0.2709645570160202
1752,"4-amino-5-chloro-1,2-dihydropyrimidin-2-one (+1 -> +0)",2.94,2.83320688449363,0.10679311550636994
1753,"4-amino-5-chloro-1,2-dihydropyrimidin-2-one (+0 -> -1)",10.36,9.960153967631452,0.3998460323685471
1754,4-amino-5-fluoro-2-hydroxypyrimidine (+1 -> +0),2.83,2.609714861998243,0.2202851380017572
1755,4-amino-5-fluoro-2-hydroxypyrimidine (+0 -> -1),10.87,10.582429687042906,0.2875703129570937
1756,4-amino-6-chloro-2(1h)-pyrimidinone (+1 -> +0),3.26,3.064770831659935,0.19522916834006487
1757,4-amino-6-chloro-2(1h)-pyrimidinone (+0 -> -1),8.59,8.595247854989413,0.00524785498941327
1758,4-amino-6-fluoro-2(1h)pyrimidinone (+1 -> +0),1.5,1.7274308568008623,0.22743085680086228
1759,4-amino-6-fluoro-2(1h)pyrimidinone (+0 -> -1),9.05,8.820018881168254,0.22998111883174666
1760,4-amino-5-cyanopyrimidine (+1 -> +0),2.54,2.528785618390084,0.011214381609915947
1761,4-amino-5-cyano-2-methylpyrimidine (+1 -> +0),3.51,3.351093512404776,0.15890648759522374
1762,5-bromo-2-hydroxypyrimidine (+1 -> +0),0.44,0.6947892822209845,0.25478928222098446
1763,"5-bromo-1,2-dihydropyrimidine-2-thione (+0 -> -1)",5.47,5.537389361368909,0.06738936136890938
1764,5-bromo-2-hydroxypyrimidine (+0 -> -1),7.36,6.939671636291575,0.42032836370842563
1765,5-bromo-4-hydroxypyrimidine (+1 -> +0),0.43,0.4957711843461201,0.06577118434612012
1766,5-bromo-4-hydroxypyrimidine (+0 -> -1),7.15,7.4462198980317496,0.2962198980317492
1767,5-bromo-4(3h)-pyrimidinethione (+1 -> +0),-0.46,-0.49836800066871767,0.03836800066871765
1768,5-bromo-4(3h)-pyrimidinethione (+0 -> -1),5.6,6.1513727735137165,0.5513727735137168
1769,5-bromo-4-methoxypyrimidine (+1 -> +0),1.35,1.4213269418252166,0.07132694182521648
1770,"4,6-diaminopyrimidine (+1 -> +0)",6.01,6.151846810180891,0.1418468101808914
1771,"4,6-diamino-5-bromopyrimidine (+1 -> +0)",4.22,4.227260658498515,0.0072606584985148714
1772,"pyrimidine, 4,6-diamino-2,5-dimethyl- (7ci,8ci) (+1 -> +0)",7.08,6.76591389687467,0.31408610312533014
1773,"4,6-dihydroxypyrimidine (+1 -> +0)",0.26,-0.2281822257690891,0.4881822257690891
1774,"4,6-dimercaptopyrimidine (+0 -> -1)",3.6,4.364605998896521,0.764605998896521
1775,"4,6-dimercaptopyrimidine (-1 -> -2)",9.7,9.770719108372974,0.07071910837297501
1776,"4,6-dimethoxypyrimidine (+1 -> +0)",1.49,1.8657387823913743,0.37573878239137426
1777,"2,4,6-triaminopyrimidine (+2 -> +1)",1.07,2.05975288574433,0.9897528857443298
1778,"2,4,6-triaminopyrimidine (+1 -> +0)",7.18,6.4785503774292215,0.7014496225707783
1779,"1,2,3-trimethylindole (+1 -> +0)",-0.66,0.26070785831841103,0.9207078583184111
1780,"2,5.dimethylindole (+1 -> +0)",0.26,0.31991531654132643,0.059915316541326424
1781,2-methyl-2H-indazole (+1 -> +0),2.02,3.067866353255428,1.047866353255428
1782,phenophosphazine (+0 -> -1),3.0,2.775998687849703,0.22400131215029706
1783,chromane-2-carboxylic acid (+0 -> -1),3.28,3.5100855016924717,0.23008550169247188
1784,"2,3,4,5-tetrahydronenzo-b-oxepine-2-carboxylic acid (+0 -> -1)",3.63,3.726511568139129,0.09651156813912909
1785,"2,3-dihydrobenzofuran-2-carboxylic acid (+0 -> -1)",3.25,3.3788444560133506,0.1288444560133506
1786,acridine-4-carboxylic acid (+0 -> -1),7.4,7.508904935770666,0.10890493577066529
1787,acridine-2-carboxylic acid (+0 -> -1),5.0,5.429746170393385,0.42974617039338536
1788,acridine-9-carboxylic acid (+0 -> -1),4.8,5.63054201203843,0.8305420120384301
1789,9-aminobenza[a]acridine (+1 -> +0),7.1,7.093184087819562,0.006815912180437422
1790,10-aminobenza[a]acridine (+1 -> +0),6.4,5.5426323668159,0.8573676331841007
1791,3-amino-6-chloroacridine (+1 -> +0),6.8,7.002572141846063,0.20257214184606287
1792,3-amino-6-chloroacridine (+1 -> +0),6.4,6.4322603016601425,0.032260301660142154
1793,9-amino-3-chloroacridine (+1 -> +0),8.9,9.183099590650915,0.28309959065091483
1794,9-amino-2-methoxyacridine (+1 -> +0),9.2,9.912753193719443,0.7127531937194433
1795,tacrine (+1 -> +0),10.0,10.363625218412839,0.3636252184128388
1796,27diaminoacridine_cation->neut (+1 -> +0),5.9,5.653182267171643,0.24681773282835717
1797,"3,9-diaminoacridine (+1 -> +0)",11.1,10.995181746892047,0.10481825310795223
1798,"4,5-diaminoacridine (+1 -> +0)",4.07,3.427805354855539,0.6421946451444613
1799,9-methylacridine (+1 -> +0),5.6,5.779962960095555,0.17996296009555568
1800,4-methylacridine (+1 -> +0),5.4,5.168478655467805,0.23152134453219553
1801,2-methylacridine (+1 -> +0),5.5,5.36456276541918,0.13543723458082013
1802,pyiridine-2-sulfonic acid (+0 -> -1),1.75,2.4157313267194844,0.6657313267194844
1803,pyiridine-3-sulfonic acid (+0 -> -1),3.22,3.3264716957697393,0.10647169576973914
1804,pyiridine-4-sulfonic acid (+0 -> -1),3.44,3.4833987782205433,0.04339877822054339
1805,"2,6-lutidine-3-sulfonic acid (+0 -> -1)",4.89,5.2185891954294155,0.3285891954294158
1806,2.6-lutidine-4-sulfonic acid (+0 -> -1),5.09,5.017455948498932,0.07254405150106802
1807,2-methyl-6-aza-uracil (+0 -> -1),6.99,7.034820822136194,0.04482082213619343
1808,"2,3-diaminopyrazine (+1 -> +0)",4.88,4.167896967202697,0.7121030327973026
1809,"2,3-diaminopyrazine (+2 -> +1)",0.76,-0.4915968905010448,1.2515968905010448
1810,"2,3-diamino-5,6-dimethyl-pyrazine (+2 -> +1)",1.23,1.1486618485238278,0.08133815147617218
1811,"2,3-diamino-5,6-dimethyl-pyrazine (+1 -> +0)",5.36,4.238627818183199,1.1213721818168016
1812,"5-amino-2,3-dimethylpyrazine (+1 -> +0)",3.89,3.005671175414628,0.884328824585372
1813,2-amino-3-cyanopyrazine (+1 -> +0),-0.43,0.24215472794422332,0.6721547279442233
1814,2-amino-3-dimethylaminopyrazine (+2 -> +1),-0.24,0.5272625822823223,0.7672625822823222
1815,2-amino-3-dimethylaminopyrazine (+1 -> +0),4.29,4.010710190913083,0.2792898090869169
1816,5-mehtyl-2-thiophenecarboxylic acid (+0 -> -1),3.7,3.9074909630969783,0.20749096309697812
1817,4-mehtyl-2-thiophenecarboxylic acid (+0 -> -1),3.58,3.6298727084389064,0.049872708438906344
1818,"1,5,7-Triazabicyclo[4.4.0]dec-5-ene (+1 -> +0)",14.5,14.081952726855175,0.4180472731448255
1819,"1,8-Diazabicyclo(5.4.0)undec-7-ene (+1 -> +0)",13.5,14.179740031682346,0.6797400316823463
1820,"1-methyl-1,5,7-Triazabicyclo[4.4.0]dec-5-ene (+1 -> +0)",13.0,14.245040551002543,1.2450405510025426
1821,fluoradene (+0 -> -1),11.1,10.491749277700361,0.6082507222996387
1822,isoxazolidine (+1 -> +0),5.05,4.6900785707359525,0.35992142926404735
1823,isoxazolidine-5-carboxylic (+0 -> -1),4.77,5.558413241128486,0.7884132411284863
1824,isoxazolidine-5-carboxylic (+1 -> +0),2.18,2.9567009349108897,0.7767009349108895
1825,"3,5-dimethylisoxazoline (+1 -> +0)",-1.26,-0.40545931686168846,0.8545406831383116
1826,5-methylisoxazole (+1 -> +0),-1.61,-2.060873338435396,0.450873338435396
1827,3-methylisoxazole (+1 -> +0),-1.22,-1.653167251634171,0.43316725163417114
1828,3-methyiisothiazole (+1 -> +0),0.88,0.8443714249633434,0.03562857503665662
1829,5-methyiisothiazole (+1 -> +0),0.42,0.5184804931689904,0.09848049316899038
1830,"3,5-dimethylisothiazole (+1 -> +0)",1.52,1.7037257734050124,0.1837257734050124
1831,"2,4,5-trimethyl-1,2-oxazol-3(2H)-one (+1 -> +0)",-1.36,-1.3129986281646602,0.04700137183533992
1832,"1,5-naphtyridine (+1 -> +0)",3.05,3.3400510033669093,0.2900510033669095
1833,pempidine (+1 -> +0),11.25,11.236141046292598,0.013858953707401866
1834,"2,2,6,6,-tetramethylpiperidine (+1 -> +0)",11.24,11.062420980647051,0.17757901935294917
1835,"1,2,6-trimethylpiperidine (+1 -> +0)",10.21,10.544166152103944,0.3341661521039434
1836,"1,2,2,4,-tetramethylpiperidine (+1 -> +0)",10.24,10.595816219005506,0.3558162190055061
1837,4-nitropheyl-malononitrile (+0 -> -1),2.3,1.8302378849976915,0.46976211500230836
1838,"2,2-Dimethyl-1,3-dioxane-4,6-dione (+0 -> -1)",4.97,5.980014563339789,1.010014563339789
1839,"5,5-Dimethylcyclohexane-1,3-dione (+0 -> -1)",5.25,6.266317076172263,1.016317076172263
1840,"pyridine-2,6-dimethyl-3,5-dicarboxylic acid (+1 -> +0)",1.72,1.3135081898815812,0.40649181011841873
1841,"pyridine-2,6-dimethyl-3,5-dicarboxylic acid (+0 -> -1)",2.81,2.819774636077404,0.009774636077403809
1842,"pyridine-2,6-dimethyl-3,5-dicarboxylic acid (-1 -> -2)",6.16,6.1382466819867325,0.02175331801326763
1843,"pyridine-3,5-dicarboxylic acid (+1 -> +0)",1.1,0.8660028731853968,0.23399712681460327
1844,"pyridine-3,5-dicarboxylic acid (+0 -> -1)",2.72,2.896788754249404,0.176788754249404
1845,"pyridine-3,5-dicarboxylic acid (-1 -> -2)",4.62,4.997064359177606,0.3770643591776057
1846,"pyridine-2,4,6-trimethyl-3,5-dicarboxylic acid (+0 -> -1)",1.77,2.9167490079575646,1.1467490079575646
1847,"pyridine-2,4,6-trimethyl-3,5-dicarboxylic acid (-1 -> -2)",6.54,6.3656293647050575,0.17437063529494257
1848,"4-Hydroxypyridine-2,6-dicarboxylic acid (-1 -> -2)",3.2,3.5033968681066225,0.30339686810662236
1849,"4-Hydroxypyridine-2,6-dicarboxylic acid (-2 -> -3)",11.4,11.850376712263863,0.45037671226386244
1850,"pyridine-3,4,5-tricarboxylic acid (-2 -> -3)",5.48,5.451767669784731,0.028232330215269386
1851,xanthopterin (+1 -> +0),2.17,1.6215448599816442,0.5484551400183557
1852,xanthopterin (+0 -> -1),6.3,6.665894201072478,0.3658942010724786
1853,xanthopterin (-1 -> -2),9.23,9.743437081600835,0.5134370816008342
1854,"8-oxidane-2,4-diaminopteridine (+1 -> +0)",2.17,2.325517621431306,0.1555176214313061
1855,8-oxidane-pterin (+1 -> +0),-0.63,-0.14761841212058524,0.48238158787941476
1856,8-oxidane-pterin (+0 -> -1),6.94,6.898883307154617,0.04111669284538344
1857,"6-chloro-2,4-diaminopteridine (+1 -> +0)",4.36,4.459354900956365,0.09935490095636457
1858,"2-Amino-5,6-dihydro-6-thioxopteridin-4(3H)-one (+1 -> +0)",0.97,1.2948855118191283,0.3248855118191283
1859,"2-Amino-5,6-dihydro-6-thioxopteridin-4(3H)-one (+0 -> -1)",4.7,5.010802816901388,0.3108028169013881
1860,"2-Amino-5,6-dihydro-6-thioxopteridin-4(3H)-one (-1 -> -2)",9.23,8.954677456125989,0.27532254387401167
1861,"2-Amino-7-sulfanylidene-3,8-dihydropteridin-4-one (+1 -> +0)",-0.92,-1.0724078522338178,0.1524078522338178
1862,"2-Amino-7-sulfanylidene-3,8-dihydropteridin-4-one (+0 -> -1)",5.82,6.0192210378461795,0.19922103784617917
1863,"2-Amino-7-sulfanylidene-3,8-dihydropteridin-4-one (-1 -> -2)",9.4,9.472875968955929,0.07287596895592863
1864,iso-xanthopterin (+1 -> +0),-0.5,-0.8339006762342969,0.33390067623429687
1865,iso-xanthopterin (+0 -> -1),7.34,7.529789314987634,0.1897893149876344
1866,iso-xanthopterin (-1 -> -2),10.06,10.073521760819904,0.01352176081990386
1867,2-amino-5-nitropyrimidine (+1 -> +0),0.35,0.22692523750770377,0.12307476249229621
1868,"cubane-1,4-dicarboxylic acid (+0 -> -1)",3.63,4.20608060043677,0.5760806004367698
1869,"cubane-1,4-dicarboxylic acid (-1 -> -2)",4.76,4.65265716588712,0.10734283411288015
1870,"cubane-2-chloro-1,4-dicarboxylic acid (+0 -> -1)",3.17,3.4139842168498795,0.2439842168498796
1871,"cubane-2-chloro-1,4-dicarboxylic acid (-1 -> -2)",4.09,3.886123086618329,0.2038769133816709
1872,"cubane-2,7-dichloro-1,4-dicarboxylic acid (+0 -> -1)",2.73,2.8384639479920315,0.10846394799203152
1873,"cubane-2,7-dichloro-1,4-dicarboxylic acid (-1 -> -2)",3.68,4.501528292991427,0.8215282929914269
1874,"cubane-2,3-dichloro-1,4-dicarboxylic acid (+0 -> -1)",2.7,2.81635260897455,0.11635260897454991
1875,"cubane-2,3-dichloro-1,4-dicarboxylic acid (-1 -> -2)",3.63,3.66502182491726,0.03502182491726025
1876,iodomethyl-phosphonic acid (+0 -> -1),1.3,1.5780159997392111,0.2780159997392111
1877,iodomethyl-phosphonic acid (-1 -> -2),6.72,6.6775345239086095,0.042465476091390286
1878,hydroxymethyl-phosphonic acid (+0 -> -1),1.91,2.3047191115000025,0.3947191115000026
1879,hydroxymethyl-phosphonic acid (-1 -> -2),7.15,8.444133081474636,1.2941330814746355
1880,4-cyanophenyl-phosphonic acid (+0 -> -1),1.27,1.4154411115336316,0.1454411115336316
1881,4-cyanophenyl-phosphonic acid (-1 -> -2),6.79,6.610231772166503,0.1797682278334971
1882,2-fluorophenyl-phosphonic acid (+0 -> -1),1.64,1.4021608465928201,0.23783915340717976
1883,2-fluorophenyl-phosphonic acid (-1 -> -2),6.8,6.805111078718898,0.005111078718898376
1884,2-chlorphenyl-phosphonic acid (+0 -> -1),1.63,1.5598033355067855,0.07019666449321438
1885,2-chlorphenyl-phosphonic acid (-1 -> -2),6.98,6.929389619934089,0.05061038006591101
1886,3-chlorphenyl-phosphonic acid (+0 -> -1),1.53,1.6140181805153624,0.08401818051536236
1887,3-chlorphenyl-phosphonic acid (-1 -> -2),7.1,6.934264899876065,0.16573510012393466
1888,2-methoxyphenyl-phosphonic acid (+0 -> -1),2.16,1.6944983672632787,0.4655016327367214
1889,2-methoxyphenyl-phosphonic acid (-1 -> -2),7.77,7.7515499832584425,0.018450016741557107
1890,2-methyphenyl-phosphonic acid (+0 -> -1),2.1,2.0968996238301116,0.0031003761698884524
1891,2-methyphenyl-phosphonic acid (-1 -> -2),7.71,7.956261101324902,0.24626110132490187
1892,3-nitrophenyl-phosphonic acid (+0 -> -1),1.2,1.8065277510347881,0.6065277510347882
1893,3-nitrophenyl-phosphonic acid (-1 -> -2),6.69,6.4760578082536036,0.21394219174639684
1894,3-methylphenyl-phosphonic acid (+0 -> -1),1.88,1.9693074326515605,0.0893074326515606
1895,3-methylphenyl-phosphonic acid (-1 -> -2),7.44,7.712691577754395,0.27269157775439457
1896,3-hydroxyphenyl-phosphonic acid (+0 -> -1),1.78,1.8636178448225715,0.08361784482257151
1897,3-hydroxyphenyl-phosphonic acid (-1 -> -2),7.03,7.339275639127376,0.30927563912737543
1898,"2,6-dimethylphenyl-phosphonic acid (+0 -> -1)",2.39,2.4233740177265597,0.03337401772655957
1899,"2,6-dimethylphenyl-phosphonic acid (-1 -> -2)",7.7,8.71903867192932,1.0190386719293203
1900,"N,N',N''-trimethyl-1,4,7-triazaciclononane (+1 -> +0)",11.7,10.959481239291396,0.7405187607086035
1901,"N,N',N''-trimethyl-1,4,7-triazaciclononane (+2 -> +1)",5.2,5.517722709565776,0.31772270956577575
1902,"N,N',N''-trimethyl-1,4,7-triazaciclononane (+3 -> +2)",0.6,2.671168775494186,2.071168775494186
1903,"N,N',N''-trimethyl-1,5,9-triazaciclododecane (+1 -> +0)",12.8,11.529107693568069,1.2708923064319322
1904,"N,N',N''-trimethyl-1,5,9-triazaciclododecane (+2 -> +1)",5.7,6.863882187722229,1.163882187722229
1905,"N,N',N''-trimethyl-1,5,9-triazaciclododecane (+3 -> +2)",2.9,2.915065583361545,0.015065583361545176
1906,3-hydroxy-6-dimethylamino-pyridazine (+1 -> +0),1.36,1.7035834239635887,0.34358342396358865
1907,1-azahomocubane (+1 -> +0),9.7,8.364698213318423,1.3353017866815762
1908,1-aza-bicyclo-222-octane (+1 -> +0),11.1,11.375105369954447,0.27510536995444745
1909,1-aza-bicyclo-221-heptane (+1 -> +0),11.5,10.689474070499852,0.8105259295001481
1910,3-carboxy-tropolone (-1 -> -2),7.98,8.463679967231283,0.48367996723128215
1911,3-carboxy-tropolone (+0 -> -1),3.2,4.3871649906641625,1.1871649906641624
1912,4-carboxy-tropolone (-1 -> -2),7.03,7.534939903544974,0.5049399035449733
1913,4-carboxy-tropolone (+0 -> -1),3.42,3.440006137457086,0.020006137457086126
1914,5-carboxy-tropolone (+0 -> -1),4.05,3.6296232460452664,0.4203767539547334
1915,5-carboxy-tropolone (-1 -> -2),6.41,6.289192721434948,0.12080727856505202
1916,5-nitrotropolone (+0 -> -1),3.3,3.341891052170121,0.041891052170121235
1917,"bicyclo[2,1,1]hexane-1-carboxylic acid (+0 -> -1)",4.46,4.558887130880655,0.09888713088065515
1918,1-amino-cyclopentane-1-carboxylate (+1 -> +0),2.62,2.3983303718192133,0.22166962818078684
1919,1-amino-cyclopentane-1-carboxylate (+0 -> -1),10.01,10.316211586468203,0.3062115864682031
1920,azetidine-3-carboxylic (+1 -> +0),3.2,2.9157890652941445,0.2842109347058557
1921,azetidine-3-carboxylic (+0 -> -1),10.3,9.610471258988465,0.6895287410115358
1922,azetidine-2-carboxylic (+1 -> +0),2.01,2.140462795670797,0.13046279567079733
1923,azetidine-2-carboxylic (+0 -> -1),10.21,9.966108854056241,0.24389114594375982
1924,N-phenylazetidine (+1 -> +0),3.6,3.214625688860293,0.385374311139707
1925,"1,8-di(methylamino)-naphtalene (+1 -> +0)",4.61,3.593629727231992,1.0163702727680084
1926,"1,8-di(methylamino)-naphtalene (+1 -> +0)",5.61,4.914048846193139,0.6959511538068615
1927,"1,2,3,4-tetrahydronaphtho[1,8-ef][1,4]diazepine (+1 -> +0)",4.62,3.61546190773334,1.0045380922666602
1928,"1,2-dimethyl-hexyahydropyridazine (+1 -> +0)",6.66,6.720960964422597,0.060960964422596575
1929,"2,3-dimethyl-2,3-diazabicyclo[2.2.1]heptane (+1 -> +0)",6.89,8.039223809182857,1.1492238091828577
1930,"Tetrahydro-3,6-pyridazinedione (+0 -> -1)",8.1,8.411756452021542,0.3117564520215428
1931,"2,1-(Iminotetramethylene)-2-imidazoline (+1 -> +0)",11.26,12.264891095268577,1.0048910952685777
1932,"1,6-Diazabicyclo(4.4.0)decane (+1 -> +0)",6.79,7.599533530297567,0.8095335302975668
1933,"2,3-Diazabicyclo(2.2.2)octane, (+1 -> +0)",7.14,6.914630595453765,0.22536940454623444
1934,4-carboxamide-quinuclidine (+1 -> +0),9.47,9.654181120343733,0.18418112034373202
1935,4-chloro-quinuclidine (+1 -> +0),8.78,8.476057261764069,0.3039427382359303
1936,4-cyano-quinuclidine (+1 -> +0),8.23,8.282369505816082,0.05236950581608113
1937,4-hydroxy-quinuclidine (+1 -> +0),9.53,9.674410767875546,0.14441076787554685
1938,3-methyl-quinuclidine (+1 -> +0),11.29,11.405577729831272,0.11557772983127279
1939,3-hydroxy-quinuclidine (+1 -> +0),9.91,10.18822354175008,0.27822354175008
1940,3-carboxamide-quinuclidine (+1 -> +0),9.82,9.289750036738248,0.5302499632617526
1941,2-chloro-quinuclidine (+1 -> +0),6.98,6.536413224872838,0.44358677512716227
1942,2-cyano-quinuclidine (+1 -> +0),5.85,6.252198410791592,0.40219841079159213
1943,2-methyl-qunuclidine (+1 -> +0),11.33,11.273665410839211,0.05633458916078915
1944,2-carboxamide-quinuclidine (+1 -> +0),9.04,8.603058327471253,0.4369416725287465
1945,4-chloromethyl-quinuclidine (+1 -> +0),10.27,10.129848960327426,0.14015103967257403
1946,4-acetyl-quinuclidine (+1 -> +0),9.13,8.953817980202839,0.17618201979716197
1947,"Hexahydropyrazolo[1,2-a]pyrazole (+1 -> +0)",7.91,8.102603713398157,0.19260371339815663
1948,"1,2-dimethyl-pyrazolidine (+1 -> +0)",6.67,7.261299378768964,0.591299378768964
1949,"3-fluro-bicyclo[1,1,1]pentane-1-carboxylic acid (+0 -> -1)",3.29,3.288905887725609,0.0010941122743908238
1950,"3-trifluoromethyl-bicyclo[1,1,1]pentane-1-carboxylic acid (+0 -> -1)",3.25,3.151544173350916,0.09845582664908381
1951,"3-cyano-bicyclo[1,1,1]pentane-1-carboxylic acid (+0 -> -1)",3.21,3.3334713221463277,0.12347132214632772
1952,"3-nitro-bicyclo[1,1,1]pentane-1-carboxylic acid (+0 -> -1)",3.08,2.926846564002296,0.15315343599770426
1953,"3-methyl-bicyclo[1,1,1]pentane-1-carboxylic acid (+0 -> -1)",3.08,3.847247675956911,0.7672476759569111
1954,benco[c]cinnoline (+1 -> +0),2.2,2.5966599823535432,0.39665998235354305
1955,norharmane (+1 -> +0),7.2,6.625629673165981,0.5743703268340195
1956,norharmane (+0 -> -1),14.5,14.258614112687543,0.24138588731245747
1957,naphtimidazole (+0 -> -1),12.36,12.337347976647708,0.02265202335229155
1958,"4,7-phenanthroline (+1 -> +0)",4.0,4.432797988054161,0.43279798805416103
1959,"4,7-phenanthroline (+2 -> +1)",2.4,2.2956346492574893,0.10436535074251063
1960,2methyl-naphthimidazole (+1 -> +0),6.02,5.927604858357498,0.09239514164250195
1961,2methyl-naphthimidazole (+0 -> -1),12.73,12.803513998058943,0.07351399805894232
1962,"3,8-dimethyl-1,10-phenanthroline (+1 -> +0)",5.23,5.213656932371285,0.01634306762871507
1963,"3,5,6,8-tetramethyl-1,10-phenanthroline (+1 -> +0)",5.54,6.113929148823633,0.5739291488236331
1964,"5,6-dichlorol-1,10-phenanthroline (+1 -> +0)",3.47,3.4534099200633293,0.016590079936670943
1965,"4.7-dichloro-1,10-phenanthroline (+1 -> +0)",3.03,3.3655794387797746,0.3355794387797748
1966,"2,9-dimethyl-1,10-phenanthroline (+1 -> +0)",6.17,5.759964354874009,0.41003564512599056
1967,"3,4,7,8-tetramethyl-1,10-phenanthroline (+1 -> +0)",6.31,6.196096738614916,0.11390326138508389
1968,"2,4,7,9-tetramethyl-1,10-phenanthroline (+1 -> +0)",6.5,6.4387147301060255,0.06128526989397454
1969,"4,7-dimethoxy-1,10-phenanthroline (+1 -> +0)",6.45,6.438137323326855,0.01186267667314489
1970,"5,6-dimethoxy-1,10-phenanthroline (+1 -> +0)",4.42,4.48643345306683,0.06643345306683024
1971,1-aza[6]helicene (+1 -> +0),4.55,5.332903621933596,0.7829036219335963
1972,1-aza[6]helicene (+1 -> +0),5.28,5.695583500840087,0.41558350084008655
1973,"2,4-thiazolidinenione (+0 -> -1)",6.24,6.5348506104918975,0.2948506104918973
1974,2-thioxothiazolidin-4-one (+0 -> -1),6.9,5.624869295402746,1.2751307045972542
1975,5-azadihydrouracil (+0 -> -1),10.7,11.155420281294846,0.45542028129484713
1976,"1-methyl-5,6-dinitrobenzimidazole (+1 -> +0)",1.6,1.8000066672841966,0.20000666728419647
1977,aziridine (+1 -> +0),8.04,7.930816085313814,0.10918391468618527
1978,1-methyl-aziridine (+1 -> +0),8.5,8.048727890706822,0.4512721092931784
1979,"1,1-dimethyl-aziridine (+1 -> +0)",8.61,8.912675370851154,0.3026753708511549
1980,"1,2-trans-dimethyl-aziridine (+1 -> +0)",8.69,8.847878271514464,0.15787827151446443
1981,"1,2-cis-dimethyl-aziridine (+1 -> +0)",8.72,8.62073397586176,0.09926602413823993
1982,thiazolidine (+1 -> +0),6.2,5.841915490427702,0.358084509572298
1983,hexamethylenetetramine (+1 -> +0),6.3,5.997995449828732,0.3020045501712678
1984,"cyclopenta-2,5-diene-1,2-dicarbonitrile (+0 -> -1)",1.11,0.8143864155398246,0.2956135844601755
1985,"cyclopenta-2,5-diene-2,5-dicarbonitrile (+0 -> -1)",2.52,1.9282115964808098,0.5917884035191903
1986,2-phenyl-malononitrile (+0 -> -1),5.8,4.715347577510611,1.0846524224893885
1987,6-bromo-malononitrile  (+0 -> -1),5.0,4.060486282442903,0.9395137175570971
1988,malononitrile  (+0 -> -1),11.19,9.668857313184699,1.5211426868153008
1989,trimethylamine-N-oxyde (+1 -> +0),4.64,5.291848134131879,0.6518481341318791
1990,fluoronitromethane (+0 -> -1),9.55,10.366336575444198,0.8163365754441969
1991,chloronitromethane (+0 -> -1),7.2,8.065269012577666,0.8652690125776656
1992,"4,5-benzotropolone (+0 -> -1)",10.0,8.540761246141503,1.4592387538584966
1993,"1H-1,2-Diazepine, hexahydro-1,2-dimethyl- (+1 -> +0)",6.66,6.949198407986149,0.2891984079861487
1994,"N,N,N',N' tetramethylhydrazine (+1 -> +0)",6.18,6.252769663122531,0.07276966312253119
1995,"N,N'-bipyrrolidine (+1 -> +0)",7.16,7.221363239862306,0.061363239862306074
1996,"N,N'-bipiridine (+1 -> +0)",7.09,7.451640967932505,0.3616409679325052
1997,N-methyl-hydrazine (+1 -> +0),7.85,8.260673980623423,0.4106739806234234
1998,"N,N-dimethylhydrazine (+1 -> +0)",7.12,6.912125922117362,0.20787407788263845
1999,"N,N,N'-trimethylhydrazine (+1 -> +0)",6.58,7.255665858969863,0.6756658589698628
2000,"N,N' dimethylhydrazine (+1 -> +0)",7.49,8.66473073062447,1.1747307306244696
2001,isopropyl-hidrazine (+1 -> +0),7.6,8.808041027247864,1.208041027247864
2002,pyrrolidin-1-amine (+1 -> +0),7.75,7.880858580740377,0.1308585807403766
2003,piperidine-1-amine (+1 -> +0),7.51,7.6396497931615635,0.12964979316156366
2004,1-amino-homopiperidine-1-amine (+1 -> +0),7.92,7.950482852586649,0.0304828525866494
2005,4-methylphenyl-hydrazine (+1 -> +0),5.32,5.050592823222535,0.26940717677746484
2006,4-hydrazinebenzonitrile (+1 -> +0),4.25,4.171833283066701,0.07816671693329891
2007,4-chlorophenyl hydrazine (+1 -> +0),4.96,4.9383628836948805,0.02163711630511944
2008,4-nitrophenyl-hydrazine (+1 -> +0),3.7,3.3336979409228125,0.3663020590771877
2009,4-bromophenyl-hydrazine (+1 -> +0),5.05,5.073764691522578,0.023764691522577763
2010,3-methylphenyl-hydrazine (+1 -> +0),5.26,5.712431218354584,0.452431218354584
2011,2-methylphenyl-hydrazine (+1 -> +0),5.32,5.379194250678248,0.059194250678247684
2012,3-hydrazinebenzonitrile (+1 -> +0),5.57,4.528932406118124,1.041067593881876
2013,3-methoxylphenyl-hydrazine (+1 -> +0),5.3,5.26333469945688,0.03666530054311945
2014,4-methoxylphenyl-hydrazine (+1 -> +0),5.71,5.581754918191951,0.12824508180804894
2015,2-methoxylphenyl-hydrazine (+1 -> +0),5.53,5.450622931839222,0.07937706816077839
2016,2-chlorophenyl-hydrazine (+1 -> +0),4.65,4.913016107254915,0.26301610725491464
2017,3-chlorophenyl-hydrazine (+1 -> +0),4.78,4.848181809184943,0.0681818091849431
2018,3-nitrophenyl-hydrazine (+1 -> +0),4.39,4.918589334011677,0.5285893340116772
2019,2-nitrophenyl-hydrazine (+1 -> +0),3.5,2.7912560283379584,0.7087439716620416
2020,3-bromophenyl-hydrazine (+1 -> +0),4.84,4.704212258266939,0.1357877417330613
2021,2-bromophenyl-hydrazine (+1 -> +0),4.54,4.341811972378274,0.19818802762172627
2022,"1,2-dimethyl-1,2,3,6-tetrahydropyridazine (+1 -> +0)",5.7,5.836621530790714,0.13662153079071349
2023,prop-2-yn-1-ylhydrazine (+1 -> +0),5.46,5.690967246805479,0.23096724680547887
2024,quinuclidine-4-amine (+2 -> +1),6.74,7.9558196975441255,1.2158196975441253
2025,quinuclidine-4-amine (+1 -> +0),10.14,10.2655675708911,0.12556757089109993
2026,quinuclidine-2-hydroxy (+1 -> +0),10.07,8.925681812475752,1.1443181875242487
2027,quinuclidine-3-one (+1 -> +0),7.53,7.2225933327404235,0.30740666725957677
2028,quinuclidine-4-fluoro (+1 -> +0),8.55,8.778623930446617,0.22862393044661644
2029,quinuclidine-4-ethynyl (+1 -> +0),9.48,9.448313359953996,0.0316866400460043
2030,quinuclidine-4-ethyl (+1 -> +0),11.09,11.068419727913312,0.021580272086687557
2031,quinuclidine-4-ethenyl (+1 -> +0),10.56,10.056954813856986,0.5030451861430141
2032,quinuclidine-4-methylamine (+2 -> +1),6.91,7.293667505046713,0.3836675050467129
2033,quinuclidine-4-methylamine (+1 -> +0),10.32,10.3710002164989,0.051000216498898965
2034,quinuclidine-2-methoxy (+1 -> +0),8.87,8.92017179207157,0.05017179207157163
2035,quinuclidine-4-methylvinyl (+1 -> +0),10.52,10.502806009784848,0.017193990215151445
2036,quinuclidine-4-isopropyl (+1 -> +0),11.2,11.110675951847117,0.08932404815288209
2037,quinuclidine-4-dimethylamino (+2 -> +1),6.41,6.611501238321021,0.20150123832102107
2038,quinuclidine-4-dimethylamino (+1 -> +0),10.15,10.263918158870204,0.11391815887020407
2039,quinuclidine-4-nitro (+1 -> +0),7.64,7.814431707937683,0.17443170793768292
2040,quinuclidine-4-methylthio (+1 -> +0),9.46,9.925049487831597,0.46504948783159605
2041,quinuclidine-4-tertbutyl (+1 -> +0),11.27,11.237543487440984,0.032456512559015493
2042,quinuclidine-2chloromethyl (+1 -> +0),9.68,10.03771188114105,0.35771188114105
2043,quinuclidine-3chloromethyl (+1 -> +0),10.15,9.680075810298135,0.46992418970186556
2044,quinuclidine-4-methylsulfonyl (+1 -> +0),7.89,8.20421427127014,0.31421427127013946
2045,quinuclidine-4-bromo (+1 -> +0),8.47,8.483731708709357,0.013731708709356027
2046,quinocyldine-4-phenyl (+1 -> +0),10.18,10.186350534800411,0.006350534800411367
2047,quinuclidine-4-carboxylic acid (+1 -> +0),3.54,3.4508869531891184,0.08911304681088161
2048,quinuclidine-4-carboxylic acid (+0 -> -1),10.51,10.400998639304333,0.10900136069566635
2049,quinuclidine-4-carboxylic methyl ester (+1 -> +0),9.42,9.381207003442132,0.038792996557868165
2050,methylnitramine (+0 -> -1),6.52,6.242208486131798,0.2777915138682019
2051,2-aminothiophenol (+1 -> +0),2.9,2.8984979976159337,0.00150200238406617
2052,"1,1'-(Naphthalene-1,8-diyl)dipyrrolidine (+1 -> +0)",9.97,10.712966604140679,0.7429666041406779
2053,1-Methyl-1-azoniabicyclo[2.2.2]octane-2-carboxylic (+1 -> +0),1.66,1.7527724771272686,0.09277247712726866
2054,1-Methyl-1-azoniabicyclo[2.2.2]octane-3-carboxylic (+1 -> +0),3.27,3.1969760539528185,0.07302394604718154
2055,1-Methyl-1-azoniabicyclo[2.2.2]octane-3-carboxylic (+1 -> +0),3.32,3.3950646287411894,0.07506462874118958
2056,"1,4,5,8-TETRAAZAPHENANTHRENE (+1 -> +0)",0.5,0.23728217700772003,0.26271782299227997
2057,4-methoxy-quinuclidine (+1 -> +0),9.4,9.518304162866066,0.11830416286606571
2058,3-chloro-quinuclidine (+1 -> +0),8.85,8.649404784668498,0.20059521533150182
2059,4-methyl-quinuclidine (+1 -> +0),11.08,11.146206480960373,0.06620648096037307
2060,benzoquinuclidine (+1 -> +0),7.79,7.585775174734252,0.20422482526574814
2061,"cyclohexan-1,1-dicarboxylic (+0 -> -1)",3.33,2.9446853194786007,0.3853146805213994
2062,"cyclohexan-1,1-dicarboxylic (-1 -> -2)",5.73,5.665697339307769,0.06430266069223123
2063,2-methyl-thiazoline (+1 -> +0),5.22,5.19054434820452,0.029455651795479376
2064,thiazole (+1 -> +0),2.53,2.3528119926888964,0.1771880073111034
2065,"1,1-bis(trlfuloromethyl)-ethanol (+0 -> -1)",9.55,10.037685322610859,0.48768532261085795
2066,perfluorotertbutanol (+0 -> -1),5.1,5.235898713086093,0.13589871308609336
2067,"4,6-dihydroxypyrimidine (+0 -> -1)",5.4,6.1304949208265604,0.7304949208265601
2068,2nitropropane (+0 -> -1),7.7,8.839257866673066,1.1392578666730655
2069,acetylaceone (+0 -> -1),8.99,7.347969772727534,1.6420302272724658
2070,malonamide (+0 -> -1),12.5,12.977767044118746,0.47776704411874604
2071,trimethylmethanetricarboxilate (+0 -> -1),5.8,6.648511428688798,0.8485114286887985
2072,bismethylsulphonylmethane (+0 -> -1),12.6,11.412993117235803,1.1870068827641962
2073,dinitroacetamide (+0 -> -1),1.3,1.3294522631300199,0.029452263130019807
2074,clavulanic acid (+0 -> -1),2.7,2.2533939325228403,0.4466060674771599
2075,malonaldehyde (+0 -> -1),5.0,5.63942337716595,0.6394233771659499
2076,2-indanone (+0 -> -1),12.21,12.477431571480832,0.26743157148083085
2077,2-tetralone (+0 -> -1),12.92,12.148518715012282,0.7714812849877184
2078,2-suberone (+0 -> -1),14.9,14.848371229003643,0.05162877099635743
2079,"2-aza-spiro-3,3-heptane (+1 -> +0)",11.3,10.943150665268256,0.35684933473174496
2080,"1-aza-spiro-3,3-heptane (+1 -> +0)",11.4,10.540812094233903,0.8591879057660972
2081,1-methyl-1H-imidazole-2-carboxylic acid (+0 -> -1),6.88,6.673198824778705,0.20680117522129482
2082,1-methyl-1H-pyrrole-2-carboxylic acid (+0 -> -1),4.54,4.992702067751688,0.4527020677516882
2083,"1,3-dimethyl-1H-pyrazole-4-carboxylic acid (+0 -> -1)",4.52,4.553810144466006,0.033810144466006165
2084,1-methyl-3-trifluoromethyl-1H-pyrazole-4-carboxylic acid (+0 -> -1),3.79,3.6651166824443893,0.12488331755561077
2085,1-methyl-1H-pyrazol-4yl-phosphonic acid (+0 -> -1),1.84,1.987497032186237,0.147497032186237
2086,1-methyl-1H-pyrazol-4yl-phosphonic acid (-1 -> -2),6.76,7.575260484438065,0.8152604844380651
2087,"1,5-dimethyl-1H-pyrazol-4yl-phosphonic acid (+0 -> -1)",2.1,2.129155826920748,0.029155826920747696
2088,"1,5-dimethyl-1H-pyrazol-4yl-phosphonic acid (-1 -> -2)",7.15,7.814352559061188,0.6643525590611876
2089,2-hydroxy-pyrimidin-5yl-phosphonic acid (+0 -> -1),1.52,2.6915417195755102,1.1715417195755102
2090,2-hydroxy-pyrimidin-5yl-phosphonic acid (-1 -> -2),5.6,6.275526970813675,0.6755269708136753
2091,2-hydroxy-pyrimidin-5yl-phosphonic acid (-2 -> -3),9.24,9.86495041354291,0.6249504135429103
2092,2-aminopyrimidin-5-yl-phosphonic acid (+0 -> -1),2.94,3.7911288069850393,0.8511288069850393
2093,2-aminopyrimidin-5-yl-phosphonic acid (-1 -> -2),6.15,6.0784172065085995,0.07158279349140084
2094,trifluoromethylphosphonic (-1 -> -2),3.93,4.261630888810731,0.3316308888107309
2095,thiophene-2-phosphonic acid (+0 -> -1),1.1,1.528379654072478,0.428379654072478
2096,thiophene-2-phosphonic acid (-1 -> -2),6.43,6.701464915823681,0.2714649158236817
2097,(trimethylsilano)-methyl-phosphonic acid (+0 -> -1),3.22,2.895297641848603,0.32470235815139725
2098,(trimethylsilano)-methyl-phosphonic acid (-1 -> -2),8.6,9.1786719529623,0.578671952962301
2099,"5-methyl-1,3-cyclohexanedione (+0 -> -1)",5.08,5.119440836933342,0.039440836933342105
2100,"2-methyl-1,3-cyclohexanedione (+0 -> -1)",5.57,7.04900773434733,1.4790077343473298
2101,"2-acetyl-1,3-cyclohexanedione (+0 -> -1)",5.47,5.461891578634411,0.008108421365588647
2102,"2-acetyl-5,5-dimethyl-1,3-cyclohexanedione (+0 -> -1)",5.36,5.5388463504482655,0.17884635044826513
2103,"5-furan-2yl-1,3-cyclohexanedione (+0 -> -1)",4.73,4.613866264812127,0.11613373518787373
2104,"5-phenyl-1,3-cyclohexanedione (+0 -> -1)",4.74,5.454447472409262,0.7144474724092618
2105,"5-chlorophenyl-1,3-cyclohexanedione (+0 -> -1)",4.68,4.4875068697423615,0.19249313025763826
2106,"5-fluorophenyl-1,3-cyclohexanedione (+0 -> -1)",4.76,4.853044388762079,0.09304438876207932
2107,"4,4-dimethyl-1,3-cyclohexanedione (+0 -> -1)",5.19,5.476735887959651,0.2867358879596509
2108,2-hydroxy-4methyl-pyrimidin-5-yl-phosphonic acid (+0 -> -1),2.51,2.569294631221183,0.05929463122118328
2109,2-hydroxy-4methyl-pyrimidin-5-yl-phosphonic acid (-1 -> -2),5.92,6.812059876750627,0.8920598767506274
2110,2-hydroxy-4methyl-pyrimidin-5-yl-phosphonic acid (-2 -> -3),10.03,10.356085485377374,0.3260854853773747
2111,4-nitrophenyl-phosphonic acid (+0 -> -1),1.19,0.7363858368386005,0.45361416316139946
2112,4-nitrophenyl-phosphonic acid (-1 -> -2),6.67,6.687021550826191,0.0170215508261915
2113,4-chlorophenyl-phosphonic acid (+0 -> -1),1.58,1.4280496917599512,0.15195030824004885
2114,4-chlorophenyl-phosphonic acid (-1 -> -2),7.23,6.818275601929493,0.41172439807050765
2115,4-phosphobenzoic acid (+0 -> -1),1.51,0.9045990012962823,0.6054009987037177
2116,4-phosphobenzoic acid (-1 -> -2),4.37,4.304942776720904,0.06505722327909602
2117,4-phosphobenzoic acid (-2 -> -3),7.64,7.801396899966374,0.16139689996637419
2118,4-ethoxyphenyl-phosphonic acid (+0 -> -1),2.0,1.8946112941555002,0.10538870584449977
2119,4-ethoxyphenyl-phosphonic acid (-1 -> -2),7.65,8.003362959646022,0.35336295964602193
2120,ethyl-phosphonic acid (+0 -> -1),2.45,2.041488856145839,0.4085111438541613
2121,ethyl-phosphonic acid (-1 -> -2),8.05,8.66083984381811,0.6108398438181091
2122,vinyl-phosphonic acid (+0 -> -1),2.74,2.3649140652719325,0.3750859347280677
2123,vinyl-phosphonic acid (-1 -> -2),7.34,7.474792777228355,0.13479277722835548
2124,di-trifluoroacetyl-guanazine (+0 -> -1),5.9,5.59226208381628,0.3077379161837204
2125,diacetyl-guanazine (+0 -> -1),9.35,9.124764031950104,0.22523596804989587
2126,pterin (+0 -> -1),7.9,7.657797358087908,0.24220264191209218
2127,6-methyl-pterin (+0 -> -1),8.3,7.901741345277717,0.3982586547222837
2128,"6,7-dimethyl-pterin (+0 -> -1)",8.6,8.43854214093874,0.16145785906125987
2129,6-hydroxymethyl-pterin (+0 -> -1),8.1,7.893339234897268,0.20666076510273168
2130,6-carboxymethyl-pterin (-1 -> -2),7.9,8.106845758705038,0.20684575870503785
2131,"6,8-dimethyl-N5-deazapterin (+1 -> +0)",6.7,6.578408486224259,0.12159151377574151
2132,3-phosphobenzoic acid (+0 -> -1),1.55,1.7741647385336305,0.2241647385336305
2133,3-phosphobenzoic acid (-1 -> -2),4.37,4.2322347990540505,0.13776520094594957
2134,3-phosphobenzoic acid (-2 -> -3),7.78,7.755296888137973,0.024703111862026894
2135,4-fluorophenylphosphonic acid (+0 -> -1),1.59,1.4935301275566308,0.09646987244336924
2136,4-fluorophenylphosphonic acid (-1 -> -2),6.96,6.726096874106128,0.23390312589387197
2137,(4-trifluoromethyl-phenyl)phosphonic acid (+0 -> -1),1.28,1.1642880996204665,0.1157119003795335
2138,(4-trifluoromethyl-phenyl)phosphonic acid (-1 -> -2),6.48,6.890651999832118,0.4106519998321172
2139,(4-trifuloromethoxy)-phenylphosphonic acid (+0 -> -1),1.45,1.4621462250163395,0.012146225016339551
2140,(4-trifuloromethoxy)-phenylphosphonic acid (-1 -> -2),6.69,6.560463157321183,0.12953684267881727
2141,(3-acetylphenyl)phosphonic acid (+0 -> -1),1.36,1.3250707791411669,0.03492922085883321
2142,(3-acetylphenyl)phosphonic acid (-1 -> -2),6.61,7.071699825509803,0.46169982550980304
2143,(4-acetylphenyl)phosphonic acid (+0 -> -1),1.28,1.8063845511536654,0.5263845511536653
2144,(4-acetylphenyl)phosphonic acid (-1 -> -2),6.48,6.13052005126234,0.34947994873766053
2145,(4-ethylphenyl)phosphonic acid (+0 -> -1),1.73,2.138726149533422,0.40872614953342223
2146,(4-ethylphenyl)phosphonic acid (-1 -> -2),7.02,7.42450052981043,0.4045005298104307
2147,(4-tertbutylphenyl)phosphonic acid (+0 -> -1),1.8,1.6486376084813292,0.1513623915186708
2148,(4-tertbutylphenyl)phosphonic acid (-1 -> -2),7.05,7.275839472249416,0.22583947224941614
2149,"[1,1'-biphenyl]-4-ylphosphonic acid (+0 -> -1)",1.64,1.5135629428192017,0.12643705718079823
2150,"[1,1'-biphenyl]-4-ylphosphonic acid (-1 -> -2)",6.93,7.406393115321503,0.4763931153215033
2151,"[1,1'-biphenyl]-3-ylphosphonic acid (+0 -> -1)",1.61,2.064899678634813,0.45489967863481273
2152,"[1,1'-biphenyl]-3-ylphosphonic acid (-1 -> -2)",6.89,7.188571379326394,0.2985713793263942
2153,mesitylphosphonic acid (+0 -> -1),2.53,2.185281667661709,0.34471833233829097
2154,mesitylphosphonic acid (-1 -> -2),8.82,8.117031421650996,0.7029685783490045
2155,"(2,4-dimethylphenyl)phosphonic acid (+0 -> -1)",2.17,1.9904845216148699,0.17951547838513005
2156,"(2,4-dimethylphenyl)phosphonic acid (-1 -> -2)",8.07,7.851980039653636,0.21801996034636417
2157,"(2,5-dimethylphenyl)phosphonic acid (+0 -> -1)",2.1,1.8531103595545657,0.24688964044543438
2158,"(2,5-dimethylphenyl)phosphonic acid (-1 -> -2)",8.1,8.16953675238577,0.06953675238577084
2159,"(2,3-dimethylphenyl)phosphonic acid (+0 -> -1)",2.17,2.343352400606193,0.17335240060619306
2160,"(2,3-dimethylphenyl)phosphonic acid (-1 -> -2)",8.07,7.994879136684327,0.07512086331567325
2161,(4-isopropylphenyl)phosphonic acid (+0 -> -1),2.13,1.830920853491885,0.29907914650811485
2162,(4-isopropylphenyl)phosphonic acid (-1 -> -2),8.18,7.361643103876098,0.8183568961239018
2163,a-naphtyl-phosphonic acid (-1 -> -2),7.64,7.066618818858887,0.5733811811411123
2164,b-naphtyl-phosphonic acid (-1 -> -2),7.42,7.1000700998046575,0.3199299001953424
2165,"(3,5-dimethylphenyl)phosphonic acid (+0 -> -1)",2.01,1.9818896188713202,0.028110381128679585
2166,"(3,5-dimethylphenyl)phosphonic acid (-1 -> -2)",7.73,7.401371057009806,0.3286289429901945
2167,"(3,4-dimethylphenyl)phosphonic acid (+0 -> -1)",2.04,2.1543688719328555,0.1143688719328555
2168,"(3,4-dimethylphenyl)phosphonic acid (-1 -> -2)",7.76,7.492004136334552,0.2679958636654476
2169,(2-ethylphenyl)phosphonic acid (+0 -> -1),2.11,2.1779697323470195,0.06796973234701964
2170,(2-ethylphenyl)phosphonic acid (-1 -> -2),8.09,7.765371158105861,0.324628841894139
2171,isopropyl-phosphonic acid (+0 -> -1),2.66,2.766716536176477,0.10671653617647703
2172,isopropyl-phosphonic acid (-1 -> -2),8.7,8.166225748292323,0.5337742517076762
2173,2-phosphonoacetic acid (-2 -> -3),8.69,9.367771140918459,0.677771140918459
2174,(3-methoxyphenyl)phosphonic acid (+0 -> -1),1.74,1.7918519726568611,0.051851972656861145
2175,(3-methoxyphenyl)phosphonic acid (-1 -> -2),7.42,6.969917824967236,0.4500821750327635
2176,"(2,5-difluorophenyl)phosphonic acid (+0 -> -1)",1.06,1.2819537784541915,0.2219537784541914
2177,"(2,5-difluorophenyl)phosphonic acid (-1 -> -2)",6.32,6.397267724153412,0.07726772415341188
2178,"(1-methyl-1H-1,2,4-triazol-5-yl)phosphonic acid (+0 -> -1)",2.28,3.3000010885881057,1.020001088588106
2179,"(1-methyl-1H-1,2,4-triazol-5-yl)phosphonic acid (-1 -> -2)",5.32,4.9724815020349595,0.34751849796504075
2180,propylphosphonic acid (+0 -> -1),2.49,2.3809764234065858,0.10902357659341444
2181,propylphosphonic acid (-1 -> -2),8.18,8.746287425295622,0.5662874252956218
2182,"(2,4-dinitrophenyl)phosphonic acid (-1 -> -2)",6.38,6.348910231778714,0.031089768221286285
2183,(2-methoxy-4-nitrophenyl)phosphonic acid (+0 -> -1),1.53,1.5349521416503071,0.004952141650307107
2184,(2-methoxy-4-nitrophenyl)phosphonic acid (-1 -> -2),6.96,6.8726751494897185,0.0873248505102815
2185,(2-chloro-4-nitrophenyl)phosphonic acid (+0 -> -1),1.12,0.9768606415614727,0.14313935843852743
2186,(2-chloro-4-nitrophenyl)phosphonic acid (-1 -> -2),6.14,6.4111948258504965,0.2711948258504968
2187,(2-bromo-5-methyl)phosphonic (+0 -> -1),1.81,1.3822156518546231,0.4277843481453769
2188,(2-bromo-5-methyl)phosphonic (-1 -> -2),7.15,7.704758245518818,0.5547582455188174
2189,difluoronitromethane (+0 -> -1),12.4,12.234778802502138,0.16522119749786235
2190,chlorofluoronitromethane (+0 -> -1),10.14,8.921398689869672,1.2186013101303281
2191,dichloronitromethane (+0 -> -1),5.99,5.586685540605606,0.4033144593943945
2192,2-nitro-acetamide (+0 -> -1),5.18,5.626426089139201,0.44642608913920157
2193,2-nitro-propan-2-one (+0 -> -1),5.1,4.508531488030147,0.5914685119698531
2194,"3,3-dinitro-propanonitrile (+0 -> -1)",2.27,1.5753264672081482,0.6946735327918518
2195,methylsulphonyl-acetone (+0 -> -1),10.03,9.396216655806182,0.6337833441938177
2196,3-methyl-pentanedione (+0 -> -1),11.0,10.664953685559798,0.33504631444020205
2197,methylacetoacetate (+0 -> -1),10.72,8.427154638575,2.292845361425
2198,1-methyl-hydantoin (+0 -> -1),9.1,9.117392739378719,0.017392739378719213
2199,bis(ethylsulfonyl)methane (+0 -> -1),12.2,12.155866001582691,0.04413399841730836
2200,bromoxynil (+0 -> -1),4.06,4.369634946573295,0.30963494657329527
2201,asulam (+0 -> -1),4.8,4.623269547751068,0.1767304522489317
2202,"1,10 phenanthroline (+2 -> +1)",-0.7,-1.2023008425173485,0.5023008425173485
2203,"2,4-dichloroaniline (+1 -> +0)",2.0,1.9702395038670506,0.0297604961329494
2204,"6,7-dimethylpteridin-4(3H)-one (+0 -> -1)",8.39,8.394706507895137,0.004706507895136269
2205,"6,7-dimethyl-4-oxo-3,4-dihydropteridine-2-sulfonic acid (-1 -> -2)",6.02,6.244617901885305,0.2246179018853054
2206,"2-amino-3,6,7-trimethylpteridin-4(3H)-one (+1 -> +0)",2.34,3.0676302564484166,0.7276302564484167
2207,"6,7-dimethyl-2-(methylamino)pteridin-4(3H)-one (+1 -> +0)",2.39,1.8292987570929569,0.5607012429070433
2208,"6,7-dimethyl-2-(methylamino)pteridin-4(3H)-one (+0 -> -1)",8.73,8.925543174413558,0.19554317441355806
2209,"3,6,7-trimethyl-2-(methylamino)pteridin-4(3H)-one (+1 -> +0)",2.04,2.56220130289676,0.52220130289676
2210,"2-amino-6,7-diphenylpteridin-4(3H)-one (+1 -> +0)",1.82,2.0489222521110655,0.22892225211106543
2211,"2-amino-6,7-diphenylpteridin-4(3H)-one (+0 -> -1)",8.6,7.879108934857758,0.7208910651422418
2212,"2-dimethylamino-6,7-diphenylpteridin-4(3H)-one (+1 -> +0)",1.69,0.41532070664222864,1.2746792933577713
2213,"2-dimethylamino-6,7-diphenylpteridin-4(3H)-one (+0 -> -1)",8.02,8.967344807133184,0.9473448071331845
2214,"2-thioxo-2,3-dihydropteridine-4,7(1H,8H)-dione (+0 -> -1)",2.85,2.926540148618563,0.07654014861856284
2215,"2-thioxo-2,3-dihydropteridine-4,7(1H,8H)-dione (-1 -> -2)",8.44,8.73864440806003,0.2986444080600297
2216,"2-thioxo-2,3-dihydropteridine-4,7(1H,8H)-dione (-2 -> -3)",13.26,13.544431634725445,0.2844316347254452
2217,"8-methyl-2-thioxo-2,3-dihydropteridine-4,7(1H,8H)-dione (+0 -> -1)",2.2,2.6263792386210643,0.4263792386210641
2218,"8-methyl-2-thioxo-2,3-dihydropteridine-4,7(1H,8H)-dione (-1 -> -2)",12.01,11.289606099583093,0.7203939004169069
2219,"1-methyl-2-thioxo-2,3-dihydropteridine-4,7(1H,8H)-dione (+0 -> -1)",2.89,2.7063317082639706,0.1836682917360295
2220,"1-methyl-2-thioxo-2,3-dihydropteridine-4,7(1H,8H)-dione (-1 -> -2)",9.63,9.777148078931535,0.1471480789315347
2221,"pteridine-4,7(3H,8H)-dione (+0 -> -1)",6.08,6.498996071388215,0.41899607138821526
2222,"pteridine-4,7(3H,8H)-dione (-1 -> -2)",9.62,9.695706241942855,0.07570624194285536
2223,"8-methylpteridine-4,7(3H,8H)-dione (+0 -> -1)",7.58,7.400303502780108,0.17969649721989178
2224,"2-thioxo-1,2,3,5-tetrahydropteridine-4,6-dione (+0 -> -1)",4.93,5.442209492147704,0.5122094921477043
2225,"2-thioxo-1,2,3,5-tetrahydropteridine-4,6-dione (-1 -> -2)",8.43,7.960391139369097,0.46960886063090257
2226,"2-thioxo-1,2,3,5-tetrahydropteridine-4,6-dione (-2 -> -3)",13.11,13.23633854536524,0.1263385453652397
2227,"1-methyl-2-thioxo-1,2,3,5-tetrahydropteridine-4,6-dione (+0 -> -1)",4.93,5.456798696329919,0.5267986963299194
2228,"1-methyl-2-thioxo-1,2,3,5-tetrahydropteridine-4,6-dione (-1 -> -2)",9.32,9.12310330911495,0.19689669088505113
2229,"4,6-dioxo-3,4,5,6-tetrahydropteridine-2-sulfonic (-1 -> -2)",5.03,4.645629377423702,0.3843706225762986
2230,"4,6-dioxo-3,4,5,6-tetrahydropteridine-2-sulfonic (-2 -> -3)",8.81,8.432986214439087,0.3770137855609139
2231,"8-methyl-4,6-dioxo-3,4,5,6-tetrahydropteridine-2-sulfonic (-1 -> -2)",4.85,5.064204956426821,0.2142049564268209
2232,"7-amino-6-(dimethylamino)-1,3-dimethylpteridine-2,4(1H,3H)-dione (+1 -> +0)",0.61,1.3570012150762487,0.7470012150762487
2233,"1,3-dimethyl-2-thioxo-2,3,5,8-tetrahydropteridine-4,6,7(1H)-trione (+0 -> -1)",2.72,2.4905425438313955,0.2294574561686047
2234,"1,3-dimethyl-2-thioxo-2,3,5,8-tetrahydropteridine-4,6,7(1H)-trione (-1 -> -2)",10.86,10.293076874208683,0.5669231257913161
2235,"3-methyl-2-thioxo-2,3,5,8-tetrahydropteridine-4,6,7(1H)-trione (+0 -> -1)",3.06,3.081097841907388,0.02109784190738795
2236,"3-methyl-2-thioxo-2,3,5,8-tetrahydropteridine-4,6,7(1H)-trione (-1 -> -2)",8.8,8.94692874925806,0.1469287492580591
2237,"3-methyl-2-thioxo-2,3,5,8-tetrahydropteridine-4,6,7(1H)-trione (-2 -> -3)",12.1,11.980128553101185,0.11987144689881468
2238,"1-methyl-2-thioxo-2,3,5,8-tetrahydropteridine-4,6,7(1H)-trione (+0 -> -1)",2.63,2.715672164290374,0.08567216429037394
2239,"1-methyl-2-thioxo-2,3,5,8-tetrahydropteridine-4,6,7(1H)-trione (-1 -> -2)",9.0,8.829327410192281,0.17067258980771882
2240,"1-methyl-2-thioxo-2,3,5,8-tetrahydropteridine-4,6,7(1H)-trione (-2 -> -3)",12.37,12.15686633022516,0.21313366977483916
2241,"2-thioxo-2,3,5,8-tetrahydropteridine-4,6,7(1H)-trione (+0 -> -1)",2.91,2.9758937555770215,0.06589375557702137
2242,"2-thioxo-2,3,5,8-tetrahydropteridine-4,6,7(1H)-trione (-2 -> -3)",11.88,11.84140173071209,0.038598269287911435
2243,"8-methyl-2-thioxo-2,3,5,8-tetrahydropteridine-4,6,7(1H)-trione (+0 -> -1)",2.0,2.6494882631058836,0.6494882631058836
2244,"8-methyl-2-thioxo-2,3,5,8-tetrahydropteridine-4,6,7(1H)-trione (-1 -> -2)",9.11,9.013912507714057,0.09608749228594249
2245,"8-methyl-2-thioxo-2,3,5,8-tetrahydropteridine-4,6,7(1H)-trione (-2 -> -3)",13.16,13.22435772585035,0.06435772585034982
2246,"8-methyl-2-(methylthio)-5,8-dihydropteridine-4,6,7(3H)-trione (+0 -> -1)",6.19,5.460072650872672,0.7299273491273288
2247,"8-methyl-2-(methylthio)-5,8-dihydropteridine-4,6,7(3H)-trione (-1 -> -2)",11.02,10.388296666652675,0.6317033333473248
2248,"2-(methylthio)-5,8-dihydropteridine-4,6,7(3H)-trione (+0 -> -1)",6.23,5.806627222359121,0.4233727776408793
2249,"2-(methylthio)-5,8-dihydropteridine-4,6,7(3H)-trione (-1 -> -2)",9.66,8.820285887796725,0.839714112203275
2250,"2-(methylthio)-5,8-dihydropteridine-4,6,7(3H)-trione (-2 -> -3)",12.75,12.720195407102944,0.02980459289705628
2251,"5,8-dihydropteridine-4,6,7(3H)-trione (+0 -> -1)",6.73,6.658254817801937,0.0717451821980637
2252,"5,8-dihydropteridine-4,6,7(3H)-trione (-1 -> -2)",9.36,9.210282418411236,0.1497175815887637
2253,"5,8-dihydropteridine-4,6,7(3H)-trione (-2 -> -3)",12.63,12.729454608798356,0.09945460879835544
2254,1-methyl-pterin (+1 -> +0),2.86,2.9859160294596734,0.1259160294596735
2255,"1,6,7-trimethyl-pterin (+1 -> +0)",3.25,3.340873998338278,0.09087399833827803
2256,1-methyl-isoxanthopterin (+1 -> +0),2.22,1.655720143466401,0.5642798565335991
2257,1-methyl-isoxanthopterin (+0 -> -1),5.25,5.6760792977065115,0.42607929770651154
2258,"1,6-dimethyl-isoxanthopterin (+1 -> +0)",2.4,2.944199335676352,0.5441993356763519
2259,"1,6-dimethyl-isoxanthopterin (+0 -> -1)",5.03,4.307234911921255,0.7227650880787451
2260,3-methyl-leucopterin (+1 -> +0),-0.53,-1.70029373664776,1.17029373664776
2261,3-methyl-leucopterin (+0 -> -1),7.6,7.873621993210455,0.27362199321045555
2262,3-methyl-leucopterin (-1 -> -2),10.95,11.618037659207193,0.6680376592071937
2263,lumazine-6-carboxylic acid (+0 -> -1),2.71,2.6097569063628923,0.1002430936371077
2264,lumazine-6-carboxylic acid (-1 -> -2),8.0,7.9840888090297994,0.01591119097020055
2265,methyl lumazine-6-carboxylate acid (+0 -> -1),6.78,7.277770585532654,0.4977705855326535
2266,1-methyl-lumazine-6-carboxylic acid (+0 -> -1),2.6,2.8720662979316023,0.2720662979316022
2267,1-methyl-lumazine-6-carboxylic acid (-1 -> -2),8.56,8.401613653593145,0.15838634640685534
2268,3-methyl-lumazine-6-carboxylic acid (+0 -> -1),2.9,2.2542676004263846,0.6457323995736153
2269,3-methyl-lumazine-6-carboxylic acid (-1 -> -2),7.98,8.324796711006385,0.344796711006385
2270,lumazine-6-carboxamide acid (+0 -> -1),7.0,7.466501492719857,0.46650149271985697
2271,7-methyl-lumazine-6-carboxylic acid (+0 -> -1),2.45,2.238002088773734,0.2119979112262662
2272,7-methyl-lumazine-6-carboxylic acid (-1 -> -2),8.16,8.292155522528233,0.13215552252823315
2273,lumazine-7-carboxylic acid (+0 -> -1),2.09,1.9986414569642568,0.09135854303574309
2274,lumazine-7-carboxylic acid (-1 -> -2),8.33,8.133337082532979,0.19666291746702136
2275,methyl lumazine-7-carboxylate acid (+0 -> -1),7.39,7.390823300308877,0.0008233003088768953
2276,1-methyl-lumazine-7-carboxylic acid (+0 -> -1),1.51,1.8257262943871195,0.3157262943871195
2277,1-methyl-lumazine-7-carboxylic acid (-1 -> -2),8.41,8.458073534147378,0.04807353414737747
2278,3-methyl-lumazine-7-carboxylic acid (+0 -> -1),1.57,1.967288079099709,0.39728807909970887
2279,3-methyl-lumazine-7-carboxylic acid (-1 -> -2),8.4,8.241785075831299,0.15821492416870164
2280,"1,3-dimethyl-lumazine-7-carboxylic acid (+0 -> -1)",1.69,1.6645339512373454,0.02546604876265457
2281,"1,3,6-trimethyl-lumazine-7-carboxylic acid (+0 -> -1)",1.2,1.4730356929696837,0.2730356929696838
2282,6-methyl-lumazine-7-carboxylic acid (+0 -> -1),1.25,1.5998082102602238,0.3498082102602238
2283,6-methyl-lumazine-7-carboxylic acid (-1 -> -2),8.3,8.075652255459147,0.2243477445408537
2284,1-methyl-pterin-6-carboxylic acid (+1 -> +0),1.29,1.2068546674500809,0.08314533254991918
2285,1-methyl-pterin-6-carboxylic acid (+0 -> -1),3.3,3.3735082393618434,0.07350823936184359
2286,"7-amino-1,3-dimethyl-6-thioxo-6,8a-dihydropteridine-2,4(1H,3H)-dione (+0 -> -1)",5.46,5.702044506721855,0.24204450672185462
2287,"7-hydroxy-1,3-dimethyl-6-thioxo-6,8a-dihydropteridine-2,4(1H,3H)-dione (+0 -> -1)",2.56,2.5935021724950555,0.03350217249505549
2288,"7-hydroxy-1,3-dimethyl-6-thioxo-6,8a-dihydropteridine-2,4(1H,3H)-dione (-1 -> -2)",8.38,8.479441887319568,0.09944188731956771
2289,"7-mercapto-1,3-dimethyl-6-thioxo-6,8a-dihydropteridine-2,4(1H,3H)-dione (+0 -> -1)",1.96,2.215337884618851,0.255337884618851
2290,2-ethyl-quinazoline (+1 -> +0),2.95,3.2570818215478647,0.30708182154786456
2291,4-ethyl-quinazoline (+1 -> +0),2.82,2.9947706392001088,0.17477063920010893
2292,4-isopropyl-quinazoline (+1 -> +0),2.81,2.9567620688880405,0.14676206888804044
2293,8-methoxy-quinazoline (+1 -> +0),1.93,2.1996532051802644,0.2696532051802645
2294,7-methoxy-quinazoline (+1 -> +0),2.86,2.895887784415077,0.03588778441507712
2295,6-methoxy-quinazoline (+1 -> +0),2.12,2.4523374783573875,0.33233747835738736
2296,5-methoxy-quinazoline (+1 -> +0),2.37,2.568097665225104,0.19809766522510408
2297,"1,3,5-triazanaphthalene (+1 -> +0)",1.36,1.1210766689768148,0.2389233310231853
2298,"1,3,7-triazanaphthalene (+1 -> +0)",1.81,1.9275002337991332,0.1175002337991331
2299,2-aminoethyl-quinazoline (+1 -> +0),4.98,5.13226943869758,0.15226943869757914
2300,2-dimethylamino-quinazoline hydrate (+1 -> +0),5.24,5.586529263860309,0.346529263860309
2301,2-methyl-quinazoline hydrate (+1 -> +0),8.31,8.677726688270084,0.3677266882700838
2302,5-methyl-quinazoline hydrate (+1 -> +0),7.89,7.963287560721518,0.07328756072151865
2303,7-methyl-quinazoline hydrate (+1 -> +0),7.88,7.673006695691197,0.2069933043088028
2304,8-methyl-quinazoline hydrate (+1 -> +0),7.85,7.9335304149875405,0.08353041498754088
2305,"2,4,6-trimethyl-quinazoline hydrate (+1 -> +0)",9.22,9.295009121474255,0.07500912147425431
2306,2-tertbutyl-quinazoline hydrate (+1 -> +0),8.38,8.40712122692095,0.02712122692094887
2307,"2,6-dimethyl-quinazoline hydrate (+1 -> +0)",8.65,8.665222531837319,0.015222531837318698
2308,4-carbamoyl-quinazoline hydrate (+1 -> +0),6.88,6.252552338716504,0.6274476612834956
2309,4-carbamoyl-quinazoline hydrate (+0 -> -1),11.38,11.527195526298417,0.14719552629841637
2310,4-carbamoyl-2-methyl-quinazoline hydrate (+1 -> +0),7.57,6.960995620677265,0.6090043793227355
2311,4-carbamoyl-2-methyl-quinazoline hydrate (+0 -> -1),11.45,11.815329618444931,0.3653296184449317
2312,"4-carbamoyl-2,6-dimethyl-quinazoline hydrate (+1 -> +0)",7.77,7.346251713951563,0.4237482860484363
2313,"4-carbamoyl-2,6-dimethyl-quinazoline hydrate (+0 -> -1)",11.44,11.390061003551683,0.049938996448316786
2314,4-carbamoyl-2-methyl-6-fluoro-quinazoline hydrate (+1 -> +0),7.13,7.2089104844791265,0.07891048447912663
2315,4-carbamoyl-2-methyl-6-fluoro-quinazoline hydrate (+0 -> -1),11.23,12.063208899090707,0.8332088990907067
2316,5-methoxy-quinazoline hydrate (+1 -> +0),7.71,7.6749958604157875,0.035004139584212446
2317,6-methoxy-quinazoline hydrate (+1 -> +0),8.05,7.868265323207161,0.18173467679284006
2318,7-methoxy-quinazoline hydrate (+1 -> +0),7.35,7.543338335883776,0.19333833588377658
2319,8-methoxy-quinazoline hydrate (+1 -> +0),7.82,7.418632090558115,0.40136790944188494
2320,7-ethyl-quinazoline hydrage (+1 -> +0),7.47,7.520289968654349,0.05028996865434898
2321,2-ethyl-quinazoline hydrate (+1 -> +0),8.41,8.393666166695734,0.016333833304265966
2322,2-isopropyl-quinazoline hydrate (+1 -> +0),8.41,8.629253888735647,0.219253888735647
2323,5-chloro-quinazoline hydrate (+1 -> +0),6.95,6.934932428907302,0.01506757109269774
2324,6-chloro-quinazoline hydrate (+1 -> +0),7.15,7.099583482109612,0.05041651789038859
2325,7-chloro-quinazoline hydrate (+1 -> +0),7.0,6.900759550372232,0.0992404496277679
2326,8-chloro-quinazoline hydrate (+1 -> +0),6.55,6.3773993274274625,0.1726006725725373
2327,5-fluoro-quinazoline hydrate (+1 -> +0),6.9,6.909056325529366,0.009056325529365417
2328,6-fluoro-quinazoline hydrate (+1 -> +0),6.75,7.3952981749167535,0.6452981749167535
2329,7-fluoro-quinazoline hydrate (+1 -> +0),7.11,6.845893521145747,0.2641064788542531
2330,6-fluoro-2-methyl-quinazoline hydrate (+1 -> +0),8.06,8.24017623991535,0.18017623991534926
2331,5-nitro-quinazoline hydrate (+1 -> +0),6.43,6.216428864252829,0.2135711357471708
2332,6-nitro-quinazoline hydrate (+1 -> +0),7.02,5.98863962419783,1.0313603758021692
2333,7-nitro-quinazoline hydrate (+1 -> +0),6.15,6.313584694398428,0.16358469439842782
2334,8-nitro-quinazoline hydrate (+1 -> +0),6.0,5.884512192591738,0.11548780740826192
2335,benzoylecgonine (+1 -> +0),3.15,2.7644030852590715,0.3855969147409284
2336,"2,6-dichloropyrimidin-4(3H)-one (+0 -> -1)",5.3,4.501153339947379,0.7988466600526207
2337,"4,6-dichlorpyirimidin-2-one (+0 -> -1)",4.05,4.158707772814044,0.10870777281404376
2338,4-chloro-6-(methylamino)pyrimidin-2-ol (+1 -> +0),3.15,2.9594894173447237,0.1905105826552762
2339,4-chloro-6-(methylamino)pyrimidin-2-ol (+0 -> -1),9.05,9.374045874899952,0.3240458748999515
2340,"6,7,8-Trimethyllumazine (+1 -> +0)",0.85,0.4968432315466229,0.35315676845337707
2341,"6,7,8-Trimethyllumazine (+0 -> -1)",9.9,10.529399071807742,0.6293990718077414
2342,"6,7,8-Trimethyl-4-thioÃÂÃÂÃÂÃÂÃÂÃÂÃÂÃÂ¬ÃÂÃÂÃÂÃÂÃÂÃÂÃÂÃÂ¥-lumazine (+1 -> +0)",0.08,0.510924317653914,0.430924317653914
2343,"6,7,8-Trimethyl-4-thioÃÂÃÂÃÂÃÂÃÂÃÂÃÂÃÂ¬ÃÂÃÂÃÂÃÂÃÂÃÂÃÂÃÂ¥-lumazine (+0 -> -1)",6.97,6.6339247763875155,0.3360752236124842
2344,"6,7,8-Trimethyl-2-thio-lumazine (+1 -> +0)",-0.57,-0.31737222598051407,0.2526277740194859
2345,"6,7,8-Trimethyl-2-thioÃÂÃÂÃÂÃÂÃÂÃÂÃÂÃÂ¬ÃÂÃÂÃÂÃÂÃÂÃÂÃÂÃÂ¥-lumazine (+0 -> -1)",8.23,10.047386312192701,1.817386312192701
2346,"4-methoxy-N,N-dimethyl-7-(methylthio)pteridin-2-amine (+1 -> +0)",3.55,3.4413787998325507,0.10862120016744914
2347,"2,4-diaminopteridine-7-thiol (+1 -> +0)",2.02,2.8752291984031757,0.8552291984031757
2348,"2,4-diaminopteridine-7-thiol (+0 -> -1)",7.02,6.740338445384605,0.27966155461539444
2349,"7-(methylthiol)-2,4-diaminopteridine (+1 -> +0)",5.26,5.559407884322887,0.29940788432288734
2350,4-amino-2-(dimethylamino)pteridine-7-thiol (+1 -> +0),2.26,2.167354901123847,0.09264509887615269
2351,4-amino-2-(dimethylamino)pteridine-7-thiol (+0 -> -1),7.42,7.67090888300347,0.25090888300347025
2352,"N2,N2-dimethyl-7-(methylthio)pteridine-2,4-diamine (+1 -> +0)",5.33,5.753588159265056,0.4235881592650559
2353,"methyl 2-amino-3,8-dimethyl-7-oxo-3,4,7,8-tetrahydropteridine-6-carboxylate (+1 -> +0)",1.66,2.4041102220666035,0.7441102220666036
2354,"7-chloro-3-methyl-6-phenylpteridine-2,4(1H,3H)-dione (+0 -> -1)",7.16,7.115336947986356,0.044663052013643956
2355,"6-chloro-3-methyl-7-phenylpteridine-2,4(1H,3H)-dione (+0 -> -1)",7.53,7.431782393859048,0.09821760614095254
2356,"6-chloro-3-methyl-8-(ÃÂÃÂÃÂÃÂÃÂÃÂÃÂÃÂÃÂÃÂÃÂÃÂÃÂÃÂÃÂÃÂª1-oxidaneyl)-7-phenyl-8ÃÂÃÂÃÂÃÂÃÂÃÂÃÂÃÂÃÂÃÂÃÂÃÂÃÂÃÂÃÂÃÂª4-pteridine-2,4(1H,3H)-dione (+0 -> -1)",4.86,4.948902466506766,0.0889024665067657
2357,"3-methyl-7-phenyl-1,5-dihydropteridine-2,4,6(3H)-trione (+0 -> -1)",7.03,6.410764079746392,0.6192359202536082
2358,"3-methyl-7-phenyl-1,5-dihydropteridine-2,4,6(3H)-trione (-1 -> -2)",10.21,10.366412807529024,0.15641280752902276
2359,"3-methyl-8-(ÃÂÃÂÃÂÃÂÃÂÃÂÃÂÃÂÃÂÃÂÃÂÃÂÃÂÃÂÃÂÃÂª1-oxidaneyl)-7-phenyl-1,5-dihydro-8ÃÂÃÂÃÂÃÂÃÂÃÂÃÂÃÂÃÂÃÂÃÂÃÂÃÂÃÂÃÂÃÂª4-pteridine-2,4,6(3H)-trione (+0 -> -1)",4.86,5.169688326805626,0.30968832680562564
2360,"3-methyl-8-(ÃÂÃÂÃÂÃÂÃÂÃÂÃÂÃÂÃÂÃÂÃÂÃÂÃÂÃÂÃÂÃÂª1-oxidaneyl)-7-phenyl-1,5-dihydro-8ÃÂÃÂÃÂÃÂÃÂÃÂÃÂÃÂÃÂÃÂÃÂÃÂÃÂÃÂÃÂÃÂª4-pteridine-2,4,6(3H)-trione (-1 -> -2)",8.22,8.904399965936019,0.6843999659360183
2361,"3-methyl-6-phenylpteridine-2,4,7(1H,3H,8H)-trione (+0 -> -1)",3.65,4.080805436793237,0.430805436793237
2362,"3-methyl-6-phenylpteridine-2,4,7(1H,3H,8H)-trione (-1 -> -2)",10.71,10.20664151307771,0.5033584869222913
2363,"3-methyl-7-phenyl-1,5-dihydropteridine-2,4,6(3H)-trione (+0 -> -1)",7.99,8.197015830180504,0.20701583018050407
2364,"6-amino-1,3-dimethylpteridine-2,4(1H,3H)-dione (+1 -> +0)",0.3,-0.11255402129315595,0.41255402129315594
2365,"6-dimethylamino-1,3-dimethylpteridine-2,4(1H,3H)-dione (+1 -> +0)",-0.47,0.23660816325432688,0.7066081632543268
2366,"6-methylamino-1,3-dimethylpteridine-2,4(1H,3H)-dione (+1 -> +0)",-0.24,0.3716913963650823,0.6116913963650823
2367,"7-amino-1,3-dimethylpteridine-2,4(1H,3H)-dione (+1 -> +0)",-0.47,-0.9697720544578816,0.49977205445788164
2368,"7-dimethylamino-1,3-dimethylpteridine-2,4(1H,3H)-dione (+1 -> +0)",-1.05,-0.6142612086387604,0.4357387913612396
2369,"7-methylamino-1,3-dimethylpteridine-2,4(1H,3H)-dione (+1 -> +0)",-0.62,-1.149920939741219,0.5299209397412189
2370,"(2,4-diaminopteridin-6-yl)methanol (+1 -> +0)",5.02,5.357040263080916,0.33704026308091617
2371,"2-amino-6-methyl-4-oxo-3,4-dihydropteridine-7-carboxylic acid (+1 -> +0)",1.23,1.2842587599643336,0.0542587599643336
2372,"2-amino-6-methyl-4-oxo-3,4-dihydropteridine-7-carboxylic acid (+0 -> -1)",3.01,2.874953739485325,0.13504626051467472
2373,"2-amino-6-methyl-4-oxo-3,4-dihydropteridine-7-carboxylic acid (-1 -> -2)",8.43,8.624892967159429,0.19489296715942928
2374,"methyl-2-amino-6-methyl-4-oxo-3,4-dihydropteridine-7-carboxylate (+1 -> +0)",2.1,2.0012231885389156,0.09877681146108452
2375,"methyl-2-amino-6-methyl-4-oxo-3,4-dihydropteridine-7-carboxylate (+0 -> -1)",8.05,7.55973737439066,0.49026262560934075
2376,"2-amino-7-methyl-4-oxo-3,4-dihydropteridine-6-carboxylic acid (+1 -> +0)",1.39,0.9007362936383663,0.48926370636163363
2377,"2-amino-7-methyl-4-oxo-3,4-dihydropteridine-6-carboxylic acid (+0 -> -1)",3.2,3.7133414594950587,0.5133414594950585
2378,"2-amino-7-methyl-4-oxo-3,4-dihydropteridine-6-carboxylic acid (-1 -> -2)",8.42,7.3137116922646,1.1062883077354
2379,"3,6,7-trimethyl-2-sulfanylidene-1H-pteridin-4-one (+0 -> -1)",7.0,6.945256124613336,0.05474387538666381
2380,"3-methyl-2-thioxo-2,3-dihydropteridin-4(1H)-one (+0 -> -1)",6.65,7.01031192643397,0.3603119264339698
2381,"7,8-Dihydro-10H-[1,3]thiazolo[2,3-b]pteridin-10-one (+1 -> +0)",-1.15,-1.1460962000571495,0.0039037999428503944
2382,"8,9-Dihydro-7H,11H-[1,3]thiazino[2,3-b]pteridin-11-one (+1 -> +0)",-0.35,-0.6321210039796803,0.2821210039796803
2383,"2,3-dimethyl-7,8-Dihydro-10H-[1,3]thiazolo[2,3-b]pteridin-10-one (+1 -> +0)",-0.25,-0.24315408923063409,0.006845910769365915
2384,"2,3-Dimethyl-8,9-dihydro-5H-[1,3]thiazolo[3,2-a]pteridin-5-one (+1 -> +0)",0.67,-0.11893437687715736,0.7889343768771574
2385,1-phenylbiguanide (+1 -> +0),10.76,10.381672782769757,0.3783272172302432
2386,1-phenylbiguanide (+2 -> +1),2.13,1.964354034107517,0.16564596589248293
2387,thiazoline-4-carboxylic acid (+0 -> -1),6.19,5.459734579665741,0.7302654203342591
2388,thioglycolic acid (+0 -> -1),3.68,3.566373845225594,0.11362615477440619
2389,thioglycolic acid (-1 -> -2),10.2,9.874537640182819,0.3254623598171804
2390,penicillamine (+1 -> +0),1.8,2.033820211586298,0.23382021158629818
2391,penicillamine (+0 -> -1),7.9,7.87575182873324,0.024248171266759933
2392,penicillamine (-1 -> -2),10.42,11.877686578848685,1.4576865788486852
2393,N-actylcysteine (-1 -> -2),9.52,9.233772242387655,0.28622775761234465
2394,oxypurinol (+0 -> -1),7.7,7.050470612278427,0.6495293877215733
2395,8-nitroxanthine (+0 -> -1),2.12,1.6251463310087368,0.49485366899126326
2396,8-nitroxanthine (-1 -> -2),9.84,9.932976010518967,0.0929760105189672
2397,1-methyl-8-nitroxanthine (+0 -> -1),2.01,2.250259784582486,0.2402597845824861
2398,1-methyl-8-nitroxanthine (-1 -> -2),10.15,9.983862483677331,0.16613751632266904
2399,3-methyl-8-nitroxanthine (+0 -> -1),1.8,1.3971578380915588,0.40284216190844124
2400,3-methyl-8-nitroxanthine (-1 -> -2),11.48,11.304088539973197,0.17591146002680347
2401,7-methyl-8-nitroxanthine (+0 -> -1),7.13,6.9680116402615,0.16198835973849945
2402,9-methyl-8-nitroxanthine (+0 -> -1),4.11,4.3831768110658045,0.27317681106580416
2403,9-methyl-8-nitroxanthine (-1 -> -2),13.22,12.930628145332172,0.289371854667829
2404,"1,3-dimethyl-8-nitroxanthine (+0 -> -1)",2.08,2.1267624545316535,0.0467624545316534
2405,"1,7-dimethyl-8-nitroxanthine (+0 -> -1)",7.3,7.5526139338733485,0.25261393387334863
2406,"1,9-dimethyl-8-nitroxanthine (+0 -> -1)",4.19,4.538388696405583,0.3483886964055829
2407,"3,7-dimethyl-8-nitroxanthine (+0 -> -1)",9.45,8.265378017972205,1.1846219820277941
2408,"3,9-dimethyl-8-nitroxanthine (+0 -> -1)",8.93,8.972065365419752,0.042065365419752254
2409,8-diazoxanthine (+0 -> -1),7.68,8.105153300662437,0.42515330066243706
2410,1-methyl-8-diazoxanthine (+0 -> -1),7.72,8.401935279047429,0.6819352790474289
2411,3-methyl-8-diazoxanthine (+0 -> -1),9.37,9.292968906998826,0.07703109300117283
2412,8-aminoxanthine (+1 -> +0),2.0,1.7262953189687806,0.27370468103121937
2413,8-aminoxanthine (+0 -> -1),8.48,8.137571643364314,0.34242835663568627
2414,8-aminoxanthine (-1 -> -2),12.01,11.72053579091505,0.2894642090849491
2415,1-methyl-8-aminoxanthine (+1 -> +0),2.21,1.6740582932713375,0.5359417067286625
2416,1-methyl-8-aminoxanthine (+0 -> -1),8.88,8.468186482600888,0.4118135173991124
2417,1-methyl-8-aminoxanthine (-1 -> -2),12.44,12.125572481829057,0.31442751817094283
2418,3-methyl-8-aminoxanthine (+1 -> +0),1.29,1.0650184988693372,0.22498150113066284
2419,3-methyl-8-aminoxanthine (+0 -> -1),9.77,9.549724521476808,0.22027547852319174
2420,3-methyl-8-aminoxanthine (-1 -> -2),12.71,12.27311500858843,0.43688499141157067
2421,"2,4-dimethoxy-phenyl-arsonic (+0 -> -1)",4.35,3.996226899771596,0.3537731002284037
2422,"2,4-dimethoxy-phenyl-arsonic (-1 -> -2)",9.55,8.4531056746566,1.096894325343401
2423,2-methoxy-phenyl-arsonic (+0 -> -1),4.08,4.008079169839518,0.07192083016048212
2424,2-methoxy-phenyl-arsonic (-1 -> -2),9.4,9.741336505627405,0.3413365056274049
2425,4-methoxy-phenyl-arsonic (+0 -> -1),3.79,3.518401073977361,0.271598926022639
2426,4-methoxy-phenyl-arsonic (-1 -> -2),8.93,9.078963198207251,0.14896319820725168
2427,2-hydroxy-phenyl arsonic (+0 -> -1),4.0,3.3400270602481577,0.6599729397518423
2428,2-hydroxy-phenyl arsonic (-1 -> -2),7.92,8.18511620488253,0.2651162048825295
2429,2-hydroxy-phenyl arsonic (-2 -> -3),13.27,10.979967611412967,2.290032388587033
2430,4-hydroxy-phenyl arsonic (+0 -> -1),3.85,4.141509574092423,0.2915095740924225
2431,4-hydroxy-phenyl arsonic (-1 -> -2),8.68,8.55924651232311,0.12075348767688965
2432,4-hydroxy-phenyl arsonic (-2 -> -3),10.34,9.784494619521748,0.5555053804782517
2433,4-amino-phenyl arsonic (+1 -> +0),1.91,1.7903836597486178,0.11961634025138213
2434,4-amino-phenyl arsonic (+0 -> -1),4.13,4.071684772960995,0.058315227039004824
2435,4-amino-phenyl arsonic (-1 -> -2),9.19,9.05645614477041,0.13354385522958978
2436,2-amino-phenyl arsonic (+1 -> +0),0.69,2.4499171534057034,1.7599171534057034
2437,2-amino-phenyl arsonic (+0 -> -1),3.79,3.2586777447419086,0.5313222552580914
2438,2-amino-phenyl arsonic (-1 -> -2),8.93,8.420522022302084,0.5094779776979159
2439,phenyl-arsonic (+0 -> -1),3.57,3.6478893069344123,0.07788930693441243
2440,phenyl-arsonic (-1 -> -2),8.74,8.762949728260747,0.022949728260746483
2441,nitromethylbenzene (+0 -> -1),6.88,7.058165146389872,0.1781651463898717
2442,1-methyl-4-nitromehtyl benzene (+0 -> -1),7.11,7.744191143849303,0.6341911438493026
2443,1-nitro-4nitromethylbenzene (+0 -> -1),5.89,6.283121194166544,0.393121194166544
2444,4-nitromethylbenzenonitrile (+0 -> -1),6.3,6.6006535793203645,0.30065357932036463
2445,1-nitro-3nitromethyl-benzene (+0 -> -1),6.17,6.4026326896939265,0.2326326896939266
2446,cyanuric acid (+0 -> -1),6.5,6.657882098852414,0.1578820988524141
2447,biguanide (+2 -> +1),3.2,2.229065745852779,0.9709342541472212
2448,biguanide (+1 -> +0),13.3,12.24982644696507,1.0501735530349308
2449,guanylurea (+1 -> +0),8.0,8.020276840444009,0.02027684044400857
2450,melamine (+1 -> +0),5.1,5.85158461752226,0.7515846175222602
2451,ammeline (+1 -> +0),4.5,4.952713050017226,0.45271305001722606
2452,ammeline (+0 -> -1),9.4,9.889446460037338,0.48944646003733716
2453,ammelide (+1 -> +0),1.8,1.0712734682232785,0.7287265317767215
2454,ammelide (+0 -> -1),6.9,6.5898785042531465,0.3101214957468539
2455,biuret (+0 -> -1),13.2,11.94794660731814,1.2520533926818587
2456,"3-(1,3-Benzodioxol-5-ylmethyl)-6-oxa-3-azabicyclo[3.1.1]heptane (+1 -> +0)",7.1,7.439223476386019,0.33922347638601913
2457,"6-(1,3-Benzodioxol-5-ylmethyl)-2-oxa-6-azaspiro[3.3]heptane (+1 -> +0)",8.0,7.898886092333864,0.10111390766613582
2458,"1-(1,3-Benzodioxol-5-ylmethyl)-3,3-dimethylazetidine (+1 -> +0)",9.6,9.343641218128102,0.25635878187189753
2459,"1-(1,3-Benzodioxol-5-ylmethyl)-6-oxa-1-azaspiro[3.3]heptane (+1 -> +0)",6.2,6.96157722521137,0.7615772252113695
2460,"1-(1,3-Benzodioxol-5-ylmethyl)-2,2-dimethylazetidine (+1 -> +0)",10.1,9.719068062376635,0.3809319376233642
2461,"7-(Benzo[d][1,3]dioxol-5-ylmethyl)-2-oxa-7-azaspiro[3.5]nonane (+1 -> +0)",8.3,8.915563534758608,0.615563534758607
2462,"1-(1,3-Benzodioxol-5-ylmethyl)-4,4-dimethylpiperidine (+1 -> +0)",9.5,8.786553952596176,0.7134460474038242
2463,"1-(3,4-Methylenedioxy)benzyl-4-piperidone (+1 -> +0)",7.5,6.446090339671375,1.0539096603286247
2464,"5-(1,3-Benzodioxol-5-ylmethyl)-2-oxa-5-azaspiro[3.5]nonane (+1 -> +0)",7.0,7.351404057907345,0.3514040579073452
2465,"1-(1,3-Benzodioxol-5-ylmethyl)-2,2-dimethylpiperidine (+1 -> +0)",10.2,9.73542658456322,0.46457341543677977
2466,"1-(1,3-Benzodioxol-5-ylmethyl)-2,2-dimethylpyrrolidine (+1 -> +0)",10.0,9.881145264648193,0.1188547353518068
2467,"5-(1,3-Benzodioxol-5-ylmethyl)-2-oxa-5-azaspiro[3.4]octane (+1 -> +0)",6.3,7.321973788047565,1.021973788047565
2468,"4,4-difluoropiperidine (+1 -> +0)",8.5,8.242772707168552,0.2572272928314483
2469,"3,3-difluoropiperidine (+1 -> +0)",7.4,7.4050372701306735,0.005037270130673122
2470,3-fluoropiperidine (+1 -> +0),9.3,9.091805008517667,0.20819499148233334
2471,4-fluoropiperidine (+1 -> +0),9.4,9.581381502006032,0.18138150200603143
2472,thiomorpholine (+1 -> +0),9.0,8.808457450036023,0.19154254996397668
2473,"thiomorpholine-1,1-dioxide (+1 -> +0)",5.4,5.708905620902556,0.30890562090255536
2474,"2,2,6,6-Tetramethyl-4-piperidone (+1 -> +0)",7.9,8.429489923888728,0.5294899238887272
2475,"3,3-difluoropyrrolidine (+1 -> +0)",7.5,7.639626896503625,0.13962689650362492
2476,3-fluoropyrrolidine (+1 -> +0),9.4,8.998084547688848,0.4019154523111528
2477,4-fluoro-1H-benzo[d]midazole (+1 -> +0),4.2,4.221897579168991,0.021897579168991044
2478,4-fluoro-1H-benzo[d]midazole (+0 -> -1),11.6,11.714757729230808,0.11475772923080818
2479,"4,7-difluoro-1H-benzo[d]midazole (+1 -> +0)",3.0,2.99379703161195,0.00620296838804979
2480,"4,7-difluoro-1H-benzo[d]midazole (+0 -> -1)",10.3,10.485554666040645,0.18555466604064463
2481,"4,5-difluoro-1H-benzo[d]midazole (+1 -> +0)",3.6,3.4657815927321733,0.13421840726782674
2482,"4,5-difluoro-1H-benzo[d]midazole (+0 -> -1)",11.1,11.31203435234877,0.21203435234876977
2483,"4,6-difluoro-1H-benzo[d]midazole (+1 -> +0)",3.7,3.730720226763437,0.030720226763436997
2484,"4,6-difluoro-1H-benzo[d]midazole (+0 -> -1)",11.2,11.165309298126846,0.03469070187315282
2485,"4,5,6-trifluoro-1H-benzo[d]midazole (+1 -> +0)",3.1,3.1028558031383398,0.002855803138339663
2486,"4,5,6-trifluoro-1H-benzo[d]midazole (+0 -> -1)",10.7,10.651209428608336,0.04879057139166321
2487,"4,5,7-trifluoro-1H-benzo[d]midazole (+1 -> +0)",2.5,2.3431803007566163,0.15681969924338368
2488,"4,5,7-trifluoro-1H-benzo[d]midazole (+0 -> -1)",9.9,9.846422557866811,0.05357744213318938
2489,5-fluoro-1H-benzo[d]midazole (+1 -> +0),5.0,4.855386104964604,0.14461389503539568
2490,Dimethylaminoacetonitrile (+1 -> +0),4.2,4.084879714650216,0.11512028534978391
2491,"2,2,2-Trifluoroethylamine (+1 -> +0)",5.7,5.500860555734775,0.19913944426522523
2492,"2,2-difluoroethylamine (+1 -> +0)",7.3,7.357342606240486,0.05734260624048648
2493,2-fluoroethylamine (+1 -> +0),9.0,9.07602896058594,0.07602896058594055
2494,azepane (+1 -> +0),11.1,10.991809016431102,0.10819098356889789
2495,1methylazepane (+1 -> +0),10.3,10.492908178391126,0.19290817839112506
2496,1-tosyl-piperazine (+1 -> +0),7.4,7.766893442749979,0.36689344274997904
2497,2-(piperazin-1-yl)pyrimidine (+1 -> +0),8.9,8.958184882651796,0.05818488265179589
2498,1-(pyridin-2-yl)piperazine (+1 -> +0),8.9,8.888731707539797,0.011268292460203
2499,"(3R,4R)-4-benzyl-3-fluoropiperidine (+1 -> +0)",9.3,9.556448092846631,0.2564480928466306
2500,"(3S,4R)-4-benzyl-3-fluoropiperidine (+1 -> +0)",8.8,8.37286141643931,0.4271385835606907
2501,Spiro[3.3]heptane-2-carboxylic acid (+0 -> -1),4.6,4.711041278250705,0.11104127825070531
2502,"6,6-difluor-Spiro[3.3]heptane-2-carboxylic acid (+0 -> -1)",4.3,4.543356917565073,0.24335691756507316
2503,Spiro[2.3]hexane-5-carboxylic acid (+0 -> -1),4.6,4.518401848965517,0.08159815103448231
2504,5-Oxaspiro[2.4]heptane-6-carboxylic acid (+0 -> -1),3.5,3.9680180539901837,0.4680180539901837
2505,6-Oxaspiro[3.4]octane-7-carboxylic acid (+0 -> -1),3.7,3.60660862981538,0.09339137018462029
2506,(6-Oxaspiro[3.4]octan-7-yl)methanamine (+1 -> +0),9.5,9.20464353107256,0.29535646892744083
2507,{5-Oxaspiro[2.4]heptan-6-yl}methanamine (+1 -> +0),8.9,9.81490492237899,0.9149049223789891
2508,Spiro[2.3]hexan-5-ylmethanamine (+1 -> +0),10.1,10.107204525845953,0.0072045258459532135
2509,1-Methylbiguanide (+2 -> +1),3.0,3.2592359285766532,0.25923592857665323
2510,1-Methylbiguanide (+1 -> +0),11.4,11.480285407260265,0.08028540726026456
2511,"1,1-Dimethylbiguanide (+2 -> +1)",2.77,4.258818068443963,1.4888180684439631
2512,"1,1-Dimethylbiguanide (+1 -> +0)",11.52,11.370396947161847,0.14960305283815245
2513,4-Methyl-Phenyl biguanide (+2 -> +1),2.6,2.263691296983498,0.3363087030165022
2514,4-Methyl-Phenyl biguanide (+1 -> +0),10.84,10.91957649782221,0.07957649782220955
2515,4-Chlorophenylbiguanide (+2 -> +1),2.2,1.7958527396749933,0.4041472603250069
2516,4-Chlorophenylbiguanide (+1 -> +0),10.4,9.989096800132057,0.41090319986794377
2517,2-Mercaptoimidazole (+0 -> -1),11.6,11.026624317098108,0.5733756829018919
2518,1-methyl-2-mercaptoimidazole (+0 -> -1),11.56,11.526314344279871,0.03368565572012905
2519,4-bromo-methylimidazole (+1 -> +0),3.88,3.7355463025088946,0.14445369749110526
2520,4-bromo-methylimidazole (+0 -> -1),12.32,11.990872515374981,0.32912748462501895
2521,2-bromo-methylimidazole (+1 -> +0),3.85,2.809940303515323,1.0400596964846769
2522,2-bromo-methylimidazole (+0 -> -1),11.03,11.59105843557155,0.5610584355715513
2523,2-bromo-1-methylimidazole (+1 -> +0),3.85,2.957865110980592,0.8921348890194083
2524,5-bromo-1-methylimidazole (+1 -> +0),3.88,4.865918329533364,0.985918329533364
2525,"Imidazole-4,5-dicarboxylic acid (+0 -> -1)",3.43,3.3432746305202086,0.08672536947979159
2526,"Imidazole-4,5-dicarboxylic acid (-1 -> -2)",8.27,7.546651187731964,0.7233488122680356
2527,"5-amino-1,2,4-triazole (+1 -> +0)",4.04,3.9649687910945763,0.0750312089054237
2528,"5-amino-1,2,4-triazole (+0 -> -1)",11.08,10.984506484663855,0.0954935153361447
2529,"5-amino-4-methyl-1,2,4-triazole (+1 -> +0)",5.38,5.237595307454465,0.14240469254553467
2530,"5-amino-1-methyl-1,2,4-triazole (+1 -> +0)",4.29,4.40264377963565,0.11264377963564964
2531,"1,2,3-triazole-4-carboxylic acid (+0 -> -1)",3.17,3.026616341856286,0.1433836581437138
2532,"1,2,3-triazole-4-carboxylic acid (-1 -> -2)",8.66,8.857417518676815,0.197417518676815
2533,"1-methyl-4-carboxylic-1,2,3-triazole (+0 -> -1)",3.16,3.3810102025214457,0.22101020252144554
2534,"5-bromo-1-methyl-1,2,3-triazole (+1 -> +0)",-0.47,0.21445166083911982,0.6844516608391198
2535,1-methyl-2-nitroimidazole (+1 -> +0),-0.48,-0.9478006318294669,0.46780063182946696
2536,1-methyl-4-nitroimidazole (+1 -> +0),-0.58,-0.11354314329627879,0.46645685670372117
2537,1-methyl-5-nitroimidazole (+1 -> +0),2.12,1.485654741905666,0.6343452580943341
2538,1-methyl-5-chloroimidazole (+1 -> +0),4.75,4.5375233793651395,0.2124766206348605
2539,trans urocanic acid (+0 -> -1),5.92,4.874720571488762,1.045279428511238
2540,cis uraconic acid (+0 -> -1),6.78,6.016129336538305,0.7638706634616952
2541,4-methylsulfonylpyridine (+1 -> +0),1.62,1.7839331131263583,0.16393311312635817
2542,1-methylsulfonylisoquinoline (+1 -> +0),-0.83,-0.7137396244340142,0.11626037556598579
2543,1-methoxyisoquinoline (+1 -> +0),3.05,2.93901604968715,0.1109839503128498
2544,"2,2',2''-tripyridine (+2 -> +1)",3.28,3.0320349883694915,0.24796501163050833
2545,"2,2',2''-tripyridine (+1 -> +0)",4.66,4.5274076978658435,0.13259230213415663
2546,2-aminotropone (+1 -> +0),2.24,2.3518215158931275,0.11182151589312728
2547,3-aminotropone (+1 -> +0),3.33,3.503560311510082,0.1735603115100819
2548,4-aminotropone (+1 -> +0),3.61,3.668988754916451,0.05898875491645095
2549,2-amino-7-methoxytropone (+1 -> +0),2.39,2.5274914989731103,0.1374914989731102
2550,4-amino-7-methoxytropone (+1 -> +0),3.42,3.3767724459837627,0.043227554016237235
2551,3-amino-7-methoxytropone (+1 -> +0),3.08,3.2845587117907167,0.2045587117907166
2552,3-amino-2-methoxytropone (+1 -> +0),2.89,3.1001083805234906,0.21010838052349046
2553,4-amino-2-methoxytropone (+1 -> +0),3.53,3.8846696198291637,0.3546696198291639
2554,5-aminotropolone (+1 -> +0),2.62,1.9365013630930736,0.6834986369069265
2555,4-aminotropolone (+1 -> +0),2.04,1.820367180251897,0.219632819748103
2556,3-aminotropolone (+1 -> +0),1.59,1.7421351425804374,0.15213514258043737
2557,3-bromobenzylamine (+1 -> +0),8.98,8.851879032327743,0.1281209676722579
2558,4-bromobenzylamine (+1 -> +0),9.13,9.262976011174349,0.13297601117434787
2559,3-chlorobenzylamine (+1 -> +0),9.01,9.025785652947029,0.01578565294702905
2560,4-chlorobenzylamine (+1 -> +0),9.14,9.415683169616731,0.27568316961673034
2561,4-cyanobenzylamine (+1 -> +0),8.53,8.080485200013563,0.44951479998643684
2562,3-fluorobenzylamine (+1 -> +0),9.04,8.738876038357102,0.30112396164289734
2563,4-fluorobenzylamine (+1 -> +0),9.3,9.378349799785173,0.07834979978517254
2564,3-methylbenzylamine (+1 -> +0),9.45,9.48620521071002,0.03620521071002081
2565,4-methylbenzylamine (+1 -> +0),9.54,9.38662931581299,0.15337068418700994
2566,3-nitrobenzylamine (+1 -> +0),8.65,8.523437928351052,0.12656207164894795
2567,4-nitrobenzylamine (+1 -> +0),8.5,8.581298568969714,0.08129856896971432
2568,3-methoxybenzylamine (+1 -> +0),9.29,9.110081919983,0.17991808001699994
2569,4-methoxybenzylamine (+1 -> +0),9.51,9.530000972354827,0.02000097235482734
2570,trans-2-phenylcyclopropylamine (+1 -> +0),8.27,8.121372228523178,0.14862777147682138
2571,trans-2-(4-bromo)phenylcyclopropylamine (+1 -> +0),8.13,7.985458917696703,0.14454108230329776
2572,trans-2-(4-chloro)phenylcyclopropylamine (+1 -> +0),8.11,8.191518605895368,0.08151860589536852
2573,trans-2-(4-fluoro)phenylcyclopropylamine (+1 -> +0),8.25,7.989102302674834,0.26089769732516643
2574,trans-2-(4-methoxy)phenylcyclopropylamine (+1 -> +0),8.32,8.474740375828357,0.1547403758283572
2575,"2,6-dimethyl-4H-pyran-4-one (+1 -> +0)",0.44,0.6628782058087461,0.22287820580874612
2576,"2,6-diphenyl-4H-pyran-4-one (+1 -> +0)",-0.21,0.2631550434395722,0.47315504343957215
2577,2-methyl-6-phenyl-4H-pyran-4-one (+1 -> +0),0.26,0.48185492884298586,0.22185492884298585
2578,flavone (+1 -> +0),-1.3,-0.8086884510908696,0.4913115489091304
2579,4-methoxyflavone (+1 -> +0),-0.9,-0.8931062458431409,0.006893754156859111
2580,4-(Aminomethyl)benzoic acid (+1 -> +0),3.59,3.4518557593162127,0.13814424068378717
2581,4-(Aminomethyl)benzoic acid (+0 -> -1),9.64,9.351003551690562,0.2889964483094385
2582,"4-(N,N-dimethylamino)benzoic aicd (+1 -> +0)",2.51,2.951310337654145,0.4413103376541452
2583,"4-(N,N-dimethylamino)benzoic aicd (+0 -> -1)",5.03,4.830039316107665,0.19996068389233557
2584,"3-(N,N-dimethylamino)benzoic aicd (+1 -> +0)",3.29,3.4918937268640162,0.2018937268640162
2585,"3-(N,N-dimethylamino)benzoic aicd (+0 -> -1)",5.1,5.233664545017357,0.13366454501735703
2586,"4-Aminobenzoic acid, N-methyl- (+1 -> +0)",2.22,2.829354944635873,0.6093549446358728
2587,"4-Aminobenzoic acid, N-methyl- (+0 -> -1)",5.04,4.539228122003163,0.5007718779968373
2588,2-(N-methyl)-benzoic acid (+1 -> +0),1.97,2.283926998927928,0.3139269989279281
2589,2-(N-methyl)-benzoic acid (+0 -> -1),5.34,4.584742045988416,0.7552579540115838
2590,3-hydroxy-2-amino-benzoic acid (+1 -> +0),2.5,2.1857747670239185,0.3142252329760815
2591,3-hydroxy-2-amino-benzoic acid (+0 -> -1),5.192,5.029593419962055,0.1624065800379455
2592,3-hydroxy-2-amino-benzoic acid (-1 -> -2),10.118,9.87692441725721,0.2410755827427895
2593,retronecanol (+1 -> +0),10.88,10.240014319293813,0.6399856807061877
2594,platynecine (+1 -> +0),10.2,9.881529919011665,0.31847008098833385
2595,nornicotyrine (+1 -> +0),4.35,5.196675596685949,0.8466755966859489
2596,nicotyrine (+1 -> +0),4.76,4.6961831837700805,0.0638168162299193
2597,harmol (+1 -> +0),7.86,7.709781747578538,0.15021825242146214
2598,harmol (+0 -> -1),9.51,8.821756960523313,0.6882430394766867
2599,"4,5-Diazaindan, 6,7-dimethyl- (+1 -> +0)",5.36,5.15029290750419,0.20970709249581
2600,"4,5-Diazaindan, 6-methyl- (+1 -> +0)",4.93,4.761139040709968,0.16886095929003186
2601,"4,5-Diazaindan (+1 -> +0)",4.12,3.702367679912455,0.41763232008754514
2602,5-phenyltetrazol-1-amine (+1 -> +0),-0.62,-1.5331310407836005,0.9131310407836005
2603,1-phenyl-1H-tetrazol-5-amine (+1 -> +0),1.12,0.6584090658396047,0.4615909341603954
2604,1-(4-nitrophenyl)-1H-tetrazol-5-amine (+1 -> +0),0.34,0.45246672185062753,0.1124667218506275
2605,1-methyl-1H-tetrazol-5-amine (+1 -> +0),1.82,1.4696919777618147,0.35030802223818536
2606,1-(4-chlorophenyl)-1H-tetrazol-5-amine (+1 -> +0),0.78,0.4226460452264611,0.35735395477353893
2607,1-(o-tolyl)-1H-tetrazol-5-amine (+1 -> +0),1.23,1.122867411257265,0.10713258874273501
2608,1-(m-tolyl)-1H-tetrazol-5-amine (+1 -> +0),1.08,1.133984030967624,0.05398403096762383
2609,1-(3-nitrophenyl)-1H-tetrazol-5-amine (+1 -> +0),0.47,0.5631333582243743,0.0931333582243743
2610,1-(3-chlorophenyl)-1H-tetrazol-5-amine (+1 -> +0),0.7,0.9366808406447245,0.2366808406447245
2611,1-isopropyl-1H-tetrazol-5-amine (+1 -> +0),1.91,1.1148468008919235,0.7951531991080765
2612,5-Guanidino-1H-tetrazole (+1 -> +0),3.26,3.585513576305643,0.32551357630564315
2613,1-aminoisoquinoline (+1 -> +0),7.59,7.427775863765882,0.16222413623411747
2614,aspartamide (+1 -> +0),5.9,5.26443106530024,0.6355689346997604
2615,aspartamide (+0 -> -1),9.0,9.051972578047941,0.0519725780479412
2616,2-aminoindane (+1 -> +0),9.57,9.133225460942477,0.4367745390575237
2617,1-aminoindane (+1 -> +0),9.21,9.518867408447434,0.30886740844743343
2618,5-aminoindane (+1 -> +0),5.31,5.123830775270736,0.18616922472926323
2619,2-Aminoindan-1-ol (+1 -> +0),8.13,8.67317880325173,0.5431788032517293
2620,1-Aminofluorene (+1 -> +0),3.87,3.364692065375549,0.5053079346244509
2621,2-Aminofluorene (+1 -> +0),4.64,4.62618749308416,0.013812506915839684
2622,3-Aminofluorene (+1 -> +0),4.82,4.638309862073468,0.1816901379265321
2623,4-Aminofluorene (+1 -> +0),3.39,3.2658138030933896,0.12418619690661048
2624,2-Amino-1-hydroxyfluorene (+1 -> +0),4.82,4.649454987060592,0.17054501293940838
2625,2-Amino-5-hydroxyfluorene (+1 -> +0),4.73,4.4378079720672465,0.2921920279327539
2626,2-Amino-6-hydroxyfluorene (+1 -> +0),4.63,4.561676144295741,0.06832385570425892
2627,2-Amino-7-hydroxyfluorene (+1 -> +0),4.88,4.950350239848898,0.07035023984889843
2628,neobornylamine (+1 -> +0),10.01,9.950829301958414,0.05917069804158537
2629,1-Thiochromone (+1 -> +0),-1.12,-1.2732125329533996,0.15321253295339954
2630,2-methyl-1-Thiochromone (+1 -> +0),-0.69,-1.0012476439259164,0.3112476439259164
2631,4-hydroxyacrydine (+1 -> +0),5.31,4.598496933811012,0.7115030661889872
2632,4-hydroxyacrydine (+0 -> -1),9.84,10.043007839548384,0.20300783954838408
2633,"benzo[b]furan-7-ol, 2,3,4-trimethyl- (+0 -> -1)",9.37,9.101196591313961,0.268803408686038
2634,azulene-1-carboxylic acid (+0 -> -1),5.5,5.55444882654892,0.054448826548919804
2635,"benzo[b]thiophene-5-ol, 2,3-dimethyl- (+0 -> -1)",10.03,10.072498335232456,0.04249833523245705
2636,"benzo[b]thiophene-6-ol, 2,3-dimethyl- (+0 -> -1)",9.84,9.780459137443685,0.05954086255631452
2637,"benzo[b]thiophene-7-ol, 2,3-dimethyl- (+0 -> -1)",8.8,8.832835014908357,0.03283501490835583
2638,"benzo[b]thiophene-4-ol, 2-ethyl- (+0 -> -1)",9.32,9.134129316919125,0.18587068308087495
2639,"benzo[b]thiophene-4-ol, 7-ethyl- (+0 -> -1)",9.41,9.583654234769835,0.17365423476983466
2640,"benzo[b]thiophene-5-ol, 3,7-dimethyl- (+0 -> -1)",10.09,9.850966311250467,0.239033688749533
2641,"Bicyclo[2.2.2]octane-1,4-dicarboxylic acid (+0 -> -1)",4.468,4.643331689169236,0.17533168916923625
2642,"Bicyclo[2.2.2]octane-1,4-dicarboxylic acid (-1 -> -2)",5.457,5.481352844350102,0.02435284435010221
2643,Bicyclo[2.2.2]octane-1-carboxylic-4-cyano  (+0 -> -1),4.545,4.391280278389167,0.15371972161083303
2644,Bicyclo[2.2.2]octane-1-carboxylic-4-bromo (+0 -> -1),4.619,4.484900296100406,0.1340997038995937
2645,Bicyclo[2.2.2]octane-1-carboxylic-4-carboxymethyl (+0 -> -1),4.764,4.8057407565758,0.04174075657580012
2646,Bicyclo[2.2.2]octane-1-carboxylic acid (+0 -> -1),5.084,4.836233168178872,0.2477668318211279
2647,Bicyclo[2.2.1]heptane-1-carboxylic acid (+0 -> -1),4.876,4.808893832874997,0.0671061671250035
2648,4-bromobicyclo[2.2.1]heptane-1-carboxylic acid (+0 -> -1),4.356,4.519449185195498,0.163449185195498
2649,4-cyanobicyclo[2.2.1]heptane-1-carboxylic acid (+0 -> -1),4.227,4.247189880545363,0.02018988054536308
2650,4-(Methoxycarbonyl)bicyclo[2.2.1]heptane-1-carboxylic acid (+0 -> -1),4.494,4.747891560051246,0.2538915600512466
2651,"Bicyclo[2.2.1]heptane-1,4-dicarboxylic acid (+0 -> -1)",4.197,3.9498142792095114,0.24718572079048862
2652,"Bicyclo[2.2.1]heptane-1,4-dicarboxylic acid (-1 -> -2)",5.284,5.437807231779256,0.15380723177925582
2653,"benzo[b]furan-4-ol, 2,3-dimethyl- (+0 -> -1)",9.93,10.456734391145208,0.526734391145208
2654,"benzo[b]furan-4-ol, 2,7-dimethyl- (+0 -> -1)",9.6,9.612217020038148,0.012217020038148618
2655,"benzo[b]furan-5-ol, 2,3-dimethyl- (+0 -> -1)",10.52,10.238844490484137,0.28115550951586243
2656,"benzo[b]furan-6-ol, 2,3-dimethyl- (+0 -> -1)",9.95,9.797408024716614,0.15259197528338575
2657,"benzo[b]furan-7-ol, 2,3-dimethyl- (+0 -> -1)",9.07,8.663701278296866,0.4062987217031342
2658,5-hydroxy-4-methylcoumarin (+0 -> -1),8.26,8.035733735208023,0.22426626479197687
2659,6-hydroxy-4-methylcoumarin (+0 -> -1),9.14,9.045945504977993,0.09405449502200725
2660,7-hydroxy-4-methylcoumarin (+0 -> -1),7.8,7.844974436158356,0.04497443615835639
2661,2-metnyl-indanone (+0 -> -1),6.15,7.0125660637331855,0.8625660637331851
2662,"benzo[b]thiophene-5-ol, 3-methyl- (+0 -> -1)",9.94,9.95820501875686,0.01820501875686098
2663,"benzo[b]thiophene-6-ol, 3-methyl- (+0 -> -1)",9.7,9.574059711902908,0.125940288097091
2664,"benzo[b]thiophene-7-ol, 3-methyl- (+0 -> -1)",8.72,8.577415942979837,0.14258405702016397
2665,4-nitro-7-hydroxyindan-1-one (+0 -> -1),5.27,4.7926436474958365,0.4773563525041631
2666,6-nitro-7-hydroxyindan-1-one (+0 -> -1),5.31,4.861683157986202,0.4483168420137975
2667,5-Hydroxy-3-phenylisoxazole (+0 -> -1),4.01,3.9743326784123374,0.03566732158766239
2668,"1-Indanone, 7-hydroxy-4,6-dinitro- (+0 -> -1)",1.94,1.9948189411236257,0.05481894112362573
2669,quinoxaline-2-carboxylic (+0 -> -1),2.875,3.2113881062365577,0.3363881062365577
2670,quinoxaline-5-carboxylic (+0 -> -1),4.026,4.43518617735587,0.4091861773558705
2671,quinoxaline-6-carboxylic (+0 -> -1),3.64,3.6383175763392863,0.0016824236607138054
2672,"Bicyclo[2.2.1]hepta-2,5-diene-2,3-dicarboxylic acid (+0 -> -1)",1.32,1.8519775611062395,0.5319775611062394
2673,"Bicyclo[2.2.1]hepta-2,5-diene-2,3-dicarboxylic acid (-1 -> -2)",7.77,7.2398148254495425,0.5301851745504571
2674,"Bicyclo[2.2.1]hepta-2-ene-2,3-dicarboxylic acid (+0 -> -1)",1.32,2.3906105195740848,1.0706105195740847
2675,"Bicyclo[2.2.1]hepta-2-ene-2,3-dicarboxylic acid (-1 -> -2)",8.0,7.48782486413076,0.5121751358692403
2676,"benzo[b]furan-4-ol, 2-methyl- (+0 -> -1)",9.31,9.311061591899652,0.0010615918996510487
2677,"benzo[b]furan-4-ol, 3-methyl- (+0 -> -1)",9.65,9.543109945822824,0.10689005417717645
2678,"3-Azabicyclo[4.3.0]nona-1(6),4-dien-2-one, 4-chloro- (+1 -> +0)",0.13,0.2346306199141006,0.10463061991410061
2679,"3-Azabicyclo[4.3.0]nona-1(6),4-dien-2-one, 4-chloro- (+0 -> -1)",8.53,8.192197361654827,0.3378026383451722
2680,"5-Phenyl-1,3,4-oxadiazole-2-thiol (+0 -> -1)",4.27,4.721082703896722,0.45108270389672267
2681,"1,3-Dithiaindan, 1,1,3,3-tetroxide, 6-methyl- (+0 -> -1)",12.63,10.665087353397961,1.9649126466020395
2682,"5-Hydroxy-2,3-dihydrobenzo[b]thiophene 1,1-dioxide (+0 -> -1)",7.81,7.917514738554195,0.10751473855419569
2683,"2,4,6-Cycloheptatrien-1-one, 4-bromo-7-hydroxy-3-methyl- (+0 -> -1)",6.6,5.9307015071322375,0.6692984928677621
2684,"2,4,6-Cycloheptatrien-1-one, 3-bromo-2-hydroxy-6-methyl- (+0 -> -1)",6.3,6.8298122841318225,0.5298122841318227
2685,"2,4,6-Cycloheptatrien-1-one, 3-bromo-2-hydroxy-5-methyl- (+0 -> -1)",6.41,6.852760621360042,0.44276062136004146
2686,5-fluoroindole (+0 -> -1),16.3,16.28110190945355,0.01889809054645042
2687,4-fluoroindole (+0 -> -1),16.3,15.710539139334887,0.5894608606651133
2688,"Benzo[b]thiophen-3(2H)-one 1,1-dioxide (+0 -> -1)",7.65,7.886878175152855,0.2368781751528548
2689,"2,4,6-Cycloheptatrien-1-one, 2,6-dibromo-7-hydroxy-3-methyl- (+0 -> -1)",5.59,5.345886991511256,0.2441130084887435
2690,"2,4,6-Cycloheptatrien-1-one, 2,6-dibromo-7-hydroxy-4-methyl- (+0 -> -1)",5.35,6.270788932440006,0.920788932440006
2691,"Quinazoline-2,4(1H,3H)-dione (+0 -> -1)",9.82,9.081074246646072,0.7389257533539286
2692,"2,3-Dihydroxyquinoxaline (+0 -> -1)",9.52,9.027975893145532,0.4920241068544673
2693,3-nitroindole (+0 -> -1),10.12,9.59776677168492,0.5222332283150788
2694,5-nitroindole (+0 -> -1),14.75,13.869943344953032,0.8800566550469675
2695,Benzo[b]thiophene-4-ol (+0 -> -1),9.18,9.169728135313441,0.010271864686558274
2696,"Tricyclo[3.1.1.0(6,7)]heptane-6-carboxylic acid (+0 -> -1)",4.6,4.165386628721117,0.4346133712788829
2697,2-methylbenzimidazole (+0 -> -1),13.18,12.734922970799506,0.44507702920049397
2698,"Cyclohexa-1,4-diene-1,2-dicarboxylic acid (+0 -> -1)",3.64,3.215055678990452,0.42494432100954826
2699,"Cyclohexa-1,4-diene-1,2-dicarboxylic acid (-1 -> -2)",4.9,6.178233371078355,1.2782333710783549
2700,"Cyclohexa-2,4-diene-1,2-dicarboxylic acid (+0 -> -1)",4.08,3.4670737772698104,0.6129262227301897
2701,"Cyclohexa-2,4-diene-1,2-dicarboxylic acid (-1 -> -2)",5.02,6.482840316127596,1.462840316127596
2702,"Cyclohexa-1,5-diene-1,2-dicarboxylic acid (+0 -> -1)",4.06,4.28648645978727,0.22648645978727
2703,"Cyclohexa-1,5-diene-1,2-dicarboxylic acid (-1 -> -2)",5.03,4.892062468363468,0.1379375316365321
2704,"2,4,6-Cycloheptatrien-1-one, 2-hydroxy-3-methoxy- (+0 -> -1)",8.0,7.167923470353104,0.8320765296468959
2705,"2,4,6-Cycloheptatrien-1-one, 2-hydroxy-4-methoxy- (+0 -> -1)",7.24,8.15509672991244,0.91509672991244
2706,"cycloheptatrien-1-one, 2-hydroxy-3-methyl-2,4,6- (+0 -> -1)",7.92,7.847448332363686,0.07255166763631404
2707,"cycloheptatrien-1-one, 2-hydroxy-4-methyl-2,4,6- (+0 -> -1)",7.26,7.681058326814398,0.42105832681439814
2708,"cycloheptatrien-1-one, 2-hydroxy-5-methyl-2,4,6- (+0 -> -1)",7.32,7.319174317090737,0.0008256829092632145
2709,2-diazoniobenzoate (+1 -> +0),1.47,1.228124740439518,0.24187525956048206
2710,3-diazoniobenzoate (+1 -> +0),2.55,2.704754090878195,0.15475409087819525
2711,4-diazoniobenzoate (+1 -> +0),2.41,2.2990482545050384,0.11095174549496178
2712,2-mercaptobenzoxazole (+0 -> -1),6.33,6.6382658694931855,0.30826586949318546
2713,"3-Azabicyclo[3.3.0]octane-2,4-dione (+0 -> -1)",9.53,9.204384538079477,0.32561546192052226
2714,1-Phenyltetrazole-5-thiol (+0 -> -1),2.8,3.2480638307479586,0.44806383074795875
2715,2-Mercaptobenzimidazole (+0 -> -1),10.24,9.897494158553418,0.3425058414465827
2716,4-nitroindazole (+0 -> -1),11.57,11.236567057393142,0.3334329426068585
2717,5-nitrobenzimidazole (+0 -> -1),10.84,10.822075851383612,0.01792414861638747
2718,2-benzoxazolinone (+0 -> -1),8.9,8.513879530831149,0.38612046916885134
2719,"1H-Indazol-7-ol, 4,6-dinitro- (+0 -> -1)",2.5,2.103484211908018,0.39651578809198185
2720,"(1R,2S)-3,3-Dimethylcyclopropane-1,2-dicarboxylic acid (+0 -> -1)",2.38,2.5878089346713695,0.20780893467136963
2721,"(1R,2S)-3,3-Dimethylcyclopropane-1,2-dicarboxylic acid (-1 -> -2)",8.25,7.672601611743882,0.5773983882561176
2722,"Cis-1,2-dimethyl-cyclopropanedicarboxylic acid (+0 -> -1)",4.06,4.6101706671734215,0.5501706671734219
2723,"Cis-1,2-dimethyl-cyclopropanedicarboxylic acid (-1 -> -2)",6.56,5.667617832279393,0.8923821677206067
2724,"trans-1,2-dimethyl-1,2-cyclopropanedicarboxylic acid (+0 -> -1)",3.7,3.996069965438245,0.29606996543824504
2725,"trans-1,2-dimethyl-1,2-cyclopropanedicarboxylic acid (-1 -> -2)",5.24,4.5886428003628765,0.6513571996371237
2726,"trans-1-methyl-1,2-cyclopropanedicarboxylic acid (+0 -> -1)",3.93,3.539962192342612,0.39003780765738805
2727,"trans-1-methyl-1,2-cyclopropanedicarboxylic acid (-1 -> -2)",5.3,5.35204803854501,0.052048038545009945
2728,"trans-1-phenyl-1,2-cyclopropanedicarboxylic acid (+0 -> -1)",3.72,3.882908534934355,0.16290853493435486
2729,"trans-1-phenyl-1,2-cyclopropanedicarboxylic acid (-1 -> -2)",5.14,5.476458560270275,0.336458560270275
2730,"trans-1-methyl-2-chloro-1,2-cyclopropanedicarboxylic acid (+0 -> -1)",2.72,2.7308100413672634,0.010810041367263157
2731,"trans-1-methyl-2-chloro-1,2-cyclopropanedicarboxylic acid (-1 -> -2)",4.27,4.346494772655002,0.07649477265500249
2732,"trans-1-phehyl-2-chloro-1,2-cyclopropanedicarboxylic acid (+0 -> -1)",3.61,2.346112574633408,1.2638874253665917
2733,"trans-1-phehyl-2-chloro-1,2-cyclopropanedicarboxylic acid (-1 -> -2)",5.33,3.724899115626717,1.6051008843732832
2734,"(1S,2S)-3,3-Dimethylcyclopropane-1,2-dicarboxylic acid (+0 -> -1)",3.82,3.9391324383114554,0.11913243831145559
2735,"(1S,2S)-3,3-Dimethylcyclopropane-1,2-dicarboxylic acid (-1 -> -2)",5.32,5.185035951722436,0.13496404827756425
2736,"cis-1-methyl-1,2-cyclopropanedicarboxylic acid (+0 -> -1)",3.56,3.7099233558394955,0.14992335583949545
2737,"cis-1-methyl-1,2-cyclopropanedicarboxylic acid (-1 -> -2)",6.65,5.712968611495319,0.937031388504681
2738,"cis-1-phenyl-1,2-cyclopropanedicarboxylic acid (+0 -> -1)",3.67,2.3701667986591968,1.2998332013408032
2739,"cis-1-phenyl-1,2-cyclopropanedicarboxylic acid (-1 -> -2)",6.47,6.969455507824918,0.4994555078249183
2740,"cis-1-phenyl-2-methyl-1,2-cyclopropanedicarboxylic acid (+0 -> -1)",3.84,4.732739199351985,0.8927391993519853
2741,"cis-1-phenyl-2-methyl-1,2-cyclopropanedicarboxylic acid (-1 -> -2)",6.28,4.838202212727476,1.4417977872725238
2742,"cis-1-chloro-2-methyl-1,2-cyclopropanedicarboxylic acid (+0 -> -1)",2.95,2.9483765630499397,0.0016234369500605084
2743,"cis-1-chloro-2-methyl-1,2-cyclopropanedicarboxylic acid (-1 -> -2)",5.25,4.643556925131364,0.6064430748686362
2744,"1S,2R,3R-cis-1,3-dimethylcyclopropane1,2-dicarboxylic aicd (+0 -> -1)",3.69,3.756626326365474,0.06662632636547405
2745,"1S,2R,3R-cis-1,3-dimethylcyclopropane1,2-dicarboxylic aicd (-1 -> -2)",6.82,7.353757996353212,0.533757996353212
2746,"1S,2R,3S-cis-1,3-dimethylcyclopropane1,2-dicarboxylic aicd (+0 -> -1)",3.09,3.269331651002987,0.17933165100298698
2747,"1S,2R,3S-cis-1,3-dimethylcyclopropane1,2-dicarboxylic aicd (-1 -> -2)",7.91,7.763012571578353,0.1469874284216468
2748,"1S,2R,3S-cis-1,2,3-trimethylcyclopropane1,2-dicarboxylic acid (+0 -> -1)",4.23,4.950079732252893,0.7200797322528922
2749,"1S,2R,3S-cis-1,2,3-trimethylcyclopropane1,2-dicarboxylic acid (-1 -> -2)",6.74,5.668535243812388,1.0714647561876118
2750,"1R,2S,3S-cis-1-chloro-2,3-dimethylcyclopropane1,2-dicarboxylic acid (+0 -> -1)",2.91,4.012006095032753,1.1020060950327526
2751,"1R,2S,3S-cis-1-chloro-2,3-dimethylcyclopropane1,2-dicarboxylic acid (-1 -> -2)",5.41,4.775460757366814,0.6345392426331857
2752,"1R,2S,3S-cis-1-chloro-3-methylcyclopropane1,2-dicarboxylic acid (+0 -> -1)",2.66,1.6620364287085687,0.9979635712914314
2753,"1R,2S,3S-cis-1-chloro-3-methylcyclopropane1,2-dicarboxylic acid (-1 -> -2)",5.41,6.575737762945745,1.1657377629457448
2754,"1R,2R,3S-trans-1,3-dimethylcyclopropane1,2-dicarboxylic acid (+0 -> -1)",4.23,3.9170588142032257,0.31294118579677477
2755,"1R,2R,3S-trans-1,3-dimethylcyclopropane1,2-dicarboxylic acid (-1 -> -2)",5.65,5.794758618013652,0.1447586180136513
2756,"1R,2R,3R-trans-1,3-dimethylcyclopropane1,2-dicarboxylic acid (+0 -> -1)",3.93,4.190212564248795,0.2602125642487949
2757,"1R,2R,3R-trans-1,3-dimethylcyclopropane1,2-dicarboxylic acid (-1 -> -2)",5.51,5.304355764522835,0.20564423547716437
2758,"1R,2R-trans-1,2,3-trimethylcyclopropane1,2-dicarboxylic acid (+0 -> -1)",3.77,3.6120553497777586,0.15794465022224147
2759,"1R,2R-trans-1,2,3-trimethylcyclopropane1,2-dicarboxylic acid (-1 -> -2)",5.42,5.333880208514895,0.08611979148510507
2760,"1R,2S,3R-trans-1-chloro-3-methylcyclopropane1,2-dicarboxylic acid (+0 -> -1)",2.61,2.8211318688881883,0.21113186888818847
2761,"1R,2S,3R-trans-1-chloro-3-methylcyclopropane1,2-dicarboxylic acid (-1 -> -2)",4.46,4.636173047581959,0.17617304758195917
2762,2-methyl-thiophenol (+0 -> -1),6.64,6.982951163776509,0.342951163776509
2763,"trans-4-Oxocyclopentane-1,2-dicarboxylic acid (+0 -> -1)",3.59,3.748973519856971,0.15897351985697128
2764,"trans-4-Oxocyclopentane-1,2-dicarboxylic acid (-1 -> -2)",5.34,4.345193646236993,0.994806353763007
2765,"cis-4-Oxocyclopentane-1,2-dicarboxylic acid (+0 -> -1)",3.9,4.1491528820933015,0.24915288209330155
2766,"cis-4-Oxocyclopentane-1,2-dicarboxylic acid (-1 -> -2)",5.6,4.886337394156989,0.7136626058430107
2767,"Cyclopent-1-ene-1,2-dicarboxylic acid (+0 -> -1)",3.36,2.1954917586901477,1.1645082413098522
2768,"Cyclopent-1-ene-1,2-dicarboxylic acid (-1 -> -2)",7.18,7.151556166824295,0.028443833175704647
2769,"Cyclopent-1-ene-1,5-dicarboxylic acid (+0 -> -1)",4.03,3.6380111971845324,0.3919888028154679
2770,"Cyclopent-1-ene-1,5-dicarboxylic acid (-1 -> -2)",5.92,6.065390442384014,0.14539044238401377
2771,"Cyclopent-1-ene-1,4-dicarboxylic acid (+0 -> -1)",4.27,4.2029619725902725,0.06703802740972709
2772,"Cyclopent-1-ene-1,4-dicarboxylic acid (-1 -> -2)",5.1,5.13270545383052,0.0327054538305207
2773,"(3aR,4R,5S,6aS)-2-oxohexahydro-2H-cyclopenta[b]furan-4,5-dicarboxylic acid (+0 -> -1)",3.91,4.154432086168089,0.24443208616808842
2774,"(3aR,4R,5S,6aS)-2-oxohexahydro-2H-cyclopenta[b]furan-4,5-dicarboxylic acid (-1 -> -2)",5.97,5.501821108198754,0.46817889180124617
2775,"(3aR,4R,5R,6aS)-2-oxohexahydro-2H-cyclopenta[b]furan-4,5-dicarboxylic acid (+0 -> -1)",3.34,3.0687136810238034,0.2712863189761965
2776,"(3aR,4R,5R,6aS)-2-oxohexahydro-2H-cyclopenta[b]furan-4,5-dicarboxylic acid (-1 -> -2)",5.51,6.64031148278377,1.1303114827837701
2777,"(2R,3R)-5-oxooxolane-2,3-dicarboxylic acid (+0 -> -1)",2.13,2.1520194359249443,0.022019435924944375
2778,"(2R,3R)-5-oxooxolane-2,3-dicarboxylic acid (-1 -> -2)",3.95,4.44240916810098,0.4924091681009797
2779,"(2S,3R)-5-oxotetrahydrofuran-2,3-dicarboxylic Acid (+0 -> -1)",2.26,2.842978664527431,0.5829786645274311
2780,"(2S,3R)-5-oxotetrahydrofuran-2,3-dicarboxylic Acid (-1 -> -2)",4.5,4.234327568006247,0.2656724319937531
2781,4-Hydroxytropolone (+0 -> -1),5.76,6.267060492354258,0.5070604923542579
2782,4-Hydroxytropolone (-1 -> -2),9.52,9.52355542265403,0.003555422654031304
2783,5-Hydroxytropolone (+0 -> -1),6.47,6.9291132586484725,0.45911325864847274
2784,5-Hydroxytropolone (-1 -> -2),10.1,10.266747496357599,0.16674749635759945
2785,"3-hydroxy-2,5-toluquinone (+0 -> -1)",4.04,4.38937181738807,0.34937181738806977
2786,"3,5,5-Trimethyl-2-thioxo-imidazolidin-4-one (+0 -> -1)",10.8,10.381416386386142,0.4185836136138583
2787,3-nitrobenzenethiol (+0 -> -1),5.241,5.071120762239729,0.16987923776027092
2788,"2,1,3-Benzothiadiazol-4-ol (+0 -> -1)",7.86,7.462580656664773,0.3974193433352271
2789,"2,1,3-Benzothiadiazol-5-ol (+0 -> -1)",8.16,7.942047375759948,0.21795262424005202
2790,"1,2,4-Triazin-5(2H)-one, 3-dimethylamino-6-methyl- (+1 -> +0)",1.6,2.164370398308016,0.5643703983080157
2791,"6-Isopropyl-1,2,4-triazine-3,5(2h,4h)-dione (+0 -> -1)",7.45,7.609642699200258,0.15964269920025753
2792,"3-Pyrazolecarboxylic acid, 1,5-dimethyl- (+0 -> -1)",4.24,4.1913440971526965,0.0486559028473037
2793,"1,3-Dimethyl-1H-pyrazole-5-carboxylic acid (+0 -> -1)",3.31,3.376354339635678,0.06635433963567783
2794,3-methyl-1H-pyrrole-2-carboxylic Acid (+0 -> -1),5.1,4.774640084947198,0.32535991505280126
2795,4-methyl-1H-pyrrole-2-carboxylic Acid (+0 -> -1),4.6,4.725630325529276,0.12563032552927655
2796,5-methyl-1H-pyrrole-2-carboxylic Acid (+0 -> -1),5.0,4.27826359187267,0.7217364081273301
2797,2-Methyl-1h-pyrrole-3-carboxylic acid (+0 -> -1),5.8,5.800055974563242,5.597456324224481e-05
2798,4-Methyl-1h-pyrrole-3-carboxylic acid (+0 -> -1),5.65,5.554416283392668,0.09558371660733211
2799,5-Methyl-1h-pyrrole-3-carboxylic acid (+0 -> -1),5.35,5.306557565772582,0.04344243422741734
2800,"3-Azabicyclo[3.2.0]heptane-2,4-dione (+0 -> -1)",9.63,9.38304282960885,0.24695717039115017
2801,"3-Azabicyclo[3.2.1]octane-2,4-dione (+0 -> -1)",9.53,10.70705359336969,1.1770535933696902
2802,"3-Azabicyclo[3.2.2]nonane-2,4-dione (+0 -> -1)",9.72,10.612160214178882,0.8921602141788814
2803,"2,2,3,3-Tetramethylsuccinimide (+0 -> -1)",9.7,9.18688512814948,0.5131148718505187
2804,"3,6-dimethyl[1,2,4]triazolo[4,3-b][1,2,4]triazin-7(8H)-one (+0 -> -1)",5.85,6.173588088356542,0.3235880883565425
2805,5-chloro-2-thiophenecarboxylic (+0 -> -1),3.22,3.222020473011245,0.00202047301124475
2806,5-bromo-2-thiophenecarboxylic (+0 -> -1),3.19,3.1715717981929394,0.018428201807060507
2807,"3,6-Diazabicyclo[3.3.0]octane-2,4,7-trione (+0 -> -1)",8.15,7.841690195751322,0.3083098042486787
2808,3-chloro-thiophenol (+0 -> -1),5.78,5.834656555100839,0.054656555100838666
2809,4-bromo-thiophenol (+0 -> -1),6.02,6.019869208382389,0.00013079161761098135
2810,"3,4-thiophenedicarboxylic (+0 -> -1)",2.81,3.4373271213688357,0.6273271213688356
2811,"3,4-thiophenedicarboxylic (-1 -> -2)",6.93,6.532735295313242,0.3972647046867577
2812,4-Oxo-4H-thiopyran-3-carboxylic acid (+0 -> -1),4.1,4.459721962045072,0.35972196204507245
2813,"Furan-2,3-dicarboxylic Acid (+0 -> -1)",2.45,1.482219875599105,0.9677801244008952
2814,"Furan-2,3-dicarboxylic Acid (-1 -> -2)",7.25,7.005471375144705,0.24452862485529536
2815,"Furan-2,4-dicarboxylic Acid (+0 -> -1)",2.63,2.9981006019169705,0.3681006019169706
2816,"Furan-2,4-dicarboxylic Acid (-1 -> -2)",3.77,4.0088413514782415,0.23884135147824148
2817,"Furan-1,5-dicarboxylic Acid (+0 -> -1)",2.6,2.3402932996796544,0.2597067003203457
2818,"Furan-1,5-dicarboxylic Acid (-1 -> -2)",3.55,3.5110770968784877,0.03892290312151214
2819,"Furan-3,4-dicarboxylic Acid (+0 -> -1)",2.51,2.840335189335926,0.3303351893359263
2820,"Furan-3,4-dicarboxylic Acid (-1 -> -2)",7.43,7.6806977238539424,0.25069772385394273
2821,"5,5-dimethyl-2-thioxoimidazolidin-4-one (+0 -> -1)",8.71,8.505347616396943,0.20465238360305804
2822,7-methyl-2-methylthio-8-azapurin-6-one (+0 -> -1),6.73,6.65712455645026,0.07287544354974074
2823,N-Hydroxypyridine-4-thione (+1 -> +0),1.53,0.9699510501612387,0.5600489498387613
2824,N-Hydroxypyridine-4-thione (+0 -> -1),3.82,4.085661507725552,0.2656615077255524
2825,pyrithione (+1 -> +0),-1.95,-2.229404503943705,0.2794045039437052
2826,pyrithione (+0 -> -1),4.67,5.814887506457047,1.1448875064570467
2827,2-Acetamidopyridine-N-oxide (+1 -> +0),-0.42,0.23796819636429412,0.657968196364294
2828,3-Acetamidopyridine-N-oxide (+1 -> +0),0.99,0.5419416406510713,0.4480583593489287
2829,4-Acetamidopyridine-N-oxide (+1 -> +0),1.59,1.7537498046331086,0.1637498046331085
2830,4-(N-methylacetamido)-pyridine-N-oxide (+1 -> +0),1.36,1.3573299733975723,0.0026700266024277663
2831,4-Aminopyridine 1-oxide (+1 -> +0),3.59,3.9692016459985204,0.3792016459985206
2832,4-(dimethylamino)-pyridine-N-oxide (+1 -> +0),3.88,4.04883960662438,0.16883960662438025
2833,4-methylaminopyridine-N-oxide (+1 -> +0),3.85,4.324347202164205,0.4743472021642048
2834,2-aminopyridine-N-oxide (+1 -> +0),2.67,2.8034565034508034,0.1334565034508035
2835,2-di(methylamino)pyridine-N-oxide (+1 -> +0),2.27,2.2362496990734506,0.033750300926549404
2836,4-methoxypyridine-N-oxide (+1 -> +0),2.05,2.1420913613718513,0.09209136137185148
2837,4-hydroxypyridine-N-oxide (+1 -> +0),2.45,2.6916885018319894,0.2416885018319892
2838,2-methoxypyridine-N-oxide (+1 -> +0),1.23,1.3331426743730432,0.10314267437304325
2839,1-methoxypyridine-4-one (+1 -> +0),2.57,2.7591085655313696,0.1891085655313698
2840,1-methoxypyridine-2-one (+1 -> +0),-1.3,-0.7056373140701275,0.5943626859298725
2841,4-chloro-2-pyrrolecarboxylic acid (+0 -> -1),4.07,4.162281434590741,0.09228143459074101
2842,4-bromo-2-pyrrolecarboxylic acid (+0 -> -1),4.06,4.218208204932654,0.15820820493265408
2843,5-chloro-2-pyrrolecarboxylic acid (+0 -> -1),4.32,3.8603850601088814,0.4596149398911189
2844,5-bromo-2-pyrrolecarboxylic acid (+0 -> -1),4.17,3.7050605259814517,0.4649394740185482
2845,4-nitro-2-pyrrolecarboxylic acid (+0 -> -1),3.37,3.4185065125075766,0.04850651250757654
2846,5-nitro-2-pyrrolecarboxylic acid (+0 -> -1),3.22,2.719319525111638,0.500680474888362
2847,4-nitro-2thiophenecarboxylic (+0 -> -1),2.81,3.04823055556366,0.23823055556366013
2848,5-nitro-2thiophenecarboxylic (+0 -> -1),2.68,2.45602718021566,0.22397281978434025
2849,4-bromo-2thiophenecarboxylic (+0 -> -1),3.27,3.0340793373377606,0.23592066266223943
2850,Pyrrolidine dithiocarbamic acid (+0 -> -1),3.29,3.7840999452020636,0.4940999452020636
2851,dimethadione (+0 -> -1),6.2,6.569962603124465,0.36996260312446516
2852,"imidazolidine-2,4-dione, 5-ethyl-5-phenyl- (+0 -> -1)",8.5,8.32730998486328,0.17269001513671967
2853,"2,6-Dimethyl-1,2,4-triazine-3,5(2H,4H)-dione (+0 -> -1)",7.49,7.1883128101853595,0.3016871898146407
2854,"4,6-Dimethyl-1,2,4-triazine-3,5(2H,4H)-dione (+0 -> -1)",10.1,9.934017916565718,0.16598208343428134
2855,"1,2,4-Triazine-3,5(2H,4H)-dione, 2-ethyl- (+0 -> -1)",7.07,7.380843704280021,0.3108437042800203
2856,"1,2,4-Triazine-3,5(2H,4H)-dione, 4-ethyl- (+0 -> -1)",9.59,9.253511800234538,0.33648819976546207
2857,"1,2,4-Triazine-3,5(2H,4H)-dione, 6-ethyl- (+0 -> -1)",7.47,7.4245281692718335,0.045471830728166296
2858,5-ureidoimidazole-4-carboxylic (+1 -> +0),2.0,1.6587143299915672,0.3412856700084328
2859,5-ureidoimidazole-4-carboxylic (+0 -> -1),4.9,5.134838142348129,0.23483814234812872
2860,5-ureidoimidazole-4-carboxylic (-1 -> -2),12.2,12.070196332851461,0.12980366714853808
2861,"4-Imidazolecarboxylic acid, 5-amino-1-cyclohexyl- (+1 -> +0)",3.18,1.9946806328897475,1.1853193671102527
2862,"4-Imidazolecarboxylic acid, 5-amino-1-cyclohexyl- (+0 -> -1)",7.29,7.264777331130005,0.025222668869995246
2863,4-Imidazolecarboxylic-acid (+1 -> +0),2.01,1.904424395478789,0.10557560452121084
2864,4-Imidazolecarboxylic-acid (+0 -> -1),6.26,5.812552525007567,0.4474474749924324
2865,5-Methyl-1H-pyrazole-3-carboxylic acid (+0 -> -1),3.79,3.8831937758313764,0.09319377583137634
2866,1-Methyl-1H-pyrazole-3-carboxylic acid (+0 -> -1),3.27,3.4257569313344183,0.15575693133441826
2867,2-furan-carboxylic acid (+0 -> -1),3.272,3.4485257311138957,0.1765257311138959
2868,"2-Thiazoline-4-carboxylic acid, 2-amino- (+1 -> +0)",2.03,1.7076514247680876,0.3223485752319122
2869,"2-Thiazoline-4-carboxylic acid, 2-amino- (+0 -> -1)",8.48,8.219351803572186,0.2606481964278142
2870,"1,2,4-Triazin-5(2H)-one, 3-methylthio- (+0 -> -1)",5.92,6.656909265452003,0.7369092654520033
2871,"1,2,4-Triazin-3(2H)-one, 5-methylthio- (+0 -> -1)",9.18,8.464123279581141,0.7158767204188585
2872,"1,2,4-Triazin-3(2H)-one, 4,5-dihydro-2-methyl-5-thioxo- (+0 -> -1)",6.25,6.006631405584216,0.2433685944157844
2873,"1,2,4-Triazin-3(2H)-one, 4,5-dihydro-4-methyl-5-thioxo- (+0 -> -1)",8.57,8.629291378507958,0.059291378507957404
2874,"2-Methyl-3-thioxo-3,4-dihydro-1,2,4-triazin-5(2H)-one (+0 -> -1)",6.24,6.350291968551441,0.11029196855144097
2875,"1,2,4-Triazin-5(2H)-one, 3,4-dihydro-4-methyl-3-thioxo- (+0 -> -1)",8.12,8.013934054543828,0.1060659454561712
2876,6-Aza-2-thiothymine (+0 -> -1),6.47,6.323845702765104,0.14615429723489548
2877,"4,5-Dimethyl-4H-1,2,4-triazole-3-thiol (+0 -> -1)",8.19,8.923535089691116,0.7335350896911166
2878,"1,2,4-Triazine-3,5(1H,2H)-dione, 4,6-dihydro-1-methyl- (+0 -> -1)",10.6,9.572109270592382,1.027890729407618
2879,"1,2,4-Triazine-3,5(1H,2H)-dione, 4,6-dihydro-4-methyl- (+0 -> -1)",11.0,10.225583305058404,0.7744166949415963
2880,"1,2,4-Triazine-3,5(1H,2H)-dione, 4,6-dihydro-2-methyl- (+0 -> -1)",10.6,10.851268755242064,0.25126875524206405
2881,dihydrouracil (+0 -> -1),11.74,11.557556948298917,0.18244305170108355
2882,5-methyl-hydatoin (+0 -> -1),9.07,9.054875850485839,0.01512414951416119
2883,"2-Methyl-1,2,4-triazine-3,5-dithione (+0 -> -1)",5.76,5.468056058781925,0.2919439412180749
2884,"4-Methyl-1,2,4-triazine-3,5-dithione (+0 -> -1)",7.37,7.166474128651757,0.2035258713482433
2885,"6-Methyl-1,2,4-triazine-3,5-dithione (+0 -> -1)",6.1,5.521066113857315,0.5789338861426847
2886,"1,2,4-Triazin-5(2H)-one, 3-amino-6-methyl- (+1 -> +0)",2.19,1.9303613964392987,0.25963860356070123
2887,N-hydroxysuccinimide (+0 -> -1),6.0,5.424857009033595,0.5751429909664054
2888,N-hydroxyglutarimide (+0 -> -1),7.6,7.7013778800568,0.10137788005680015
2889,"1,3,5-Triazin-2(1H)-one, 4-methoxy- (+0 -> -1)",6.92,7.617035369791718,0.6970353697917178
2890,"6-Methyl-1,3,5-triazine-2,4(1H,3H)-dione (+0 -> -1)",7.23,7.18827061780981,0.041729382190190734
2891,"1,3,5-Triazine-2,4(1H,3H)-dione, 3-methyl- (+0 -> -1)",6.58,6.871363388671679,0.2913633886716793
2892,"1,3,5-Triazine-2,4(1H,3H)-dione, 1-methyl- (+0 -> -1)",8.15,7.900321561363525,0.249678438636475
2893,6-azathymine (+0 -> -1),7.48,7.331059335111738,0.1489406648882623
2894,6-azathymine (-1 -> -2),13.4,13.454320462364326,0.054320462364325195
2895,"1,3,5-Triazine-2,4(1H,3H)-dione, 4-methyl- (+0 -> -1)",9.25,9.258927015322389,0.008927015322388598
2896,5-nitrouracil (+0 -> -1),5.56,4.5205849048674756,1.039415095132524
2897,5-nitrouracil (-1 -> -2),11.3,11.539159987766393,0.23915998776639213
2898,"1,2,4,5-Tetrazine-3,6-dicarboxylic acid (+0 -> -1)",2.8,1.413394359310793,1.3866056406892069
2899,"1,2,4-Triazin-3(2H)-one, 4,5-dihydro-5-thioxo- (+0 -> -1)",6.33,5.908716084057075,0.4212839159429249
2900,2-Thio-6-azauracil (+0 -> -1),5.98,6.155089646427536,0.17508964642753533
2901,"6-Iodo-1,2,4-triazine-3,5(2H,4H)-dione (+0 -> -1)",6.27,6.184181480672518,0.08581851932748119
2902,"6-bromo-1,2,4-triazine-3,5(2H,4H)-dione (+0 -> -1)",6.05,6.147430498899972,0.09743049889997213
2903,"6-chloro-1,2,4-triazine-3,5(2H,4H)-dione (+0 -> -1)",5.8,5.942632488882508,0.14263248888250857
2904,"5,6-dihydro-6-azauracil (+0 -> -1)",10.3,10.047737695981429,0.2522623040185721
2905,"3-methyl-2H-1,2,4-thiadiazole-5-thione (+0 -> -1)",5.18,5.479536845618941,0.2995368456189409
2906,ammelide (-1 -> -2),13.5,13.560708468987254,0.06070846898725435
2907,"1,2,4-triazine-3,5-dithiol (+0 -> -1)",5.66,5.264881390215801,0.3951186097841992
2908,5-hydroxy-6-azauracil (+0 -> -1),2.95,4.0174867090858575,1.0674867090858573
2909,6-azauracil (+0 -> -1),7.0,7.106917002342882,0.1069170023428816
2910,6-azauracil (-1 -> -2),12.9,13.278367438755327,0.3783674387553262
2911,"1,2,4-Triazine-5,6(1H,2H)-dione (+0 -> -1)",7.21,8.25779872192501,1.0477987219250098
2912,"1,2,4-Triazine-5,6(1H,2H)-dione (-1 -> -2)",12.07,10.829042149248618,1.240957850751382
2913,5-azauracil (+0 -> -1),6.73,6.465301156593899,0.2646988434061015
2914,"1,2,4-Triazin-5(4H)-one (+0 -> -1)",7.15,7.022660913248146,0.12733908675185468
2915,"5-Amino-1H-1,2,3-triazole-4-carbonitrile (+0 -> -1)",6.15,6.234908001261151,0.08490800126115072
2916,"Benzene, 1-chloro-2-iminobenzyl- (+1 -> +0)",5.59,5.701548620455667,0.11154862045566727
2917,"Benzene, 1-chloro-3-iminobenzyl- (+1 -> +0)",5.69,6.114644395939494,0.42464439593949344
2918,"benzene, 1,3-dihydroxy-4-iminobenzyl- (+1 -> +0)",4.0,4.772593763228197,0.7725937632281967
2919,2-(Iminophenylmethyl)phenol (+1 -> +0),5.0,4.427745101689388,0.5722548983106117
2920,3-[Imino(phenyl)methyl]phenol (+1 -> +0),7.08,6.625146880819464,0.4548531191805365
2921,4-(Iminophenylmethyl)phenol (+1 -> +0),7.55,7.480648187136356,0.06935181286364411
2922,"benzene, 1-iminobenzyl-2,4-dimethoxy- (+1 -> +0)",8.3,7.873141063726674,0.4268589362733266
2923,"Benzene, 1-iminobenzyl-2,4-dimethyl- (+1 -> +0)",6.79,6.430840607409282,0.35915939259071816
2924,"benzene, 1-iminobenzyl-2,5-dimethyl- (+1 -> +0)",6.79,7.21093012577926,0.42093012577926014
2925,"benzene, 1-iminobenzyl-2,6-dimethyl- (+1 -> +0)",6.29,6.1184330369796776,0.17156696302032248
2926,"benzene, 1-iminobenzyl-3,5-dimethyl- (+1 -> +0)",7.18,7.061163809209776,0.11883619079022356
2927,o-Methylbenzophenoneimine (+1 -> +0),6.79,6.6824025701857,0.10759742981429987
2928,"benzene, 1-iminobenzyl-2-methoxy- (+1 -> +0)",7.29,7.286363938987164,0.0036360610128358672
2929,"Benzene, 1-iminobenzyl-3-methoxy- (+1 -> +0)",6.59,6.879021560608375,0.2890215606083748
2930,Benzyloxymethanimine (+1 -> +0),5.8,6.665350624939474,0.8653506249394738
2931,"Benzene, 1-hydroxy-4-iminobenzyl-3-methoxy- (+1 -> +0)",5.99,5.691940660508308,0.29805933949169194
2932,2-Chlorobenzylamine (+1 -> +0),8.8,8.59523247032967,0.20476752967033107
2933,"2,3-Dimethoxybenzylamine (+1 -> +0)",9.41,8.678304601906078,0.7316953980939225
2934,"3,4-Dimethoxybenzylamine (+1 -> +0)",9.39,9.023290762558588,0.3667092374414125
2935,2-Methoxybenzylamine (+1 -> +0),9.7,9.210190414912997,0.4898095850870021
2936,2-Methylbenzylamine (+1 -> +0),9.19,9.622628299138778,0.43262829913877887
2937,piperonylamine (+1 -> +0),9.37,9.44989106252136,0.07989106252136047
2938,Pentafluorobenzylamine (+1 -> +0),7.67,7.584839207095192,0.08516079290480771
2939,3-(Aminomethyl)-2-methoxyphenol (+1 -> +0),8.89,8.832731279882895,0.05726872011710604
2940,3-(Aminomethyl)-2-methoxyphenol (+0 -> -1),10.54,9.792979132032517,0.7470208679674819
2941,vanillylamine (+1 -> +0),8.94,9.205919320634571,0.2659193206345716
2942,vanillylamine (+0 -> -1),10.52,9.843607489821135,0.6763925101788644
2943,3-Methoxysalicylamine (+1 -> +0),8.7,9.088860522509677,0.3888605225096775
2944,3-Methoxysalicylamine (+0 -> -1),11.06,10.002947481916618,1.057052518083383
2945,2-(Aminomethyl)benzenesulfonamide (+1 -> +0),8.53,7.251973412161593,1.278026587838406
2946,2-(Aminomethyl)benzenesulfonamide (+0 -> -1),10.11,9.513832492904081,0.5961675070959185
2947,Benzidine (+2 -> +1),3.85,3.750466107929843,0.09953389207015695
2948,Benzidine (+1 -> +0),4.95,5.239002701559428,0.2890027015594274
2949,"6,6'-Dimethyl-[1,1'-biphenyl]-2,2'-diamine (+2 -> +1)",2.1,3.945346578301316,1.8453465783013159
2950,"6,6'-Dimethyl-[1,1'-biphenyl]-2,2'-diamine (+1 -> +0)",3.7,4.80031889713269,1.1003188971326896
2951,"2,2'-Dimethylbenzidine (+2 -> +1)",3.7,3.901068126210549,0.20106812621054893
2952,"2,2'-Dimethylbenzidine (+1 -> +0)",4.9,4.3935402655883875,0.5064597344116128
2953,"3,3'-Dimethylbenzidine (+2 -> +1)",3.4,3.5058426760132706,0.10584267601327069
2954,"3,3'-Dimethylbenzidine (+1 -> +0)",4.5,4.631173244738914,0.131173244738914
2955,1-Amino-3-Bromonaphthalene (+1 -> +0),2.67,2.7151372028333576,0.04513720283335765
2956,1-Amino-4-bromonaphthalene (+1 -> +0),3.21,3.006045238951357,0.20395476104864319
2957,2-Amino-4-bromonaphthalene (+1 -> +0),3.4,3.313439410731564,0.0865605892684358
2958,1-Amino-3-Chloronaphthalene (+1 -> +0),2.69,3.0243033577417977,0.33430335774179776
2959,1-Amino-5-Chloronaphthalene (+1 -> +0),3.34,3.151939492034672,0.1880605079653277
2960,1-Amino-6-Chloronaphthalene (+1 -> +0),3.48,3.3660226737642027,0.11397732623579726
2961,1-Amino-7-Chloronaphthalene (+1 -> +0),3.48,3.642980816636216,0.1629808166362161
2962,2-Amino-4-Chloronaphthalene (+1 -> +0),3.38,3.3552856282855616,0.024714371714438244
2963,2-Amino-7-Chloronaphthalene (+1 -> +0),3.71,3.6748933107055315,0.035106689294468474
2964,1-Amino-3-Cyanonaphthalene (+1 -> +0),2.26,2.270921076793366,0.010921076793366069
2965,2-Amino-4-Cyanonaphthalene (+1 -> +0),2.66,3.4408756068304314,0.7808756068304312
2966,5-Amino-1-naphthol (+1 -> +0),3.96,3.713079707619716,0.2469202923802838
2967,5-Amino-2-naphthol (+1 -> +0),3.97,3.7163836715295977,0.2536163284704025
2968,6-Amino-1-naphthol (+1 -> +0),4.07,4.275036471303737,0.20503647130373714
2969,7-Amino-2-naphthol (+1 -> +0),4.25,3.886610232531006,0.3633897674689939
2970,1-Amino-3-Iodonaphthalene (+1 -> +0),2.82,3.0842794502798005,0.2642794502798007
2971,2-Amino-4-Iodonaphthalene (+1 -> +0),3.41,3.012640291174641,0.3973597088253591
2972,1-Amino-3-Methoxynaphthalene (+1 -> +0),3.26,3.41539814027216,0.15539814027216003
2973,1-Amino-6-Methoxynaphthalene (+1 -> +0),3.9,3.696697786514834,0.20330221348516586
2974,1-Amino-7-Methoxynaphthalene (+1 -> +0),4.07,4.512001592802452,0.4420015928024519
2975,2-Amino-4-Methoxynaphthalene (+1 -> +0),4.05,4.206541692049993,0.15654169204999313
2976,2-Amino-6-Methoxynaphthalene (+1 -> +0),4.64,4.822868441508407,0.18286844150840764
2977,2-Amino-7-Methoxynaphthalene (+1 -> +0),4.19,4.014811577915424,0.17518842208457652
2978,Methyl 4-aminonaphthalene-2-carboxylate (+1 -> +0),3.12,2.9097184621606447,0.21028153783935544
2979,Methyl 3-aminonaphthalene-1-carboxylate (+1 -> +0),3.38,3.085247220159264,0.2947527798407359
2980,3-Amino-1-Methylnaphthalene (+1 -> +0),3.96,3.9556930058843136,0.004306994115686358
2981,1-Amino-3-nitronaphthalene (+1 -> +0),2.07,2.1811058989450514,0.11110589894505152
2982,1-Amino-5-nitronaphthalene (+1 -> +0),2.73,3.7890545731358216,1.0590545731358216
2983,1-Amino-6-nitronaphthalene (+1 -> +0),2.89,2.7330124054147378,0.15698759458526235
2984,1-Amino-7-nitronaphthalene (+1 -> +0),2.55,2.304122053254619,0.24587794674538088
2985,1-Amino-8-nitronaphthalene (+1 -> +0),2.79,2.566085393043899,0.2239146069561011
2986,1-Amino-2-nitronaphthalene (+1 -> +0),0.54,0.35188267624340863,0.1881173237565914
2987,2-Amino-1-nitronaphthalene (+1 -> +0),-0.85,-1.4358951309502697,0.5858951309502697
2988,2-Amino-4-nitronaphthalene (+1 -> +0),2.43,2.315776664266843,0.11422333573315724
2989,2-Amino-5-nitronaphthalene (+1 -> +0),3.01,2.9412327358814334,0.06876726411856637
2990,2-Amino-6-nitronaphthalene (+1 -> +0),2.62,2.746862831168089,0.12686283116808905
2991,2-Amino-7-nitronaphthalene (+1 -> +0),3.1,2.907921670162157,0.19207832983784323
2992,2-Amino-8-nitronaphthalene (+1 -> +0),2.73,2.6086512075762505,0.12134879242374952
2993,"1,2,3,4-Tetrahydro-1-naphthylamine (+1 -> +0)",9.63,9.78539284286498,0.15539284286497868
2994,"1,2,3,4-Tetrahydro-2-naphthylamine (+1 -> +0)",9.33,9.606949345252062,0.2769493452520617
2995,"1,2,3,4-Tetrahydro-5-naphthylamine (+1 -> +0)",4.47,4.474896594017281,0.004896594017281153
2996,"1,2,3,4-Tetrahydro-6-naphthylamine (+1 -> +0)",5.17,5.1796365465449,0.009636546544900426
2997,"1,4-Naphthalenediamine (+2 -> +1)",2.78,2.2327324113564915,0.5472675886435083
2998,"1,4-Naphthalenediamine (+1 -> +0)",5.87,5.982279556771181,0.11227955677118118
2999,"2,4-Diaminonaphthalen-1-ol (+2 -> +1)",3.14,3.833367584212409,0.693367584212409
3000,"2,4-Diaminonaphthalen-1-ol (+1 -> +0)",4.7,4.412224015892156,0.287775984107844
3001,"2,4-Diaminonaphthalen-1-ol (+0 -> -1)",10.18,10.04300322098695,0.13699677901304952
3002,"N,N-Dimethyl-1-naphthylamine (+1 -> +0)",4.83,5.259500533640543,0.4295005336405433
3003,"N,N-dimethylnaphthalen-2-amine (+1 -> +0)",4.566,4.896651714216591,0.33065171421659123
3004,N-methylnaphthalen-1-amine (+1 -> +0),3.67,4.111273445647073,0.4412734456470728
3005,1-Ethylaziridine (+1 -> +0),7.93,7.84538719834708,0.08461280165291996
3006,2-Ethylaziridine (+1 -> +0),8.29,8.139378415113246,0.15062158488675337
3007,"aziridine, N-ethyl-cis-2,3-dimethyl- (+1 -> +0)",8.56,8.204338302222478,0.35566169777752243
3008,"aziridine, N-ethyl-trans-2,3-dimethyl- (+1 -> +0)",9.47,8.822189000016962,0.6478109999830384
3009,Furfurylamine (+1 -> +0),8.89,8.74498625675293,0.14501374324706973
3010,N-Allylpiperidine (+1 -> +0),9.65,9.37339302902144,0.2766069709785608
3011,"piperidine, 1-ethyl- (+1 -> +0)",10.45,9.931513295219048,0.5184867047809512
3012,1-Ethyl-2-Methylpiperidine (+1 -> +0),10.66,10.594746256800804,0.06525374319919663
3013,"1-Methyl-4,4-diphenyl piperidine (+1 -> +0)",8.65,9.107430255421228,0.4574302554212277
3014,2-(Piperidin-2-yl)piperidine (+1 -> +0),10.16,10.959533311382227,0.7995333113822269
3015,"Piperidine, 1,2,2,6-tetramethyl- (+1 -> +0)",10.7,11.025631742129224,0.3256317421292252
3016,"piperidine, 2,2,4-trimethyl- (+1 -> +0)",11.04,11.17691220409085,0.13691220409085147
3017,"piperidine, 2,2,6-trimethyl- (+1 -> +0)",11.21,10.786191835740457,0.42380816425954393
3018,3-Acetamidopyridine (+1 -> +0),4.37,4.297214497408561,0.07278550259143923
3019,4-Acetamidopyridine (+1 -> +0),5.87,5.9003529677308855,0.03035296773088536
3020,4-Amino-3-bromopyridine (+1 -> +0),7.05,6.75927614868712,0.2907238513128796
3021,2-Aminonicotinic acid (+1 -> +0),2.4,2.6346723357172532,0.23467233571725332
3022,2-Aminonicotinic acid (+0 -> -1),6.58,7.041987998497493,0.4619879984974933
3023,3-Aminopicolinic acid (+1 -> +0),1.33,1.757132470334395,0.42713247033439483
3024,3-Aminopicolinic acid (+0 -> -1),7.18,6.789299337447726,0.3907006625522733
3025,"pyridine, 2-amino-5-chloro- (+1 -> +0)",4.83,4.784652658141554,0.04534734185844602
3026,"3,5-Dimethylpyridin-4-amine (+1 -> +0)",9.38,9.175321308585506,0.2046786914144949
3027,3-Ethylpyridin-4-amine (+1 -> +0),9.39,8.950046350677681,0.4399536493223195
3028,3-Isopropylpyridin-4-amine (+1 -> +0),9.44,9.603977122314614,0.16397712231461448
3029,2-Picolylamine (+2 -> +1),2.14,2.919960251035401,0.7799602510354009
3030,2-Picolylamine (+1 -> +0),8.64,8.86842646866381,0.2284264686638089
3031,6-Methylpyridin-3-yl)methanamine (+2 -> +1),2.9,4.198255705739256,1.298255705739256
3032,6-Methylpyridin-3-yl)methanamine (+1 -> +0),8.76,8.788273872354626,0.028273872354626306
3033,4-(2-Pyridyl)aniline (+2 -> +1),2.47,2.6963122734075577,0.22631227340755755
3034,4-(2-Pyridyl)aniline (+1 -> +0),5.7,5.446486014825601,0.2535139851743988
3035,4-(Pyridin-4-yl)aniline (+2 -> +1),2.75,2.5019435175917355,0.2480564824082645
3036,4-(Pyridin-4-yl)aniline (+1 -> +0),6.26,6.166802425125755,0.09319757487424507
3037,"4-Pyridinamine, 2,3,5,6-tetramethyl- (+1 -> +0)",10.45,10.312068187613374,0.13793181238662555
3038,"Benzamide, N-2-pyridinyl- (+1 -> +0)",3.33,3.9912776277991977,0.6612776277991976
3039,"Benzamide, N-3-pyridinyl- (+1 -> +0)",3.8,4.0973950894249125,0.29739508942491266
3040,"Benzamide, N-4-pyridinyl- (+1 -> +0)",5.32,5.499432322867114,0.17943232286711375
3041,2-Benzylpyridine (+1 -> +0),5.13,5.560276997010963,0.4302769970109628
3042,2-Benzylsulfanylpyridine (+1 -> +0),3.23,2.9991246853679954,0.2308753146320046
3043,4-Benzylsulfanylpyridine (+1 -> +0),5.41,5.636753933646989,0.2267539336469886
3044,"3-bromo-N,N-dimethylpyridin-4-amine (+1 -> +0)",6.45,6.3343573079965765,0.1156426920034237
3045,3-bromo-N-methylpyridin-4-amine (+1 -> +0),7.37,7.279481604730039,0.09051839526996108
3046,Picolinamide (+1 -> +0),2.1,2.1633150765243796,0.06331507652437951
3047,Isonicotinamide (+1 -> +0),3.61,3.5686574797236394,0.04134252027636043
3048,4-((4-Chlorophenyl)ethynyl)pyridine (+1 -> +0),4.54,4.230300961222359,0.3096990387776408
3049,4-(4-Chlorostyryl)pyridine (+1 -> +0),5.66,5.846112474670391,0.1861124746703906
3050,"2,5-Diaminopyridine (+2 -> +1)",2.13,2.8376099061831503,0.7076099061831504
3051,"2,5-Diaminopyridine (+1 -> +0)",6.48,6.746763737884393,0.2667637378843928
3052,"2,4-Dihydroxypyridine (+1 -> +0)",1.37,1.6993978702557229,0.32939787025572276
3053,"2,4-Dihydroxypyridine (+0 -> -1)",6.545,6.995547220777379,0.45054722077737885
3054,"2,4-Dihydroxypyridine (-1 -> -2)",13.0,14.592924563298556,1.5929245632985563
3055,"2,3-dimethylpyridine (+1 -> +0)",6.57,6.208652044801456,0.36134795519854457
3056,4-Dimethylaminopyridine (+1 -> +0),9.58,9.045006527349635,0.5349934726503651
3057,"3-Isopropyl-N,N-dimethylpyridin-4-amine (+1 -> +0)",8.16,8.017298925591806,0.14270107440819402
3058,3-Methyl-4-(dimethylamino)pyridine (+1 -> +0),8.58,8.566330038641684,0.013669961358315774
3059,"N,N,3,5-Tetramethylpyridin-4-amine (+1 -> +0)",8.02,8.7664350486402,0.7464350486402012
3060,"Pyridine, 3,5-dimethyl-4-methylamino- (+1 -> +0)",9.65,9.17795051820563,0.4720494817943699
3061,2-Ethylpyridine (+1 -> +0),5.97,5.864202264664701,0.10579773533529835
3062,3-Ethylpyridine (+1 -> +0),5.7,5.780994415778923,0.08099441577892286
3063,4-Ethylpyridine (+1 -> +0),6.02,6.285356227790265,0.26535622779026546
3064,3-Ethyl-5-methylpyridine (+1 -> +0),6.3,6.033707282239735,0.26629271776026453
3065,5-Ethyl-2-methylpyridine (+1 -> +0),6.51,6.325720405099549,0.18427959490045076
3066,"Pyridine, 3-ethyl-4-methylamino- (+1 -> +0)",9.76,9.76137660002868,0.0013766000286796753
3067,"pyridine, 2-(2-hydroxyphenyl)- (+1 -> +0)",4.19,3.4088186877024294,0.781181312297571
3068,"pyridine, 2-(2-hydroxyphenyl)- (+0 -> -1)",10.64,12.553037261274337,1.9130372612743365
3069,2-Isopropylpyridine (+1 -> +0),5.83,5.920992237097982,0.0909922370979821
3070,3-Isopropylpyridine (+1 -> +0),5.72,5.711013253589176,0.008986746410823976
3071,3-Isopropyl-N-methylpyridin-4-amine (+1 -> +0),9.84,10.097691167765458,0.25769116776545786
3072,N-(pyridin-2-yl)methanesulfonamide (+1 -> +0),1.1,1.9545289981823695,0.8545289981823694
3073,N-(pyridin-2-yl)methanesulfonamide (+0 -> -1),8.02,7.435314428920364,0.5846855710796355
3074,N-(pyridin-3-yl)methanesulfonamide (+1 -> +0),3.43,3.5938806018748677,0.16388060187486753
3075,N-(pyridin-3-yl)methanesulfonamide (+0 -> -1),7.02,8.055249870850735,1.0352498708507358
3076,N-(pyridin-4-yl)methanesulfonamide (+1 -> +0),3.64,3.735152992353324,0.09515299235332408
3077,N-(pyridin-4-yl)methanesulfonamide (+0 -> -1),9.07,8.957655494246884,0.11234450575311605
3078,4-Methoxypyridine (+1 -> +0),6.47,6.724014833414267,0.2540148334142671
3079,"Pyridine, 3-methoxy-4-methyl-5-phenyl- (+1 -> +0)",5.0,5.39382700506976,0.39382700506975965
3080,4-[2-(4-Methoxyphenyl)ethynyl]pyridine (+1 -> +0),4.8,4.81644065745002,0.01644065745001999
3081,4-(4-methoxystyryl)pyridine (+1 -> +0),6.03,6.162518289560094,0.13251828956009337
3082,N-Methyl-N-(pyridin-2-yl)acetamide (+1 -> +0),2.01,3.3698532868644557,1.359853286864456
3083,N-Methyl-N-(pyridin-3-yl)acetamide (+1 -> +0),3.52,3.7511868242339226,0.23118682423392256
3084,N-Methyl-N-(pyridin-4-yl)acetamide (+1 -> +0),4.62,5.136873334075654,0.5168733340756537
3085,4-Methylaminopyridine (+1 -> +0),9.52,9.794890060062446,0.27489006006244665
3086,"Benzamide, N-methyl-N-2-pyridinyl- (+1 -> +0)",1.44,3.1125076106334015,1.6725076106334016
3087,"Benzamide, N-methyl-N-3-pyridinyl- (+1 -> +0)",3.66,3.937075479936179,0.27707547993617876
3088,"Benzamide, N-methyl-N-4-pyridinyl- (+1 -> +0)",4.68,5.003682094676464,0.3236820946764647
3089,"pyridine, 2-(N-methylmethanesulphonamido)-
pyridine, 4-(N-methylmethanesulphonamido)- (+1 -> +0)",1.73,0.7504424596108512,0.9795575403891488
3090,"pyridine, 3-(N-methylmethanesulphonamido)-
pyridine, 4-(N-methylmethanesulphonamido)- (+1 -> +0)",3.94,3.1598891623227523,0.7801108376772476
3091,"pyridine, 4-(N-methylmethanesulphonamido)-
pyridine, 4-(N-methylmethanesulphonamido)- (+1 -> +0)",5.14,4.425595911701041,0.7144040882989584
3092,"N,3-dimethylpyridin-4-amine (+1 -> +0)",9.81,9.740012891352638,0.06998710864736246
3093,"4,4'-Dimethyl-2,2'-bipyridine (+1 -> +0)",5.32,5.260374091685556,0.05962590831444459
3094,4-[2-(4-Methylphenyl)ethynyl]pyridine (+1 -> +0),4.7,4.440551560384058,0.2594484396159418
3095,4-(4-Methylstyryl)pyridine (+1 -> +0),5.94,5.96069744092638,0.02069744092638004
3096,2-Methyl-5-vinylpyridine (+1 -> +0),5.67,5.7113386843367975,0.04133868433679755
3097,2-(3-Nitrophenyl)pyridine (+1 -> +0),3.55,3.8496801597078365,0.2996801597078367
3098,2-(4-Nitrophenyl)pyridine (+1 -> +0),3.63,3.3418169600745804,0.2881830399254195
3099,"Pyridine, 4-p-nitrophenylethynyl- (+1 -> +0)",4.31,3.7174440840294904,0.5925559159705092
3100,2-phenylpyridine (+1 -> +0),4.48,5.084423677499128,0.6044236774991276
3101,3-phenylpyridine (+1 -> +0),4.8,4.82695363301291,0.026953633012910316
3102,4-(Phenylethynyl)pyridine (+1 -> +0),4.62,4.681268677881109,0.06126867788110868
3103,"2,3'-Bipyridine (+2 -> +1)",1.52,1.6737820215607266,0.15378202156072662
3104,"2,3'-Bipyridine (+1 -> +0)",4.42,4.246304149306421,0.17369585069357907
3105,"2,4'-Bipyridine (+2 -> +1)",1.19,1.9450351044386585,0.7550351044386585
3106,"2,4'-Bipyridine (+1 -> +0)",4.77,4.984767770373783,0.21476777037378358
3107,"3,4'-Bipyridine (+2 -> +1)",3.0,3.1129471392033414,0.11294713920334143
3108,"3,4'-Bipyridine (+1 -> +0)",4.85,4.981526618002026,0.13152661800202647
3109,4-Styrylpyridine (+1 -> +0),5.92,5.8589361394631325,0.06106386053686741
3110,"Pyridine, 2,3,5,6-tetramethyl-4-methylamino- (+1 -> +0)",9.95,9.878311667611495,0.07168833238850425
3111,2-benzamidopyridine 1-oxide (+1 -> +0),-0.44,-0.3424800890155657,0.0975199109844343
3112,Nicotinic acid N-oxide (+1 -> +0),0.09,0.25159116055286557,0.16159116055286557
3113,Nicotinic acid N-oxide (+0 -> -1),2.73,2.938429058609847,0.20842905860984695
3114,Isonicotinic acid N-oxide (+1 -> +0),-0.48,-0.6985371336033319,0.21853713360333193
3115,Isonicotinic acid N-oxide (+0 -> -1),2.86,3.026266624987139,0.16626662498713918
3116,"N-Methyl-2-pyridinamine, 1-oxide (+1 -> +0)",2.61,2.732203710638667,0.1222037106386673
3117,"pyridine, 1-oxide, 2-(N-methylbenzamido)- (+1 -> +0)",-1.39,0.4896841686620661,1.879684168662066
3118,"pyridine, 1-oxide, 4-(N-methylbenzamido)- (+1 -> +0)",1.7,1.6438254482938417,0.05617455170615826
3119,2-(3-Nitrophenyl)pyridine 1-oxide (+1 -> +0),0.26,0.6926260401635034,0.43262604016350337
3120,"Pyridine, 1-oxide, 2-p-nitrophenyl- (+1 -> +0)",0.28,0.24074649609759735,0.039253503902402676
3121,"Pyridine, 1-oxide, 3-m-nitrophenyl- (+1 -> +0)",0.47,0.8269155014566127,0.35691550145661277
3122,4-(3-Nitrophenyl)pyridine-N-oxide (+1 -> +0),0.58,0.4591390609576589,0.12086093904234108
3123,"Pyridine, 1-oxide, 4-p-nitrophenyl- (+1 -> +0)",0.58,0.6162639561871499,0.03626395618714995
3124,2-Phenylpyridine N-oxide (+1 -> +0),0.77,0.6916126691420779,0.07838733085792216
3125,3-Phenylpyridine N-oxide (+1 -> +0),0.74,0.5456555039247739,0.19434449607522608
3126,4-Phenylpyridine N-oxide (+1 -> +0),0.83,0.9664259905287169,0.13642599052871696
3127,"2-(5-Phenyl-1,3-oxazol-2-yl)pyridine (+1 -> +0)",2.31,2.4380293315693997,0.12802933156939966
3128,"3-(5-Phenyl-1,3-oxazol-2-yl)pyridine (+1 -> +0)",3.27,3.3520666106790458,0.08206661067904575
3129,"4-(5-Phenyl-1,3-oxazol-2-yl)pyridine (+1 -> +0)",4.18,4.531807757551981,0.3518077575519811
3130,dimethylhydroxylamine (+1 -> +0),5.2,4.917836379430688,0.2821636205693121
3131,Methylhydroxylamine (+1 -> +0),5.96,5.02440826971518,0.9355917302848198
3132,N-Chlorodimethylamine (+1 -> +0),0.46,0.08235711267592372,0.3776428873240763
3133,(Aminomethyl)trimethylsilane (+1 -> +0),10.96,10.84622912965925,0.11377087034075117
3134,acetamide (+0 -> -1),15.1,15.514490119248034,0.41449011924803436
3135,dimethylacetamide (+1 -> +0),-0.19,-0.5813513885849648,0.3913513885849648
3136,methylacetamide (+1 -> +0),-0.46,-0.36602964151097517,0.09397035848902485
3137,trimethylsilyl-N-trimethylsilylamino-methane (+1 -> +0),11.4,10.246622764122229,1.1533772358777714
3138,trimethylhydroxylamine (+1 -> +0),3.65,4.219538646329602,0.5695386463296024
3139,o-methylhydroxylamine (+1 -> +0),4.6,4.714479335150303,0.11447933515030329
3140,N-(2-Aminoethyl)acetamide (+1 -> +0),9.05,8.975665843423105,0.0743341565768958
3141,4-(Dimethylamino)butan-2-one (+1 -> +0),8.37,9.072706430295856,0.7027064302958568
3142,N-(2-aminoethyl)benzamide (+1 -> +0),9.13,8.802768014706697,0.3272319852933041
3143,2-bromoethylamine (+1 -> +0),8.49,7.858092509527096,0.6319074904729041
3144,alaninamide (+1 -> +0),8.02,7.823093740518633,0.19690625948136642
3145,"N,N-Dimethylethylenediamine (+2 -> +1)",6.63,6.723992235262293,0.09399223526229328
3146,"N,N-Dimethylethylenediamine (+1 -> +0)",9.53,9.502680469237418,0.027319530762580868
3147,2-(Methylthio)ethylamine (+1 -> +0),9.34,9.124203610784338,0.21579638921566158
3148,(2-Aminoethyl)trimethylsilane (+1 -> +0),10.97,10.60513484141085,0.3648651585891507
3149,2-aminoethyl Acetate (+1 -> +0),9.1,8.678194715319457,0.4218052846805431
3150,propionamide (+1 -> +0),-0.9,-0.30324137355398584,0.5967586264460142
3151,3-(Dimethylamino)propanenitrile (+1 -> +0),7.0,7.2307830885015285,0.2307830885015285
3152,"N,N-Dimethylethylamine (+1 -> +0)",10.16,10.084360210560984,0.07563978943901617
3153,"N,N-Dimethylethanolamine (+1 -> +0)",9.23,8.712793902543243,0.5172060974567572
3154,N-Isobutylacetamide (+1 -> +0),0.01,-0.21937034345213924,0.22937034345213925
3155,neopentylamine (+1 -> +0),10.24,10.48767566729547,0.24767566729546964
3156,1-Amino-2-methylpropan-2-ol (+1 -> +0),9.25,9.668686232197361,0.418686232197361
3157,isobutylamine (+1 -> +0),10.51,10.208185552247425,0.3018144477525748
3158,"Propane, 1-amino-3,3,3-trichloro- (+1 -> +0)",9.65,8.73301237467189,0.91698762532811
3159,"Propane, 1-amino-3,3,3-trifluoro- (+1 -> +0)",8.7,8.844203530249011,0.1442035302490119
3160,n-butylamide (+1 -> +0),-0.43,-0.530090114906316,0.10009011490631597
3161,tert-butyl-acetmide (+1 -> +0),-0.32,-0.2070133266541072,0.1129866733458928
3162,isobutylamide (+1 -> +0),-0.42,-0.29341220539362123,0.12658779460637876
3163,pivalamide (+1 -> +0),-0.28,-0.7861381843378732,0.5061381843378732
3164,"4-(Dimethylamino)-2,2-diphenylbutanenitrile (+1 -> +0)",8.26,8.523047852923337,0.26304785292333754
3165,"1,2-Diaminopropane (+2 -> +1)",7.13,7.112314830563111,0.017685169436888692
3166,"1,2-Diaminopropane (+1 -> +0)",10.0,9.850793939672368,0.14920606032763217
3167,"2,2-Dimethyl-1,3-propanediamine (+2 -> +1)",8.18,7.23497701350617,0.9450229864938295
3168,"2,2-Dimethyl-1,3-propanediamine (+1 -> +0)",10.22,10.581695145212677,0.36169514521267665
3169,"1,2-Diamino-2-methylpropane (+2 -> +1)",6.79,6.5243964090851065,0.2656035909148935
3170,"1,2-Diamino-2-methylpropane (+1 -> +0)",10.0,10.194121090026375,0.1941210900263748
3171,3-terbutylamino-propan-2-ol (+1 -> +0),10.0,10.191414745277784,0.19141474527778435
3172,"propane, 2-trimethylsilylmethylamino- (+1 -> +0)",10.8,11.03327581760858,0.23327581760857896
3173,"N,N-Dimethylallylamine (+1 -> +0)",8.64,8.942125966305422,0.30212596630542166
3174,N-Allylmethylamine (+1 -> +0),10.11,10.027568890619309,0.08243110938069087
3175,propargylamine (+1 -> +0),8.15,7.744082077338695,0.4059179226613052
3176,3-Dimethylamino-1-propyne (+1 -> +0),6.97,6.953991602824032,0.016008397175967914
3177,"Gamma,gamma-dimethyl valeramide (+1 -> +0)",-0.44,-0.17733133658756017,0.26266866341243983
3178,"N,N-Dimethyl-3-butyn-1-amine (+1 -> +0)",8.25,8.606193508940649,0.35619350894064894
3179,"N,N-Dimethyl-3,3-diphenyl-1-methylallylamine (+1 -> +0)",9.21,9.105799857135878,0.10420014286412282
3180,N-methylcyclopentanamine (+1 -> +0),10.85,10.791824750248974,0.058175249751025504
3181,"cyclohexane, cis-1-amino-2-isopropyl-5-methyl- (+1 -> +0)",10.35,10.608820702905987,0.2588207029059877
3182,"cyclohexane, trans-1-amino-2-isopropyl-5-methyl- (+1 -> +0)",10.48,10.441583354608271,0.038416645391729176
3183,CIS-2-METHYL-CYCLOHEXYLAMINE (+1 -> +0),10.49,10.562293062294067,0.07229306229406696
3184,1-methylcyclohexan-1-amine (+1 -> +0),10.36,10.493436475421642,0.13343647542164305
3185,trans-2-methylcyclohexylamine (+1 -> +0),10.51,10.217034914416509,0.2929650855834911
3186,4-Methylcyclohexylamine (+1 -> +0),10.48,10.574425914974466,0.09442591497446529
3187,N-methylcyclopentanamine (+1 -> +0),11.04,10.762726349132244,0.27727365086775535
3188,cyclohexanimine (+1 -> +0),9.15,9.019498484516834,0.13050151548316613
3189,N-mehtylcyclohexanimine (+1 -> +0),9.43,9.199301894477554,0.23069810552244618
3190,2-cyclohexen-1-amine (+1 -> +0),10.42,9.560399432874306,0.8596005671256943
3191,"2-Cyclohexen-1-amine, 2-methyl- (+1 -> +0)",10.37,9.842235410427719,0.5277645895722802
3192,2-bornylamine (+1 -> +0),10.17,10.600730593209775,0.43073059320977514
3193,4-acetyl-aniline (+1 -> +0),2.19,2.4277035096551716,0.23770350965517162
3194,N-methyl-acetanilide (+1 -> +0),-0.5,-0.6937915436076425,0.1937915436076425
3195,"4,4'-Diaminobenzophenone (+2 -> +1)",1.367,1.4577346044501844,0.09073460445018444
3196,"4,4'-Diaminobenzophenone (+1 -> +0)",2.932,2.8630277571378464,0.06897224286215353
3197,"2,4-Diaminoresorcinol (+2 -> +1)",2.9,2.8897504411198183,0.010249558880181642
3198,"2,4-Diaminoresorcinol (+1 -> +0)",5.6,5.474814205390028,0.1251857946099717
3199,"2,4-Diaminoresorcinol (+0 -> -1)",9.3,9.72877547180655,0.4287754718065493
3200,"2,4-Diaminoresorcinol (-1 -> -2)",11.5,11.716368827014438,0.21636882701443838
3201,"4,6-Diaminoresorcinol (+2 -> +1)",3.8,4.208198626205647,0.40819862620564695
3202,"4,6-Diaminoresorcinol (+1 -> +0)",6.0,5.475049882466631,0.5249501175333693
3203,"4,6-Diaminoresorcinol (+0 -> -1)",9.8,10.350021172159234,0.5500211721592336
3204,"4,6-Diaminoresorcinol (-1 -> -2)",12.0,11.936253948751736,0.06374605124826438
3205,"2,6-Diaminophenol (+2 -> +1)",2.7,2.5006324902511174,0.19936750974888273
3206,"2,6-Diaminophenol (+1 -> +0)",5.5,4.922472869252586,0.5775271307474137
3207,"2,6-Diaminophenol (+0 -> -1)",10.5,10.011594117021776,0.48840588297822407
3208,"2,4-Diaminophenol (+2 -> +1)",3.1,2.680188007875861,0.419811992124139
3209,"2,4-Diaminophenol (+1 -> +0)",5.7,5.8945641006762335,0.1945641006762333
3210,"2,4-Diaminophenol (+0 -> -1)",10.5,10.52782505173656,0.027825051736559914
3211,4-bromo-N-tertbutylaniline (+1 -> +0),5.93,5.894779210535602,0.03522078946439766
3212,"4-Bromo-N,N-dimethylaniline (+1 -> +0)",4.232,3.495058294434923,0.7369417055650773
3213,"2-Bromo-N,N-dimethylaniline (+1 -> +0)",4.31,5.741296749383994,1.4312967493839945
3214,"4-bromo-2,6-dimethylaniline (+1 -> +0)",3.54,3.3912922884737027,0.14870771152629736
3215,3-bromo-4-methoxyaniline (+1 -> +0),4.08,4.685584732410395,0.6055847324103949
3216,3-bromo-4-methylaniline (+1 -> +0),3.98,4.104821903417434,0.1248219034174336
3217,4-bromo-2-methylaniline (+1 -> +0),3.71,3.711699489840033,0.001699489840032875
3218,2-tertbutyl-aniline (+1 -> +0),5.03,3.021561630041572,2.0084383699584283
3219,3-tertbutyl-aniline (+1 -> +0),4.66,4.7763487984191535,0.11634879841915335
3220,"N-tert-butyl-N-methylaniline	
Aniline, N-tert-butyl-N-methyl- (+1 -> +0)",7.39,7.828120348868563,0.438120348868563
3221,N-tert-butyl-2-methylaniline (+1 -> +0),6.49,5.948292800878406,0.5417071991215945
3222,N-(4-Chlorobenzylidene)aniline (+1 -> +0),2.8,3.045748270738919,0.24574827073891914
3223,"3-Chloro-N,N-dimethylaniline (+1 -> +0)",3.837,3.668512796258181,0.16848720374181925
3224,"4-Chloro-N,N-dimethylaniline (+1 -> +0)",4.395,4.368364077709796,0.02663592229020395
3225,3-Chloro-5-methoxyaniline (+1 -> +0),3.1,3.008381364075948,0.09161863592405206
3226,4-chloro-N-methyl-2-nitroaniline (+1 -> +0),-1.21,-1.9145911067223853,0.7045911067223853
3227,4-Chloro-3-nitroaniline (+1 -> +0),1.93,1.5071228190528991,0.4228771809471008
3228,5-Chloro-2-nitroaniline (+1 -> +0),-1.52,-1.607367653814392,0.08736765381439193
3229,2-cyanoaniline (+1 -> +0),0.77,0.9448192509073339,0.17481925090733386
3230,3-(Dimethylamino)benzonitrile (+1 -> +0),2.969,3.049780256501524,0.08078025650152432
3231,4-(Dimethylamino)benzonitrile (+1 -> +0),1.777,2.300549244940888,0.5235492449408883
3232,"Benzene-1,2,4-triamine (+1 -> +0)",6.1,6.526702708688664,0.4267027086886648
3233,"Benzene-1,2,4-triamine (+2 -> +1)",3.7,2.70431630577659,0.99568369422341
3234,"2,4,6-Triaminoresorcin (+3 -> +2)",1.2,1.458497223115585,0.2584972231155851
3235,"2,4,6-Triaminoresorcin (+2 -> +1)",3.6,2.5729894821140826,1.0270105178859175
3236,"2,4,6-Triaminoresorcin (+1 -> +0)",5.8,5.392432091314021,0.40756790868597914
3237,"2,4,6-Triaminoresorcin (+0 -> -1)",10.1,10.351116564983577,0.2511165649835778
3238,"2,4,6-Triaminoresorcin (-1 -> -2)",11.9,11.91235926554062,0.012359265540618836
3239,"2,4-dibromoaniline (+1 -> +0)",1.83,1.2219049024585544,0.6080950975414456
3240,"2,6-dibromoaniline (+1 -> +0)",0.168,-0.6187288159346305,0.7867288159346305
3241,"4-Amino-2,6-dibromophenol (+1 -> +0)",3.2,3.941290437603536,0.7412904376035359
3242,"3,5-Dibromo-4-methoxyaniline (+1 -> +0)",2.98,2.498323655815284,0.48167634418471605
3243,"2,6-Dibromo-4-methylaniline (+1 -> +0)",0.69,0.28921963710565635,0.4007803628943436
3244,"3,5-Di-tert-butylaniline (+1 -> +0)",4.97,4.920366774473411,0.049633225526588554
3245,"3,5-Ditert-butyl-4-nitroaniline (+1 -> +0)",2.93,2.961586961337976,0.03158696133797578
3246,"2,5-Dichloroaniline (+1 -> +0)",1.57,1.683001378864482,0.11300137886448192
3247,"2,6-Dichloro-N,N-dimethyl-4-nitroaniline (+1 -> +0)",-0.23,-0.03974824037985503,0.19025175962014498
3248,"4-Aminobenzene-1,3-diol (+1 -> +0)",5.7,5.820428937760035,0.1204289377600345
3249,"4-Aminobenzene-1,3-diol (+0 -> -1)",9.3,9.822536223054417,0.5225362230544164
3250,"4-Aminobenzene-1,3-diol (-1 -> -2)",11.3,11.63894298138526,0.3389429813852587
3251,2-Aminoresorcinol (+1 -> +0),5.1,4.607760664207735,0.49223933579226475
3252,2-Aminoresorcinol (+0 -> -1),9.3,9.178451630961778,0.12154836903822286
3253,2-Aminoresorcinol (-1 -> -2),11.6,11.524050385451918,0.07594961454808136
3254,"N,N-Diisopropylaniline (+1 -> +0)",8.14,7.309245179127064,0.8307548208729365
3255,N-Methyl-o-toluidine (+1 -> +0),4.6,4.9130603060020945,0.3130603060020949
3256,N-Methyl-m-toluidine (+1 -> +0),4.85,4.9404142183640705,0.09041421836407082
3257,N-Methyl-p-toluidine (+1 -> +0),5.25,5.418480623915208,0.16848062391520813
3258,"3,5-Dimethylaniline (+1 -> +0)",4.765,4.907468475070428,0.14246847507042837
3259,"N,N-Dimethyl-p-phenylenediamine (+1 -> +0)",6.59,6.736242268905982,0.1462422689059819
3260,"N,N-Dimethyl-2,4-dinitroaniline (+1 -> +0)",-1.0,-1.7218162835993507,0.7218162835993507
3261,"N,N-Dimethyl-3-nitroaniline (+1 -> +0)",2.626,2.9074249791327453,0.28142497913274545
3262,"N,N-Dimethyl-4-nitroaniline (+1 -> +0)",0.607,-0.05110330114601602,0.658103301146016
3263,"2,3-Dimethyl-4-nitroaniline (+1 -> +0)",1.96,1.957261423204442,0.00273857679555789
3264,"2,6-Dimethyl-4-nitroaniline (+1 -> +0)",0.98,0.5712580027781735,0.40874199722182647
3265,"3,5-Dimethyl-4-nitroaniline (+1 -> +0)",2.59,1.8105090983247996,0.7794909016752003
3266,"N,N-dimethyl-3-(trifluoromethyl)aniline (+1 -> +0)",3.27,3.7815217535630152,0.5115217535630152
3267,"N,N-dimethyl-4-(trifluoromethyl)aniline (+1 -> +0)",2.67,2.553664880613841,0.11633511938615904
3268,4-aminobenzaldehyde (+1 -> +0),1.76,1.4136250902557945,0.3463749097442055
3269,N-Phenylhydroxylamine (+1 -> +0),2.19,1.2931142682606565,0.8968857317393435
3270,2-aminophenol (+1 -> +0),4.66,4.2175688334351795,0.4424311665648206
3271,2-aminophenol (+0 -> -1),9.75,9.952757827457052,0.2027578274570523
3272,"2-Amino-4,5-dimethylphenol (+1 -> +0)",5.26,4.8094528252911735,0.4505471747088263
3273,"2-Amino-4,5-dimethylphenol (+0 -> -1)",10.42,10.456463096350486,0.03646309635048617
3274,4-(Methylamino)phenol (+1 -> +0),5.9,5.722510283286491,0.17748971671350944
3275,2-Amino-1-phenol-4-sulfonic acid (+0 -> -1),4.121,3.8934965607423697,0.22750343925763072
3276,2-Amino-1-phenol-4-sulfonic acid (-1 -> -2),9.146,9.013551679213148,0.1324483207868532
3277,2-Isopropylaniline (+1 -> +0),4.42,4.617208804306389,0.19720880430638932
3278,3-isopropylaniline (+1 -> +0),4.67,4.841215686339502,0.1712156863395018
3279,methyl 3-(dimethylamino)benzoate (+1 -> +0),3.86,3.800019131171556,0.05998086882844378
3280,methyl 4-(dimethylamino)benzoate (+1 -> +0),2.52,2.6234657726701913,0.1034657726701913
3281,Dimethyl anthranilate (+1 -> +0),3.53,3.1491481421555036,0.38085185784449616
3282,Methyl 4-(methylamino)benzoate (+1 -> +0),2.32,2.3943989784455075,0.07439897844550769
3283,"4-Methoxy-N,N-dimethylaniline (+1 -> +0)",5.845,5.901556807108736,0.056556807108735896
3284,3-Methoxy-5-nitroaniline (+1 -> +0),2.11,2.0963473198440505,0.013652680155949337
3285,4-methyl-3-nitroaniline (+1 -> +0),2.86,2.7611465603821514,0.09885343961784843
3286,3-(Methylthio)aniline (+1 -> +0),4.0,4.151674544957422,0.15167454495742216
3287,4-(Methylthio)aniline (+1 -> +0),4.35,4.295574256582164,0.0544257434178359
3288,N-Neopentylaniline (+1 -> +0),4.17,5.3146328384973565,1.1446328384973565
3289,"N,N'-Diphenylacetamidine (+1 -> +0)",8.298,7.826172148611003,0.47182785138899686
3290,2-Aminobenzenesulfonamide (+1 -> +0),1.0,0.8518752141707573,0.1481247858292427
3291,3-aminobenzenesulfonamide (+1 -> +0),2.9,2.376262953600892,0.5237370463991078
3292,"N,N,2,6-Tetramethylaniline (+1 -> +0)",5.82,6.40764509429399,0.5876450942939897
3293,"2,3,5,6-Tetramethylaniline (+1 -> +0)",4.3,4.658570098063609,0.35857009806360907
3294,"4-nitro-2,3,5,6-Tetramethylaniline (+1 -> +0)",2.36,2.3135027380013335,0.04649726199866633
3295,"N,2,6-trimethylaniline (+1 -> +0)",6.12,6.5477809427988225,0.4277809427988224
3296,"2,4,6-Trimethylaniline (+1 -> +0)",4.38,4.286400335248017,0.09359966475198256
3297,"3,4,5-Trimethylaniline (+1 -> +0)",5.12,5.286695149176744,0.16669514917674366
3298,3-(Trimethylsilyl)aniline (+1 -> +0),4.64,4.152676153025183,0.48732384697481645
3299,4-(Trimethylsilyl)aniline (+1 -> +0),4.36,4.359777803330866,0.00022219666913425584
3300,3-Trimethylammonium aniline (+2 -> +1),1.983,2.626433652860352,0.6434336528603519
3301,4-Trimethylammonium aniline (+2 -> +1),2.146,2.5867140545619653,0.44071405456196544
3302,3-Dimethylaminophenyltrimethylammonium (+2 -> +1),2.269,1.776407390515022,0.4925926094849782
3303,4-Dimethylaminophenyltrimethylammonium (+2 -> +1),2.336,2.6999872404807768,0.3639872404807769
3304,1-Aminoanthracene (+1 -> +0),4.1,4.047588115043217,0.05241188495678273
3305,4-Aminoazobenzene (+1 -> +0),2.76,2.6282389887267126,0.1317610112732872
3306,4-dimethylaminoazobenzene (+1 -> +0),3.226,2.511415951482472,0.7145840485175281
3307,4-Hydroxy-4'-dimethylaminoazobenzene (+1 -> +0),3.4,3.228196502639623,0.17180349736037703
3308,4-Hydroxy-4'-dimethylaminoazobenzene (+0 -> -1),8.6,8.263388381942722,0.3366116180572778
3309,4'-Iodo-4-dimethylaminoazobenzene (+1 -> +0),2.06,2.8458806214348042,0.7858806214348042
3310,4'-Methyl-p-dimethylaminoazobenzene (+1 -> +0),2.31,2.5134439764477587,0.2034439764477587
3311,4'-Nitro-p-dimethylaminoazobenzene (+1 -> +0),1.81,2.107813549795093,0.2978135497950931
3312,4'-Methoxy-4-dimethylaminoazobenzene (+1 -> +0),2.35,2.9729987478016,0.6229987478015997
3313,methyl 4-[[4-(dimethylamino)phenyl]diazenyl]benzoate (+1 -> +0),2.6,2.4478394871317244,0.1521605128682757
3314,4-Hydroxyazobenzene (+0 -> -1),8.2,7.998582514950553,0.20141748504944612
3315,"azobenzene, 4-hydroxy-2,2',4',6,6'-pentamethyl- (+0 -> -1)",9.1,8.705882536129636,0.39411746387036395
3316,benzamidine (+1 -> +0),11.6,11.002109660451065,0.5978903395489343
3317,atrolactamide (+1 -> +0),10.96,10.674714144400273,0.28528585559972797
3318,1-(4-Chlorophenyl)guanidine (+1 -> +0),10.6,9.693703793029446,0.9062962069705538
3319,2-Methyl-2-phenylpropan-1-amine (+1 -> +0),10.03,9.116378701470001,0.9136212985299981
3320,(Aminomethyl)dimethylphenylsilane (+1 -> +0),10.36,11.162696085887099,0.8026960858870993
3321,3-bromoquinoline (+1 -> +0),2.69,2.590436511500264,0.09956348849973606
3322,6-bromoquinoline (+1 -> +0),3.91,3.8066436806989614,0.10335631930103872
3323,7-bromoquinoline (+1 -> +0),3.87,3.865088787269377,0.004911212730623227
3324,8-bromoquinoline (+1 -> +0),3.13,2.8608976504519736,0.26910234954802625
3325,7-bromo-4-chloroquinoline (+1 -> +0),2.83,2.9652097992429987,0.13520979924299859
3326,4-chloroquinoline (+1 -> +0),3.68,3.5296728654784477,0.15032713452155244
3327,5-chloroquinoline (+1 -> +0),3.65,3.694091187398623,0.044091187398623166
3328,4-chloro-6-fluoroquinoline (+1 -> +0),2.95,2.8333524418440215,0.11664755815597871
3329,4-chloro-7-fluoroquinoline (+1 -> +0),3.04,3.2774286892919484,0.23742868929194838
3330,4-chloro-6-methylquinoline (+1 -> +0),3.96,3.5739606071186305,0.38603939288136946
3331,4-chloro-7-methylquinoline (+1 -> +0),4.0,4.159156738953192,0.15915673895319227
3332,"4,6-dichloro-quinoline (+1 -> +0)",2.81,2.651913823841358,0.15808617615864184
3333,"4,7-dichloro-quinoline (+1 -> +0)",2.8,2.81960581127366,0.019605811273660123
3334,"2,4-dimethyl-quinoline (+1 -> +0)",5.12,5.763145448387728,0.6431454483877275
3335,"2,7-dimethyl-quinoline (+1 -> +0)",5.02,5.588431067589528,0.5684310675895281
3336,"2,8-dimethyl-quinoline (+1 -> +0)",4.11,5.093944517755349,0.983944517755349
3337,"quinoline, 4-amino-7-chloro- (+1 -> +0)",8.23,8.33887927715773,0.1088792771577296
3338,4-Aminoquinolin-8-ol (+1 -> +0),6.91,7.599984556581479,0.6899845565814786
3339,4-Aminoquinolin-8-ol (+0 -> -1),10.71,10.09991084947384,0.6100891505261608
3340,5-Aminoquinolin-8-ol (+1 -> +0),5.67,5.056589479883882,0.6134105201161182
3341,5-Aminoquinolin-8-ol (+0 -> -1),11.24,10.542683799526454,0.697316200473546
3342,4-Amino-6-methoxyquinoline (+1 -> +0),8.93,8.765606461767248,0.16439353823275127
3343,4-Aminoquinaldine (+1 -> +0),9.42,9.108138845784499,0.3118611542155012
3344,"2,6,8-Trimethylquinolin-4-amine (+1 -> +0)",10.4,9.658525531817462,0.7414744681825383
3345,7-bromo-8-hydroxy-quinoline-5-sulfonic Acid (+0 -> -1),2.51,2.2203755422423166,0.2896244577576832
3346,7-bromo-8-hydroxy-quinoline-5-sulfonic Acid (-1 -> -2),6.7,7.626817175372341,0.9268171753723404
3347,Quinoline-2-carboxylic acid (+1 -> +0),1.9,0.20995232357162763,1.6900476764283723
3348,Quinoline-2-carboxylic acid (+0 -> -1),4.98,5.318343795064524,0.3383437950645236
3349,Quinoline-6-carboxylic acid (+0 -> -1),4.82,4.691994094075986,0.12800590592401395
3350,Quinoline-8-carboxylic acid (+1 -> +0),2.0,1.8818385742907617,0.11816142570923827
3351,Quinoline-8-carboxylic acid (+0 -> -1),6.77,6.269729409838063,0.5002705901619366
3352,7-Chloro-8-hydroxyquinoline (+1 -> +0),4.0,3.228395329268806,0.7716046707311941
3353,7-Chloro-8-hydroxyquinoline (+0 -> -1),7.7,8.451987069721675,0.7519870697216744
3354,4-Chloro-6-methoxyquinoline (+1 -> +0),3.93,3.5258443619034994,0.4041556380965008
3355,4-Chloro-7-methoxyquinoline (+1 -> +0),4.32,4.137964210014495,0.1820357899855054
3356,"Quinoline-2,4-diamine (+1 -> +0)",9.4,9.108611889479224,0.29138811052077607
3357,"5,7-Diaminoquinolin-8-ol (+1 -> +0)",6.96,5.913888593511405,1.0461114064885946
3358,"5,7-Diaminoquinolin-8-ol (+0 -> -1)",10.83,11.404324781820595,0.5743247818205948
3359,"2,4-Quinolinediol (+1 -> +0)",0.76,0.7221080605916788,0.03789193940832125
3360,"2,4-Quinolinediol (+0 -> -1)",5.9,6.177120260810801,0.27712026081080054
3361,1-Methyl-2-quinolone (+1 -> +0),-0.71,-0.4040735006763194,0.30592649932368055
3362,echinopsine (+1 -> +0),2.36,2.1790126887911283,0.18098731120887157
3363,"Quinoline, 1,5-dihydro-1-methyl-5-oxo- (+1 -> +0)",6.09,6.036492794949339,0.053507205050660644
3364,"1-Methyl-1,7-dihydroquinolin-7-one (+1 -> +0)",5.53,5.906497956473622,0.3764979564736217
3365,1-methylquinoline-4(1H)-thione (+1 -> +0),0.56,0.9335624443198149,0.3735624443198149
3366,"2,3-Dimethylquinolin-8-ol (+1 -> +0)",5.87,5.648001475526186,0.22199852447381385
3367,"2,3-Dimethylquinolin-8-ol (+0 -> -1)",10.2,10.250704615192143,0.050704615192143976
3368,3-Methylquinolin-8-ol (+1 -> +0),4.94,4.732373419582088,0.20762658041791227
3369,3-Methylquinolin-8-ol (+0 -> -1),9.75,9.89487541842735,0.1448754184273504
3370,5-(Trifluoromethyl)-8-hydroxyquinoline (+1 -> +0),1.8,3.0480111410449524,1.2480111410449524
3371,6-(Trifluoromethyl)quinolin-8-ol (+1 -> +0),2.6,2.235144717871508,0.36485528212849205
3372,6-(Trifluoromethyl)quinolin-8-ol (+0 -> -1),10.1,9.324136621640388,0.7758633783596114
3373,7-(Trifluoromethyl)quinolin-8-ol (+1 -> +0),2.4,2.0386439914453396,0.3613560085546603
3374,7-(Trifluoromethyl)quinolin-8-ol (+0 -> -1),9.08,7.752285548689912,1.3277144513100883
3375,7-Methyl-quinoline (+1 -> +0),5.29,5.258166371122521,0.03183362887747876
3376,8-Methyl-quinoline (+1 -> +0),4.91,4.943201434368721,0.033201434368720584
3377,5-(Trifluoromethyl)quinoline (+1 -> +0),3.1,3.3299611257909616,0.2299611257909615
3378,7-(Trifluoromethyl)quinoline (+1 -> +0),3.16,3.4096986015808417,0.24969860158084156
3379,8-Methoxyquinoline (+1 -> +0),5.01,4.761066980398958,0.24893301960104175
3380,Methyl quinoline-2-carboxylate (+1 -> +0),1.748,1.9755487033040113,0.22754870330401133
3381,Methyl quinoline-6-carboxylate (+1 -> +0),3.8,3.581081733660305,0.2189182663396947
3382,8-Methoxy-2-methylquinoline (+1 -> +0),5.7,5.752058221827261,0.052058221827261164
3383,1-Methyl-4(1H)-quinolinimine (+1 -> +0),12.4,13.535015692323999,1.1350156923239982
3384,"quinoline, 1,2,3,4-tetrahydro-8-hydroxy- (+1 -> +0)",5.5,5.185484688871057,0.31451531112894315
3385,"quinoline, 1,2,3,4-tetrahydro-8-hydroxy- (+0 -> -1)",9.4,10.141617963274363,0.7416179632743631
3386,Quinoline-n-oxide (+1 -> +0),0.7,1.2390899748935862,0.5390899748935862
3387,1-Hydroxy-2(1H)-quinolinone (+0 -> -1),6.89,6.593389204456234,0.29661079554376535
3388,"quinuclidine, 3-phenyl- (+1 -> +0)",10.23,10.241613605792871,0.01161360579287063
3389,"Quinuclidine, 3-(4-dimethylaminophenyl) (+1 -> +0)",10.29,10.008475747541898,0.28152425245810164
3390,"Quinuclidine, 3-carbamoyl- (+1 -> +0)",9.67,9.921862253220578,0.25186225322057787
3391,Methyl quinuclidine-3-carboxylate (+1 -> +0),9.4,9.414029456658708,0.014029456658708028
3392,"benzimidazole, 2-amino- (+1 -> +0)",7.18,7.07457988442657,0.10542011557342956
3393,1H-Benzimidazol-4-amine (+2 -> +1),1.5,1.1098982550254934,0.39010174497450656
3394,1H-Benzimidazol-4-amine (+1 -> +0),5.3,5.495877145308572,0.1958771453085726
3395,"benzimidazole, 5-amino (+2 -> +1)",3.04,2.8884902857256582,0.1515097142743418
3396,"benzimidazole, 5-amino (+1 -> +0)",6.07,6.181440550089962,0.11144055008996201
3397,"2,3-dimethyl-4-amino-benzimidazole (+2 -> +1)",2.35,2.175784916507083,0.17421508349291726
3398,"2,3-dimethyl-4-amino-benzimidazole (+1 -> +0)",6.66,6.8030764283503125,0.1430764283503123
3399,"1,2-dimethyl-5-amino-benzimidazole (+2 -> +1)",3.38,3.181055103057343,0.19894489694265705
3400,"1,2-dimethyl-5-amino-benzimidazole (+1 -> +0)",7.0,7.122273489895298,0.1222734898952984
3401,1-methyl-7-amino-benzimidazole (+2 -> +1),1.7,1.646189034167497,0.053810965832503
3402,1-methyl-7-amino-benzimidazole (+1 -> +0),5.9,5.876520792734835,0.02347920726516506
3403,3-methyl-4-amino-benzimidazole (+2 -> +1),2.36,1.4833055360122316,0.8766944639877683
3404,3-methyl-4-amino-benzimidazole (+1 -> +0),5.79,5.769724849387528,0.02027515061247165
3405,1-methyl-5-amino-benzimidazole (+2 -> +1),2.86,3.1098206954591276,0.24982069545912777
3406,1-methyl-5-amino-benzimidazole (+1 -> +0),6.31,6.274882365200489,0.035117634799510355
3407,2-methyl-5-amino-benzimidazole (+2 -> +1),3.42,3.182740706434994,0.23725929356500597
3408,2-methyl-5-amino-benzimidazole (+1 -> +0),6.77,6.653537153288552,0.11646284671144791
3409,"1,2-dimethyl-benzimidazole (+1 -> +0)",6.55,5.852373905757818,0.6976260942421817
3410,"2,5-dimethyl-benzimidazole (+1 -> +0)",6.0,6.490824753822976,0.4908247538229764
3411,"5,6-dimethyl-benzimidazole (+1 -> +0)",5.96,6.130375344796757,0.1703753447967573
3412,"5,6-dimethyl-benzimidazole (+0 -> -1)",12.52,13.171879765705999,0.6518797657059991
3413,"N,N-dimethyl-1H-benzo[d]imidazol-2-amine (+0 -> -1)",11.5,13.161544863034262,1.661544863034262
3414,"1,2-dimethyl-5-nitro-1H-benzimidazole (+1 -> +0)",4.4,3.958281064683699,0.4417189353163016
3415,"1,2-dimethyl-6-nitro-1H-benzimidazole (+1 -> +0)",4.2,4.669638654872057,0.4696386548720568
3416,1-Etnyl-benzimidazole (+1 -> +0),5.59,5.551607993637532,0.03839200636246787
3417,2-Ethyl-benzimidazole (+1 -> +0),6.27,6.374277245558104,0.10427724555810425
3418,2-Hydroxybenzimidazole (+0 -> -1),11.99,11.773826485522473,0.21617351447752675
3419,1-isopropyl-benzimidazole (+1 -> +0),5.71,5.674599995414407,0.035400004585593337
3420,2-isopropyl-benzimidazole (+1 -> +0),6.25,6.053043403621823,0.1969565963781772
3421,4-methyl-benzimidazole (+1 -> +0),5.65,5.579793204100755,0.07020679589924494
3422,1-methyl-4nitro-benzimidazole (+1 -> +0),3.86,3.4780854493757776,0.3819145506242223
3423,1-methyl-5nitro-benzimidazole (+1 -> +0),3.4,3.4235639746823834,0.02356397468238347
3424,1-methyl-6nitro-benzimidazole (+1 -> +0),3.67,3.718708166589617,0.048708166589617186
3425,1-methyl-7nitro-benzimidazole (+1 -> +0),3.25,3.229825231990418,0.020174768009582067
3426,2-Methyl-5-nitrobenzimidazole (+1 -> +0),4.37,4.175611845381198,0.1943881546188022
3427,2-Methyl-5-nitrobenzimidazole (+0 -> -1),10.42,10.860021222152486,0.4400212221524864
3428,4-Nitro-1H-benzimidazole (+1 -> +0),3.33,2.987906058946205,0.3420939410537951
3429,"2,4-Dimethyl-1H-1,5-benzodiazepine (+1 -> +0)",8.98,8.897884574688781,0.08211542531121907
3430,2-Amino-4-methoxybenzothiazole (+1 -> +0),4.29,4.076583822910017,0.21341617708998317
3431,2-Amino-6-methoxybenzothiazole (+1 -> +0),4.5,4.487649297908305,0.012350702091694643
3432,2-Amino-4-methylbenzothiazole (+1 -> +0),4.7,4.413407790652802,0.286592209347198
3433,2-Amino-5-methylbenzothiazole (+1 -> +0),4.6,4.273325546189682,0.3266744538103179
3434,2-Amino-6-methylbenzothiazole (+1 -> +0),4.6,5.139368086734768,0.5393680867347683
3435,bispirine (+2 -> +1),5.75,5.861982641443138,0.11198264144313796
3436,bispirine (+1 -> +0),11.29,10.810883921646411,0.47911607835358794
3437,4-hydroxy-benzothiazole (+1 -> +0),1.2,0.4823448357961144,0.7176551642038855
3438,4-hydroxy-benzothiazole (+0 -> -1),8.85,8.610745489797136,0.2392545102028638
3439,2-amino-benzoxazole (+1 -> +0),3.7,3.6308623688349897,0.06913763116501048
3440,"acridine, 3-amino-7-chloro (+1 -> +0)",6.91,7.306376197462849,0.3963761974628488
3441,"acridine, 3-amino-7-methoxycarbonyl- (+1 -> +0)",7.1,7.305344571193961,0.20534457119396166
3442,"Acridine, 3-amino-7-carboxy- (+1 -> +0)",2.3,3.48480146978158,1.18480146978158
3443,"Acridine, 3-amino-7-carboxy- (+0 -> -1)",8.0,7.704617972963899,0.2953820270361014
3444,dibenzoquinuclidine (+1 -> +0),4.46,4.966004074247333,0.5060040742473326
3445,cystine (+1 -> +0),8.12,7.949863822661616,0.17013617733838338
3446,6-Methyl ergoline (+1 -> +0),8.87,9.129827988216565,0.25982798821656594
3447,semperverine (+1 -> +0),10.6,11.342521051343699,0.7425210513436991
3448,1H-Indazol-3-amine (+1 -> +0),3.12,3.4527848460883055,0.3327848460883054
3449,1H-indazol-4-amine (+1 -> +0),3.26,2.2645225753851603,0.9954774246148395
3450,1H-indazol-5-amine (+1 -> +0),5.12,5.23148744553722,0.1114874455372199
3451,1H-indazol-6-amine (+1 -> +0),3.02,2.7936573465835792,0.2263426534164208
3452,"1,6-Naphthyridine (+1 -> +0)",3.76,3.9473807277583566,0.1873807277583568
3453,"1,7-Naphthyridine (+1 -> +0)",3.61,3.6611233871177156,0.05112338711771569
3454,"1,8-Naphthyridine (+1 -> +0)",3.36,3.378036865073926,0.01803686507392621
3455,"1,7-Naphthyridin-8(7H)-one (+1 -> +0)",2.53,2.62546707078696,0.09546707078696004
3456,"1,7-Naphthyridin-8(7H)-one (+0 -> -1)",12.04,11.835827367344741,0.20417263265525776
3457,"1,6-Naphthyridin-8-ol (+1 -> +0)",4.05,4.222595323438506,0.17259532343850648
3458,"1,6-Naphthyridin-8-ol (+0 -> -1)",8.35,8.336637518891198,0.01336248110880156
3459,"1,5-Naphthyridin-4-ol (+1 -> +0)",2.81,3.0557214809059943,0.24572148090599422
3460,"1,5-Naphthyridin-4-ol (+0 -> -1)",10.03,10.14996233051323,0.11996233051323024
3461,"3-Nitro-1,6-naphthyridine (+1 -> +0)",2.32,2.332358018747107,0.012358018747107291
3462,2-Aminopurine (+2 -> +1),-0.28,-0.04886490704454172,0.2311350929554583
3463,2-Aminopurine (+1 -> +0),3.73,3.487243241693288,0.24275675830671206
3464,2-Aminopurine (+0 -> -1),10.0,9.926452571691346,0.0735474283086539
3465,8-Aminopurine (+1 -> +0),4.64,4.668700459639787,0.02870045963978729
3466,8-Aminopurine (+0 -> -1),9.38,9.839268923402766,0.4592689234027656
3467,"6,8-bis(trifluoromethyl)-7H-purin-2-amine (+1 -> +0)",0.3,-0.036221332018174124,0.3362213320181741
3468,"6,8-bis(trifluoromethyl)-7H-purin-2-amine (+0 -> -1)",5.02,5.406905710582446,0.3869057105824467
3469,"Purine, 2-amino-8-phenyl- (+1 -> +0)",3.97,3.933980848009373,0.03601915199062722
3470,"Purine, 2-amino-8-phenyl- (+0 -> -1)",9.21,9.22774514804497,0.01774514804496974
3471,"purine, 2-amino-6-trifluoromethyl- (+1 -> +0)",1.85,1.5298193931809498,0.32018060681905025
3472,"purine, 2-amino-6-trifluoromethyl- (+0 -> -1)",8.87,8.648792499183426,0.2212075008165737
3473,6-Cyanopurine (+1 -> +0),0.3,-0.0642065746246514,0.3642065746246514
3474,6-Cyanopurine (+0 -> -1),6.88,7.103676217193839,0.22367621719383912
3475,"purine, 2,6-diamino- (+1 -> +0)",5.05,5.570545531676781,0.5205455316767811
3476,"purine, 2,6-diamino- (+0 -> -1)",10.81,10.78875181488053,0.02124818511946991
3477,"purine, 2,6-diamino-8-trifluoromethyl- (+1 -> +0)",3.68,4.095804654858014,0.4158046548580141
3478,"purine, 2,6-diamino-8-trifluoromethyl- (+0 -> -1)",7.55,7.4852820144671215,0.06471798553287833
3479,"1,7-Dimethylhypoxanthine (+1 -> +0)",2.13,2.5702988360552226,0.4402988360552227
3480,"purine, 7,8-dihydro-7,9-dimethyl-8-oxo- (+1 -> +0)",2.8,2.8347614686864686,0.03476146868646879
3481,1h-Purine-8-carboxylic acid (+1 -> +0),0.0,0.7963829925936317,0.7963829925936317
3482,1h-Purine-8-carboxylic acid (+0 -> -1),2.93,2.732286332692542,0.19771366730745799
3483,1h-Purine-8-carboxylic acid (-1 -> -2),9.41,9.32886166042004,0.08113833957995986
3484,"purine, 1,6-dihydro-8-hydroxy-1-methyl-6-oxo- (+0 -> -1)",8.54,7.9671144619230425,0.5728855380769566
3485,"3-Methyl-7,9-dihydropurine-2,8-dione (+1 -> +0)",1.25,1.9824799172284422,0.7324799172284422
3486,"3-Methyl-7,9-dihydropurine-2,8-dione (+0 -> -1)",8.0,8.24177521330989,0.24177521330988938
3487,"3-Methyl-7,9-dihydropurine-2,8-dione (-1 -> -2)",13.0,12.48418068611235,0.5158193138876506
3488,"purine, 1,6-dihydro-6-imino-1-methyl- (+1 -> +0)",7.2,7.427542700986577,0.22754270098657692
3489,"purine, 1,6-dihydro-6-imino-1-methyl- (+0 -> -1)",11.0,11.173611222269518,0.17361122226951764
3490,"purine, 1,2-dihydro-1-methyl-2-oxo- (+1 -> +0)",1.8,1.9850246979650654,0.18502469796506538
3491,"purine, 1,2-dihydro-1-methyl-2-oxo- (+0 -> -1)",8.8,8.891850637891809,0.09185063789180781
3492,"purine, 2,6-dihydroxy- (+0 -> -1)",7.53,7.314382559825749,0.21561744017425166
3493,"purine, 2,6-dihydroxy- (-1 -> -2)",11.84,11.600782866772409,0.23921713322759075
3494,"purine, 2,8-dihydroxy- (+1 -> +0)",0.5,0.24394752321046909,0.2560524767895309
3495,"purine, 2,8-dihydroxy- (+0 -> -1)",7.4,7.590517885255785,0.19051788525578495
3496,"purine, 2,8-dihydroxy- (-1 -> -2)",12.3,12.33462664611309,0.03462664611308952
3497,"purine, 6,8-dihydroxy-9-methyl- (+0 -> -1)",8.34,8.427559999778943,0.08755999977894291
3498,"purine, 6,8-dihydroxy-9-methyl- (-1 -> -2)",11.79,11.892113465828,0.10211346582800118
3499,"purine, 2,8-dihydroxy-7-methyl- (+0 -> -1)",7.7,7.230301072392663,0.4696989276073369
3500,"purine, 2,8-dihydroxy-7-methyl- (-1 -> -2)",12.0,12.567620083573058,0.5676200835730576
3501,"Purine, 2,8-dihydroxy-9-methyl- (+1 -> +0)",0.3,-0.2578981907466975,0.5578981907466976
3502,"Purine, 2,8-dihydroxy-9-methyl- (+0 -> -1)",8.5,8.85530264852974,0.35530264852974014
3503,"Purine, 2,8-dihydroxy-9-methyl- (-1 -> -2)",11.5,12.066526164567856,0.5665261645678559
3504,"purine, 2-dimethylamino- (+1 -> +0)",4.0,4.495751056817325,0.49575105681732534
3505,"purine, 2-dimethylamino- (+0 -> -1)",10.24,10.37815540707322,0.13815540707321894
3506,"purine, 6-dimethylamino- (+1 -> +0)",3.83,4.266851941836481,0.4368519418364807
3507,"purine, 6-dimethylamino- (+0 -> -1)",10.5,10.268199194352185,0.2318008056478149
3508,"purine, 8-dimethylamino- (+1 -> +0)",4.75,4.787523053796895,0.037523053796895134
3509,"purine, 8-dimethylamino- (+0 -> -1)",9.77,10.556505347856199,0.786505347856199
3510,"purine, 6-dimethylcarbamoyl- (+0 -> -1)",7.9,8.14683474541743,0.2468347454174289
3511,"purine, 8-hydroxy- (+1 -> +0)",2.56,2.82898435679306,0.2689843567930601
3512,"purine, 2-hydroxy-9-methyl- (+0 -> -1)",9.22,9.02960279304897,0.19039720695103135
3513,"purine, 8-hydroxy-7-methyl- (+1 -> +0)",2.66,2.9841281247126616,0.3241281247126615
3514,"purine, 8-hydroxy-7-methyl- (+0 -> -1)",8.23,7.757412296594959,0.47258770340504164
3515,"purine, 8-hydroxy-9-methyl- (+1 -> +0)",2.77,2.796687056634089,0.02668705663408888
3516,"purine, 8-hydroxy-9-methyl- (+0 -> -1)",9.08,8.886199362193747,0.19380063780625356
3517,"purine, 6-hydroxy-2-trifluoromethyl- (+1 -> +0)",1.1,0.7959808049105197,0.3040191950894804
3518,"purine, 6-hydroxy-2-trifluoromethyl- (+0 -> -1)",5.1,5.1435204856047,0.043520485604700454
3519,"purine, 6-hydroxy-2-trifluoromethyl- (-1 -> -2)",11.2,10.928132809855676,0.2718671901443237
3520,"purine, 8-mercapto-9-methyl- (+0 -> -1)",7.5,7.413282135929187,0.08671786407081328
3521,"purine, 2-methoxy- (+1 -> +0)",2.43,1.8761312613924712,0.5538687386075289
3522,"purine, 2-methoxy- (+0 -> -1)",9.2,9.126038284687528,0.0739617153124712
3523,"purine, 6-methoxy- (+1 -> +0)",2.17,2.091831120954968,0.07816887904503211
3524,"purine, 6-methoxy- (+0 -> -1)",9.18,9.203542775191448,0.023542775191447873
3525,"purine, 8-methoxy- (+1 -> +0)",3.11,3.3113313669024684,0.20133136690246856
3526,"purine, 8-methoxy- (+0 -> -1)",7.76,7.757036335877434,0.002963664122566101
3527,"purine, 6-methyl- (+1 -> +0)",2.5,2.860868403645294,0.36086840364529404
3528,"purine, 6-methyl- (+0 -> -1)",9.05,9.43093120718527,0.3809312071852684
3529,"purine, 8-methyl- (+1 -> +0)",2.76,2.752099919395251,0.007900080604748894
3530,"purine, 8-methyl- (+0 -> -1)",9.4,9.511050759405382,0.11105075940538178
3531,"purine, 9-methyl- (+1 -> +0)",2.27,2.433629297370995,0.16362929737099519
3532,"purine, 9-methyl-8-methylthio- (+1 -> +0)",2.95,3.3592608804463078,0.4092608804463076
3533,"purine, 2-methylthio- (+1 -> +0)",1.89,2.0761416371689805,0.18614163716898058
3534,"purine, 2-methylthio- (+0 -> -1)",8.93,8.942512683527088,0.012512683527088342
3535,"purine, 6-methylthio- (+1 -> +0)",0.0,1.504089785305137,1.504089785305137
3536,"purine, 6-methylthio- (+0 -> -1)",8.76,9.079307896141085,0.3193078961410851
3537,"purine, 8-methylthio- (+1 -> +0)",2.92,2.8334402710631172,0.08655972893688268
3538,"purine, 8-methylthio- (+0 -> -1)",7.7,7.999878121433445,0.29987812143344517
3539,"purine, 8-phenyl- (+1 -> +0)",2.66,2.8939092644931836,0.2339092644931835
3540,"purine, 8-phenyl- (+0 -> -1)",8.1,8.406549548836814,0.3065495488368146
3541,"purine, 2,6,8-triamino- (+2 -> +1)",2.31,2.4083186641921523,0.0983186641921523
3542,"purine, 2,6,8-triamino- (+1 -> +0)",6.17,5.162751992613703,1.0072480073862966
3543,"purine, 2,6,8-triamino- (+0 -> -1)",10.85,11.018510202589429,0.16851020258942917
3544,"purine, 6-trifluoromethyl- (+0 -> -1)",7.35,7.941642748732189,0.5916427487321894
3545,"purine, 1-oxide, 6-amino- (+1 -> +0)",1.0,1.4081266190406625,0.4081266190406625
3546,"purine, 1-oxide, 6-amino- (+0 -> -1)",5.12,5.491341674515404,0.3713416745154037
3547,"1h-Pyrazolo[3,4-d]pyrimidine (+1 -> +0)",2.84,2.4588244745652545,0.3811755254347453
3548,"1h-Pyrazolo[3,4-d]pyrimidine (+0 -> -1)",9.54,9.855874755454547,0.3158747554545478
3549,"7-Aminopyrazolo(4,3-d)pyrimidine (+1 -> +0)",5.0,4.909062231316007,0.09093776868399317
3550,"7-Aminopyrazolo(4,3-d)pyrimidine (+0 -> -1)",10.15,10.163825740991175,0.01382574099117484
3551,"pyrazolo[4,3-d]pyrimidine, 7-amino-3-methyl- (+1 -> +0)",5.02,5.022718437089373,0.00271843708937336
3552,"pyrazolo[3,4-d]pyrimidine, 4-amino- (+1 -> +0)",4.59,4.485694699383829,0.10430530061617116
3553,"pyrazolo[3,4-d]pyrimidine, 4-amino- (+0 -> -1)",10.84,10.78232458366983,0.05767541633017004
3554,"pyrazolo[3,4-d]pyrimidine, 4-amino-1,6-dimethyl- (+1 -> +0)",5.0,5.0510362939876385,0.05103629398763854
3555,"pyrazolo[3,4-d]pyrimidine, 4-amino-1-methyl- (+1 -> +0)",4.32,4.382780820392364,0.06278082039236388
3556,"pyrazolo[3,4-d]pyrimidine, 4-amino-6-methyl- (+1 -> +0)",5.41,5.142210667567666,0.2677893324323337
3557,"pyrazolo[3,4-d]pyrimidine, 4-amino-6-methyl- (+0 -> -1)",11.3,10.818478112957147,0.48152188704285415
3558,"pyrazolo[3,4-d]pyrimidine, 4-amino-3-methyl- (+1 -> +0)",4.61,4.98763177005396,0.3776317700539593
3559,"pyrazolo[3,4-d]pyrimidine, 4-amino-3-methyl- (+0 -> -1)",11.11,11.42704979413637,0.3170497941363699
3560,"pyrazolo[3,4-d]pyrimidine, 4-amino-6-methyl-1-phenyl- (+1 -> +0)",4.52,4.311430302825243,0.20856969717475682
3561,"pyrazolo[3,4-d]pyrimidine, 4-amino-1-phenyl- (+1 -> +0)",3.89,3.5147632472568926,0.3752367527431075
3562,"pyrazolo[3,4-d]pyrimidine, 6,4-diamino- (+1 -> +0)",5.59,5.549321747660325,0.04067825233967515
3563,"pyrazolo[3,4-d]pyrimidine, 6,4-diamino-1-phenyl- (+1 -> +0)",4.49,4.592909572391353,0.10290957239135246
3564,"pyrazolo[3,4-d]pyrimidine, 1,6-dimethyl- (+1 -> +0)",3.27,3.1656221828141957,0.1043778171858043
3565,"pyrazolo[3,4-d]pyrimidine, 4-dimethylamino- (+1 -> +0)",4.53,4.870772517658442,0.34077251765844174
3566,"pyrazolo[3,4-d]pyrimidine, 4-dimethylamino-1-methyl- (+1 -> +0)",4.05,4.652110699624874,0.6021106996248742
3567,"pyrazolo[3,4-d]pyrimidine, 4-methoxy-1-methyl- (+1 -> +0)",2.51,1.5772902304770673,0.9327097695229325
3568,"pyrazolo[3,4-d]pyrimidine, 1-methyl- (+1 -> +0)",2.46,2.7343771082737085,0.27437710827370854
3569,"pyrazolo[3,4-d]pyrimidine, 4-methylthio- (+1 -> +0)",1.0,1.2500271365789617,0.2500271365789617
3570,"pyrazolo[3,4-d]pyrimidine, 4-methylthio- (+0 -> -1)",9.65,9.519201682345244,0.13079831765475625
3571,"thiazolo[5,4-d]pyrimidine, 7-amino- (+1 -> +0)",2.74,2.6077108741811843,0.1322891258188159
3572,"benzo[f]quinoline, 10-amino- (+1 -> +0)",4.99,5.468038660010752,0.47803866001075157
3573,"benzo[f]quinoline, 3-amino-1-methyl- (+1 -> +0)",7.1,6.986406115792991,0.11359388420700878
3574,"benzo[h]quinoline, 2-amino-4-methyl- (+1 -> +0)",6.7,6.47580597078891,0.22419402921109022
3575,"phenanthridine, 9-amino- (+1 -> +0)",6.84,6.674324554078513,0.16567544592148664
3576,"phenanthridine, 3-hydroxy- (+1 -> +0)",4.78,4.565544831068372,0.21445516893162786
3577,"phenanthridine, 3-hydroxy- (+0 -> -1)",8.83,8.960322899266263,0.13032289926626284
3578,"phenanthridine, 8-hydroxy- (+1 -> +0)",4.35,4.687205430205313,0.33720543020531313
3579,"phenanthridine, 8-hydroxy- (+0 -> -1)",8.72,8.655773566515418,0.06422643348458301
3580,"phenanthridine, 9-hydroxy- (+1 -> +0)",5.31,5.702584833085733,0.3925848330857331
3581,"phenanthridine, 9-hydroxy- (+0 -> -1)",8.47,8.10442873333471,0.36557126666528994
3582,"1H-Naphth[1,2-d]imidazole (+1 -> +0)",5.27,5.427323403690754,0.15732340369075448
3583,"1H-Naphth[1,2-d]imidazole (+0 -> -1)",12.58,12.516962731404693,0.06303726859530734
3584,"1H-Naphth[1,2-d]imidazole, 2-chloro-6,7,8,9-tetrahydro- (+1 -> +0)",2.54,1.9886201992529777,0.5513798007470223
3585,"1H-Naphth[1,2-d]imidazole, 2-dimethylamino-6,7,8,9-tetrahydro- (+1 -> +0)",7.54,6.961225330322579,0.5787746696774212
3586,"1H-Naphth[1,2-d]imidazole, 6,7,8,9-tetrahydro- (+1 -> +0)",5.99,5.978557874751632,0.011442125248367851
3587,"1H-Naphth[1,2-d]imidazole, 6,7,8,9-tetrahydro- (+0 -> -1)",12.8,13.117529449302967,0.3175294493029668
3588,"1H-Naphth[2,3-d]imidazole, 2-amino- (+1 -> +0)",6.99,6.618201686933733,0.3717983130662672
3589,"1H-Naphth[2,3-d]imidazole, 2-amino- (+0 -> -1)",12.8,12.233881857023054,0.5661181429769471
3590,"1H-Naphth[2,3-d]imidazole, 2-amino-5,6,7,8-tetrahydro- (+1 -> +0)",7.64,7.15001300499274,0.48998699500725973
3591,"1H-Naphth[2,3-d]imidazole, 2-ethyl- (+1 -> +0)",6.13,5.901131452743644,0.22886854725635608
3592,"1H-Naphth[2,3-d]imidazole, 2-ethyl- (+0 -> -1)",12.9,12.676861013200453,0.22313898679954747
3593,"1H-Naphth[2,3-d]imidazole, 2-chloro-5,6,7,8-tetrahydro- (+1 -> +0)",2.64,2.717642375399752,0.07764237539975172
3594,"1H-Naphth[2,3-d]imidazole, 2-dimethylamino-5,6,7,8-tetrahydro- (+1 -> +0)",7.61,8.266215855427895,0.6562158554278943
3595,"1H-Naphth[2,3-d]imidazole, 2-ethyl-5,6,7,8-tetrahydro- (+1 -> +0)",6.6,6.6144258481749985,0.014425848174998812
3596,"1H-Naphth[2,3-d]imidazole, 2-hydroxy- (+0 -> -1)",11.66,11.410258348163143,0.2497416518368567
3597,"1H-Naphth[2,3-d]imidazole, 5,6,7,8-tetrahydro- (+1 -> +0)",5.96,5.942209438154698,0.01779056184530159
3598,"1H-Naphth[2,3-d]imidazole, 5,6,7,8-tetrahydro- (+0 -> -1)",13.33,12.885626934095399,0.44437306590460146
3599,"1,5-Phenanthroline (+2 -> +1)",0.75,-0.4065365887819308,1.1565365887819308
3600,"1,5-Phenanthroline (+1 -> +0)",4.075,3.3690907083095283,0.7059092916904719
3601,"1,8-Phenanthroline, 2,7-dimethyl- (+1 -> +0)",5.06,5.500094087206914,0.4400940872069148
3602,"1,8-Phenanthroline, 2,7-dimethyl- (+2 -> +1)",2.26,2.431116938445813,0.1711169384458131
3603,"1,8-Phenanthroline, 2,3,4,5,6,7-hexamethyl- (+1 -> +0)",6.98,6.2010218114560125,0.7789781885439879
3604,"1,8-Phenanthroline, 2,4,5,7-tetramethyl- (+2 -> +1)",3.1,2.4283492263192086,0.6716507736807915
3605,"1,8-Phenanthroline, 2,4,5,7-tetramethyl- (+1 -> +0)",5.1,5.712157924786631,0.6121579247866311
3606,"1,10-Phenanthroline, 4-bromo- (+1 -> +0)",4.01,4.404806034127272,0.39480603412727255
3607,"1,10-Phenanthroline, 3-chloro- (+1 -> +0)",3.97,4.363543186335419,0.39354318633541885
3608,"1,10-Phenanthroline, 4-chloro- (+1 -> +0)",4.3,4.006528385850507,0.2934716141494924
3609,"1,10-Phenanthroline, 5-chloro- (+1 -> +0)",4.18,4.342281320181006,0.16228132018100627
3610,"1,10-Phenanthroline, 4-chloro-2-methyl- (+1 -> +0)",4.53,4.398802996332574,0.1311970036674266
3611,"1,10-Phenanthroline, 4-cyano- (+1 -> +0)",3.56,3.722449802389656,0.16244980238965612
3612,"1,10-Phenanthroline, 2,4-dimethyl- (+1 -> +0)",5.94,5.970216159521877,0.03021615952187684
3613,"1,10-Phenanthroline, 3,4-dimethyl- (+1 -> +0)",5.6,5.658377556202314,0.05837755620231455
3614,"1,10-Phenanthroline, 3,7-dimethyl- (+1 -> +0)",5.55,5.479461367396744,0.07053863260325599
3615,"1,10-Phenanthroline, 4,6-dimethyl- (+1 -> +0)",5.69,5.753598593048732,0.06359859304873172
3616,"1,10-Phenanthroline, 4,7-dimethyl- (+1 -> +0)",5.94,5.395879309394178,0.5441206906058227
3617,"1,10-Phenanthroline, 2-methyl- (+1 -> +0)",5.45,5.698542377940529,0.24854237794052914
3618,"1,10-Phenanthroline, 3-methyl- (+1 -> +0)",4.98,5.173092146885967,0.19309214688596654
3619,"1,10-Phenanthroline, 5-methyl- (+1 -> +0)",5.26,5.2282504632493945,0.03174953675060532
3620,"1,10-Phenanthroline, 4-ethyl- (+1 -> +0)",5.42,5.6010315155588115,0.18103151555881158
3621,"1,10-Phenanthroline, 3-ethyl- (+1 -> +0)",4.96,4.886659592284857,0.07334040771514339
3622,"1,10-Phenanthroline, 4-hydroxy- (+1 -> +0)",2.17,2.052182453303053,0.11781754669694688
3623,"1,10-Phenanthroline, 3,4,6,7-tetramethyl- (+1 -> +0)",6.43,6.41075090770948,0.01924909229051952
3624,"1,10-Phenanthroline, 3,4,6,8-tetramethyl- (+1 -> +0)",6.05,6.090125521912856,0.04012552191285579
3625,"1,10-Phenanthroline, 3,4,6-trimethyl- (+1 -> +0)",5.91,5.863041098273538,0.04695890172646244
3626,"1,10-Phenanthroline, 3,4,7-trimethyl- (+1 -> +0)",5.97,5.922867201752391,0.047132798247608854
3627,"1,10-Phenanthroline, 3,5,6-trimethyl-	 (+1 -> +0)",5.32,5.284356292004463,0.03564370799553718
3628,"1,10-Phenanthroline, 3,5,7-trimethyl-		 (+1 -> +0)",5.88,5.757440152173075,0.12255984782692497
3629,"1,10-Phenanthroline, 3,5,8-trimethyl-		"" (+1 -> +0)",5.25,5.268639121323657,0.018639121323657193
3630,"4,7-Phenanthroline, 1-amino- (+1 -> +0)",7.3,7.573876532743717,0.27387653274371715
3631,"phenazine, 2,7-diamino- (+1 -> +0)",4.59,4.59311701654555,0.0031170165455502996
3632,2-Aminophenazine (+1 -> +0),4.71,4.809573294317909,0.09957329431790907
3633,"phenazine, 2,10-dihydro-10-methyl-2-oxo- (+1 -> +0)",3.05,3.1057671279401085,0.05576712794010863
3634,Deacetylaspidospermine (+1 -> +0),8.48,9.086714004046462,0.6067140040464611
3635,"Benzo[c][1,8]naphthyridine (+1 -> +0)",5.2,3.8516682628052656,1.3483317371947345
3636,"thiazolo[5,4-d]pyrimidine, 7-methylamino- (+1 -> +0)",2.81,2.6832146241320824,0.1267853758679176
3637,"thiazolo[5,4-d]pyrimidine, 7-amino-5-methyl- (+1 -> +0)",3.54,3.543596281105879,0.0035962811058789512
3638,"pyrazolo[3,4-d]pyrimidine, 4-methylamino- (+1 -> +0)",4.49,4.277072629544057,0.2129273704559429
3639,"pyrazolo[3,4-d]pyrimidine, 4-methylamino- (+0 -> -1)",10.59,11.451738965241649,0.8617389652416492
3640,"pyrazolo[3,4-d]pyrimidine, 1,6-dimethyl-4-methylamino- (+1 -> +0)",4.96,4.943796324853566,0.016203675146433838
3641,"pyrazolo[3,4-d]pyrimidine, 4-amino-6-methoxy-1-methyl- (+1 -> +0)",3.62,3.4484179471196574,0.17158205288034267
3642,"pyrazolo[3,4-d]pyrimidine, 4-amino-6-chloro-1-methyl- (+1 -> +0)",2.65,1.0390958948715427,1.6109041051284572
3643,"purine, 8-methylamino- (+1 -> +0)",4.75,4.6846119488200015,0.06538805117999846
3644,"purine, 8-methylamino- (+0 -> -1)",9.59,10.12276193816945,0.5327619381694504
3645,"purine, 2-methyl-6-methylamino- (+1 -> +0)",5.04,5.034830763291509,0.005169236708491454
3646,"purine, 6-(N-methyl)carbamoyl- (+1 -> +0)",1.0,1.290466547532941,0.2904665475329411
3647,"purine, 6-(N-methyl)carbamoyl- (+0 -> -1)",8.9,8.805338013516817,0.09466198648318347
3648,7-methyl-purine (+1 -> +0),2.25,2.3159297538162065,0.06592975381620647
3649,4-azabenzimidazole (+1 -> +0),3.92,3.561659440566369,0.3583405594336311
3650,4-azabenzimidazole (+0 -> -1),11.11,10.979946300058312,0.13005369994168703
3651,"1,2,4-benzotriazine (+1 -> +0)",-0.82,0.3092988823476519,1.1292988823476517
3652,"phthalazine, 1-hydroxy- (+0 -> -1)",11.99,11.627657829405546,0.36234217059445406
3653,"phthalazine, 1-mercapto- (+0 -> -1)",9.99,9.853405991535691,0.1365940084643089
3654,"phthalazine, 1-methyl- (+1 -> +0)",4.37,4.474546668022674,0.10454666802267365
3655,"pyrido[1,2-a]pyrimidine, 2-methoxy-4-oxo- (+1 -> +0)",1.36,1.7409214130517432,0.3809214130517431
3656,8-Hydroxy-5-quinolinecarboxylic acid (+1 -> +0),4.0,3.589980174327322,0.4100198256726779
3657,8-Hydroxy-5-quinolinecarboxylic acid (+0 -> -1),4.8,4.353865337192494,0.4461346628075056
3658,8-Hydroxy-5-quinolinecarboxylic acid (-1 -> -2),9.32,9.201113061414947,0.11888693858505306
3659,"pyrimidine, 2-chloro-4-methylamino- (+1 -> +0)",2.8,2.692389614428002,0.10761038557199765
3660,"pyrimidine, 4-chloro-2-methylamino- (+1 -> +0)",2.59,2.585847490865887,0.004152509134113025
3661,"pyrimidine, 4-chloro-6-methylamino- (+1 -> +0)",2.24,2.004787458151557,0.2352125418484432
3662,"pyrimidine, 4-chloro-6-dimethylamino- (+1 -> +0)",2.42,2.235695018665459,0.18430498133454076
3663,"pyrazolo[3,4-d]pyrimidine, 1-methyl-4-methylamino- (+1 -> +0)",4.2,4.390145791201223,0.190145791201223
3664,"n,6-dimethyl-1h-pyrazolo[3,4-d]pyrimidin-4-amine (+1 -> +0)",5.52,5.056176985115757,0.4638230148842428
3665,"n,6-dimethyl-1h-pyrazolo[3,4-d]pyrimidin-4-amine (+0 -> -1)",11.31,11.261693936080421,0.048306063919579145
3666,3-aminomethylbenzoic (+1 -> +0),3.08,3.492072056728217,0.412072056728217
3667,3-aminomethylbenzoic (+0 -> -1),5.1,4.3190302778515,0.7809697221484999
3668,Phenylglycine (+1 -> +0),2.15,1.626031577321129,0.523968422678871
3669,Phenylglycine (+0 -> -1),9.09,8.98869980235779,0.10130019764221032
3670,"N,N-dmethyl-guanidine (+1 -> +0)",13.4,13.217358627844536,0.18264137215546405
3671,N_methylurea (+1 -> +0),0.9,0.06722222227060382,0.8327777777293962
3672,"urea, O-cyclohexyl- (+1 -> +0)",10.19,9.924545766824654,0.2654542331753458
3673,"1,3,5-Triazanaphthalene, 4-hydroxy- (+0 -> -1)",8.98,9.124436327243618,0.14443632724361777
3674,"1,4,5-Triazanaphthalene, 8-hydroxy- (+1 -> +0)",0.6,0.7660508127007404,0.1660508127007404
3675,"1,4,5-Triazanaphthalene, 8-hydroxy- (+0 -> -1)",8.81,9.224025729396296,0.414025729396295
3676,"1,4,6-Triazanaphthalene, 5-hydroxy- (+1 -> +0)",-0.78,-0.2198842241831196,0.5601157758168804
3677,"1,4,6-Triazanaphthalene, 5-hydroxy- (+0 -> -1)",11.08,10.607311482159918,0.4726885178400817
3678,"pteridine, 4-acetamido- (+1 -> +0)",1.21,0.7572306212887625,0.45276937871123746
3679,"pteridine, 7-amino- (+1 -> +0)",2.21,2.7116937653046502,0.5016937653046503
3680,"pteridine, 2-amino-4,6-dimethyl- (+1 -> +0)",2.66,2.85132966350061,0.19132966350060965
3681,"pteridine, 2-amino-4,7-dimethyl- (+1 -> +0)",2.59,3.167364251789267,0.577364251789267
3682,"pteridine, 2-amino-4-methyl- (+1 -> +0)",2.81,2.6536585795846284,0.1563414204153717
3683,"pteridine, 2-amino-4,6,7-trimethyl- (+1 -> +0)",2.99,2.917174843635376,0.07282515636462428
3684,"pteridine, 2,4-diamino (+1 -> +0)",5.3,5.31572559406688,0.0157255940668799
3685,"pteridine, 4,6-diamino (+1 -> +0)",4.33,4.370257266925106,0.04025726692510556
3686,"pteridine, 4,7-diamino (+1 -> +0)",4.96,4.987061128057599,0.02706112805759897
3687,"pteridine, 4,6,7-triamino- (+1 -> +0)",5.56,5.5415739112382365,0.018426088761763104
3688,"2,4,7-Pteridinetriamine (+1 -> +0)",6.29,6.4895789486955335,0.1995789486955335
3689,"2,4,6,7-Pteridinetetramine (+1 -> +0)",6.82,5.901023949669027,0.918976050330973
3690,"pteridine, 6,7-dihydroxy- (+1 -> +0)",0.9,0.88997335985764,0.010026640142359988
3691,"pteridine, 6,7-dihydroxy- (+0 -> -1)",6.89,6.365753007579951,0.524246992420049
3692,"pteridine, 6,7-dihydroxy- (-1 -> -2)",10.0,9.582506626416386,0.41749337358361416
3693,"pteridine, 2-amino-3,4-dihydro-3-methyl-4-oxo- (+1 -> +0)",2.18,2.232512411480342,0.052512411480341914
3694,8-Methylpterin (+1 -> +0),5.4,5.14862857358013,0.25137142641987076
3695,"pteridine, 2-amino-7,8-dihydro-8-methyl-7-oxo- (+1 -> +0)",2.05,2.2981974960212916,0.24819749602129182
3696,"pteridine, 4-amino-1,2-dihydro-1-methyl-2-oxo- (+1 -> +0)",2.94,2.6927841384669176,0.2472158615330824
3697,"pteridine, 2-amino-4,8-dihydro-6,7,8-trimethyl-4-oxo- (+1 -> +0)",6.08,5.96808803624992,0.11191196375007983
3698,"pteridine, 4-amino-1,2-dihydro-1,6,7-trimethyl-2-oxo- (+1 -> +0)",3.62,3.2165345948585804,0.4034654051414197
3699,"pteridine, 2-amino-7-hydroxy- (+1 -> +0)",1.5,2.231908310815225,0.7319083108152249
3700,"pteridine, 2-amino-7-hydroxy- (+0 -> -1)",7.5,7.6900182233029675,0.19001822330296747
3701,"pteridine, 4-amino-2-hydroxy- (+1 -> +0)",2.95,2.482273346137262,0.46772665386273804
3702,"pteridine, 4-amino-2-hydroxy- (+0 -> -1)",9.99,10.441118962035386,0.4511189620353857
3703,"pteridine, 4-amino-2-hydroxy-6,7-dimethyl- (+1 -> +0)",3.45,3.20782109350579,0.24217890649421037
3704,"pteridine, 4-amino-2-hydroxy-6,7-dimethyl- (+0 -> -1)",10.73,10.774417947752443,0.0444179477524429
3705,"pteridine, 3,4-dihydro-3-methyl-4-oxo- (+1 -> +0)",-0.47,-0.15831628662898556,0.3116837133710144
3706,"pteridine, 7,8-dihydro-8-methyl-7-oxo- (+1 -> +0)",1.1,1.028886984118567,0.07111301588143304
3707,"pteridine, 1,4-dihydro-1,6,7-trimethyl-4-methylimino- (+1 -> +0)",11.39,10.914359080649554,0.4756409193504467
3708,"pteridine, 1,4-dihydro-1,6,7-trimethyl-4-oxo- (+1 -> +0)",1.73,1.7878948772461154,0.05789487724611542
3709,"pteridine, 3,4-dihydro-3,6,7-trimethyl-4-oxo- (+1 -> +0)",-0.05,0.24954423784445634,0.29954423784445633
3710,2-Pteridinol (+0 -> -1),7.7,7.870745448223197,0.17074544822319648
3711,7-Pteridinol (+1 -> +0),1.2,-0.011152187039026096,1.211152187039026
3712,7-Pteridinol (+0 -> -1),6.43,6.937985160111431,0.5079851601114314
3713,"pteridine, 4-methoxy- (+1 -> +0)",1.04,0.7784673864015801,0.26153261359841995
3714,"pteridine, 7-methoxy- (+1 -> +0)",1.64,0.8252839083867327,0.8147160916132672
3715,"pteridine, 6-hydroxy-7-methyl- (+0 -> -1)",7.46,6.868222089213872,0.5917779107861278
3716,"pteridine, 6-hydroxy-4-methyl- (+0 -> -1)",6.3,6.748348967730911,0.4483489677309116
3717,"pteridine, 2-hydroxy-6-methyl- (+0 -> -1)",8.0,7.935420911943844,0.06457908805615631
3718,"cinnoline, 3-amino- (+1 -> +0)",3.7,3.512070256555318,0.18792974344468227
3719,"cinnoline, 4-amino- (+1 -> +0)",6.83,6.781290196822875,0.048709803177125366
3720,"cinnoline, 5-amino- (+1 -> +0)",2.69,2.8983262876599367,0.20832628765993677
3721,"cinnoline, 6-amino- (+1 -> +0)",5.03,5.175401090574517,0.14540109057451645
3722,"cinnoline, 7-amino- (+1 -> +0)",4.83,4.801364682544332,0.028635317455668385
3723,"cinnoline, 8-amino- (+1 -> +0)",3.66,3.6551512072880037,0.0048487927119964525
3724,"cinnoline, 3-amino, 6-chloro- (+1 -> +0)",3.24,3.411195848934608,0.17119584893460793
3725,"cinnoline, 3-amino, 7-chloro- (+1 -> +0)",3.28,2.9670051086792597,0.3129948913207401
3726,"cinnoline, 4-mercapto- (+0 -> -1)",7.13,7.397578552181937,0.26757855218193694
3727,"cinnoline, 8-hydroxy-4-methyl- (+1 -> +0)",3.16,2.6070845121965007,0.5529154878034994
3728,"cinnoline, 8-hydroxy-4-methyl- (+0 -> -1)",8.36,8.555263909613469,0.19526390961346962
3729,"quinazoline, 5-amino- (+1 -> +0)",3.56,3.077995156978133,0.48200484302186686
3730,"quinazoline, 7-amino- (+1 -> +0)",4.59,4.796470868055702,0.20647086805570236
3731,"quinazoline, 8-amino- (+1 -> +0)",2.8,2.4224022637859335,0.37759773621406634
3732,"quinazoline, 4-t-butyl-3,4-dihydro- (+1 -> +0)",9.36,9.08805323008848,0.2719467699115192
3733,"quinazoline, 2-hydroxy- (+0 -> -1)",10.73,10.43557053259686,0.29442946740314113
3734,"quinazoline, 4-hydroxy- (+0 -> -1)",9.87,9.775020882740025,0.09497911725997454
3735,"quinazoline, 5-hydroxy- (+0 -> -1)",7.41,7.375031812530128,0.03496818746987174
3736,"quinazoline, 6-hydroxy- (+0 -> -1)",8.21,8.461177727655507,0.25117772765550583
3737,"quinazoline, 7-hydroxy- (+0 -> -1)",7.39,7.367643522410595,0.022356477589404733
3738,"quinazoline, 2-mercapto- (+0 -> -1)",8.18,8.527146185536264,0.3471461855362641
3739,"quinazoline, 4-mercapto- (+0 -> -1)",8.47,8.714937651035516,0.24493765103551546
3740,"quinoxaline, 2-hydroxy-3-methyl- (+0 -> -1)",9.9,9.595104308854072,0.3048956911459282
3741,"quinoxaline, 2-mercapto- (+0 -> -1)",7.2,7.205772388942753,0.005772388942753004
3742,"quinazoline, 3,4-dihydro- (+1 -> +0)",9.17,9.267193268519193,0.09719326851919341
3743,"quinazoline, 3,4-dihydro-3-methyl- (+1 -> +0)",9.22,9.598858936689044,0.3788589366890438
3744,"quinazoline, 3,4-dihydro-4-methyl- (+1 -> +0)",9.15,9.073510658171912,0.07648934182808809
3745,"quinazoline, 1,4-dihydro-1-methyl- (+1 -> +0)",9.41,9.564533717612196,0.15453371761219614
3746,"pteridine, 3,4-dihydro-2-hydroxy- (+0 -> -1)",12.6,11.822476455678757,0.7775235443212427
3747,"pteridine, 5,6-dihydro-7-hydroxy- (+0 -> -1)",9.96,10.549380972270963,0.5893809722709626
3748,"pteridine, 7,8-dihydro-6-hydroxy- (+0 -> -1)",10.56,10.841923286082856,0.281923286082856
3749,"pteridine, 3,4-dihydro-2-hydroxy-6-methyl- (+0 -> -1)",13.05,11.959036777481355,1.0909632225186456
3750,"pteridine, 7,8-dihydro-2-hydroxy-6-methyl- (+0 -> -1)",11.89,11.68753237643492,0.20246762356508086
3751,"pteridine, 7-hydroxy-2-methyl- (+0 -> -1)",6.7,7.354442729664966,0.6544427296649662
3752,"pteridine, 5,6,7,8-tetrahydro-2-hydroxy- (+1 -> +0)",4.31,4.522154053690319,0.2121540536903197
3753,"pteridine, 5,6,7,8-tetrahydro-2-hydroxy- (+0 -> -1)",12.5,12.654613895103335,0.1546138951033349
3754,"pteridine, 7,8-dihydro-2-hydroxy-4,6-dimethyl- (+1 -> +0)",3.96,3.8261598339122767,0.1338401660877233
3755,"pteridine, 7,8-dihydro-2-hydroxy-4,6-dimethyl- (+0 -> -1)",12.5,12.082454045381521,0.417545954618479
3756,"1,2,3-trimethylguanidine (+1 -> +0)",13.9,14.177919257308865,0.2779192573088647
3757,ethylhydrazine (+1 -> +0),7.99,7.825538873136598,0.16446112686340264
3758,"1,2-Naphthoquinone, 4-amino- (+1 -> +0)",1.57,1.33963739368766,0.23036260631234007
3759,propadrine (+1 -> +0),9.44,9.095203260852065,0.3447967391479345
3760,"benzene, 1,5-dihydroxy-2-iminobenzyl-3-methyl- (+1 -> +0)",7.25,7.214065399238641,0.035934600761359015
3761,Benzohydrazide (+1 -> +0),3.03,2.2997187981606455,0.7302812018393543
3762,Benzohydrazide (+0 -> -1),12.45,12.584925170405267,0.13492517040526764
3763,"naphthalene, 1-amino-3,4-dihydroxy- (+1 -> +0)",4.41,3.9168392841326236,0.49316071586737653
3764,"naphthalene, 1-amino-3,4-dihydroxy- (+0 -> -1)",9.32,9.153172194890221,0.16682780510977935
3765,"naphthalene, 2-amino-1,4-dihydroxy- (+1 -> +0)",4.04,4.087964041264113,0.047964041264113355
3766,"naphthalene, 2-amino-1,4-dihydroxy- (+0 -> -1)",9.57,9.3802487054562,0.18975129454380024
3767,"naphthalene, 2-amino-1,4-dihydroxy- (-1 -> -2)",11.27,12.13706729153461,0.8670672915346103
3768,Amifampridine (+2 -> +1),0.49,0.8349457471330108,0.34494574713301085
3769,Amifampridine (+1 -> +0),9.01,8.789933196104549,0.22006680389545075
3770,"pyridine, 1,2-dihydro-2-methanesulphonylimino-1-methyl- (+1 -> +0)",-0.33,0.08455975035051644,0.41455975035051645
3771,"pyridine, 1,4-dihydro-4-methanesulphonylimino-1-methyl- (+1 -> +0)",3.42,3.990482423742897,0.5704824237428969
3772,Picolinohydrazide (+1 -> +0),2.86,1.3203261877594166,1.5396738122405833
3773,Picolinohydrazide (+0 -> -1),12.27,13.571463953505702,1.3014639535057029
3774,Nicotinic Acid Hydrazide (+2 -> +1),1.86,0.8681000447975329,0.9918999552024672
3775,Nicotinic Acid Hydrazide (+1 -> +0),3.29,3.3269950436745015,0.03699504367450146
3776,Nicotinic Acid Hydrazide (+0 -> -1),11.47,11.546501059591865,0.07650105959186426
3777,Isoniazid (+1 -> +0),3.52,3.5409575787803336,0.020957578780333552
3778,Isoniazid (+0 -> -1),10.79,11.089648667730012,0.299648667730013
3779,Chlorcyclizine (+1 -> +0),8.15,7.9164092927056515,0.23359070729434883
3780,"5,6-diamino-2-(methylamino)pyrimidin-4(3H)-one (+1 -> +0)",5.42,6.179705397664738,0.7597053976647379
3781,"5,6-diamino-2-(methylamino)pyrimidin-4(3H)-one (+0 -> -1)",10.66,10.800325273004784,0.14032527300478392
3782,"pyrimidine, 4,5-diamino-6-methylamino- (+1 -> +0)",5.9,6.124072204232433,0.22407220423243235
3783,"pyrimidine, 2-dimethylamino-4,6-dihydroxy- (+1 -> +0)",1.45,1.5712839965810623,0.12128399658106237
3784,"6-Methyl-1,2,3,4-tetrahydroquinoxaline (+1 -> +0)",4.97,5.13558285606565,0.16558285606565004
3785,"6-Methoxy-1,2,3,4-tetrahydroquinoxaline (+1 -> +0)",5.26,5.860965306897444,0.6009653068974439
3786,"quinoxaline, 2-methyl- (+1 -> +0)",0.95,1.6873929261222882,0.7373929261222882
3787,2-methoxy-3-methylquinoxaline (+1 -> +0),1.38,1.3916966722052804,0.011696672205280478
3788,N-methylquinoxalin-2-amine (+1 -> +0),4.07,4.502411678823921,0.43241167882392073
3789,"pteridine, 2-acetamido-4-methoxy- (+1 -> +0)",1.95,1.8909430104321103,0.05905698956788963
3790,"pteridine, 4-amino-1,2-dihydro-2-imino-1,6,7-trimethyl- (+1 -> +0)",11.86,11.34431348549741,0.5156865145025886
3791,"Pteridine, 1,4-dihydro-4-imino-1-methyl- (+1 -> +0)",9.48,9.467121454013206,0.012878545986794165
3792,"1,6,7-Trimethylpteridin-4-imine (+1 -> +0)",10.44,10.075130511758967,0.36486948824103216
3793,"pteridine, 1,4-dihydro-1-methyl-4-methylimino- (+1 -> +0)",10.3,10.13719839152986,0.16280160847014002
3794,"benzo[c]cinnoline, 1,2,3,4,7,8,9,10-octahydro- (+1 -> +0)",6.12,5.262027189918314,0.8579728100816864
3795,"pyridine, 1,2-dihydro-2-imino-1,4-dimethyl- (+1 -> +0)",13.9,13.450349592884532,0.44965040711546855
3796,"pyridine, 1,2-dihydro-2-imino-1,6-dimethyl- (+1 -> +0)",13.7,13.466628627757768,0.2333713722422317
3797,"pyridine, 1,2-dihydro-2-imino-1-methyl- (+1 -> +0)",13.25,13.311392576609489,0.061392576609488714
3798,"pyridine, 1,2-dihydro-2-imino-1-methyl-3-nitro- (+1 -> +0)",9.0,8.336078750748607,0.6639212492513931
3799,"pyridine, 1,2-dihydro-2-imino-1-methyl-5-nitro- (+1 -> +0)",9.3,8.582178834994902,0.7178211650050983
3800,"pyridine, 2,3-dihydroxy- (+1 -> +0)",0.22,0.1434694626655597,0.07653053733444029
3801,"pyridine, 2,6-dihydroxy- (+1 -> +0)",1.0,0.7464999161252939,0.25350008387470613
3802,"pyridine, 2,6-dihydroxy- (+0 -> -1)",4.52,4.343945206641266,0.17605479335873397
3803,"pyridine, 1,2-dihydro-3-nitro-2-oxo- (+0 -> -1)",8.52,7.756783020931986,0.7632169790680132
3804,"pyridine, 1,2-dihydro-3-nitro-2-oxo- (+0 -> -1)",7.97,7.669397137429217,0.3006028625707824
3805,"pyridine, 1,2-dihydro-5-methyl-2-oxo- (+1 -> +0)",1.13,1.213713721035801,0.08371372103580121
3806,"pyridine, 1,2-dihydro-5-methyl-2-oxo- (+0 -> -1)",12.01,12.277887654974574,0.2678876549745741
3807,"pyridine, 1,2-dihydro-6-methyl-2-oxo- (+1 -> +0)",1.12,0.7180875248632068,0.4019124751367933
3808,"pyridine, 1,2-dihydro-6-methyl-2-oxo- (+0 -> -1)",12.45,12.236206553685758,0.21379344631424146
3809,"pyridine, 1,2-dihydro-3-methyl-2-oxo- (+1 -> +0)",0.2,0.4540541339063493,0.2540541339063493
3810,"pyridine, 1,2-dihydro-3-methyl-2-oxo- (+0 -> -1)",12.59,12.072414163227467,0.5175858367725326
3811,"pyridine, 3-hydroxy-2-methoxy- (+1 -> +0)",2.1,2.0010187000295225,0.09898129997047755
3812,"pyridine, 3-hydroxy-2-methoxy- (+0 -> -1)",8.65,8.908099184454148,0.2580991844541476
3813,"pyridine, 2-methoxy-5-methyl- (+1 -> +0)",3.73,3.725050146616538,0.0049498533834619884
3814,"pyridine, 2-amino-3,5-dichloro- (+1 -> +0)",2.75,2.2483386261911944,0.5016613738088056
3815,"pyridine, 2-amino-5-cyano- (+1 -> +0)",3.41,3.4440972546482813,0.03409725464828117
3816,"pyridine, 2-amino-3-nitro- (+1 -> +0)",2.33,2.5028963345805533,0.1728963345805532
3817,"pyridine, 2-amino-5-nitro- (+1 -> +0)",2.78,2.6834255572463306,0.09657444275366922
3818,"pyridine, 5-chloro-1,2-dihydro-2-imino-1-methyl- (+1 -> +0)",12.3,12.100601185714812,0.19939881428518902
3819,"pyridine, 5-chloro-2-hydroxy- (+1 -> +0)",0.01,0.13781964883454734,0.12781964883454733
3820,"pyridine, 5-chloro-2-hydroxy- (+0 -> -1)",10.03,9.983383348486658,0.04661665151334127
3821,"pyridine, 5-chloro-2-methylamino- (+1 -> +0)",5.11,4.695948938725702,0.41405106127429825
3822,"pyridine, 5-cyano-1,2-dihydro-2-imino-1-methyl- (+1 -> +0)",10.2,10.075687686429472,0.12431231357052752
3823,"pyridine, 3,5-dichloro-1,2-dihydro-2-imino-1-methyl- (+1 -> +0)",10.14,9.566182978167053,0.5738170218329479
3824,"pyridine, 3,5-dichloro-2-methylamino- (+1 -> +0)",3.01,3.0689283755503896,0.05892837555038977
3825,"pyridine, 2-methylamino-3-nitro- (+1 -> +0)",2.41,2.0568189109945463,0.35318108900545386
3826,"pyridine, 2-methylamino-5-nitro- (+1 -> +0)",2.74,2.5651973767748775,0.17480262322512274
3827,"pyrimidine, 5-bromo-1,2-dihydro-2-imino-1,4,6-trimethyl- (+1 -> +0)",11.0,10.600240061489277,0.3997599385107229
3828,"pyrimidine, 5-bromo-4,6-dimethyl-2-methylamino- (+1 -> +0)",3.52,3.6236144339238088,0.10361443392380876
3829,"pyrimidine, 1,2-dihydro-1-methyl-2-methylimino- (+1 -> +0)",11.69,11.858528942394308,0.1685289423943086
3830,"pyrimidine, 2-amino-4-t-butyl- (+1 -> +0)",4.58,4.359874941446308,0.22012505855369202
3831,"pyrimidine, 2-amino-5-carbamoyl-4-methyl- (+1 -> +0)",2.6,2.5740194784458463,0.025980521554153757
3832,"pyrimidine, 5-bromo-4-t-butyl-1,2-dihydro-2-imino-1-methyl- (+1 -> +0)",11.17,10.610169273322388,0.5598307266776121
3833,"pyrimidine, 5-bromo-1,2-dihydro-2-imino-1,4-dimethyl- (+1 -> +0)",10.28,10.6871954929383,0.4071954929383015
3834,"pyrimidine, 4-t-butyl-1,2-dihydro-2-imino-1-methyl- (+1 -> +0)",11.64,11.847984528821772,0.20798452882177187
3835,"pyrimidine, 4-t-butyl-1,2-dihydro-1-methyl-2-oxo- (+1 -> +0)",2.9,2.8987539765691075,0.0012460234308924178
3836,"pyrimidine, 4-t-butyl-2-hydroxy- (+1 -> +0)",2.78,2.9897359995814874,0.2097359995814876
3837,"pyrimidine, 4-t-butyl-2-hydroxy- (+0 -> -1)",10.29,9.807403811363844,0.4825961886361547
3838,"pyrimidine, 5-carbamoyl-1,2-dihydro-1,4-dimethyl-2-oxo- (+1 -> +0)",1.76,2.451268522105078,0.691268522105078
3839,"pyrimidine, 5-carbamoyl-1,2-dihydro-2-imino-1,4-dimethyl- (+1 -> +0)",9.5,9.612674863418523,0.11267486341852262
3840,"pyrimidine, 1,2-dihydro-2-imino-1,4-dimethyl- (+1 -> +0)",11.05,11.347403095224724,0.2974030952247233
3841,1-Methoxy-2-pyridonimin (+1 -> +0),12.4,11.620189709279632,0.7798102907203681
3842,3-(Aminomethyl)pyridine (+1 -> +0),8.04,8.662170168118408,0.6221701681184086
3843,"Pyridine, 2-acetylimino-1,2-dihydro-1-methyl- (+1 -> +0)",7.12,7.564722157055626,0.4447221570556259
3844,"Pyridine, 4-acetylimino-1,4-dihydro-1-methyl- (+1 -> +0)",11.03,10.789898143707408,0.24010185629259162
3845,Trimethylanilinoxid (+1 -> +0),4.78,4.634785464205599,0.14521453579440102
3846,"N,N-Dimethyltoluidin-N-oxid (+1 -> +0)",4.32,4.320799223365496,0.0007992233654956493
3847,"N,N-Dimethylaniline N-oxide (+1 -> +0)",4.21,4.653143888450174,0.44314388845017394
3848,1-Benzylpyrrolidine (+1 -> +0),9.51,9.051307282712742,0.45869271728725813
3849,(S)-2-Benzylpyrrolidine (+1 -> +0),10.31,10.132286543290345,0.17771345670965566
3850,1-Pyrrolidineacetonitrile (+1 -> +0),4.8,4.736094520255821,0.0639054797441787
3851,1-Cyclohexylpyrrolidine (+1 -> +0),10.7,10.469264030744387,0.2307359692556119
3852,1-Phenylpyrrolidine (+1 -> +0),4.3,3.791803488284131,0.5081965117158687
3853,1-methyl-2-phenylpyrrolidine (+1 -> +0),8.8,9.115842667599885,0.31584266759988466
3854,2-Phenylpyrrolidine (+1 -> +0),9.6,9.43597954674955,0.16402045325044945
3855,1-(4-methylphenyl)pyrrolidine (+1 -> +0),4.7,4.313063559705796,0.38693644029420415
3856,2-(2-thienyl)pyrrolidine (+1 -> +0),9.35,8.936166072552119,0.4138339274478806
3857,2-(4-Methoxy-phenyl)-1-methyl-pyrrolidine (+1 -> +0),8.9,8.998858626908437,0.09885862690843616
3858,2-Thiophenemethylamine (+1 -> +0),8.92,8.727867851135876,0.19213214886412366
3859,"imidazole, 4-aminomethyl- (+2 -> +1)",4.71,4.311056328629232,0.3989436713707679
3860,"imidazole, 4-aminomethyl- (+1 -> +0)",9.37,8.626910947557015,0.7430890524429845
3861,"4,5-Diphenylimidazole (+1 -> +0)",5.9,5.602596348996208,0.2974036510037923
3862,"4,5-Diphenylimidazole (+0 -> -1)",12.8,12.313364886463258,0.4866351135367424
3863,1-Ethylimidazole (+1 -> +0),7.3,7.051630113862939,0.2483698861370609
3864,2-Ethylimidazole (+1 -> +0),8.0,7.829737878667515,0.17026212133248464
3865,Imidazole-4-methanol (+1 -> +0),6.385,6.38807477295219,0.0030747729521900524
3866,"2,2'-Biimidazole (+1 -> +0)",4.53,5.6873557810395985,1.1573557810395982
3867,4-Methylimidazole (+1 -> +0),7.518,7.289122677862477,0.22887732213752265
3868,2-(1H-imidazol-4-yl)pyridine (+2 -> +1),1.33,0.7691634192244869,0.5608365807755131
3869,2-(1H-imidazol-4-yl)pyridine (+1 -> +0),5.492,5.876004843377556,0.38400484337755625
3870,"Imidazoline, 2-[3-(2-hydroxynaphthyl)]- (+1 -> +0)",7.01,6.4269030333066475,0.5830969666933523
3871,"Imidazoline, 2-[3-(2-hydroxynaphthyl)]- (+0 -> -1)",10.85,10.302913352024266,0.5470866479757337
3872,"2-(4,5-Dihydro-1H-imidazol-2-yl)phenol (+1 -> +0)",6.63,5.3762268897593115,1.2537731102406884
3873,"2-(4,5-Dihydro-1H-imidazol-2-yl)phenol (+0 -> -1)",12.58,12.399856997844335,0.18014300215566514
3874,4-Allylmorpholine (+1 -> +0),7.02,7.2167968875849935,0.19679688758499392
3875,N-ethylmorpholine (+1 -> +0),7.67,8.292511566331953,0.6225115663319531
3876,nicotone (+1 -> +0),4.21,5.1410347639189204,0.9310347639189205
3877,1-benzoyl-4-methylpiperazine (+1 -> +0),6.78,7.055140733181304,0.2751407331813036
3878,cyclizine (+1 -> +0),8.16,7.914105331881672,0.2458946681183285
3879,"3-Amino-5,6-dimethylpyrazine-2-carboxylic acid (+0 -> -1)",4.48,5.03530108051406,0.5553010805140595
3880,3-Amino-2-pyrazinecarboxylic acid (+0 -> -1),3.7,3.8590044411917077,0.15900444119170754
3881,"pyrazine, 2-amidino-3-methylamino- (+1 -> +0)",8.96,8.778179527597427,0.18182047240257404
3882,"5,6-Dimethyl-3-(methylamino)pyrazine-2-carboximidamide (+1 -> +0)",9.43,9.301251405020235,0.12874859497976487
3883,"5,6-Dimethyl-3-(methylamino)pyrazine-2-carboxamide (+1 -> +0)",2.68,2.3368618149632567,0.3431381850367434
3884,3-(Methylamino)pyrazine-2-carboxamide (+1 -> +0),2.09,2.176777289532456,0.08677728953245634
3885,2-Mercaptopyrazine (+1 -> +0),-0.24,-0.4884761792621948,0.24847617926219479
3886,2-Mercaptopyrazine (+0 -> -1),6.75,6.685399612738131,0.06460038726186923
3887,1-methyl-1H-pyrazine-2-thione (+1 -> +0),-0.18,-0.2880414398912663,0.1080414398912663
3888,"Pyrazine, 2-(4,6-dimethylpyrimidin-2-yl)-3-methylamino- (+1 -> +0)",2.9,4.723205325261126,1.8232053252611258
3889,3-Methyl-1-phenyl-1H-pyrazol-5-ol (+1 -> +0),1.42,0.9798061388217869,0.440193861178213
3890,3-Methyl-1-phenyl-1H-pyrazol-5-ol (+0 -> -1),7.17,7.895980123044293,0.7259801230442928
3891,"pyrazole, 3-amino-4,5-dihydro-4,4-dimethyl-5-oxo- (+1 -> +0)",2.1,1.9319371866792885,0.1680628133207116
3892,"pyrazole, 3-amino-4,5-dihydro-5-oxo- (+1 -> +0)",2.9,1.8726622561887671,1.0273377438112328
3893,"pyrazole, 3-amino-4,5-dihydro-5-oxo-1-phenyl- (+1 -> +0)",1.2,1.0474437431123347,0.15255625688766528
3894,3-ethylpyridazine (+1 -> +0),3.58,3.370342013479232,0.20965798652076817
3895,3-aminopyridazine (+1 -> +0),5.19,5.234636082844251,0.04463608284425025
3896,4-aminopyridazine (+1 -> +0),6.65,6.23045853056228,0.4195414694377204
3897,3-amino-6-methylpyridazine (+1 -> +0),5.29,5.995668966092739,0.7056689660927393
3898,"Pyridazine, 1,4-dihydro-1-methyl-4-thio- (+1 -> +0)",-0.83,-0.6424419978092288,0.18755800219077112
3899,3-Ethyl-6-Methylpyridazine (+1 -> +0),4.17,4.46445735070081,0.29445735070081014
3900,4-Ethyl-3-Methylpyridazine (+1 -> +0),4.03,4.09055019736283,0.06055019736283018
3901,3-Methylpyridazine (+1 -> +0),3.46,3.558504217818821,0.0985042178188209
3902,4-Methylpyridazine (+1 -> +0),3.53,3.3904688429827416,0.13953115701725816
3903,Pyridazine-3-thiol (+0 -> -1),8.32,8.34985121624354,0.02985121624353937
3904,Pyridazine-4-thiol (+0 -> -1),6.65,6.886425312809223,0.23642531280922263
3905,"pyridazine, 3,4,5,6-tetramethyl- (+1 -> +0)",5.36,6.005540438656559,0.6455404386565586
3906,"pyridazine, 3,4,6-trimethyl- (+1 -> +0)",4.81,4.970353463079018,0.16035346307901843
3907,5-(Aminomethyl)-2-methylpyrimidin-4-amine (+2 -> +1),5.15,5.437145685554686,0.28714568555468567
3908,5-(Aminomethyl)-2-methylpyrimidin-4-amine (+1 -> +0),8.24,8.555675923128721,0.3156759231287207
3909,"pyrimidine, 4-amino-2-(4-chloroanilino)-6-methyl- (+1 -> +0)",6.6,5.644595848643201,0.9554041513567988
3910,"pyrimidine, 4-amino-6-chloro-2-methylamino- (+1 -> +0)",3.79,3.970225270985387,0.1802252709853871
3911,"pyrimidine, 2-amino-4-chloro-1,6-dihydro-6-imino-1-methyl- (+1 -> +0)",9.87,10.29917490201937,0.4291749020193709
3912,"4-Amino-1,5-dimethylpyrimidin-2-one (+1 -> +0)",4.69,4.529434206102159,0.16056579389784176
3913,"pyrimidine, 2-amino-1,4-dihydro-4-imino-1-methyl- (+1 -> +0)",12.9,12.799796731981491,0.1002032680185092
3914,"6-Imino-1-methyl-1,6-dihydropyrimidin-4-amine (+1 -> +0)",12.7,12.744904982292528,0.04490498229252893
3915,1-Methyl-5-nitrocytosine (+1 -> +0),1.35,1.4457995047622108,0.09579950476221066
3916,6-amino-3-methylpyrimidin-4-one (+1 -> +0),0.98,1.1002871069602689,0.1202871069602689
3917,"pyrimidine, 2-amino-4-dimethylamino- (+1 -> +0)",7.94,7.80664159980636,0.13335840019364031
3918,5-Methylcytosine (+1 -> +0),4.6,4.502101406926027,0.09789859307397286
3919,5-Methylcytosine (+0 -> -1),12.4,12.350610624452646,0.049389375547354675
3920,6-Amino-2-(methylamino)pyrimidin-4-ol (+1 -> +0),3.2,3.365161369708874,0.16516136970887363
3921,6-Amino-2-(methylamino)pyrimidin-4-ol (+0 -> -1),11.06,10.958132127344403,0.10186787265559794
3922,"pyrimidine, 4-amino-6-methoxy- (+1 -> +0)",4.0,4.217432720357124,0.2174327203571238
3923,5-Amino-4-methylpyrimidine (+1 -> +0),3.06,3.10799681150307,0.04799681150307
3924,"N2-methyl-pyrimidine-2,4-diamine (+1 -> +0)",7.53,7.445368926748792,0.08463107325120856
3925,"4-N-methylpyrimidine-4,6-diamine (+1 -> +0)",6.3,6.271002664688858,0.028997335311141903
3926,"N4-methyl-5-nitropyrimidine-4,6-diamine (+1 -> +0)",2.73,2.6648873220813973,0.06511267791860265
3927,"pyrimidine, 4-amino-5-trifluoroacetamido- (+1 -> +0)",3.91,4.083429966136168,0.173429966136168
3928,"Pyrimidine, 4,6-bisdimethylamino- (+1 -> +0)",6.34,6.756048955137025,0.41604895513702544
3929,"pyrimidine, 4,6-bismethylamino- (+1 -> +0)",6.32,6.789527624315782,0.46952762431578154
3930,1-Methyl-5-bromouracil (+0 -> -1),7.84,8.822919694453109,0.9829196944531091
3931,5-Bromo-1-methyl-2(1H)-pyrimidinimine (+1 -> +0),9.91,9.887657404211634,0.022342595788366282
3932,5-Bromouracyl (+0 -> -1),7.83,7.985343676314492,0.15534367631449175
3933,Pyrimidine-2-carboxylic acid (+1 -> +0),-1.13,-0.5701207372808819,0.559879262719118
3934,Pyrimidine-2-carboxylic acid (+0 -> -1),2.85,3.5041655400119476,0.6541655400119475
3935,6-Hydroxypyrimidine-4-carboxylic acid (+0 -> -1),2.8,2.5523581054526048,0.24764189454739505
3936,6-Hydroxypyrimidine-4-carboxylic acid (-1 -> -2),8.4,8.97540218304741,0.5754021830474105
3937,"2,4-diaminopyrimidine (+1 -> +0)",7.4,7.7342789521917,0.3342789521917
3938,"2,5-diaminopyrimidine (+1 -> +0)",3.93,3.654650847411258,0.2753491525887424
3939,"4,5-diaminopyrimidine (+1 -> +0)",6.0,6.281324274048186,0.2813242740481856
3940,"2-chloro-4,5-diaminopyrimidine (+1 -> +0)",2.63,2.7206973638210705,0.09069736382107063
3941,"5,6-Diamino-3-methylpyrimidin-4(3H)-one (+1 -> +0)",3.42,4.694939327869668,1.2749393278696681
3942,"2,5-Diamino-4,6-dihydroxypyrimidine (+0 -> -1)",8.9,7.286989686003374,1.613010313996626
3943,"2,4-diamino6hydroxypyrimidine (+1 -> +0)",3.3,3.113608287425663,0.18639171257433684
3944,"2,4-diamino6hydroxypyrimidine (+0 -> -1)",10.8,11.086426475491386,0.28642647549138545
3945,"4,6-diamino2hydroxypyrimidine (+1 -> +0)",6.56,6.477641032249145,0.08235896775085472
3946,"4,6-diamino2hydroxypyrimidine (+0 -> -1)",11.98,11.244859318353445,0.7351406816465555
3947,"2,6-diamino-5-methyl-1H-pyrimidin-4-one (+1 -> +0)",3.58,3.903332965010846,0.3233329650108461
3948,"2,6-diamino-5-methyl-1H-pyrimidin-4-one (+0 -> -1)",11.1,10.873044480093679,0.2269555199063209
3949,"pyrimidine, 4,5-diamino-2-mercapto- (+1 -> +0)",2.93,2.5633655798228183,0.36663442017718184
3950,"pyrimidine, 4,5-diamino-2-mercapto- (+0 -> -1)",10.42,10.761509275770276,0.34150927577027623
3951,"6-Methylthio-pyrimidine-2,4-diamine (+1 -> +0)",5.44,5.3069152120165555,0.13308478798344492
3952,"2-Methylthio-pyrimidine-4,5-diamine (+1 -> +0)",5.03,4.810648719481239,0.21935128051876163
3953,"4(3H)-Pyrimidinone, 3,6-dimethyl-2-(methylthio)- (+1 -> +0)",0.9,1.2745213377766689,0.37452133777666885
3954,"1,4-Dimethylpyrimidin-2(1H)-one (+1 -> +0)",3.21,3.3853699373432775,0.17536993734327755
3955,"2-Imino-1-methyl-1,2-dihydro-pyrimidine (+1 -> +0)",10.71,10.892343311223001,0.18234331122300063
3956,"4-Imino-1-methyl-1,4-dihydro-pyrimidine (+1 -> +0)",12.18,12.3964006798068,0.21640067980679945
3957,"pyrimidine, 1,4-dihydro-4-imino-1-methyl-2-methylamino- (+1 -> +0)",14.0,13.575731348485629,0.424268651514371
3958,"pyrimidine, 1,4-dihydro-4-imino-1-methyl-2-methylthio- (+1 -> +0)",12.43,12.408786026158959,0.021213973841041067
3959,"2(1H)-Pyrimidinimine, 1,4,6-trimethyl- (+1 -> +0)",11.52,11.427817224461041,0.0921827755389586
3960,4-Methoxy-1-methyl-2-pyrimidinone (+1 -> +0),0.65,1.024218384022106,0.37421838402210594
3961,"2(1H)-Pyrimidinone, 4-amino-1,N-dimethyl- (+1 -> +0)",4.47,4.257206337612292,0.2127936623877078
3962,"4(3H)-Pyrimidinone, 3-methyl- (+1 -> +0)",1.79,1.6852265083946731,0.1047734916053269
3963,"1-Methyl-1,2-dihydropyrimidine-2-thione (+1 -> +0)",1.66,2.1222873590460622,0.46228735904606233
3964,"pyrimidine, 1,4-dihydro-1-methyl-4-thio- (+1 -> +0)",1.16,1.5353360451047386,0.3753360451047387
3965,3-methylpyrimidine-4(3H)-thione (+1 -> +0),0.56,0.9053799105512619,0.3453799105512618
3966,"1,4,6-trimethylpyrimidin-2(1H)-one (+1 -> +0)",3.9,4.215870629612841,0.31587062961284085
3967,"1,4,6-Trimethyl-2-thiopyrimidine (+1 -> +0)",3.06,2.9224108206189685,0.13758917938103155
3968,5-Hydroxypyrimidin-4(3H)-one (+1 -> +0),1.99,2.0306837596317555,0.04068375963175552
3969,5-Hydroxypyrimidin-4(3H)-one (+0 -> -1),7.52,7.827729470136912,0.30772947013691265
3970,5-Hydroxypyrimidin-4(3H)-one (-1 -> -2),11.69,11.380417118622614,0.309582881377386
3971,"4,6-Dimethylpyrimidine (+1 -> +0)",2.7,2.916690338367295,0.2166903383672949
3972,6-methyluracil (+0 -> -1),9.8,9.389657567245546,0.4103424327544545
3973,"pyrimidine, 4-dimethylamino-1,2-dihydro-2-imino-1-methyl- (+1 -> +0)",13.69,13.231394026247589,0.45860597375241063
3974,"n,n-Dimethylcytosine (+1 -> +0)",4.21,4.52847793958752,0.31847793958752035
3975,"N4,N4,N6-trimethylpyrimidine-4,6-diamine (+1 -> +0)",6.37,7.053236014045212,0.6832360140452121
3976,"Pyrimidine, 4-dimethylamino-2-methylamino- (+1 -> +0)",8.1,8.454294381548147,0.3542943815481472
3977,"Pyrimidine, 1-ethyl-1,2-dihydro-2-imino- (+1 -> +0)",10.92,10.874673268463454,0.045326731536546205
3978,5-Ethyl-1-methyl-2(1H)-pyrimidinimine (+1 -> +0),11.45,11.446259040860486,0.0037409591395132225
3979,5-ethyl-N-methylpyrimidin-2-amine (+1 -> +0),4.29,4.087612738399282,0.20238726160071785
3980,5-Fluoro-6-(methylamino)pyrimidin-2(1H)-one (+1 -> +0),2.66,2.773326393759354,0.11332639375935383
3981,5-Hydroxypyrimidine (+1 -> +0),1.85,1.569793900579433,0.28020609942056707
3982,5-Hydroxypyrimidine (+0 -> -1),6.8,7.478830919157165,0.6788309191571651
3983,5-Methoxypyrimidin-4-ol (+1 -> +0),1.75,1.4716223576437049,0.27837764235629514
3984,5-Methoxypyrimidin-4-ol (+0 -> -1),8.64,7.850548451400283,0.7894515485997173
3985,2-Methoxy-6-methylpyrimidin-4(1H)-one (+0 -> -1),8.5,8.198466643097003,0.301533356902997
3986,2-Hydroxy-4-methylpyrimidine (+1 -> +0),3.06,2.4957409404114372,0.5642590595885628
3987,2-Hydroxy-4-methylpyrimidine (+0 -> -1),9.9,10.104821574591778,0.20482157459177763
3988,"pyrimidine, 4-hydroxy-6-methyl- (+1 -> +0)",2.06,2.359752671591872,0.29975267159187213
3989,"pyrimidine, 4-hydroxy-6-methyl- (+0 -> -1)",9.1,8.948144800534582,0.1518551994654178
3990,N(4)-methylcytosine (+1 -> +0),4.53,4.553511382661956,0.023511382661955516
3991,"Pyrimidine, 4-hydroxy-2-methylamino- (+1 -> +0)",3.9,4.080243636308598,0.1802436363085982
3992,"Pyrimidine, 4-hydroxy-2-methylamino- (+0 -> -1)",9.84,9.607664655169916,0.23233534483008356
3993,"4,6-Dimethyl-2-mercaptopyrimidine (+1 -> +0)",2.8,2.6016612037408287,0.19833879625917117
3994,"4,6-Dimethyl-2-mercaptopyrimidine (+0 -> -1)",8.5,8.601161185936949,0.10116118593694878
3995,2-Mercapto-4-methylpyrimidine (+1 -> +0),2.1,1.9134765567564642,0.18652344324353587
3996,2-Mercapto-4-methylpyrimidine (+0 -> -1),8.1,7.786537719333946,0.3134622806660534
3997,6-Methylpyrimidine-4-thiol (+1 -> +0),1.8,0.9466126850971603,0.8533873149028397
3998,6-Methylpyrimidine-4-thiol (+0 -> -1),7.3,7.416930573717153,0.11693057371715287
3999,"Pyrimidine, 2-mercapto-4-methylamino- (+1 -> +0)",3.07,2.8296854705104257,0.2403145294895741
4000,"Pyrimidine, 2-mercapto-4-methylamino- (+0 -> -1)",11.12,11.008319580436247,0.11168041956375241
4001,Methyl pyrimidine-2-carboxylate (+1 -> +0),-0.68,-0.23139134926469485,0.4486086507353052
4002,4-Methoxy-6-methylpyrimidine (+1 -> +0),3.56,3.5871912754434145,0.027191275443414487
4003,2-Methylaminopyrimidine (+1 -> +0),3.79,3.702134814659977,0.08786518534002319
4004,N-methylpyrimidin-4-amine (+1 -> +0),6.09,6.922781098491569,0.8327810984915693
4005,4-Methyl-2-(methylthio)pyrimidine (+1 -> +0),1.86,1.7233030521618353,0.13669694783816477
4006,"Pyrimidine, 4-methyl-6-(methylthio)- (+1 -> +0)",3.16,3.131547800554685,0.028452199445315074
4007,2-(Methylthio)pyrimidine (+1 -> +0),0.59,0.6829375391683206,0.0929375391683206
4008,4-Methylthiopyrimidine (+1 -> +0),2.41,2.5920005264166264,0.18200052641662623
4009,"4-Imino-1,3-dimethyl-3,4-dihydropyrimidin-2(1H)-one (+1 -> +0)",9.4,9.577634580000346,0.17763458000034582
4010,"Pyrimidine-2,4,5-triamine (+2 -> +1)",2.5,1.2802744495625298,1.2197255504374702
4011,"Pyrimidine-2,4,5-triamine (+1 -> +0)",7.6,7.51436297310423,0.08563702689576935
4012,"2-methyl-5,6-dihydro-4H-1,3-thiazine (+1 -> +0)",7.6,7.332207611956523,0.2677923880434765
4013,5-carbamoylthiazole (+1 -> +0),0.6,0.48088707841928446,0.11911292158071551
4014,"3-methyl-1,3-thiazol-2(3H)-imine (+1 -> +0)",9.61,8.78030217289339,0.8296978271066102
4015,Methyl thiazolidine-4-carboxylate (+1 -> +0),3.84,3.6043684273429797,0.23563157265702017
4016,"5-Phenyl-1,2,4-thiadiazol-3-amine (+1 -> +0)",0.1,0.4766575221061089,0.3766575221061089
4017,"3-Phenyl-1,2,4-thiadiazol-5-amine (+1 -> +0)",1.4,1.2950911049387575,0.10490889506124246
4018,"5-Phenyl-1,3,4-thiadiazol-2-amine (+1 -> +0)",2.9,3.004144743224562,0.10414474322456213
4019,"N-methyl-5-phenyl-1,3,4-thiadiazol-2-amine (+1 -> +0)",2.8,3.5613473701057075,0.7613473701057076
4020,2-Aminoisobutyric acid (+1 -> +0),2.357,2.211273317190397,0.14572668280960333
4021,2-Aminoisobutyric acid (+0 -> -1),10.205,10.19215131470662,0.012848685293379347
4022,2-Aminonaphthalene-5-sulphonic acid (+0 -> -1),3.96,4.10077924973641,0.14077924973641043
4023,2-Aminonaphthalene-7-sulphonic acid (+0 -> -1),3.95,4.0571310080009555,0.10713100800095532
4024,"1,2,4-Triazine, 3,5,6-trimethyl- (+1 -> +0)",2.85,2.363061490298917,0.486938509701083
4025,"2-Amino-4,6-dimethyl-1,3,5-triazine (+1 -> +0)",3.56,4.399492699254892,0.8394926992548917
4026,"1,3,5-Triazine-2,4-diamine (+1 -> +0)",3.91,4.216372641061692,0.30637264106169226
4027,"3,5-dimethyl-4H-1,2,4-triazole (+1 -> +0)",3.79,4.0592201826098195,0.2692201826098195
4028,2-aminoindole (+1 -> +0),8.15,8.694794655764994,0.5447946557649939
4029,2-amino-1-methylindole (+1 -> +0),9.6,7.897397002098353,1.7026029979016464
4030,"2-Imino-1,3,3-trimethylindoline (+1 -> +0)",9.25,10.312740305405175,1.0627403054051747
4031,"Isoquinoline, 2,6-dihydro-2-methyl-6-oxo- (+1 -> +0)",5.99,5.9649151371492115,0.025084862850788703
4032,"Isoquinoline, 2,8-dihydro-2-methyl-8-oxo- (+1 -> +0)",5.78,5.716358782782715,0.06364121721728555
4033,3-Hydroxyisoquinoline (+1 -> +0),2.18,2.0063572257125806,0.1736427742874196
4034,3-Hydroxyisoquinoline (+0 -> -1),9.62,9.591899733719512,0.028100266280487673
4035,2-methyl-4-isoquinolone (+1 -> +0),4.9,5.576848113589349,0.6768481135893483
4036,Isoquinoline N-oxide (+1 -> +0),1.01,0.7746542362853797,0.23534576371462035
4037,"1,3,5-Triazine, 2,4-diamino-6-(p-chlorobenzyl)- (+1 -> +0)",3.97,4.166229146722182,0.19622914672218217
4038,"quinazoline, 2,4-diamino- (+1 -> +0)",7.96,8.125807943533761,0.16580794353376138
4039,"quinazoline, 2,4-diamino-5,8-dichloro- (+1 -> +0)",6.07,5.838030214121353,0.23196978587864692
4040,"quinazoline, 2,4-diamino-8-ethyl- (+1 -> +0)",8.29,7.842273394738504,0.44772660526149544
4041,"1,3,8-Triazanaphthalene, 2,4-diamino- (+1 -> +0)",6.62,6.588250715444787,0.03174928455521275
4042,"thiazolo[5,4-d]pyrimidine, 5,7-diamino- (+1 -> +0)",3.89,3.564414699763457,0.325585300236543
4043,"1,2,3-Triazolo(5',4'-4,5)pyrimidine, 2,6-diamino- (+1 -> +0)",3.68,4.200349223041149,0.5203492230411491
4044,"1,2,3-Triazolo(5',4'-4,5)pyrimidine, 2,6-diamino- (+0 -> -1)",7.58,7.074149093013059,0.5058509069869412
4045,"10H-Pyrimido[5,4-b][1,4]benzothiazine, 2-amino- (+1 -> +0)",5.71,4.975674719299834,0.7343252807001663
4046,"10H-Pyrimido[5,4-b][1,4]benzothiazine, 2,4-diamino- (+1 -> +0)",4.99,4.4370927348248985,0.5529072651751017
4047,"pyrimidine, 2,4-diamino-5-benzoyl- (+1 -> +0)",4.63,5.087588059090325,0.45758805909032496
4048,"pyrimidine, 2,4-diamino-5-benzyl- (+1 -> +0)",7.27,7.42998181088226,0.15998181088226016
4049,"pyrimidine, 2,4-diamino-5-benzyl-6-methyl- (+1 -> +0)",7.62,8.210993354777116,0.5909933547771162
4050,"pyrimidine, 2,4-diamino-5-bromo- (+1 -> +0)",5.6,5.5233680919567485,0.07663190804325115
4051,"pyrimidine, 2,4-diamino-5-(o-bromophenyl)- (+1 -> +0)",6.7,6.77232505043965,0.07232505043964998
4052,"pyrimidine, 2,4-diamino-6-carbamoyl- (+1 -> +0)",4.9,4.750339456789803,0.14966054321019762
4053,"pyrimidine, 2,4-diamino-5-carboxy- (+1 -> +0)",2.94,2.6739279444911856,0.2660720555088143
4054,"pyrimidine, 2,4-diamino-5-carboxy- (+0 -> -1)",6.79,6.721580684652433,0.06841931534756718
4055,"pyrimidine, 2,4-diamino-5-chloro- (+1 -> +0)",5.52,5.709309370329911,0.18930937032991135
4056,"pyrimidine, 2,4-diamino-6-chloro- (+1 -> +0)",3.6,3.81587483322222,0.21587483322222
4057,"pyrimidine, 2,4-diamino-5-(p-chlorobenzoyl)- (+1 -> +0)",4.58,4.348927931281862,0.231072068718138
4058,"pyrimidine, 2,4-diamino-5-(p-chlorobenzyl)- (+1 -> +0)",7.17,6.972835539019022,0.19716446098097773
4059,"pyrimidine, 2,4-diamino-5-(p-chlorophenyl)- (+1 -> +0)",6.79,6.812293285895993,0.022293285895992554
4060,"pyrimidine, 2,4-diamino-5-cyano- (+1 -> +0)",3.75,3.462592420124313,0.287407579875687
4061,"pyrimidine, 2,4-diamino-5-(p-chlorophenyl)-6-hydroxy- (+1 -> +0)",3.06,3.1308972089318674,0.07089720893186735
4062,"pyrimidine, 2,4-diamino-5-(p-chlorophenyl)-6-hydroxy- (+0 -> -1)",10.8,10.195149354246649,0.604850645753352
4063,"pyrimidine, 2,4-diamino-6-mercapto- (+1 -> +0)",1.73,1.834276446840196,0.10427644684019599
4064,"pyrimidine, 2,4-diamino-6-mercapto- (+0 -> -1)",10.19,9.85262120539517,0.3373787946048292
4065,"pyrimidine, 2,4-diamino-5-methoxy- (+1 -> +0)",7.23,7.437824395944717,0.20782439594471658
4066,"pyrimidine, 2,4-diamino-6-methoxy- (+1 -> +0)",5.48,5.6200042099136835,0.14000420991368312
4067,"pyrimidine, 2,4-diamino-6-methoxycarbonyl- (+1 -> +0)",5.32,5.292380329618375,0.027619670381625383
4068,"pyrimidine, 2,4-diamino-6-methyl- (+1 -> +0)",7.63,7.826327603625752,0.1963276036257522
4069,"pyrimidine, 2,4-diamino-5-methyl- (+1 -> +0)",7.69,7.665924134176683,0.024075865823317777
4070,"pyrimidine, 2,4-diamino-6-methyl-5-phenyl- (+1 -> +0)",7.4,7.024240599141798,0.37575940085820214
4071,"pyrimidine, 2,4-diamino-6-methyl-5-phenoxy- (+1 -> +0)",6.47,6.72131167821114,0.25131167821114
4072,"pyrimidine, 2,4-diamino-5-nitro- (+1 -> +0)",2.58,2.2949337332363378,0.2850662667636623
4073,"pyrimidine, 2,4-diamino-5-phenoxy- (+1 -> +0)",6.26,6.066397582539459,0.19360241746054108
4074,"pyrimidine, 2,4-diamino-6-phenoxy- (+1 -> +0)",4.8,4.614298571795349,0.1857014282046512
4075,"pyrimidine, 2,4-diamino-5-phenyl- (+1 -> +0)",6.9,6.69856047459434,0.20143952540566
4076,"pyrimidine, 2,4-diamino-6-phenyl- (+1 -> +0)",6.7,7.015477728304738,0.31547772830473786
4077,"pyrimidine, 2,4-diamino-5-phenyl-6-trifluoromethyl- (+1 -> +0)",3.25,3.034038792231379,0.21596120776862104
4078,"1,3,5-Triazine, 2,4-diamino-6-mercapto- (+1 -> +0)",3.6,3.531115491012655,0.06888450898734488
4079,"1,3,5-Triazine, 2,4-diamino-6-mercapto- (+0 -> -1)",8.2,8.982150209913119,0.7821502099131195
4080,"1,3,5-Triazine, 2,4-diamino-6-methyl- (+1 -> +0)",5.14,4.939040862685089,0.20095913731491066
4081,"1,3,5-Triazine, 2,4-diamino-6-methylamino- (+1 -> +0)",5.1,6.150042069929398,1.0500420699293986
4082,"1,3,5-Triazine, 2,4-diamino-6-phenoxy- (+1 -> +0)",2.8,3.166698889474425,0.3666988894744252
4083,"1,2,4-Triazine, 3-amino- (+1 -> +0)",4.1,2.943301955887903,1.1566980441120966
4084,"1,2,4-Triazine, 3-amino-5,6-dimethyl- (+1 -> +0)",3.7,4.375982877879383,0.6759828778793828
4085,"1,3,5-Triazine, 2-amino- (+1 -> +0)",2.9,2.8457330476021268,0.05426695239787316
4086,"1,3,5-Triazine, 2-amino-4-hydroxy-6-methyl- (+1 -> +0)",3.1,2.963135238212426,0.136864761787574
4087,"1,3,5-Triazine, 2-amino-4-hydroxy-6-methyl- (+0 -> -1)",9.2,9.552008686383314,0.3520086863833143
4088,"1,3,5-Triazine, 2-amino-4-hydroxy-6-phenyl- (+1 -> +0)",3.0,2.498770944261274,0.501229055738726
4089,"1,3,5-Triazine, 2-amino-4-hydroxy-6-phenyl- (+0 -> -1)",8.1,8.861112342779593,0.7611123427795938
4090,"indolizine, 2-t-butyl- (+1 -> +0)",5.6,6.056987827604401,0.4569878276044017
4091,"indolizine, 1,2-dimethyl- (+1 -> +0)",7.32,6.8813178696567485,0.43868213034325176
4092,"indolizine, 2,3-dimethyl- (+1 -> +0)",5.43,5.445210898607942,0.015210898607942447
4093,"indolizine, 2,5-dimethyl- (+1 -> +0)",6.83,6.671975324438484,0.15802467556151623
4094,"indolizine, 2-methyl- (+1 -> +0)",5.87,6.240579449607502,0.37057944960750167
4095,"indolizine, 3,5-dimethyl- (+1 -> +0)",6.44,5.175015955523405,1.264984044476595
4096,"indolizine, 3,7-dimethyl- (+1 -> +0)",5.34,4.311964024540341,1.0280359754596589
4097,"indolizine, 3-methyl- (+1 -> +0)",3.85,4.398372488639229,0.5483724886392287
4098,"indolizine, 5-methyl- (+1 -> +0)",5.04,4.791427725948313,0.24857227405168736
4099,"indolizine, 6-methyl- (+1 -> +0)",4.81,4.785830307947778,0.024169692052221414
4100,"indolizine, 7-methyl- (+1 -> +0)",5.41,5.2256776311545385,0.1843223688454616
4101,"indolizine, 1,2,3-trimethyl- (+1 -> +0)",6.67,6.615374763365924,0.05462523663407559
4102,"1,3a-Diazaindene (+1 -> +0)",6.79,6.830200564016192,0.04020056401619154
4103,"1,7-Diazaindene, 4-methyl- (+1 -> +0)",5.18,5.019200821008383,0.160799178991617
4104,"1,7-Diazaindene, 5-methyl- (+1 -> +0)",4.86,4.969185929290684,0.1091859292906836
4105,"1,7-Diazaindene, 6-methyl- (+1 -> +0)",5.13,5.00169590402056,0.12830409597943948
4106,"1,7a-Diazaindene (+1 -> +0)",1.43,1.7428147337995687,0.3128147337995688
4107,"2,3a-Diazaindene (+1 -> +0)",5.54,5.392916262658971,0.14708373734102942
4108,"1,2,4-Triazole, 3-methyl- (+1 -> +0)",3.28,3.0754654004526953,0.20453459954730446
4109,"1,2,4-Triazole, 3-methyl- (+0 -> -1)",10.73,10.827425324955858,0.0974253249558572
4110,"1,2,4-Triazole, 3-phenyl- (+1 -> +0)",2.05,1.9734097439618097,0.07659025603819014
4111,"1,2,4-Triazole, 3-phenyl- (+0 -> -1)",9.59,9.681876608898005,0.09187660889800497
4112,"1,2,4-Triazole, 3-ethyl- (+1 -> +0)",3.2,3.225095353925643,0.025095353925642883
4113,"1,2,4-Triazole, 3-ethyl- (+0 -> -1)",10.69,10.82812744675968,0.1381274467596807
4114,"1,2,4-Triazole, 3,5-diamino- (+1 -> +0)",4.43,4.538449304057987,0.10844930405798703
4115,"1,2,4-Triazole, 3,5-diamino- (+0 -> -1)",12.12,12.075293079371502,0.04470692062849757
4116,"oxazole, 4-acetyl-2,5-dimethyl- (+1 -> +0)",0.2,0.23898239368312346,0.03898239368312345
4117,"oxazole, 5-acetyl-4-methyl- (+1 -> +0)",-0.97,-0.6814994533857641,0.28850054661423585
4118,"oxazole, 4-carboxy-2,5-dimethyl- (+1 -> +0)",0.27,0.08547519476033028,0.18452480523966974
4119,"oxazole, 4-carboxy-2,5-dimethyl- (+0 -> -1)",4.17,3.6503557778830986,0.5196442221169013
4120,"oxazole, 5-carboxy-2,4-dimethyl- (+1 -> +0)",0.38,0.4314055078515642,0.05140550785156417
4121,"oxazole, 5-carboxy-2,4-dimethyl- (+0 -> -1)",3.08,3.4124592502648587,0.3324592502648587
4122,"oxazole, 4-carboxy-2,5-diphenyl- (+1 -> +0)",-1.32,-1.3112703894552897,0.008729610544710331
4123,"oxazole, 4-carboxy-2,5-diphenyl- (+0 -> -1)",3.4,3.92317007024916,0.5231700702491602
4124,"oxazole, 4-carboxy-2-methyl- (+1 -> +0)",-0.66,-0.8528794268564432,0.19287942685644321
4125,"oxazole, 4-carboxy-2-methyl- (+0 -> -1)",3.59,3.695598978916294,0.10559897891629433
4126,"oxazole, 5-carboxy-4-methyl- (+1 -> +0)",-0.72,-0.5921141341420135,0.12788586585798645
4127,"oxazole, 5-carboxy-4-methyl- (+0 -> -1)",2.88,3.2024275777855875,0.3224275777855876
4128,"oxazole, 2-carboxy-5-phenyl- (+1 -> +0)",-1.87,-2.24902408140885,0.3790240814088497
4129,"oxazole, 2-carboxy-5-phenyl- (+0 -> -1)",1.78,2.4005488799350445,0.6205488799350445
4130,"oxazole, 2,4-dimethyl- (+1 -> +0)",2.86,2.968822945909544,0.108822945909544
4131,"oxazole, 4,5-dimethyl- (+1 -> +0)",2.05,1.7645169251157844,0.2854830748842154
4132,"oxazole, 2,4-dimethyl-5-p-nitrophenyl- (+1 -> +0)",1.69,2.0359973107408607,0.3459973107408607
4133,"oxazole, 2,4-dimethyl-5-phenyl- (+1 -> +0)",2.4,2.5286727816505623,0.1286727816505624
4134,"oxazole, 5-methoxycarbonyl-4-methyl- (+1 -> +0)",-1.0,-0.6852362642048133,0.3147637357951867
4135,"oxazole, 5-p-methoxyphenyl- (+1 -> +0)",0.7,0.6673984587846675,0.03260154121533243
4136,"oxazole, 4-methyl- (+1 -> +0)",1.24,1.450451864866885,0.21045186486688494
4137,"oxazole, 4-methyl-5-p-nitrophenyl- (+1 -> +0)",0.39,0.6784993798260688,0.28849937982606877
4138,"oxazole, 4-methyl-5-phenyl- (+1 -> +0)",1.09,1.6300059671919787,0.5400059671919786
4139,"oxazole, 5-phenyl- (+1 -> +0)",0.26,0.6275899687382012,0.36758996873820116
4140,"oxazole, 2,4,5-trimethyl- (+1 -> +0)",3.51,3.6116974911594397,0.10169749115943993
4141,"pyrazole, 4-bromo- (+1 -> +0)",0.64,0.7747052382141391,0.13470523821413904
4142,"pyrazole, 4-bromo-1,3-dimethyl- (+1 -> +0)",0.87,1.4845797257372624,0.6145797257372624
4143,"pyrazole, 4-bromo-1,5-dimethyl- (+1 -> +0)",0.91,0.8293777321560434,0.08062226784395665
4144,"pyrazole, 4-bromo-3,5-dimethyl- (+1 -> +0)",2.3,2.073703789192691,0.226296210807309
4145,"pyrazole, 5-bromo-1,3-dimethyl- (+1 -> +0)",1.2,1.207687732830987,0.007687732830987004
4146,"pyrazole, 4-bromo-1-methyl- (+1 -> +0)",0.18,0.2038301969260008,0.023830196926000802
4147,"4-Bromo-1,3,5-trimethylpyrazole (+1 -> +0)",1.78,1.8777013598931482,0.09770135989314821
4148,"pyrazole, 3(5)-bromo-4-methyl- (+1 -> +0)",0.24,-0.19480609439784935,0.43480609439784934
4149,"pyrazole, 4-bromo-3(5)-methyl- (+1 -> +0)",1.46,1.6296534567196677,0.1696534567196677
4150,"pyrazole, 3(5)-bromo-5(3)-methyl- (+1 -> +0)",0.45,0.2605770894056203,0.1894229105943797
4151,"pyrazole, 3(5)-chloro- (+1 -> +0)",-0.48,-0.5313486858788821,0.05134868587888208
4152,"pyrazole, 4-chloro- (+1 -> +0)",0.6,0.6757245301701031,0.07572453017010317
4153,"pyrazole, 4-chloro-3,5-dimethyl- (+1 -> +0)",2.22,2.375293436550133,0.15529343655013284
4154,"pyrazole, 4-chloro-3(5)-ethyl- (+1 -> +0)",1.5,1.3598881716138562,0.14011182838614378
4155,"pyrazole, 3(5)-chloro-5(3)-methyl- (+1 -> +0)",0.3,0.1945367042642836,0.10546329573571639
4156,"pyrazole, 4-chloro-3(5)-methyl- (+1 -> +0)",1.42,1.1811162986901023,0.23888370130989767
4157,"pyrazole, 4-chloro-3(5)-phenyl- (+1 -> +0)",0.26,0.06674985345870077,0.19325014654129924
4158,"pyrazole, 1,4-dimethyl- (+1 -> +0)",2.48,2.880777352660127,0.40077735266012704
4159,"pyrazole, 1,5-dimethyl- (+1 -> +0)",2.89,3.0254409271807017,0.13544092718070155
4160,"pyrazole, 3(5),4-dimethyl- (+1 -> +0)",3.91,3.9023296327973194,0.007670367202680772
4161,"pyrazole, 3,4-dimethyl-1-(2,4-dinitro)phenyl- (+1 -> +0)",-0.1,-0.114085013521243,0.014085013521243
4162,"pyrazole, 3,5-dimethyl-1-(2,4-dinitro)phenyl- (+1 -> +0)",0.55,0.7712442088489899,0.22124420884898988
4163,"pyrazole, 4,5-dimethyl-1-(2,4-dinitro)phenyl- (+1 -> +0)",0.2,-0.054563323806952724,0.25456332380695273
4164,"pyrazole, 3,5-dimethyl-4-nitro- (+1 -> +0)",-0.46,-0.5777074210958384,0.11770742109583837
4165,"pyrazole, 3,4-dimethyl-1-(p-nitro)phenyl- (+1 -> +0)",0.51,-0.03268081961335323,0.5426808196133532
4166,"pyrazole, 3,5-dimethyl-1-(p-nitro)phenyl- (+1 -> +0)",1.5,1.6322240516705335,0.13222405167053353
4167,"pyrazole, 4,5-dimethyl-1-(p-nitro)phenyl- (+1 -> +0)",1.08,1.291149707836734,0.21114970783673392
4168,"pyrazole, 3(5),4-dimethyl-5(3)-phenyl- (+1 -> +0)",3.47,3.5198953908768793,0.04989539087687911
4169,"pyrazole, 1-ethyl- (+1 -> +0)",2.0,2.2526426734962826,0.25264267349628255
4170,"pyrazole, 3(5)-ethyl- (+1 -> +0)",3.3,3.3565255117964723,0.05652551179647247
4171,"pyrazole, 4-methyl- (+1 -> +0)",3.09,3.242425968761374,0.15242596876137426
4172,"pyrazole, 3-methyl-1-(2,4-dinitro)phenyl- (+1 -> +0)",-0.28,-0.21099738403728008,0.06900261596271995
4173,"pyrazole, 5-methyl-1-(2,4-dinitro)phenyl- (+1 -> +0)",-0.13,0.2004801919048873,0.3304801919048873
4174,"pyrazole, 3-methyl-1-(p-nitro)phenyl- (+1 -> +0)",0.14,0.6246569656744168,0.48465696567441674
4175,"pyrazole, 4-methyl-1-(p-nitro)phenyl- (+1 -> +0)",-0.16,0.004168434066883719,0.16416843406688372
4176,"pyrazole, 5-methyl-1-(p-nitro)pheny- (+1 -> +0)",0.62,0.6743664269508827,0.054366426950882674
4177,"pyrazole, 3(5)-methyl-5(3)-phenyl- (+1 -> +0)",2.92,2.6981105549661484,0.22188944503385155
4178,"pyrazole, 4-methyl-3(5)-phenyl- (+1 -> +0)",2.68,2.3929991159097384,0.2870008840902618
4179,"pyrazole, 1-(p-nitro)phenyl- (+1 -> +0)",-0.65,-0.26102652902508705,0.38897347097491297
4180,"pyrazole, 1-phenyl- (+1 -> +0)",0.44,1.07880877123372,0.63880877123372
4181,"pyrazole, 3(5)-phenyl- (+1 -> +0)",2.13,2.1308260620971993,0.000826062097199376
4182,"pyrazole, 1,3,4,5-tetramethyl- (+1 -> +0)",4.27,4.113387622738805,0.1566123772611947
4183,"pyrazole, 1,3,5-trimethyl- (+1 -> +0)",3.8,3.889302534585908,0.08930253458590798
4184,"pyrazole, 3,4,5-trimethyl- (+1 -> +0)",4.63,4.641627965387906,0.011627965387906336
4185,"pyrazole, 3,4,5-trimethyl-1-(p-nitro)phenyl- (+1 -> +0)",1.87,1.581795492487597,0.2882045075124031
4186,"pyrazole, 3,4,5-trimethyl-1-(2,4-dinitro)phenyl- (+1 -> +0)",0.7,0.8787005175932592,0.17870051759325922
4187,"indazole, 4,5,6,7-tetrahydro- (+1 -> +0)",4.01,3.8535276260617115,0.15647237393828828
4188,"indazole, 4,5,6,7-tetrahydro-3-methyl- (+1 -> +0)",4.65,4.358475636090129,0.291524363909871
4189,"1,2,3-Triazole, 4-formyl- (+0 -> -1)",6.63,6.181529540681189,0.4484704593188109
4190,"1,2,3-Triazole, 4-formyl-1-methyl- (+1 -> +0)",-0.59,-1.5751540144336884,0.9851540144336884
4191,"pyrimidine, 2,4,6-triamino-5-chloro- (+2 -> +1)",-0.35,-0.5611020537015037,0.2111020537015037
4192,"pyrimidine, 2,4,6-triamino-5-chloro- (+1 -> +0)",5.15,5.387539555914888,0.2375395559148874
4193,"pyrimidine, 2,4,6-triamino-5-bromo- (+2 -> +1)",-0.3,-0.2738202594192982,0.02617974058070177
4194,"pyrimidine, 2,4,6-triamino-5-bromo- (+1 -> +0)",5.17,5.120574534395438,0.04942546560456229
4195,"pyrimidine, 2,4,6-triamino-5-nitro- (+1 -> +0)",3.22,3.7475197634872117,0.5275197634872115
4196,"pyrimidine, 2,4,6-triamino-5-(p-chloro)phenyl- (+1 -> +0)",6.19,5.92343133001319,0.2665686699868104
4197,"benzimidazole, 5(6)-chloro- (+1 -> +0)",4.44,4.836547573750122,0.3965475737501212
4198,"benzimidazole, 5(6)-chloro- (+0 -> -1)",12.07,11.845701376457622,0.22429862354237784
4199,"benzimidazole, 4(7)-chloro- (+1 -> +0)",4.73,4.111696287684604,0.618303712315396
4200,"benzimidazole, 5(6)-bromo- (+1 -> +0)",4.89,4.655883547017772,0.23411645298222794
4201,"benzimidazole, 5(6)-bromo- (+0 -> -1)",12.02,11.937975650102299,0.08202434989770069
4202,"benzimidazole, 4(7)-bromo- (+1 -> +0)",4.7,4.119517074017605,0.5804829259823956
4203,"benzimidazole, 5(6)-methyl- (+1 -> +0)",5.78,5.743604870354043,0.036395129645956814
4204,"benzimidazole, 5(6)-methyl- (+0 -> -1)",13.0,12.93615915672964,0.06384084327035922
4205,"benzimidazole, 5(6)-trifluoromethyl- (+1 -> +0)",4.22,4.275197895659125,0.05519789565912525
4206,"benzimidazole, 5(6)-trifluoromethyl- (+0 -> -1)",11.72,11.247060695350928,0.4729393046490724
4207,"1,2,3-Triazolo(5',4'-4,5)pyrimidine, 2-amino- (+0 -> -1)",6.51,6.212780016361253,0.2972199836387466
4208,"1,2,3-Triazolo(5',4'-4,5)pyrimidine, 2-amino-6-hydroxy- (+1 -> +0)",1.04,0.7999549660086869,0.24004503399131316
4209,"1,2,3-Triazolo(5',4'-4,5)pyrimidine, 2-amino-6-hydroxy- (+0 -> -1)",6.59,6.542846362095932,0.04715363790406801
4210,"1,2,3-Triazolo(5',4'-4,5)pyrimidine, 2-amino-6-methyl- (+1 -> +0)",1.97,1.8249850828482712,0.14501491715172876
4211,"1,2,3-Triazolo(5',4'-4,5)pyrimidine, 2-amino-6-methyl- (+0 -> -1)",6.63,6.58959699415017,0.040403005849829476
4212,"1,2,3-Triazolo(5',4'-4,5)pyrimidine, 1,6-dihydro- (+1 -> +0)",5.6,5.949826569103427,0.3498265691034277
4213,"1,2,3-Triazolo(5',4'-4,5)pyrimidine, 1,6-dihydro- (+0 -> -1)",8.97,9.17295875454285,0.20295875454285017
4214,"1,2,3-Triazolo(5',4'-4,5)pyrimidine, 1,6-dihydro-2-methyl- (+1 -> +0)",6.16,6.356605759180222,0.19660575918022172
4215,"1,2,3-Triazolo(5',4'-4,5)pyrimidine, 1,6-dihydro-2-methyl- (+0 -> -1)",9.47,9.201119991185717,0.26888000881428376
4216,"1,2,3-Triazolo(5',4'-4,5)pyrimidine, 1',6-dimethyl- (+1 -> +0)",0.71,0.9542207979749566,0.24422079797495666
4217,"1,2,3-Triazolo(5',4'-4,5)pyrimidine, 2-hydroxy- (-1 -> -2)",10.21,10.323613668801617,0.11361366880161583
4218,"1,2,3-Triazolo(5',4'-4,5)pyrimidine, 2-hydroxy-6-methyl- (+1 -> +0)",0.51,0.6671205430901113,0.15712054309011125
4219,"1,2,3-Triazolo(5',4'-4,5)pyrimidine, 2-hydroxy-6-methyl- (+0 -> -1)",5.41,5.501516552950821,0.09151655295082062
4220,"1,2,3-Triazolo(5',4'-4,5)pyrimidine, 2-hydroxy-6-methyl- (-1 -> -2)",10.83,10.996943992678911,0.16694399267891136
4221,"1,2,3-Triazolo(5',4'-4,5)pyrimidine, 1'-methyl- (+1 -> +0)",0.32,0.22933709547200554,0.09066290452799447
4222,"1,2,3-Triazolo(5',4'-4,5)pyrimidine, 6-methyl- (+1 -> +0)",0.74,1.0894951884615969,0.3494951884615969
4223,"1,2,3-Triazolo(5',4'-4,5)pyrimidine, 6-methyl- (+0 -> -1)",5.12,5.17321071060288,0.05321071060287963
4224,"1,2,3-Triazolo(5',4'-4,5)pyrimidine, 6-methyl-2-methylthio- (+1 -> +0)",0.05,-0.13374857255347283,0.18374857255347282
4225,"1,2,3-Triazolo(5',4'-4,5)pyrimidine, 6-methyl-2-methylthio- (+0 -> -1)",5.45,5.405535961679919,0.044464038320080945
4226,"1,2,3-Triazolo(5',4'-4,5)pyrimidine, 2-methylthio- (+1 -> +0)",-0.19,-0.5974815349235643,0.40748153492356426
4227,"1,2,3-Triazolo(5',4'-4,5)pyrimidine, 2-methylthio- (+0 -> -1)",5.23,4.955516509396648,0.27448349060335264
4228,8-Azapurine (+0 -> -1),4.89,5.085615643620254,0.19561564362025408
4229,"purine, 6-hydroxy-3-methyl- (+1 -> +0)",2.61,2.597920810315042,0.012079189684957914
4230,"purine, 6-hydroxy-3-methyl- (+0 -> -1)",8.34,8.315749600905338,0.024250399094661645
4231,"purine, 6-hydroxy-7-methyl- (+1 -> +0)",2.12,2.407954964058529,0.28795496405852905
4232,"purine, 6-hydroxy-7-methyl- (+0 -> -1)",9.0,9.21455164933224,0.2145516493322397
4233,"purine, 3,6-dihydro-3-methyl-6-thio- (+1 -> +0)",1.69,1.9120563053271695,0.22205630532716958
4234,"purine, 3,6-dihydro-3-methyl-6-thio- (+0 -> -1)",7.51,7.862721356441103,0.35272135644110314
4235,"purine, 2-chloro- (+1 -> +0)",0.69,0.9311739594888202,0.24117395948882026
4236,"purine, 2-chloro- (+0 -> -1)",8.21,8.009126755440253,0.2008732445597481
4237,"purine, 6-chloro- (+1 -> +0)",0.45,0.3292935447420504,0.1207064552579496
4238,"purine, 6-chloro- (+0 -> -1)",7.88,7.853518478232171,0.026481521767828475
4239,"purine, 8-chloro- (+1 -> +0)",1.77,1.8830555055244877,0.11305550552448773
4240,"purine, 8-chloro- (+0 -> -1)",6.02,6.189849361434525,0.16984936143452511
4241,"purine, 2-chloro-9-methyl- (+1 -> +0)",0.65,1.1177643965160478,0.46776439651604773
4242,"purine, 6-chloro-9-methyl- (+1 -> +0)",0.2,0.19280447116539445,0.007195528834605558
4243,"purine, 8-chloro-9-methyl- (+1 -> +0)",2.0,2.0624639237743256,0.062463923774325636
4244,"purine, 2,6-dichloro- (+0 -> -1)",7.06,6.94426718318342,0.11573281681657921
4245,"purine, 2,6,8-trichloro- (+0 -> -1)",3.96,4.004897574511822,0.04489757451182186
4246,"4-Aminobenzoic acid, 2-chloro- (+1 -> +0)",1.426,1.2965244215190452,0.1294755784809547
4247,"4-Aminobenzoic acid, 2-chloro- (+0 -> -1)",3.927,3.879020551829516,0.04797944817048405
4248,"4-Aminobenzoic acid, 2-bromo- (+1 -> +0)",1.45,1.3380823293165873,0.11191767068341263
4249,"4-Aminobenzoic acid, 2-bromo- (+0 -> -1)",3.853,3.9772145668767998,0.12421456687679955
4250,"4-Aminobenzoic acid, 3-bromo- (+1 -> +0)",0.209,-0.04236408928138147,0.25136408928138143
4251,"4-Aminobenzoic acid, 3-bromo- (+0 -> -1)",4.316,4.603163406318586,0.2871634063185864
4252,"4-Aminobenzoic acid, 2,6-dichloro- (+1 -> +0)",0.764,1.0210301063940603,0.2570301063940603
4253,"4-Aminobenzoic acid, 2,6-dichloro- (+0 -> -1)",2.759,2.063615264168291,0.6953847358317087
4254,"4-Aminobenzoic acid, 2,6-dibromo- (+1 -> +0)",0.928,1.2535993482463654,0.3255993482463654
4255,"4-Aminobenzoic acid, 2,6-dibromo- (+0 -> -1)",2.75,2.4642692153421732,0.28573078465782675
4256,"4-Aminobenzoic acid, 2,6-dimethyl- (+1 -> +0)",2.488,3.336127757512336,0.8481277575123358
4257,"4-Aminobenzoic acid, 2,6-dimethyl- (+0 -> -1)",4.699,4.5062552645433165,0.19274473545668336
4258,"4-Aminobenzoic acid, 2-nitro- (+1 -> +0)",0.527,0.8890102304098866,0.36201023040988656
4259,"4-Aminobenzoic acid, 2-nitro- (+0 -> -1)",3.217,3.440075657116341,0.22307565711634103
4260,"4-Aminobenzoic acid, 2-methoxy- (+1 -> +0)",1.801,1.694508115811586,0.10649188418841393
4261,"4-Aminobenzoic acid, 2-methoxy- (+0 -> -1)",5.098,6.25680686505807,1.1588068650580698
4262,"purine, 8-mercapto-2,9-dimethyl- (+1 -> +0)",2.82,2.8998746595802807,0.07987465958028084
4263,"purine, 8-mercapto-2,9-dimethyl- (+0 -> -1)",7.66,7.98717034078069,0.32717034078068963
4264,"thiazolo[5,4-d]pyrimidine, 5-methyl-7-methylamino- (+1 -> +0)",3.66,3.2159452245557807,0.44405477544421945
4265,"purine, 2-hydroxy-8-methylthio- (+1 -> +0)",2.25,2.371773139263584,0.12177313926358391
4266,"purine, 2-hydroxy-8-methylthio- (+0 -> -1)",7.25,7.508804936940313,0.25880493694031337
4267,"purine, 2-hydroxy-8-methylthio- (-1 -> -2)",12.38,12.190199409581897,0.1898005904181037
4268,"purine, 2-hydroxy-6-methyl- (+1 -> +0)",2.24,2.3540896568832608,0.11408965688326056
4269,"purine, 2-hydroxy-6-methyl- (+0 -> -1)",8.9,8.799755533660646,0.10024446633935469
4270,"purine, 2-hydroxy-6-methyl- (-1 -> -2)",12.46,12.25745160795621,0.20254839204379138
4271,"purine, 2-amino-8-trifluoromethyl- (+1 -> +0)",2.54,2.7451524516559225,0.20515245165592244
4272,"purine, 2-amino-8-trifluoromethyl- (+0 -> -1)",6.19,6.466237625170044,0.2762376251700438
4273,"purine, 2-amino-8-methylthio- (+1 -> +0)",4.35,4.217789515425416,0.13221048457458373
4274,"purine, 2-amino-8-methylthio- (+0 -> -1)",8.53,8.972284809732297,0.442284809732298
4275,"purine, 8-methylsulphonyl- (+1 -> +0)",0.42,0.2555002248781415,0.16449977512185848
4276,"purine, 8-methylsulphonyl- (+0 -> -1)",4.9,4.914105083746665,0.014105083746664526
4277,"1H-Imidazo[4,5-c]pyridine, 6-chloro-1-methyl- (+1 -> +0)",2.46,2.619982755600681,0.15998275560068098
4278,"1H-Imidazo[4,5-c]pyridine, 2-mercapto-1-methyl- (+1 -> +0)",5.03,5.143370394920334,0.11337039492033352
4279,"1H-Imidazo[4,5-c]pyridine, 2-mercapto-1-methyl- (+0 -> -1)",8.81,9.136995592858373,0.3269955928583723
4280,"3H-Imidazo[4,5-c]pyridine, 6-chloro-3-methyl- (+1 -> +0)",2.74,2.882908150264983,0.14290815026498294
4281,"3H-Imidazo[4,5-b]pyridine, 3-methyl- (+1 -> +0)",3.94,3.8104286104206535,0.12957138957934644
4282,"3H-Imidazo[4,5-c]pyridine, 3-methyl- (+1 -> +0)",5.77,6.030644797522468,0.2606447975224686
4283,"3H-Imidazo[4,5-c]pyridine, 2-mercapto-3-methyl- (+1 -> +0)",5.05,4.972256938760512,0.07774306123948804
4284,"3H-Imidazo[4,5-c]pyridine, 2-mercapto-3-methyl- (+0 -> -1)",8.92,8.870349914718613,0.049650085281387035
4285,"3H-Imidazo[4,5-c]pyridine, 3-methyl-2-methylthio- (+1 -> +0)",6.28,6.486155943960421,0.2061559439604208
4286,"aniline, 3,5-dichloro- (+1 -> +0)",2.371,2.4947324618004867,0.12373246180048669
4287,"aniline, 4-fluoro-2-nitro- (+1 -> +0)",-0.34,-0.07670605382022355,0.2632939461797765
4288,"aniline, 4-fluoro-3-nitro- (+1 -> +0)",2.36,2.17095535459916,0.18904464540083987
4289,"aniline, 4-methoxy-2-nitro- (+1 -> +0)",0.77,0.4680423188247982,0.30195768117520183
4290,"aniline, 4-methyl-2-nitro- (+1 -> +0)",0.39,0.2868150724247247,0.10318492757527531
4291,"aniline, 2-nitro-4-phenyl- (+1 -> +0)",-0.88,-0.04518507242829717,0.8348149275717028
4292,"aniline, 5-methyl-2-nitro- (+1 -> +0)",-0.09,-0.2145629493716621,0.1245629493716621
4293,"aniline, 5-methoxy-2-nitro- (+1 -> +0)",-0.72,-0.37617808633568384,0.34382191366431614
4294,"aniline, 2-trifluoromethoxy- (+1 -> +0)",2.44,2.692278435450918,0.252278435450918
4295,"aniline, 3-trifluoromethoxy- (+1 -> +0)",3.25,3.069945694520527,0.180054305479473
4296,"aniline, 4-trifluoromethoxy- (+1 -> +0)",3.82,3.4683541298925578,0.3516458701074421
4297,"aniline, 3-trifluoromethylthio- (+1 -> +0)",3.3,3.6046738181556117,0.3046738181556119
4298,"aniline, 4-trifluoromethylthio- (+1 -> +0)",2.78,2.64614789075254,0.1338521092474596
4299,"pyridine, 2-amino-4-hydroxy- (+1 -> +0)",5.04,4.771845737467796,0.268154262532204
4300,"pyridine, 2-amino-4-hydroxy- (+0 -> -1)",10.69,10.717165632252023,0.027165632252023286
4301,"pyridine, 2-amino-6-hydroxy- (+1 -> +0)",2.32,1.8743571229033904,0.44564287709660944
4302,"pyridine, 2-amino-6-hydroxy- (+0 -> -1)",11.38,11.173040821417505,0.2069591785824958
4303,"pyridine, 3-amino-2-hydroxy- (+1 -> +0)",2.78,3.0448197856254344,0.2648197856254346
4304,"pyridine, 3-amino-2-hydroxy- (+0 -> -1)",12.57,12.003356990800324,0.5666430091996766
4305,"pyridine, 4-amino-2-hydroxy- (+1 -> +0)",2.65,2.994321213393615,0.3443212133936151
4306,"pyridine, 4-amino-2-hydroxy- (+0 -> -1)",13.54,12.906784541096595,0.633215458903404
4307,"pyridine, 5-amino-2-hydroxy- (+1 -> +0)",3.77,4.248231436449834,0.4782314364498341
4308,"pyridine, 5-amino-2-hydroxy- (+0 -> -1)",11.65,12.279932911349828,0.6299329113498278
4309,"pyridine, 2-amino-4-methoxy- (+1 -> +0)",7.62,7.242715285681214,0.37728471431878585
4310,"pyridine, 2-amino-6-methoxy- (+1 -> +0)",4.64,4.806869367194927,0.16686936719492707
4311,"pyridine, 3-amino-2-methoxy- (+1 -> +0)",3.35,3.3254534148528325,0.024546585147167566
4312,"pyridine, 3-amino-4-methoxy- (+1 -> +0)",7.3,7.356601500493755,0.05660150049375545
4313,"pyridine, 4-amino-2-methoxy- (+1 -> +0)",7.05,6.958592900944136,0.0914070990558642
4314,"pyridine, 5-amino-2-methoxy- (+1 -> +0)",4.28,3.93829447453969,0.3417055254603101
4315,"pyridine, 3,4-diamino-2-hydroxy- (+1 -> +0)",4.16,4.8715465264642575,0.7115465264642573
4316,"pyridine, 3,4-diamino-2-hydroxy- (+0 -> -1)",13.43,13.079747613338316,0.35025238666168335
4317,"pyridine, 3,4-diamino-2-methoxy- (+1 -> +0)",5.68,5.4853637589282895,0.19463624107171018
4318,"pyrimidine, 4-amino-2,6-dihydroxy- (+0 -> -1)",8.69,8.48320555881634,0.20679444118365886
4319,"pyrimidine, 5-amino-2,4-dihydroxy- (+1 -> +0)",3.2,3.5019764222152636,0.30197642221526344
4320,"pyrimidine, 5-amino-2,4-dihydroxy- (+0 -> -1)",9.52,9.305072170238287,0.21492782976171299
4321,"pyrimidine, 4,5-diamino-2,6-dihydroxy- (+1 -> +0)",4.56,4.950249802079489,0.3902498020794898
4322,"pyrimidine, 4,5-diamino-1,2,3,6-tetrahydro-1,3-dimethyl-2,6-dioxo- (+1 -> +0)",4.44,4.424321133084496,0.01567886691550413
4323,"thiazole, 2-ethyl- (+1 -> +0)",3.372,3.6096944236514537,0.23769442365145377
4324,"thiazole, 4-ethyl- (+1 -> +0)",3.204,2.807316474531321,0.39668352546867913
4325,"thiazole, 2-isopropyl- (+1 -> +0)",3.283,3.42101269510324,0.1380126951032401
4326,"thiazole, 4-ethyl-4,5-dihydro-2-methyl- (+1 -> +0)",5.301,5.166613412026982,0.13438658797301795
4327,"thiazole, 2-t-butyl-4,5-dihydro-5-methyl- (+1 -> +0)",5.027,5.272990996639585,0.245990996639585
4328,"pyrimidine, 5-amino-2-mercapto-4-methyl-6-methylamino- (+1 -> +0)",2.99,2.328340204162263,0.6616597958377373
4329,"pyrimidine, 5-amino-2-mercapto-4-methyl-6-methylamino- (+0 -> -1)",11.55,12.124238262720446,0.5742382627204456
4330,"pyrimidine, 5-amino-4-mercapto-2-methyl-6-methylamino- (+1 -> +0)",2.77,3.434941221314971,0.664941221314971
4331,"pyrimidine, 5-amino-4-mercapto-2-methyl-6-methylamino- (+0 -> -1)",10.49,9.64445757765662,0.8455424223433798
4332,"pyrimidine, 4-amino-6-methyl-5-methylamino- (+1 -> +0)",6.07,6.218675908831967,0.1486759088319669
4333,"pyrimidine, 5-amino-2-methyl-4-methylamino- (+1 -> +0)",7.4,7.6762370045248955,0.2762370045248952
4334,"pyrimidine, 5-amino-4-methyl-6-methylamino- (+1 -> +0)",6.77,6.658571532424421,0.11142846757557834
4335,"pyrimidine, 5-amino-2-methyl-4-methylamino-6-methylthio- (+1 -> +0)",5.97,6.263068729877232,0.2930687298772323
4336,"purine, 6,9-dimethyl- (+1 -> +0)",3.16,3.135782098176249,0.024217901823750942
4337,"purine, 6-dimethylamino-3-methyl- (+1 -> +0)",5.8,7.296849233188107,1.4968492331881071
4338,"purine, 2-piperidino- (+1 -> +0)",3.97,4.030128782268583,0.06012878226858254
4339,"purine, 2-piperidino- (+0 -> -1)",10.24,10.507127286279356,0.2671272862793561
4340,"purine, 6-piperidino- (+1 -> +0)",4.33,4.140545434072554,0.1894545659274458
4341,"purine, 6-piperidino- (+0 -> -1)",10.04,10.473267284731502,0.4332672847315031
4342,"pyrimidine, 1,2-dihydro-1-methyl-2-oxo-5-phenyl- (+1 -> +0)",2.01,1.90018739006599,0.10981260993400976
4343,"pyrimidine, 1,4-dihydro-1-methyl-4-oxo-5-phenyl- (+1 -> +0)",1.99,2.0744231654514955,0.08442316545149553
4344,"pyrimidine, 1,6-dihydro-1-methyl-6-oxo-5-phenyl- (+1 -> +0)",1.5,1.6643984431910885,0.16439844319108854
4345,"pyrimidine, 1,2-dihydro-1-methyl-5-p-nitrophenyl-2-oxo- (+1 -> +0)",1.53,1.4761644952478816,0.0538355047521184
4346,"pyrimidine, 1,4-dihydro-1-methyl-5-p-nitrophenyl-4-oxo- (+1 -> +0)",1.4,1.9339223886857084,0.5339223886857085
4347,"pyrimidine, 1,6-dihydro-1-methyl-5-p-nitrophenyl-6-oxo- (+1 -> +0)",1.25,1.572660904686809,0.32266090468680897
4348,"pyrimidine, 5-cyano-1,2-dihydro-1,4,6-trimethyl-2-methylimino- (+1 -> +0)",9.37,9.02946646265083,0.34053353734916847
4349,"aniline, 2-methyl-4-nitro- (+1 -> +0)",0.94,1.0323889337836851,0.09238893378368518
4350,"aniline, 2-methyl-5-nitro- (+1 -> +0)",2.32,2.498326032644375,0.17832603264437497
4351,"aniline, 6-methyl-2-nitro- (+1 -> +0)",-0.71,-0.21992684678011187,0.4900731532198881
4352,"Naphthalene, 1-amino-4,5-dimethyl- (+1 -> +0)",4.42,4.849143688417559,0.42914368841755923
4353,"Naphthalene, 2-amino-4,5-dimethyl- (+1 -> +0)",4.27,4.604423659327331,0.33442365932733153
4354,"Naphthalene, 1-amino-4-methyl- (+1 -> +0)",4.37,4.553041702501929,0.18304170250192886
4355,"Naphthalene, 2-amino-4-methyl- (+1 -> +0)",4.31,3.9387527848298953,0.3712472151701043
4356,"acenaphthene, 4-amino- (+1 -> +0)",4.5,4.731328907136913,0.23132890713691268
4357,"acenaphthene, 5-amino- (+1 -> +0)",4.58,4.456763784565449,0.12323621543455143
4358,"piperidine, 3,3-dimethyl- (+1 -> +0)",10.38,11.061804850298952,0.6818048502989509
4359,"piperidine, 1,3,3,5,5-pentamethyl- (+1 -> +0)",9.43,9.983433652269103,0.5534336522691028
4360,"piperidine, 3,3,5,5-tetramethyl- (+1 -> +0)",10.1,10.336082943091178,0.23608294309117817
4361,3-Azabicyclo[3.2.2]nonane (+1 -> +0),10.57,11.084929239255594,0.5149292392555935
4362,"3-Azabicyclo[3.2.2]nonane, N-methyl- (+1 -> +0)",10.24,10.11612467811705,0.12387532188295047
4363,"pyridine, 3-amino-1,4-dihydro-4-oxo- (+1 -> +0)",3.86,3.6869695215092193,0.17303047849078057
4364,"pyridine, 3-amino-1,4-dihydro-4-oxo- (+0 -> -1)",11.27,11.611206699973561,0.34120669997356146
4365,"pyridine, 1,4-dihydro-1-methyl-3-nitro-4-oxo- (+1 -> +0)",-0.8,-0.7330868545846396,0.06691314541536042
4366,"pyridine, 1,4-dihydro-3-nitro-4-oxo- (+1 -> +0)",-0.82,-0.5939919512920708,0.22600804870792912
4367,"pyridine, 1,4-dihydro-3-nitro-4-oxo- (+0 -> -1)",7.49,7.7749222676401395,0.2849222676401393
4368,"pyridine, 4-methoxy-3-nitro- (+1 -> +0)",2.63,2.4351344242740574,0.19486557572594254
4369,"pyridine, 2,3-diamino- (+2 -> +1)",-0.01,0.2675090080154634,0.2775090080154634
4370,"pyridine, 2,3-diamino- (+1 -> +0)",7.0,6.500423527134788,0.4995764728652121
4371,"pyridine, 3,4-diamino- (+2 -> +1)",0.49,-0.043445803806038796,0.5334458038060388
4372,"pyridine, 3,4-diamino- (+1 -> +0)",9.14,9.316572431664948,0.17657243166494752
4373,"pyridine, 2,3-diamino-6-chloro- (+2 -> +1)",-0.91,-0.3540104024870878,0.5559895975129122
4374,"pyridine, 2,3-diamino-6-chloro- (+1 -> +0)",3.02,3.0690773135392524,0.049077313539252376
4375,"pyridine, 4,5-diamino-2-chloro- (+2 -> +1)",-0.08,-0.1284221740983531,0.0484221740983531
4376,"pyridine, 4,5-diamino-2-chloro- (+1 -> +0)",4.79,4.556382468319013,0.23361753168098698
4377,"pyridine, 4-methylamino-3-nitro- (+1 -> +0)",5.19,4.830909156007439,0.3590908439925613
4378,"pyridine, 3,5-dimethyl-4-nitro- (+1 -> +0)",2.48,2.7952755947459975,0.31527559474599753
4379,"pyridine, 3-isopropyl-4-nitro- (+1 -> +0)",2.19,2.166643027385007,0.023356972614993143
4380,"pyridine, 3-methyl-4-nitro- (+1 -> +0)",2.2,1.8489663022781144,0.35103369772188575
4381,"pyridine, 2,3,5,6-tetramethyl-4-nitro- (+1 -> +0)",4.02,3.9344623708351065,0.08553762916489305
4382,"2-Imidazoline, 2-methyl- (+1 -> +0)",11.09,10.33625469957133,0.7537453004286707
4383,"2-Imidazoline, 2-phenyl- (+1 -> +0)",9.9,9.379998421745743,0.5200015782542575
4384,"2-Imidazoline, 1-methyl-2-phenyl- (+1 -> +0)",10.7,9.699490441964283,1.0005095580357164
4385,"2-Imidazoline, 2-(p-methoxyphenyl)- (+1 -> +0)",10.2,9.741619353234544,0.4583806467654554
4386,"2-Imidazoline, 2-ethyl- (+1 -> +0)",11.05,10.93203980217169,0.11796019782831024
4387,"imidazole, 1-(2-nitro)phenyl- (+1 -> +0)",5.08,5.358074167197774,0.278074167197774
4388,"imidazole, 1-(3-nitro)phenyl- (+1 -> +0)",5.07,4.871448433463956,0.198551566536044
4389,"imidazole, 1-(4-nitro)phenyl- (+1 -> +0)",4.9,4.945973236722277,0.04597323672227649
4390,"imidazole, 1-phenyl- (+1 -> +0)",5.83,5.492414021189652,0.33758597881034813
4391,"imidazole, 1-(2,4,6-trinitro)phenyl- (+1 -> +0)",2.7,3.7671344190767604,1.0671344190767602
4392,"imidazole, 2-methyl-1-(2-nitro)phenyl- (+1 -> +0)",6.17,6.241207331209079,0.07120733120907907
4393,"imidazole, 4-methyl-1-(2,4-dinitro)phenyl- (+1 -> +0)",4.84,4.711325806067778,0.12867419393222157
4394,"imidazole, 2-methyl-1-(2,4-dinitro)phenyl- (+1 -> +0)",5.38,5.337674127946491,0.04232587205350846
4395,"imidazole, 1-(2,4-dinitro)phenyl- (+1 -> +0)",4.3,3.940264724191864,0.359735275808136
4396,"imidazole, 2,4-dimethyl-1-(4-nitro)phenyl- (+1 -> +0)",6.6,6.320270352277112,0.27972964772288744
4397,"imidazole, 2,4-dimethyl-1-(2,4-dinitro)phenyl- (+1 -> +0)",5.9,5.81178493648084,0.08821506351916053
4398,"2-Imidazoline, 2-(2-pyridyl)- (+1 -> +0)",8.93,9.030007194533649,0.10000719453364937
4399,"imidazole, 1-t-butyl- (+1 -> +0)",7.3,7.247331291537911,0.05266870846208871
4400,"pyrazole, 3(5)-cyclopropyl- (+1 -> +0)",3.16,3.5625679350249104,0.4025679350249103
4401,"imidazole, 4-amino-3-methyl-5-(methylthio)carbonyl- (+1 -> +0)",3.08,3.4184955621282462,0.33849556212824616
4402,"imidazole, 4-amino-5-(methylthio)carbonyl- (+1 -> +0)",3.38,2.4165944324062307,0.9634055675937692
4403,"imidazole, 4-amino-5-(methylthio)carbonyl- (+0 -> -1)",10.45,10.243382559292309,0.2066174407076904
4404,"1,2,3-Triazole, 4-amino-5-C-imino-C-(methylthio)methyl-3-methyl- (+1 -> +0)",5.47,5.669735816699553,0.19973581669955287
4405,"1,2,3-Triazolo(5',4'-4,5)pyrimidine, 1'-methyl-6-methylthio- (+1 -> +0)",-0.78,0.04582073309515433,0.8258207330951544
4406,"imidazole, 2-amino-1-methyl- (+1 -> +0)",8.65,8.024593385367034,0.6254066146329667
4407,"imidazole, 2-amino-4,5-dimethyl- (+1 -> +0)",9.21,9.26437638877837,0.054376388778369034
4408,"imidazole, 5-carboxy-4-methyl- (+1 -> +0)",2.53,2.1331309733971597,0.39686902660284007
4409,"imidazole, 5-carboxy-4-methyl- (+0 -> -1)",7.01,6.635471595484926,0.37452840451507363
4410,"thiazole, 2-carboxy-4-methyl- (+0 -> -1)",3.18,2.973361757275227,0.20663824272477305
4411,"imidazole, 2-(2-pyridyl)- (+2 -> +1)",-0.7,-0.26793104796114875,0.4320689520388512
4412,"imidazole, 2-(2-pyridyl)- (+1 -> +0)",5.47,5.5778783086731085,0.10787830867310877
4413,"imidazolidine, 1-acetyl-2-imino- (+1 -> +0)",9.06,9.245203837168418,0.1852038371684177
4414,"imidazolidine, 3-methyl-2-methylimino-4-oxo- (+1 -> +0)",7.96,7.717450098261889,0.2425499017381112
4415,"guanidine, N-acetyl-N',N""-dimethyl- (+1 -> +0)",7.5,7.649550650410464,0.14955065041046378
4416,"oxazole, 5-p-chlorophenyl- (+1 -> +0)",0.16,0.3687789358044631,0.20877893580446308
4417,"oxazole, 5-p-nitrophenyl- (+1 -> +0)",-0.19,0.46573287024232446,0.6557328702423244
4418,"4H-1,3-Oxazine, 2,3,5,6-tetrahydro-3-methyl-2-phenylimino- (+1 -> +0)",9.08,9.576346321830325,0.496346321830325
4419,"4H-1,3-Oxazine, 5,6-dihydro-2-phenylamino- (+1 -> +0)",9.33,9.199048219626942,0.1309517803730582
4420,"4H-1,3-Oxazine, 5,6-dihydro-2-(N-methyl)phenylamino- (+1 -> +0)",10.71,10.684250008399689,0.025749991600312327
4421,"oxazolidine, 2-imino-3-methyl-4-oxo-5-phenyl- (+1 -> +0)",3.8,5.072511187920824,1.2725111879208244
4422,"oxazolidine, 3-methyl-2-phenylimino- (+1 -> +0)",7.22,6.295075957548349,0.9249240424516509
4423,"4H-1,3-Thiazine, 5,6-dihydro-2-(N-methyl)phenylamino- (+1 -> +0)",9.86,9.850432838592699,0.009567161407300517
4424,"4H-1,3-Thiazine, 5,6-dihydro-2-phenylamino- (+1 -> +0)",8.49,8.21546066336836,0.27453933663164065
4425,"4H-1,3-Thiazine, 2,3,5,6-tetrahydro-3-methyl-2-phenylimino- (+1 -> +0)",7.86,6.98607815321944,0.8739218467805605
4426,"thiazolidine, 2-imino-3-methyl-4-oxo-5-phenyl- (+1 -> +0)",4.07,4.540106083269811,0.47010608326981096
4427,"thiazolidine, 3-methyl-2-phenylimino- (+1 -> +0)",6.84,6.652971929312166,0.187028070687834
4428,"4,5-Tetramethyleneoxazole, 2-amino- (+1 -> +0)",5.78,5.357561170926598,0.42243882907340247
4429,"4,5-Tetramethyleneoxazole, 2,3-dihydro-3-methyl-2-methylimino- (+1 -> +0)",10.27,9.918912928853196,0.3510870711468037
4430,"4,5-Tetramethylenethiazole, 2-amino- (+1 -> +0)",6.11,5.830342208540464,0.2796577914595364
4431,"4,5-Tetramethyleneoxazole, 2-dimethylamino- (+1 -> +0)",5.9,6.422405499993988,0.5224054999939876
4432,"4,5-Tetramethylenethiazole, 2-dimethylamino- (+1 -> +0)",6.17,5.879859994191257,0.2901400058087429
4433,"pyrazole, 3-amino-1-phenyl- (+1 -> +0)",2.96,2.2744710109217747,0.6855289890782252
4434,"pyrazole, 4-amino-1-phenyl- (+1 -> +0)",4.8,4.225097841142687,0.5749021588573129
4435,"pyrazole, 5-amino-1-phenyl- (+1 -> +0)",3.14,3.1634649587764825,0.02346495877648236
4436,"pyrazole, 3-t-butyl-4,5-dihydro- (+1 -> +0)",5.35,4.360154322690049,0.9898456773099502
4437,"pyrazole, 3(5)-t-butyl- (+1 -> +0)",3.3,3.3826756771860564,0.08267567718605662
4438,"pyrazole, 3-t-butyl-1-(2,4-dinitro)phenyl- (+1 -> +0)",-0.6,-0.3211021156010805,0.2788978843989195
4439,"pyrazole, 4-bromo-3(5)-methyl-5(3)-phenyl- (+1 -> +0)",1.2,0.5002952197301784,0.6997047802698215
4440,"pyrazole, 4,5-dihydro- (+1 -> +0)",4.62,3.4540257401652488,1.1659742598347513
4441,"pyrazole, 4,5-dihydro-1,3-dimethyl- (+1 -> +0)",4.85,4.306426166182233,0.5435738338177662
4442,"pyrazole, 4,5-dihydro-1,5-dimethyl- (+1 -> +0)",3.56,3.7564961932524064,0.1964961932524063
4443,"pyrazole, 4,5-dihydro-1,3-dimethyl-5-phenyl- (+1 -> +0)",3.5,3.8631540242901474,0.3631540242901474
4444,"pyrazole, 4,5-dihydro-3-methyl- (+1 -> +0)",5.6,5.225097420488979,0.374902579511021
4445,"pyrazole, 4,5-dihydro-4-methyl- (+1 -> +0)",4.58,3.502139456834022,1.0778605431659782
4446,"pyrazole, 4,5-dihydro-5-methyl- (+1 -> +0)",4.3,3.4604080954335927,0.8395919045664071
4447,"pyrazole, 4,5-dihydro-3-methyl-5,5-pentamethylene- (+1 -> +0)",5.17,5.062998770771884,0.10700122922811595
4448,"pyrazole, 4,5-dihydro-3-methyl-4-phenyl- (+1 -> +0)",4.62,5.083556158366518,0.46355615836651776
4449,"pyrazole, 4,5-dihydro-3-methyl-5-phenyl- (+1 -> +0)",4.26,4.182644927423442,0.07735507257655794
4450,"pyrazole, 4,5-dihydro-5-methyl-3-phenyl- (+1 -> +0)",4.17,3.204981998341836,0.965018001658164
4451,"pyrazole, 4,5-dihydro-5,5-pentamethylene- (+1 -> +0)",4.16,3.6242474761664836,0.5357525238335166
4452,"pyrazole, 4,5-dihydro-1,3,5,5-tetramethyl- (+1 -> +0)",4.68,4.639297213952059,0.040702786047940975
4453,"pyrazole, 4,5-dihydro-5,5-tetramethylene- (+1 -> +0)",4.2,4.1494303117080475,0.05056968829195263
4454,"pyrazole, 4,5-dihydro-3,5,5-trimethyl- (+1 -> +0)",5.19,4.740308698943308,0.4496913010566921
4455,"pyrazole, 4-bromo-3(5)phenyl- (+1 -> +0)",0.3,0.3817375849478708,0.08173758494787081
4456,"pyrazole, N-t-butyl- (+1 -> +0)",2.0,2.586229711852445,0.5862297118524449
4457,"pyrazole, 2,3-dihydro-1,5-dimethyl-3-oxo- (+1 -> +0)",2.6,1.9314440623669462,0.6685559376330539
4458,"pyrazole, 2,3-dihydro-1,5-dimethyl-3-oxo- (+0 -> -1)",8.91,9.763013469105303,0.8530134691053028
4459,"pyrazole, 2,5-dihydro-1,3-dimethyl-5-oxo- (+1 -> +0)",2.35,1.729750838583012,0.620249161416988
4460,"pyrazole, 2,5-dihydro-1,3-dimethyl-5-oxo- (+0 -> -1)",7.94,8.80438533654929,0.8643853365492893
4461,"pyrazole, 2,5-dihydro-3,4-dimethyl-5-oxo-1-phenyl- (+1 -> +0)",1.39,1.522261094989478,0.13226109498947802
4462,"pyrazole, 2,5-dihydro-3,4-dimethyl-5-oxo-1-phenyl- (+0 -> -1)",7.38,9.185287572837993,1.805287572837993
4463,"pyrazole, 2,5-dihydro-1,2,3-trimethyl-5-oxo- (+1 -> +0)",2.22,2.2752022712371582,0.05520227123715804
4464,"pyrazole, 2,3-dihydro-1,4,5-trimethyl-3-oxo-2-phenyl- (+1 -> +0)",1.24,1.314726774114769,0.07472677411476902
4465,"thiazole, 4,5-dihydro-2,5-dimethyl- (+1 -> +0)",5.256,5.383690758732693,0.12769075873269298
4466,"pyridazine, 3-amino-6-chloro- (+1 -> +0)",3.85,3.577157224850165,0.27284277514983524
4467,"pyridazine, 3-amino-6-mercapto- (+1 -> +0)",-0.14,-0.40611892932256577,0.26611892932256576
4468,"pyridazine, 3-amino-6-mercapto- (+0 -> -1)",9.05,9.406863680768499,0.35686368076849817
4469,"pyridazine, 3-amino-6-methylthio- (+1 -> +0)",5.61,5.113616543725288,0.49638345627471203
4470,"pyridazine, 3-chloro-6-methylamino- (+1 -> +0)",4.01,3.6568231534114535,0.3531768465885463
4471,"pyridazine, 3-hydroxy-6-mercapto- (+0 -> -1)",3.32,3.5161933269179038,0.19619332691790392
4472,"pyridazine, 3-mercapto-6-methylamino- (+1 -> +0)",-0.04,-0.8739615872343123,0.8339615872343122
4473,"pyridazine, 3-mercapto-6-methylamino- (+0 -> -1)",9.46,9.539519738172462,0.07951973817246127
4474,"pyrimidine, 2-chloro-4,6-dimethyl- (+1 -> +0)",-0.68,-0.3752813925816252,0.30471860741837486
4475,"pyrimidine, 2-hydroxy-4,6-dimethyl- (+1 -> +0)",3.77,3.4484247579198,0.32157524208020005
4476,"pyrimidine, 2-hydroxy-4,6-dimethyl- (+0 -> -1)",10.5,10.016692583036896,0.483307416963104
4477,"pyrimidine, 4-hydroxy-2,6-dimethyl- (+1 -> +0)",3.01,2.628217342664424,0.3817826573355756
4478,"pyrimidine, 4-hydroxy-2,6-dimethyl- (+0 -> -1)",9.82,10.339457570322269,0.5194575703222686
4479,"1,3a,7-Triazaindene, 2-methyl- (+1 -> +0)",5.1,5.426850525810313,0.32685052581031293
4480,"1,3a,7-Triazaindene, 2,4,6-trimethyl- (+1 -> +0)",6.07,5.535096113357993,0.5349038866420077
4481,"pyrimidine, 2-benzamido- (+1 -> +0)",1.56,2.2658540265975056,0.7058540265975055
4482,"pyrimidine, 2-benzamido- (+0 -> -1)",11.2,11.545116820539963,0.34511682053996395
4483,"pyrimidine, 2-benzamido-1,4,5,6-tetrahydro- (+1 -> +0)",7.12,6.761671925743871,0.35832807425612945
4484,"purine, 2,9-dimethyl-6-methylthio- (+1 -> +0)",2.05,1.6178312429150905,0.4321687570849093
4485,"purine, 2,9-dimethyl-8-methylthio- (+1 -> +0)",3.78,3.5754427447418813,0.20455725525811852
4486,"purine, 6,7-dimethyl-2-methylthio- (+1 -> +0)",2.74,2.5751360675040473,0.16486393249595288
4487,"purine, 6,9-dimethyl-2-methylthio- (+1 -> +0)",2.6,2.8599669788863498,0.2599669788863497
4488,"pyrimidine, 4-chloro-2,3-dihydro-2-imino-3-methyl-6-methylamino- (+1 -> +0)",12.17,13.199575812054704,1.0295758120547038
4489,"pyrimidine, 4-chloro-3,6-dihydro-6-imino-3-methyl-2-methylamino- (+1 -> +0)",12.88,12.188156593749094,0.6918434062509071
4490,"pyrimidine, 4-chloro-6-dimethylamino-2,3-dihydro-2-imino-3-methyl- (+1 -> +0)",12.72,12.670217649724872,0.04978235027512845
4491,"pyrimidine, 1,2-dihydro-2-imino-1-methyl-4-methylamino- (+1 -> +0)",13.14,14.291085978728344,1.151085978728343
4492,"pyrimidine, 2-dimethylamino-1,4-dihydro-4-imino-1-methyl- (+1 -> +0)",13.51,13.846266538409747,0.3362665384097472
4493,"pyrimidine, 4-dimethylamino-1,2-dihydro-1-methyl-2-methylimino- (+1 -> +0)",13.85,13.616568336241375,0.23343166375862445
4494,"pyrimidine, 4-chloro-6-hydroxy-5-isopropyl- (+1 -> +0)",-0.91,-1.0275746990100743,0.11757469901007422
4495,"pyrimidine, 4-chloro-6-hydroxy-5-isopropyl- (+0 -> -1)",9.13,7.920477214585484,1.2095227854145172
4496,"pyrimidine, 4-chloro-6-hydroxy-5-methyl- (+1 -> +0)",-1.11,-1.1063947824570954,0.0036052175429046596
4497,"pyrimidine, 4-chloro-6-hydroxy-5-methyl- (+0 -> -1)",7.79,8.105227542455829,0.31522754245582885
4498,"pyrimidine, 4,6-dihydroxy-5-isopropyl- (+1 -> +0)",-0.59,-0.4319248411025356,0.15807515889746437
4499,"pyrimidine, 4,6-dihydroxy-5-isopropyl- (+0 -> -1)",5.42,6.367283589012562,0.9472835890125619
4500,"pyrimidine, 4,6-dihydroxy-5-methyl- (+1 -> +0)",-0.51,0.5356346802341232,1.0456346802341232
4501,"pyrimidine, 4,6-dihydroxy-5-methyl- (+0 -> -1)",6.03,6.263625165084928,0.23362516508492792
4502,"pyrimidine, 4-hydroxy-5-isopropyl-6-mercapto- (+1 -> +0)",-0.66,-1.3238421741204904,0.6638421741204904
4503,"pyrimidine, 4-hydroxy-5-isopropyl-6-mercapto- (+0 -> -1)",5.1,5.133170364379031,0.03317036437903109
4504,"pyrimidine, 4-hydroxy-5-isopropyl-6-mercapto- (-1 -> -2)",12.3,12.075632692096772,0.22436730790322912
4505,"pyrimidine, 4-hydroxy-6-mercapto-5-methyl- (+1 -> +0)",-1.16,-1.7250365719945693,0.5650365719945694
4506,"pyrimidine, 4-hydroxy-6-mercapto-5-methyl- (+0 -> -1)",4.97,4.739479759715645,0.23052024028435447
4507,"pyrimidine, 4-hydroxy-6-mercapto-5-methyl- (-1 -> -2)",11.74,11.756507223585228,0.016507223585227493
4508,"pyrimidine, 4-hydroxy-5-methyl-6-methylthio- (+1 -> +0)",-0.03,0.30596259845905927,0.3359625984590593
4509,"pyrimidine, 4-hydroxy-5-methyl-6-methylthio- (+0 -> -1)",9.12,8.889206746602053,0.23079325339794643
4510,"pyrimidine, 4-mercapto-6-methoxy-5-methyl- (+0 -> -1)",7.9,8.103523620525106,0.20352362052510564
4511,"pyrimidine, 4,6-diamino-2-hydroxy-5-methyl- (+1 -> +0)",6.66,6.701835014930431,0.04183501493043096
4512,"pyrimidine, 4,6-diamino-2-hydroxy-5-methyl- (+0 -> -1)",11.78,11.58385358395699,0.19614641604300864
4513,"pyrimidine, 4,6-diamino-2-mercapto- (+1 -> +0)",5.02,5.0136272172842595,0.006372782715740044
4514,"pyrimidine, 4,6-diamino-2-mercapto- (+0 -> -1)",10.53,9.662296718721517,0.867703281278482
4515,"pyrimidine, 4-amino-2,6-dihydroxy- (+1 -> +0)",0.8,0.2579313946530055,0.5420686053469945
4516,"pyrimidine, 4-amino-2,6-dihydroxy-5-methyl- (+1 -> +0)",0.02,0.4445193319692695,0.4245193319692695
4517,"pyrimidine, 4-amino-2,6-dihydroxy-5-methyl- (+0 -> -1)",9.22,8.491026311934656,0.728973688065345
4518,"pyrimidine, 4-amino-6-hydroxy-2,5-dimethyl- (+1 -> +0)",2.63,2.2052974828494376,0.4247025171505623
4519,"pyrimidine, 4-amino-6-hydroxy-2,5-dimethyl- (+0 -> -1)",11.41,11.72496423452382,0.3149642345238206
4520,"pyrimidine, 4-amino-6-hydroxy-2-mercapto- (+1 -> +0)",0.3,-0.13301735728460873,0.4330173572846087
4521,"pyrimidine, 4-amino-6-hydroxy-2-mercapto- (+0 -> -1)",7.25,7.200805646524649,0.04919435347535117
4522,"pyrimidine, 2-amino-5-carbamoyl- (+1 -> +0)",2.06,2.4876540695512865,0.4276540695512865
4523,"pyrimidine, 4-amino-5-carbamoyl- (+1 -> +0)",4.13,4.533818438464299,0.4038184384642989
4524,"pyrimidine, 4-amino-5-formyl-2,3-dihydro-2-imino-3-methyl- (+1 -> +0)",8.45,8.722363774685068,0.27236377468506845
4525,"pyrimidine, 4-amino-5-formyl-2,3-dihydro-3-methyl-2-methylimino- (+1 -> +0)",8.66,9.309627168615254,0.6496271686152539
4526,"pyrimidine, 5-carbamoyl-1,2-dihydro-2-imino-1-methyl- (+1 -> +0)",9.08,8.597142071501683,0.48285792849831743
4527,"pyrimidine, 5-cyano-2-methylamino- (+1 -> +0)",0.76,0.49509151866033374,0.26490848133966627
4528,"pyrimidine, 5-amino-4-methoxy- (+1 -> +0)",4.22,4.156216390079923,0.06378360992007703
4529,"pyrimidine, 5-bromo-1,2-dihydro-1-methyl-2-oxo- (+1 -> +0)",0.55,0.6761527546903094,0.1261527546903094
4530,"pyrimidine, 5-bromo-1,6-dihydro-1-methyl-6-oxo- (+1 -> +0)",0.14,0.7038575842352381,0.5638575842352381
4531,"pyrimidine, 1,2-dihydro-1,5-dimethyl-2-oxo- (+1 -> +0)",2.57,2.441045051167986,0.12895494883201364
4532,"pyrimidine, 1,2-dihydro-1,6-dimethyl-2-oxo- (+1 -> +0)",3.33,3.200270894215535,0.12972910578446495
4533,"pyrimidine, 1,4-dihydro-1,5-dimethyl-4-oxo- (+1 -> +0)",2.44,2.2824053761741068,0.15759462382589318
4534,"pyrimidine, 1,6-dihydro-1,5-dimethyl-6-oxo- (+1 -> +0)",2.2,2.0594394997883922,0.14056050021160793
4535,"pyrimidine, 1,2-dihydro-1-isopropyl-2-oxo- (+1 -> +0)",2.88,2.9410891973129125,0.061089197312912624
4536,"pyrimidine, 4-hydroxy-5-methyl- (+1 -> +0)",2.29,2.294564367203101,0.00456436720310105
4537,"pyrimidine, 4-hydroxy-5-methyl- (+0 -> -1)",9.17,9.246957831703902,0.07695783170390236
4538,"pyrimidine, 4-mercapto-2,6-dimethyl- (+1 -> +0)",1.8,2.040571949474576,0.24057194947457616
4539,"pyrimidine, 4-mercapto-2,6-dimethyl- (+0 -> -1)",8.18,8.06496945290866,0.1150305470913402
4540,"pyrimidine, 2-methoxy-5-methyl- (+1 -> +0)",1.67,1.522116414468968,0.14788358553103187
4541,"pyrimidine, 4-methoxy-5-methyl- (+1 -> +0)",3.57,3.7075887990451237,0.1375887990451239
4542,"pyrimidine, 4,5-diamino-6-carboxy- (+1 -> +0)",1.35,0.9615274482938023,0.38847255170619777
4543,"pyrimidine, 4,5-diamino-6-carboxy- (+0 -> -1)",7.79,6.825932813999947,0.9640671860000527
4544,"pyrimidine, 4-hydroxy-6-mercapto- (+0 -> -1)",4.33,4.597790171311576,0.26779017131157623
4545,"pyrimidine, 4-hydroxy-6-mercapto- (-1 -> -2)",10.52,11.409434972519529,0.8894349725195294
4546,"pyrimidine, 4-hydroxy-6-methylthio- (+1 -> +0)",-0.11,0.13888871216966603,0.24888871216966602
4547,"pyrimidine, 4-hydroxy-6-methylthio- (+0 -> -1)",8.52,8.629336843022745,0.10933684302274571
4548,"pyrimidine, 4-hydroxy-6-methoxy- (+1 -> +0)",-0.22,0.09703705194759404,0.317037051947594
4549,"pyrimidine, 4-hydroxy-6-methoxy- (+0 -> -1)",8.47,9.02124742225364,0.5512474222536401
4550,"pyrimidine, 4,6-dihydroxy-2-methyl- (+1 -> +0)",0.21,0.47886548309290333,0.26886548309290337
4551,"pyrimidine, 4,6-dihydroxy-2-methyl- (+0 -> -1)",6.35,6.514857934129089,0.16485793412908922
4552,"purine, 6-mercapto-9-methyl- (+1 -> +0)",1.42,1.7988081535553277,0.3788081535553278
4553,"purine, 6-mercapto-9-methyl- (+0 -> -1)",7.96,8.128075353360753,0.16807535336075308
4554,"pyrimidine, 2,4-diamino-5-(p-chlorophenyl)-6-methyl- (+1 -> +0)",7.26,7.129060212136558,0.13093978786344174
4555,"pyrimidine, 2,4-diamino-5,6-dimethyl- (+1 -> +0)",8.07,7.964039001602674,0.1059609983973262
4556,"pyrimidine, 2,4-diamino-5-formamido- (+1 -> +0)",6.03,6.004596332845974,0.02540366715402609
4557,"thiazole, 4,5-dihydro-2-isopropyl-5-methyl- (+1 -> +0)",5.164,5.598126346015672,0.4341263460156721
4558,"pyrimidine, 2,4-diamino-5-(p-chlorophenyl)-6-ethyl- (+1 -> +0)",7.34,7.233408687729731,0.10659131227026908
4559,"1,2,3-Triazole, 4-amino-3-methyl- (+1 -> +0)",2.27,2.687761308980953,0.4177613089809529
4560,"pyrimidine, 2-hydroxy-5-p-tolyl- (+1 -> +0)",1.96,1.7711911984933009,0.1888088015066991
4561,"pyrimidine, 2-hydroxy-5-p-tolyl- (+0 -> -1)",8.74,9.041764142868445,0.30176414286844455
4562,"purine, 2-acetamido-1,6-dihydro-1,8-dimethyl-6-oxo- (+1 -> +0)",2.35,2.7175345562368918,0.3675345562368917
4563,"purine, 2-acetamido-1,6-dihydro-1,8-dimethyl-6-oxo- (+0 -> -1)",9.2,9.1938520066799,0.0061479933200985215
4564,"purine, 2-acetamido-6-hydroxy-7,8-dimethyl- (+1 -> +0)",3.11,3.305573500924158,0.19557350092415815
4565,"purine, 2-acetamido-6-hydroxy-7,8-dimethyl- (+0 -> -1)",8.62,9.059414706383485,0.4394147063834861
4566,"purine, 2-acetamido-6-hydroxy-8,9-dimethyl- (+1 -> +0)",3.17,3.099428847623294,0.07057115237670608
4567,"purine, 2-acetamido-6-hydroxy-8,9-dimethyl- (+0 -> -1)",8.93,9.512966724057167,0.582966724057167
4568,"purine, 2-acetamido-6-hydroxy-8-methyl- (+1 -> +0)",3.12,2.721308302816211,0.3986916971837893
4569,"purine, 2-acetamido-6-hydroxy-8-methyl- (+0 -> -1)",8.62,8.695017638362163,0.07501763836216391
4570,"purine, 2-amino-1,6-dihydro-1,8-dimethyl-6-oxo- (+1 -> +0)",4.07,3.6688570165600005,0.40114298343999977
4571,"purine, 2-amino-1,6-dihydro-1,8-dimethyl-6-oxo- (+0 -> -1)",11.22,10.85586389873303,0.36413610126697016
4572,"purine, 2-amino-1,6-dihydro-1-methyl-6-oxo-8-trifluoromethyl- (+1 -> +0)",1.45,1.7227882497950455,0.27278824979504557
4573,"purine, 2-amino-1,6-dihydro-1-methyl-6-oxo-8-trifluoromethyl- (+0 -> -1)",6.87,6.757342403956058,0.11265759604394177
4574,"purine, 2-amino-6-hydroxy-7,8-dimethyl- (+1 -> +0)",4.4,4.489921631067973,0.08992163106797246
4575,"purine, 2-amino-6-hydroxy-7,8-dimethyl- (+0 -> -1)",9.9,9.875852324372726,0.024147675627274268
4576,"purine, 2-amino-6-hydroxy-8,9-dimethyl- (+1 -> +0)",4.11,4.387966110031655,0.27796611003165506
4577,"purine, 2-amino-6-hydroxy-8,9-dimethyl- (+0 -> -1)",9.95,9.921455111144256,0.02854488885574291
4578,"purine, 2-amino-6-hydroxy-8-methyl- (+1 -> +0)",4.03,4.058994236663533,0.02899423666353318
4579,"purine, 2-amino-6-hydroxy-8-methyl- (+0 -> -1)",9.7,9.330854584603788,0.36914541539621126
4580,"purine, 2-amino-6-hydroxy-8-methyl- (-1 -> -2)",13.0,12.729921500062384,0.27007849993761646
4581,"purine, 2-amino-6-hydroxy-7-methyl-8-trifluoromethyl- (+1 -> +0)",2.08,2.0114191797962624,0.06858082020373768
4582,"purine, 2-amino-6-hydroxy-7-methyl-8-trifluoromethyl- (+0 -> -1)",8.8,9.05678840921708,0.25678840921708
4583,"purine, 2-amino-6-hydroxy-9-methyl-8-trifluoromethyl- (+1 -> +0)",0.86,0.3113381955775436,0.5486618044224564
4584,"purine, 2-amino-6-hydroxy-9-methyl-8-trifluoromethyl- (+0 -> -1)",9.16,8.972934040465713,0.18706595953428717
4585,"purine, 2-amino-6-hydroxy-8-trifluoromethyl- (+1 -> +0)",1.23,0.7453481513068816,0.4846518486931184
4586,"purine, 2-amino-6-hydroxy-8-trifluoromethyl- (+0 -> -1)",6.52,6.8571201932123085,0.3371201932123089
4587,"purine, 2-amino-6-hydroxy-8-trifluoromethyl- (-1 -> -2)",11.5,11.221744395222583,0.2782556047774172
4588,"purine, 2-amino-6-hydroxy-1-methyl- (+1 -> +0)",3.13,3.486564593632462,0.35656459363246196
4589,"purine, 2-amino-6-hydroxy-1-methyl- (+0 -> -1)",10.54,10.169478503151677,0.3705214968483226
4590,"purine, 2-amino-6-hydroxy-7-methyl- (+1 -> +0)",3.5,3.6621419727121394,0.16214197271213937
4591,"purine, 2-amino-6-hydroxy-7-methyl- (+0 -> -1)",9.95,9.502474775141177,0.44752522485882196
4592,"purine, 6-amino-3-methyl- (+1 -> +0)",6.1,6.417835251313527,0.31783525131352697
4593,"purine, 6-amino-7-methyl- (+1 -> +0)",4.2,4.40759026378262,0.20759026378261947
4594,"Pyrazolo[3,4-b]pyrazine (+1 -> +0)",-0.64,-0.28861792044565693,0.3513820795543431
4595,"pyrazolo[3,4-b]pyrazine, 5,6-dimethyl- (+1 -> +0)",0.73,1.1278299750271819,0.39782997502718187
4596,"pyrazolo[3,4-b]pyrazine, 1-methyl- (+1 -> +0)",-0.45,-0.33627666467372563,0.11372333532627438
4597,"pyrazolo[3,4-b]pyrazine, 1,5,6-trimethyl- (+1 -> +0)",0.94,1.05695929262109,0.11695929262109006
4598,"1,2,3-Triazolo(5',4'-4,5)pyrimidine, 6-amino- (+1 -> +0)",2.65,2.671125653903643,0.021125653903643293
4599,"1,2,3-Triazolo(5',4'-4,5)pyrimidine, 6-amino- (+0 -> -1)",6.29,6.307408752936073,0.017408752936073135
4600,"1,2,3-Triazolo(5',4'-4,5)pyrimidine, 6-amino-3'-methyl- (+1 -> +0)",2.4,2.7662827672135712,0.36628276721357134
4601,"1,2,3-Triazolo(5',4'-4,5)pyrimidine, 6-hydroxy- (+0 -> -1)",5.19,5.236495883337344,0.04649588333734389
4602,"1,2,3-Triazolo(5',4'-4,5)pyrimidine, 6-hydroxy- (-1 -> -2)",10.83,10.465317472676343,0.3646825273236569
4603,"1,2,3-Triazolo(5',4'-4,5)pyrimidine, 6-mercapto- (+0 -> -1)",4.13,4.6246532314758015,0.49465323147580165
4604,"purine, 2-chloro-6,9-dimethyl- (+1 -> +0)",0.79,1.4548986421527808,0.6648986421527807
4605,"1,2,3-Triazolo(5',4'-4,5)pyrimidine, 6-hydroxy-2'-methyl- (+1 -> +0)",-0.6,-0.6895182337996459,0.08951823379964596
4606,"1,2,3-Triazolo(5',4'-4,5)pyrimidine, 6-hydroxy-2'-methyl- (+0 -> -1)",8.81,8.520713985792032,0.28928601420796873
4607,"1,2,3-Triazolo(5',4'-4,5)pyrimidine, 6-amino-2'-methyl- (+1 -> +0)",3.49,3.5927800307667823,0.1027800307667821
4608,"1,2,3-Triazolo(5',4'-4,5)pyrimidine, 6-amino-1'-methyl- (+1 -> +0)",2.75,2.4423245251264545,0.3076754748735455
4609,"purine, 2-methylamino- (+1 -> +0)",3.99,4.044366471101248,0.054366471101247704
4610,"purine, 2-methylamino- (+0 -> -1)",10.37,9.909479500660975,0.46052049933902417
4611,"1,4,6-Triazaindene (+1 -> +0)",4.24,4.327406672325679,0.08740667232567922
4612,"1,4,6-Triazaindene (+0 -> -1)",13.16,12.830964691700547,0.3290353082994528
4613,"imidazo[1,2-c]pyrimidine, 2,3-dihydro-1-methyl-5-oxo- (+1 -> +0)",7.01,6.0291147941485015,0.9808852058514983
4614,"imidazo[1,2-c]pyrimidine, 2,3-dihydro-6-methyl-5-oxo- (+1 -> +0)",8.08,7.821299578136892,0.25870042186310815
4615,"imidazo[1,2-c]pyrimidine, 2,3-dihydro-5-oxo- (+1 -> +0)",6.99,6.61801380612751,0.3719861938724902
4616,"imidazo[1,2-c]pyrimidine, 2,3-dihydro-5-oxo- (+0 -> -1)",12.6,12.204424725525048,0.3955752744749521
4617,"pyrimidino[1,2-c]pyrimidine, 1,2,3,4-tetrahydro-6-oxo- (+1 -> +0)",7.97,7.832434460007168,0.13756553999283216
4618,"imidazo[1,5-a]pyrazine, 8-amino- (+1 -> +0)",6.55,6.621515103074374,0.07151510307437459
4619,"imidazo[1,5-a]pyrazine, 8-amino-3-mercapto- (+1 -> +0)",5.66,5.343634177302686,0.31636582269731406
4620,"imidazo[1,5-a]pyrazine, 8-amino-3-mercapto- (+0 -> -1)",8.74,8.65146052964942,0.08853947035058063
4621,"pteridine, 3,4-dihydro- (+1 -> +0)",6.36,6.433753866663022,0.0737538666630213
4622,"pteridine, 3,4-dihydro-2-methyl- (+1 -> +0)",7.26,7.2444050123030745,0.015594987696925244
4623,"pteridine, 3,4-dihydro-6-methyl- (+1 -> +0)",6.66,6.601199773778582,0.05880022622141823
4624,"pteridine, 1,2,3,4-tetrahydro- (+2 -> +1)",0.1,0.43683572153115335,0.3368357215311534
4625,"pteridine, 1,2,3,4-tetrahydro- (+1 -> +0)",5.62,6.172496804051062,0.5524968040510618
4626,"1,4,6-Triazanaphthalene, 2,3-dimethyl- (+1 -> +0)",3.28,3.6918453853721322,0.41184538537213244
4627,"1,4,6-Triazanaphthalene, 2-hydroxy- (+1 -> +0)",3.75,3.947491948930007,0.19749194893000688
4628,"1,4,6-Triazanaphthalene, 2-hydroxy- (+0 -> -1)",7.91,7.7309584262795,0.17904157372050022
4629,"1,4,6-Triazanaphthalene, 3-hydroxy- (+0 -> -1)",7.33,8.092344166923832,0.7623441669238318
4630,"1,4,6-Triazanaphthalene, 3-methyl- (+1 -> +0)",2.82,2.892106894605952,0.07210689460595221
4631,"quinazoline, 4-carbamoyl- (+1 -> +0)",0.5,1.0175298398582955,0.5175298398582955
4632,"quinazoline, 4-carbamoyl-2,6-dimethyl- (+1 -> +0)",1.79,2.015253520564549,0.22525352056454917
4633,"quinazoline, 4-carbamoyl-6-fluoro-2-methyl- (+1 -> +0)",1.03,1.2250145852382053,0.19501458523820525
4634,"quinazoline, 4-carbamoyl-2-methyl- (+1 -> +0)",1.57,2.200042812705881,0.630042812705881
4635,"pyrazole, 2,3-dihydro-5-methyl-3-oxo-1-phenyl- (+1 -> +0)",1.79,1.9209931317865232,0.13099313178652316
4636,"pyrazole, 2,3-dihydro-5-methyl-3-oxo-1-phenyl- (+0 -> -1)",8.23,8.537722140000032,0.3077221400000312
4637,"pyrazole, 2,3-dihydro-2,5-dimethyl-3-oxo-1-phenyl- (+1 -> +0)",1.66,2.7180941829616385,1.0580941829616386
4638,"pyridine, 1,2-dihydro-6-methoxy-2-oxo- (+1 -> +0)",1.14,0.9881076176603463,0.15189238233965363
4639,"pyridine, 1,2-dihydro-6-methoxy-2-oxo- (+0 -> -1)",9.47,9.455360196121482,0.014639803878518265
4640,"pyridine, 1,2-dihydro-6-hydroxy-1-methyl-2-oxo- (+1 -> +0)",0.61,1.0072640178582866,0.3972640178582866
4641,"pyridine, 1,2-dihydro-6-hydroxy-1-methyl-2-oxo- (+0 -> -1)",4.62,4.867740912649528,0.2477409126495278
4642,"pyridine, 2,4-dicarboxy- (+0 -> -1)",2.17,2.073744907912256,0.09625509208774385
4643,"pyridine, 2,4-dicarboxy- (-1 -> -2)",5.17,5.738340451587738,0.5683404515877379
4644,"pyridine, 3,5-dibromo-1,2-dihydro-2-oxo- (+0 -> -1)",8.43,8.453770508299563,0.023770508299563176
4645,"pyridine, 3-bromo-1,2-dihydro-2-oxo- (+0 -> -1)",10.42,10.44793528496471,0.02793528496471076
4646,"pyridine, 5-bromo-1,2-dihydro-2-oxo- (+1 -> +0)",-0.06,-0.07971219272248131,0.019712192722481314
4647,"pyridine, 5-bromo-1,2-dihydro-2-oxo- (+0 -> -1)",10.03,9.74693956171284,0.2830604382871602
4648,"pyridine, 5-bromo-2-methoxy- (+1 -> +0)",1.45,1.2869645470405997,0.16303545295940025
4649,"pyridine, 3-chloro-1,2-dihydro-2-oxo- (+0 -> -1)",10.4,10.082499039521112,0.3175009604788883
4650,"pyridine, 5-chloro-2-methoxy- (+1 -> +0)",1.18,1.3861962750716472,0.20619627507164728
4651,"pyridine, 3,5-dichloro-1,2-dihydro-2-oxo- (+0 -> -1)",8.48,8.363803448371417,0.11619655162858322
4652,"pyridine, 6-chloro-1,2-dihydro-2-oxo- (+1 -> +0)",-0.18,-0.5383744297291368,0.35837442972913686
4653,"pyridine, 6-chloro-1,2-dihydro-2-oxo- (+0 -> -1)",7.51,7.650369817682233,0.14036981768223278
4654,"pyridine, 2-chloro-1,4-dihydro-1-methyl-4-oxo- (+1 -> +0)",2.27,2.2483066970450016,0.021693302954998384
4655,"pyridine, 6-chloro-1,2-dihydro-1-methyl-2-oxo- (+1 -> +0)",-0.33,-0.2957508872097181,0.03424911279028192
4656,"pyridine, 2-chloro-4-hydroxy- (+1 -> +0)",2.07,2.3591467416946372,0.2891467416946374
4657,"pyridine, 2-chloro-4-hydroxy- (+0 -> -1)",6.84,6.938180686093069,0.09818068609306874
4658,"pyridine, 2-chloro-4-methoxy- (+1 -> +0)",1.93,2.2717945003355418,0.3417945003355418
4659,"pyridine, 2-chloro-6-methoxy- (+1 -> +0)",-0.13,-0.4107525452604932,0.2807525452604932
4660,"pyridine, 3-benzoyl- (+1 -> +0)",3.18,3.0269801429210714,0.15301985707892873
4661,"pyridine, 4-benzoyl- (+1 -> +0)",3.35,3.4510628251549553,0.10106282515495524
4662,"pyridine, 3-bromo- (+1 -> +0)",2.85,2.7364031519347565,0.11359684806524362
4663,"pyridine, 3-bromo-5-methoxy- (+1 -> +0)",2.6,2.476079216039518,0.1239207839604819
4664,"aniline, 2,5-dibromo- (+1 -> +0)",1.44,1.439655832035175,0.00034416796482483747
4665,"aniline, 2,3-dichloro- (+1 -> +0)",1.71,1.938593108001907,0.22859310800190702
4666,"aniline, 3,4-dichloro- (+1 -> +0)",3.0,2.614597493384381,0.3854025066156188
4667,"aniline, 2-ethyl- (+1 -> +0)",4.3,4.753682786358226,0.45368278635822623
4668,"aniline, 4-ethyl- (+1 -> +0)",5.0,5.080756367828534,0.0807563678285339
4669,"aniline, 5-chloro-2-methoxy- (+1 -> +0)",3.56,3.2049558144851344,0.3550441855148656
4670,"aniline, 4-bromo-3-methyl- (+1 -> +0)",4.05,3.6687217891357236,0.38127821086427627
4671,"aniline, 2-bromo-5-nitro- (+1 -> +0)",0.25,0.13427519900950635,0.11572480099049365
4672,"aniline, 4-bromo-3-nitro- (+1 -> +0)",0.7,1.8731174270884985,1.1731174270884985
4673,"aniline, 2-chloro-5-nitro- (+1 -> +0)",0.64,0.5111114117001128,0.12888858829988725
4674,"pyridine, 5-amino-2,4-dichloro- (+1 -> +0)",0.73,0.6566450105489121,0.07335498945108787
4675,"pyridine, 3-amino-4-methylamino- (+2 -> +1)",0.38,0.315599073826311,0.06440092617368898
4676,"pyridine, 3-amino-4-methylamino- (+1 -> +0)",9.57,9.58069648170013,0.010696481700129823
4677,"pyridine, 4-amino-3-methylamino- (+2 -> +1)",0.12,1.1515660411728037,1.0315660411728036
4678,"pyridine, 4-amino-3-methylamino- (+1 -> +0)",9.37,9.652518370840983,0.2825183708409842
4679,"pyridine, 4-amino-3-nitro- (+1 -> +0)",5.04,4.792429777905272,0.247570222094728
4680,"imidazole, 4-phenylcarbamoyl- (+1 -> +0)",3.75,2.8173241498267343,0.9326758501732657
4681,"imidazole, 4-phenylcarbamoyl- (+0 -> -1)",11.97,11.035381730928894,0.9346182690711071
4682,"pyridine, 2-(5-thiazolyl)- (+1 -> +0)",2.79,2.799827315952861,0.009827315952860793
4683,"pyrimidine, 2,4-dimethyl-6-methylthio- (+1 -> +0)",4.0,4.185298661446763,0.18529866144676266
4684,"pyrimidine, 4,6-dimethyl-2-methylthio- (+1 -> +0)",2.12,1.9512892336830703,0.16871076631692983
4685,"pyrimidine, 2-methoxy-4,6-dimethyl- (+1 -> +0)",2.7,2.648203566748257,0.05179643325174332
4686,"pyrimidine, 4-methoxy-2,6-dimethyl- (+1 -> +0)",4.71,4.647152815925129,0.06284718407487055
4687,"pyrimidine, 1,2-dihydro-2-imino-1-methyl-5-(4-nitrophenyl)- (+1 -> +0)",10.05,10.13243297704928,0.08243297704927954
4688,"pyrimidine, 1,2-dihydro-2-imino-1-methyl-5-phenyl- (+1 -> +0)",10.75,10.575243992270881,0.17475600772911903
4689,"pyrimidine, 1,2-dihydro-2-imino-1-methyl-5-(p-tolyl)- (+1 -> +0)",10.82,10.974268209427901,0.15426820942790087
4690,"pyrimidine, 1,2-dihydro-2-imino-5-methoxy-1-methyl- (+1 -> +0)",11.44,11.516847451094645,0.07684745109464508
4691,"pyrimidine, 4-mercapto-6-methoxy- (+0 -> -1)",7.51,7.486065323786553,0.023934676213446693
4692,"pyrimidine, 5-nitro- (+1 -> +0)",0.72,-0.07236957505625963,0.7923695750562596
4693,"thiazole, 4,5-dimethyl-2-methylthio- (+1 -> +0)",3.1,2.3759396558200576,0.7240603441799425
4694,"thiazole, 4-methyl-2-methylthio- (+1 -> +0)",2.5,2.3948818607734976,0.10511813922650237
4695,"thiazole, 5-methyl-2-methylthio- (+1 -> +0)",2.55,2.4600910756900998,0.08990892430990005
4696,"thiazole, 2-methylthio- (+1 -> +0)",1.92,1.3012925316164683,0.6187074683835316
4697,"1,2,4-Oxadiazole, 5-amino-3-phenyl- (+1 -> +0)",-0.25,-0.0017375275204845053,0.2482624724795155
4698,"1,2,4-Oxadiazole, 4,5-dihydro-5-imino-4-methyl-3-phenyl- (+1 -> +0)",5.95,6.090000089330888,0.14000008933088814
4699,"1,2,4-Oxadiazole, 4,5-dihydro-4-methyl-5-methylimino-3-phenyl- (+1 -> +0)",6.43,7.532327533074888,1.102327533074888
4700,"1,2,4-Oxadiazole, 5-dimethylamino-3-phenyl- (+1 -> +0)",-0.25,0.1389675218722175,0.3889675218722175
4701,"1,2,4-Oxadiazole, 5-methylamino-3-phenyl- (+1 -> +0)",-0.21,0.09127013053472055,0.3012701305347205
4702,"1,3,4-Oxadiazole, 2,3-dihydro-3-methyl-5-phenyl-2-phenylimino- (+1 -> +0)",4.08,4.5433356214213445,0.46333562142134443
4703,"1,3,4-Oxadiazole, 5-phenyl-2-phenylamino- (+1 -> +0)",1.0,1.214126688293411,0.21412668829341097
4704,"1,3,4-Oxadiazole, 5-phenyl-2-phenylamino- (+0 -> -1)",11.9,11.836736898543727,0.06326310145627367
4705,"1,3,4-Thiadiazole, 5-phenyl-2-phenylamino- (+1 -> +0)",1.79,2.067523091842519,0.2775230918425189
4706,"1,3,4-Thiadiazole, 5-phenyl-2-phenylamino- (+0 -> -1)",12.76,11.960246511065451,0.7997534889345488
4707,"1,3,4-Thiadiazole, 2,3-dihydro-3-methyl-5-phenyl-2-phenylimino- (+1 -> +0)",4.14,3.6783287534972686,0.46167124650273106
4708,"1,3,4-Thiadiazole, 2-phenylamino- (+1 -> +0)",1.76,1.634365494881803,0.12563450511819707
4709,"1,3,4-Thiadiazole, 2,3-dihydro-3-methyl-2-phenylimino- (+1 -> +0)",4.56,4.240113885952003,0.3198861140479963
4710,"1,3,4-Oxadiazole, 2-phenylamino- (+1 -> +0)",0.63,1.0236452903407018,0.39364529034070184
4711,"1,3,4-Oxadiazole, 2,3-dihydro-3-methyl-2-phenylimino- (+1 -> +0)",4.12,4.691765316709527,0.5717653167095271
4712,"1,2,3-Triazole, 4-amino-5-carbamoyl- (+1 -> +0)",-0.23,-0.34007261809028044,0.11007261809028043
4713,"1,2,3-Triazole, 4-amino-5-carbamoyl- (+0 -> -1)",7.81,7.739226387389994,0.07077361261000537
4714,"1,2,3-Triazole, 4-amino-5-carbamoyl-1-methyl- (+1 -> +0)",0.69,1.2093439118658074,0.5193439118658074
4715,"1,2,3-Triazole, 4-amino-5-carbamoyl-2-methyl- (+1 -> +0)",0.1,-1.113849163044847,1.2138491630448471
4716,"1,2,3-Triazole, 4-amino-5-carboxy-2-methyl- (+1 -> +0)",-0.28,-2.131014646907678,1.851014646907678
4717,"1,2,3-Triazole, 4-amino-5-carboxy-2-methyl- (+0 -> -1)",3.81,3.9060819085218164,0.0960819085218163
4718,"thiazole, 2-(2-pyridyl)- (+1 -> +0)",2.17,2.671306134993019,0.501306134993019
4719,"thiazole, 4-(2-pyridyl)- (+1 -> +0)",4.105,4.259266478321543,0.15426647832154217
4720,Quinoline-4-aldoxime (+1 -> +0),4.52,4.468485141466437,0.051514858533562524
4721,Quinoline-4-aldoxime (+0 -> -1),10.46,10.302662237513335,0.15733776248666587
4722,"cinnoline, 5,6,7,8-tetrahydro- (+1 -> +0)",4.3,3.9951694760835927,0.3048305239164071
4723,"cinnoline, 5,6,7,8-tetrahydro-3,4-dimethyl- (+1 -> +0)",5.41,5.640789950420068,0.23078995042006767
4724,"cinnoline, 5,6,7,8-tetrahydro-3-methyl- (+1 -> +0)",4.96,5.020868177120579,0.06086817712057879
4725,"quinazoline, 3,4-dihydro-3-methyl-4-oxo- (+1 -> +0)",2.18,1.9350387594402703,0.2449612405597299
4726,"quinazoline, 3,4-dihydro-3-methyl-4-thio- (+1 -> +0)",1.22,1.2440564305350739,0.02405643053507389
4727,"quinazoline, 1,4-dihydro-1-methyl-4-oxo- (+1 -> +0)",3.15,3.0315506708594278,0.11844932914057216
4728,"quinazoline, 1,4-dihydro-1-methyl-4-thio- (+1 -> +0)",3.0,2.7037256170762394,0.2962743829237606
4729,"purine, 6-formyl- (+1 -> +0)",2.4,0.7444370924918218,1.6555629075081781
4730,"purine, 6-formyl- (+0 -> -1)",8.8,8.283313784442328,0.516686215557673
4731,Phenolindophenol (+1 -> +0),0.95,1.7325412684839172,0.7825412684839173
4732,Phenolindophenol (+0 -> -1),8.1,8.341067203090716,0.24106720309071683
4733,"ethane, 1-dimethylamino-2,2,2-trifluoro- (+1 -> +0)",4.75,5.3509813154431205,0.6009813154431205
4734,"prop-2-ene, 1-amino-2,3,3-trichloro- (+1 -> +0)",6.72,7.32360359184581,0.6036035918458103
4735,"cyclohexane, cis-1,3-diamino- (+1 -> +0)",10.3,10.402586022083586,0.10258602208358525
4736,"cyclohexane, cis-1,3-diamino- (+2 -> +1)",8.29,7.731693041550553,0.558306958449446
4737,"cyclohexane, trans-1,3-diamino- (+1 -> +0)",10.36,10.66166457495384,0.3016645749538398
4738,"cyclohexane, trans-1,3-diamino- (+2 -> +1)",8.54,9.007982879727852,0.46798287972785246
4739,"cyclohexane, cis-cis-1,3,5-triamino- (+1 -> +0)",10.4,9.18635357441358,1.21364642558642
4740,"cyclohexane, cis-cis-1,3,5-triamino- (+2 -> +1)",8.7,8.737714053467968,0.037714053467968967
4741,"cyclohexane, cis-cis-1,3,5-triamino- (+3 -> +2)",6.9,6.653250086274614,0.24674991372538635
4742,"bicyclo[1.1.1]pentane, 1-amino- (+1 -> +0)",8.58,7.977640558138542,0.6023594418614584
4743,"bicyclo[2.1.1]hexane, 1-amino- (+1 -> +0)",9.3,9.535191550772963,0.23519155077296183
4744,"bicyclo[2.2.1]heptane, 1-amino- (+1 -> +0)",10.2,9.956968357144238,0.24303164285576173
4745,"aniline, 2-fluoro-5-nitro- (+1 -> +0)",1.09,1.2656661792908706,0.17566617929087047
4746,"pyrimidine, 4-amino-5-carboxy-2-methyl- (+1 -> +0)",2.14,2.2464926770107985,0.10649267701079834
4747,"pyrimidine, 4-amino-5-carboxy-2-methyl- (+0 -> -1)",6.28,6.747421563907979,0.46742156390797884
4748,"pyrimidine, 4-amino-2,3-dihydro-3-methyl-2-oxo- (+1 -> +0)",7.49,7.477719649916477,0.012280350083523572
4749,"pyrimidine, 4-amino-2,6-dimethyl- (+1 -> +0)",6.97,7.281627859163024,0.31162785916302393
4750,"pyrimidine, 4-amino-2-methyl- (+1 -> +0)",6.53,6.928231588257679,0.398231588257679
4751,"pyridine, 2-amino-3-methyl-5-nitro- (+1 -> +0)",3.58,2.6936370406211525,0.8863629593788476
4752,"pyridine, 2-amino-5-methyl-3-nitro- (+1 -> +0)",2.98,3.1030316203638284,0.12303162036382842
4753,"pyridine, 3,5-dibromo- (+1 -> +0)",0.82,0.5145625775561147,0.3054374224438853
4754,"pyridine, 3,5-dichloro- (+1 -> +0)",0.67,1.208009752780069,0.538009752780069
4755,"pyridine, 3,5-dichloro-1,4-dihydro-4-oxo- (+0 -> -1)",7.68,7.6752988332389815,0.004701166761018172
4756,"pyridine, 2,6-dichloro-4-hydroxy- (+0 -> -1)",5.9,5.921797770248235,0.02179777024823437
4757,"pyridine, 2-methoxy-5,6-dimethyl- (+1 -> +0)",4.86,4.220592556240581,0.6394074437594197
4758,"pyridine, 2,3,5,6-tetrachloro-4-hydroxy- (+0 -> -1)",2.0,2.3589730764317522,0.35897307643175225
4759,"pyridine, 2-(2-thienyl)- (+1 -> +0)",3.79,3.70583050531312,0.08416949468688006
4760,"pyridine, 2,3,5-trichloro-1,4-dihydro-4-oxo- (+0 -> -1)",3.97,4.4244521355160735,0.45445213551607333
4761,"pyrrolidine, N-t-butyl- (+1 -> +0)",11.13,10.747212902830373,0.38278709716962744
4762,"imidazole, 4(5)-formyl- (+1 -> +0)",2.9,3.109028054858385,0.20902805485838494
4763,"imidazole, 4(5)-formyl- (+0 -> -1)",10.66,10.3772764804032,0.2827235195968001
4764,"pyrazole, 3-methoxy-5-methyl-1-phenyl- (+1 -> +0)",1.17,1.215584602974868,0.045584602974868105
4765,"pyridazine, 1,6-dihydro-3-hydroxy-1-methyl-6-oxo- (+0 -> -1)",5.46,6.529441547643657,1.069441547643657
4766,"pyridazine, 3-chloro-6-piperidino- (+1 -> +0)",3.51,3.3859455364513877,0.12405446354861205
4767,"pyrimidine, 2-acetamido-1,4,5,6-tetrahydro- (+1 -> +0)",8.34,8.315586593152727,0.024413406847273222
4768,"pyrimidine, 2-amino-4-chloro-3,6-dihydro-6-imino-3-methyl- (+1 -> +0)",11.88,11.93417514828408,0.0541751482840791
4769,"pyrimidine, 5-bromo-1,2-dihydro-2-imino-1-methyl- (+1 -> +0)",9.97,9.920356410948063,0.04964358905193755
4770,"pyrimidine, 5-bromo-2-t-butylamino- (+1 -> +0)",2.12,2.157116950413686,0.03711695041368568
4771,"pyrimidine, 5-bromo-4-t-butylamino- (+1 -> +0)",4.64,4.2042018503798,0.4357981496201999
4772,"pyrimidine, 5-bromo-1,2-dihydro-1-methyl-2-methylimino- (+1 -> +0)",10.62,10.536343527954063,0.08365647204593607
4773,"pyrimidine, 5-bromo-4-methylthio- (+1 -> +0)",1.02,0.6501937446406787,0.3698062553593213
4774,"pyrimidine, 5-chloro-1,2-dihydro-2-imino-1-methyl- (+1 -> +0)",10.19,9.90270705482041,0.2872929451795887
4775,"pyrimidine, 5-chloro-1,2-dihydro-2-imino-1,4,6-trimethyl- (+1 -> +0)",11.01,10.676379575221436,0.33362042477856413
4776,"pyrimidine, 5,6-diamino-1,4-dihydro-4-imino-1-methyl- (+1 -> +0)",12.11,11.979630603689902,0.13036939631009759
4777,"pyrimidine, 5-p-chlorophenyl-2-hydroxy- (+1 -> +0)",1.62,1.9718100038200888,0.35181000382008865
4778,"pyrimidine, 5-p-chlorophenyl-2-hydroxy- (+0 -> -1)",8.57,8.866589860319372,0.2965898603193722
4779,"pyrimidine, 2-methoxy- (+1 -> +0)",1.05,1.2099097437789945,0.15990974377899447
4780,"thiazolidine, 4-carboxy- (+1 -> +0)",1.65,1.725199823344374,0.07519982334437403
4781,"thiazolidine, 4-carboxy- (+0 -> -1)",6.08,5.284757819618799,0.7952421803812006
4782,"thiazolidine, 4-carboxy-5,5-dimethyl- (+1 -> +0)",1.58,2.172385137393836,0.592385137393836
4783,"thiazolidine, 4-carboxy-5,5-dimethyl- (+0 -> -1)",5.98,5.581901991668539,0.3980980083314618
4784,"quinoline, 5-bromo-8-hydroxy- (+1 -> +0)",3.67,3.538357699452799,0.13164230054720072
4785,"quinoline, 5-bromo-8-hydroxy- (+0 -> -1)",9.02,9.028643271879712,0.0086432718797127
4786,"quinoline, 5-chloro-8-hydroxy- (+1 -> +0)",3.56,3.273191509653973,0.28680849034602707
4787,"quinoline, 5-chloro-8-hydroxy- (+0 -> -1)",9.34,9.217171061603953,0.12282893839604725
4788,"quinoline, 8-hydroxy-5-iodo- (+1 -> +0)",3.48,4.015758949104227,0.5357589491042272
4789,"quinoline, 8-hydroxy-5-iodo- (+0 -> -1)",8.65,9.314836850139248,0.6648368501392472
4790,"furo[2,3-b]pyridine, 2,3-dihydro-6-hydroxy-4-methyl- (+1 -> +0)",1.95,1.6742089644477192,0.2757910355522808
4791,"furo[2,3-b]pyridine, 2,3-dihydro-6-hydroxy-4-methyl- (+0 -> -1)",8.92,9.208995910070588,0.28899591007058767
4792,"4,5-Tetramethylenethiazole, 2,3-dihydro-3-methyl-2-methylimino- (+1 -> +0)",10.0,9.12286383506536,0.8771361649346403
4793,"pteridine, 2,3,4,8-tetrahydro-2-imino-3,8-dimethyl-4-oxo- (+1 -> +0)",8.71,9.24009414976604,0.5300941497660396
4794,"pteridine, 2,3,4,8-tetrahydro-2-imino-3,6,7,8-tetramethyl-4-oxo- (+1 -> +0)",10.04,10.185662386042662,0.14566238604266246
4795,"purine, 6-hydroxy-2-methylamino- (+1 -> +0)",3.3,3.1719682610385105,0.12803173896148934
4796,"purine, 6-hydroxy-2-methylamino- (+0 -> -1)",8.9,9.58600784328102,0.6860078432810202
4797,"purine, 6-hydroxy-2-methylamino- (-1 -> -2)",12.8,12.239565246605672,0.560434753394329
4798,"2H,6H-1,5-Methanobenzo[b][1,5]diazocine, 3,4-dihydro- (+1 -> +0)",7.3,7.596011400675965,0.2960114006759653
4799,"2H,6H-1,5-Methanobenzo[b][1,5]diazocine, 3,4-dihydro-11-methyl- (+1 -> +0)",7.5,8.339480285920203,0.8394802859202031
4800,"5H-1,4-Methanobenzo[e][1,4]diazepine, 2,3-dihydro- (+1 -> +0)",7.3,7.0411970275919415,0.2588029724080583
4801,"1,10-Phenanthroline, 5-bromo- (+1 -> +0)",4.2,4.39467740234574,0.19467740234573938
4802,"hydrazine, (2,4-dimethyl)phenyl- (+1 -> +0)",5.72,5.574634201288506,0.14536579871149335
4803,"hydrazine, (3,4-dichloro)phenyl- (+1 -> +0)",4.8,4.5721681723215495,0.22783182767845034
4804,"hydrazine, (2,5-dichloro)phenyl- (+1 -> +0)",4.44,4.177352786539585,0.262647213460415
4805,"hydrazine, (2,4-dichloro)phenyl- (+1 -> +0)",4.3,4.285606418500761,0.014393581499239083
4806,"hydrazine, 1-(p-chlorophenyl)-1-methyl- (+1 -> +0)",4.64,4.630361760918003,0.00963823908199668
4807,"hydrazine, 1-(m-chlorophenyl)-1-methyl- (+1 -> +0)",4.43,4.653512729245907,0.2235127292459076
4808,"hydrazine, 1-(o-chlorophenyl)-1-methyl- (+1 -> +0)",4.78,5.407693056539507,0.6276930565395071
4809,"hydrazine, 1-(o-bromophenyl)-1-methyl- (+1 -> +0)",4.68,5.0969404963366705,0.41694049633667074
4810,"hydrazine, 1-(m-bromophenyl)-1-methyl- (+1 -> +0)",4.3,4.575797336287405,0.2757973362874049
4811,"hydrazine, 1-(p-bromophenyl)-1-methyl- (+1 -> +0)",4.62,4.572215564788188,0.047784435211812415
4812,"hydrazine, (3-bromo-4-methyl)phenyl- (+1 -> +0)",5.14,4.893164986890473,0.2468350131095267
4813,"hydrazine, (4-bromo-3-methyl)phenyl- (+1 -> +0)",5.2,5.191379827775816,0.008620172224183875
4814,"hydrazine, 1-(2,4-dibromo)phenyl-1-methyl- (+1 -> +0)",4.65,4.590459358335181,0.059540641664819205
4815,"hydrazine, 1-(p-methoxyphenyl)-1-methyl- (+1 -> +0)",5.6,5.881191978484274,0.2811919784842747
4816,"hydrazine, 1-methyl-1-(o-tolyl)- (+1 -> +0)",5.29,5.609597514874472,0.31959751487447186
4817,"hydrazine, 1-methyl-1-(m-tolyl)- (+1 -> +0)",5.09,4.91848492682244,0.17151507317755943
4818,"hydrazine, 1-methyl-1-(p-tolyl)- (+1 -> +0)",5.3,4.8935237011511195,0.40647629884888037
4819,"hydrazine, 1-methyl-1-phenyl- (+1 -> +0)",4.98,4.846321132686884,0.13367886731311618
4820,"hydrazine, 1-methyl-1-(2,4-dimethyl)phenyl- (+1 -> +0)",6.03,5.847888441056366,0.1821115589436344
4821,"hydrazine, 1-methyl-1-(2-nitro)phenyl- (+1 -> +0)",4.32,3.421692705621985,0.8983072943780153
4822,"hydrazine, 1-(2-bromo-4-methyl)phenyl-1-methyl- (+1 -> +0)",4.95,5.020780887676814,0.0707808876768139
4823,"hydrazine, 1-(3-bromo-4-methyl)phenyl-1-methyl- (+1 -> +0)",4.62,4.749034634840494,0.12903463484049382
4824,"1,2,3-Triazolo(5',4'-4,5)pyrimidine, 2-methyl- (+1 -> +0)",1.08,1.2378414903187593,0.15784149031875927
4825,"ethane, 1-amino-2-chloro- (+1 -> +0)",8.56,8.35869484780335,0.20130515219665135
4826,"ethane, 1-amino-2,2-dichloro- (+1 -> +0)",6.75,6.819141163116626,0.0691411631166261
4827,"cyclobutane, amino- (+1 -> +0)",10.04,10.439604692312054,0.39960469231205487
4828,"cyclopropane, trans-1-amino-2-(4-bromo)phenyl- (+1 -> +0)",8.13,8.097021477094055,0.03297852290594605
4829,"cyclopropane, trans-1-amino-2-(4-chloro)phenyl- (+1 -> +0)",8.11,7.986943554165741,0.12305644583425845
4830,"cyclopropane, trans-1-amino-2-(4-methyl)phenyl- (+1 -> +0)",8.33,8.63055532683746,0.30055532683745945
4831,"aniline, 5-cyano-3-nitro- (+1 -> +0)",0.47,0.6860879475479607,0.21608794754796068
4832,"phenol, 1,4,5-trichloro- (+0 -> -1)",7.794,7.877297957804117,0.08329795780411775
4833,"phenol, 2,4,6-trichloro- (+0 -> -1)",6.23,6.091520785917754,0.1384792140822464
4834,pentafluorophenol (+0 -> -1),5.23,5.069565996130475,0.16043400386952555
4835,"1,2-Benzenediol, tetrachloro- (+0 -> -1)",5.8,4.489270565798853,1.3107294342011464
4836,"1,2-Benzenediol, tetrachloro- (-1 -> -2)",10.1,9.982390367899997,0.11760963210000241
4837,"1,4-Benzenediol, 2,6-dichloro- (+0 -> -1)",7.3,7.23154338295464,0.06845661704535999
4838,"1,4-Benzenediol, 2,6-dichloro- (-1 -> -2)",9.99,10.634465515505184,0.6444655155051837
4839,"phenol, 2,3-dinitro- (+0 -> -1)",4.96,4.810485166802177,0.14951483319782266
4840,"phenol, 3,5-dichloro-2,4,6-trinitro- (+0 -> -1)",-0.7,-0.7915336932426342,0.09153369324263427
4841,"phenol, 3-chloro-2,4,6-trinitro- (+0 -> -1)",-0.2,0.2770961596861419,0.4770961596861419
4842,"phenol, 3-bromo-2,4,6-trinitro- (+0 -> -1)",-0.05,0.0823028714600289,0.1323028714600289
4843,"phenol, 3-iodo-2,4,6-trinitro- (+0 -> -1)",0.15,0.9149350414982305,0.7649350414982304
4844,"1,3-Benzenediol, 5-chloro-2,4,6-trinitro- (+0 -> -1)",1.13,0.7293572300154461,0.40064276998455384
4845,"phenol, 2,4-dibromo-6-nitro- (+0 -> -1)",4.708,4.788502281619423,0.08050228161942297
4846,"phenol, 2,6-dibromo-4-nitro- (+0 -> -1)",3.392,3.129788888903141,0.262211111096859
4847,"phenol, 2,6-dichloro-4-nitro- (+0 -> -1)",3.549,3.2583200632262965,0.2906799367737034
4848,"phenol, 2,6-diiodo-4-nitro- (+0 -> -1)",3.324,3.9682190459728863,0.6442190459728865
4849,"phenol, 2-chloro-4,6-dinitro- (+0 -> -1)",2.01,2.3924067616582043,0.38240676165820453
4850,"phenol, 2-bromo-4,6-dinitro- (+0 -> -1)",2.35,2.2511309831097615,0.09886901689023864
4851,"phenol, 4-bromo-2-chloro- (+0 -> -1)",7.64,7.639617061187698,0.00038293881230178073
4852,"phenol, 2-chloro-4-nitro- (+0 -> -1)",5.45,5.794827003489142,0.34482700348914186
4853,"phenol, 4-chloro-2-nitro- (+0 -> -1)",6.46,6.413316783474833,0.04668321652516738
4854,"phenol, 3-chloro-6-nitro- (+0 -> -1)",6.05,6.155549731081359,0.1055497310813589
4855,"phenol, 5-fluoro-2-nitro- (+0 -> -1)",6.07,6.388654051289258,0.3186540512892577
4856,"benzenethiol, 4-nitro- (+0 -> -1)",4.715,4.792132012795634,0.07713201279563453
4857,"1,3-Benzenediol, 5-methyl- (+0 -> -1)",9.48,9.523801819117207,0.043801819117206264
4858,"1,3-Benzenediol, 5-methyl- (-1 -> -2)",11.2,11.050170655862306,0.149829344137693
4859,"benzoic acid, 2,4-dichloro- (+0 -> -1)",2.68,2.783860691181941,0.10386069118194063
4860,"benzoic acid, 3,4-dichloro- (+0 -> -1)",3.64,3.7889578893333926,0.1489578893333925
4861,"benzoic acid, 2,5-dichloro- (+0 -> -1)",2.466,2.744942254006169,0.2789422540061688
4862,"benzoic acid, 2,6-dichloro- (+0 -> -1)",1.594,1.6848001485009085,0.09080014850090845
4863,"benzoic acid, 2,3-dichloro- (+0 -> -1)",2.67,2.606379702111922,0.06362029788807799
4864,"benzoic acid, 3,5-dichloro- (+0 -> -1)",3.54,3.2798317619605077,0.2601682380394923
4865,"benzoic acid, 3,5-dibromo-2-hydroxy- (+0 -> -1)",2.162,2.501843934812113,0.33984393481211317
4866,"benzoic acid, 2-hydroxy-3,5-dinitro- (+0 -> -1)",0.7,1.1679253710522293,0.4679253710522293
4867,"benzoic acid, 2-hydroxy-3,5-dinitro- (-1 -> -2)",7.6,6.644957384096186,0.9550426159038139
4868,"benzoic acid, 5-chloro-2-hydroxy- (+0 -> -1)",2.65,2.4913793083177636,0.15862069168223636
4869,"benzoic acid, 5-chloro-2-hydroxy- (-1 -> -2)",13.0,12.322707681843301,0.6772923181566988
4870,"benzoic acid, 5-bromo-2-hydroxy- (+0 -> -1)",2.66,2.6020419997207362,0.0579580002792639
4871,"benzoic acid, 5-bromo-2-hydroxy- (-1 -> -2)",12.8,12.189871784890098,0.6101282151099028
4872,"phenol, 2,6-dichloro-4-methyl- (+0 -> -1)",7.19,6.828523334871255,0.36147666512874554
4873,"phenol, 5-methyl-2-nitro- (+0 -> -1)",7.412,7.293703040376287,0.1182969596237129
4874,"phenol, 4-methyl-2-nitro- (+0 -> -1)",7.4,7.045788276229299,0.3542117237707014
4875,"benzoic acid, 2-amino-4-chloro- (+1 -> +0)",1.21,1.2640855151308719,0.0540855151308719
4876,"benzoic acid, 2-amino-4-chloro- (+0 -> -1)",4.44,4.4449443877929085,0.004944387792908067
4877,"benzoic acid, 2-amino-5-chloro- (+1 -> +0)",1.69,1.6152624851729858,0.07473751482701418
4878,"benzoic acid, 2-amino-5-chloro- (+0 -> -1)",4.35,4.095542566366748,0.25445743363325146
4879,"benzoic acid, 2-amino-4-bromo- (+1 -> +0)",1.24,1.5394610664517447,0.29946106645174475
4880,"benzoic acid, 2-amino-4-bromo- (+0 -> -1)",4.37,4.4786315329039015,0.10863153290390137
4881,"benzoic acid, 2-amino-5-bromo- (+1 -> +0)",1.6,1.2416924305591301,0.35830756944086994
4882,"benzoic acid, 2-amino-5-bromo- (+0 -> -1)",4.41,4.281269741574909,0.12873025842509112
4883,"benzoic acid, 2-amino-4-fluoro- (+1 -> +0)",1.42,1.3729043294335534,0.04709567056644648
4884,"benzoic acid, 2-amino-4-fluoro- (+0 -> -1)",4.6,4.380396297290231,0.2196037027097688
4885,"benzoic acid, 2-amino-5-fluoro- (+1 -> +0)",2.03,2.064703078505187,0.03470307850518717
4886,"benzoic acid, 2-amino-5-fluoro- (+0 -> -1)",4.82,4.564210589496763,0.25578941050323767
4887,"phenol, 4-chloro-3,5-dimethyl- (+0 -> -1)",9.706,9.352303333225985,0.3536966667740149
4888,"benzoic acid, 2-amino-4-methyl- (+1 -> +0)",2.35,2.490205942797253,0.14020594279725307
4889,"benzoic acid, 2-amino-4-methyl- (+0 -> -1)",5.07,4.620353335051418,0.44964666494858196
4890,"benzoic acid, 2-amino-5-methyl- (+1 -> +0)",2.48,2.3797219103543554,0.10027808964564455
4891,"benzoic acid, 2-amino-5-methyl- (+0 -> -1)",5.13,5.101385661189082,0.028614338810918127
4892,"benzoic acid, 2-amino-4-methoxy- (+1 -> +0)",2.06,1.9634246335608925,0.09657536643910758
4893,"benzoic acid, 2-amino-4-methoxy- (+0 -> -1)",4.88,5.072922913006698,0.19292291300669806
4894,"benzoic acid, 2-amino-5-methoxy- (+1 -> +0)",2.37,2.811276231271907,0.44127623127190674
4895,"benzoic acid, 2-amino-5-methoxy- (+0 -> -1)",5.57,5.117630378082127,0.45236962191787367
4896,"propynoic acid, 3-bromo- (+0 -> -1)",1.857,1.5758349693264542,0.2811650306735458
4897,"propanoic acid, 2-chloro- (+0 -> -1)",2.89,3.024074813463968,0.13407481346396777
4898,"propanoic acid, 2-bromo- (+0 -> -1)",3.01,3.016214812903068,0.006214812903068356
4899,"1,3,4-Oxadiazole-2(3H)-thione, 5-methyl- (+0 -> -1)",5.01,5.217595034456077,0.20759503445607752
4900,Butanedioic acid trans-Isomer (+0 -> -1),3.095,3.083656767208079,0.011343232791921398
4901,Butanedioic acid trans-Isomer (-1 -> -2),4.602,4.489755374865694,0.11224462513430655
4902,"pyrimidine-2,4-(1H,3H)-dione, 6-hydroxy- (+0 -> -1)",3.99,2.5688265661327305,1.4211734338672697
4903,"pyrimidin-2(1H)-one, 4-amino-5-nitro- (+0 -> -1)",7.43,6.519676397248696,0.910323602751304
4904,"pyrimidin-4(1H)-one, 2-amino-5-nitro- (+0 -> -1)",6.7,6.837551921441001,0.13755192144100103
4905,2-Pyrrolidinone (+0 -> -1),14.7,15.630309929706058,0.9303099297060591
4906,"phenol, 4-bromo-2,6-dichloro- (+0 -> -1)",6.21,5.601022450707208,0.608977549292792
4907,"pyridin-2(1H)-one, 6-chloro-4-methyl- (+1 -> +0)",0.2,-0.04138338360573002,0.24138338360573003
4908,"pyridin-2(1H)-one, 6-chloro-4-methyl- (+0 -> -1)",8.06,8.214016283777557,0.1540162837775565
4909,"benzenecarbonitrile, 2-hydroxy-5-nitro- (+0 -> -1)",4.1,3.707150712718316,0.3928492872816838
4910,"benzenecarbonitrile, 2-hydroxy-6-nitro- (+0 -> -1)",5.2,5.15063958457717,0.04936041542283043
4911,"benzoic acid, 2-nitro- (+0 -> -1)",2.17,2.4150237250149162,0.24502372501491632
4912,"1,3-Benzenediol, 5-methyl-2,4,6-trinitro- (+0 -> -1)",1.17,0.5148143911067828,0.6551856088932171
4913,"1,3-Benzenediol, 5-methyl-2,4,6-trinitro- (-1 -> -2)",5.04,5.238747805803177,0.19874780580317708
4914,"benzoic acid, 2-amino-5-hydroxy- (+1 -> +0)",2.72,2.7961736339337104,0.07617363393371024
4915,"benzoic acid, 2-amino-5-hydroxy- (+0 -> -1)",5.37,5.759801952390276,0.38980195239027626
4916,"phenol, 5-methoxy-2-nitro- (+0 -> -1)",7.09,7.235548158301334,0.1455481583013345
4917,"phenol, 4-methoxy-2-nitro- (+0 -> -1)",7.31,7.3896137103974295,0.07961371039742993
4918,"benzoic acid, 2-hydroxy-4-methyl- (+0 -> -1)",3.172,2.963984528388841,0.20801547161115908
4919,"benzoic acid, 2-hydroxy-5-methyl- (+0 -> -1)",2.9,3.218323586206999,0.3183235862069993
4920,"benzoic acid, 2-hydroxy-6-methyl- (+0 -> -1)",3.16,3.575858705142518,0.41585870514251777
4921,"benzoic acid, 3-cyano-6-hydroxy- (+0 -> -1)",2.38,2.607232308409854,0.22723230840985398
4922,"benzoic acid, 4-cyano-2-hydroxy- (+0 -> -1)",2.35,2.1623243049770267,0.18767569502297343
4923,"1,2-Benzenedicarboxylic acid, 3-bromo- (+0 -> -1)",2.27,3.025285793082719,0.7552857930827188
4924,"1,2-Benzenedicarboxylic acid, 3-bromo- (-1 -> -2)",4.35,4.077814101018747,0.27218589898125245
4925,"1,2-Benzenedicarboxylic acid, 3-chloro- (-1 -> -2)",4.49,4.04869646023,0.4413035397699998
4926,"1,2-Benzenedicarboxylic acid, 4-bromo- (+0 -> -1)",2.5,2.7086376193187807,0.20863761931878066
4927,"1,2-Benzenedicarboxylic acid, 4-bromo- (-1 -> -2)",4.6,5.107238253108384,0.5072382531083841
4928,"benzoic acid, 3-chloro-4-methyl- (+0 -> -1)",4.06,4.048303343961392,0.011696656038608033
4929,"benzoic acid, 4-chloro-3-methyl- (+0 -> -1)",4.07,4.154720868607824,0.0847208686078238
4930,"benzoic acid, 2-bromo-3-methyl- (+0 -> -1)",2.9,3.0858098418878335,0.18580984188783356
4931,"benzoic acid, 2-bromo-4-methyl- (+0 -> -1)",3.09,3.5465557025911636,0.45655570259116374
4932,"benzoic acid, 2-bromo-5-methyl- (+0 -> -1)",3.0,3.032490854150896,0.03249085415089592
4933,"benzoic acid, 2-chloro-3-methyl- (+0 -> -1)",3.0,3.014277849779094,0.014277849779094076
4934,"benzoic acid, 2-chloro-4-methyl- (+0 -> -1)",3.27,3.1041729357714685,0.16582706422853155
4935,"benzoic acid, 2-chloro-5-methyl- (+0 -> -1)",3.12,3.0395269082549197,0.08047309174508044
4936,"benzoic acid, 3-bromo-4-methyl- (+0 -> -1)",3.96,3.9431757649946695,0.01682423500533048
4937,"benzoic acid, 4-bromo-3-methyl- (+0 -> -1)",4.03,4.201934668512528,0.17193466851252737
4938,"benzoic acid, 2-iodo-3-methyl- (+0 -> -1)",2.92,2.7124201315108802,0.2075798684891197
4939,"benzoic acid, 2-iodo-4-methyl- (+0 -> -1)",3.2,2.873918609146086,0.32608139085391397
4940,"benzoic acid, 2-iodo-5-methyl- (+0 -> -1)",2.95,3.040449816128741,0.09044981612874103
4941,Methyl 3-chloro-4-hydroxybenzoate (+0 -> -1),6.73,6.663388146460051,0.0666118535399498
4942,"benzoic acid, 3-methyl-2-nitro- (+0 -> -1)",2.91,2.0927499939504015,0.8172500060495986
4943,"benzoic acid, 3-methyl-4-nitro- (+0 -> -1)",3.65,3.5247888082372105,0.1252111917627894
4944,"benzoic acid, 5-methyl-2-nitro- (+0 -> -1)",2.55,2.8417168490857936,0.29171684908579376
4945,"benzoic acid, 4-methyl-2-nitro- (+0 -> -1)",2.68,2.477790817164359,0.20220918283564115
4946,"benzoic acid, 4-methyl-3-nitro- (+0 -> -1)",3.62,3.5554360276124575,0.06456397238754263
4947,"phenol, 4-bromo-2,6-dimethyl- (+0 -> -1)",9.81,9.999190061813184,0.18919006181318387
4948,"phenol, 4-fluoro-2,6-dimethyl- (+0 -> -1)",10.46,10.350513495566938,0.10948650443306285
4949,"acetamide, N-(3-hydroxyphenyl)- (+0 -> -1)",9.49,9.431745085884572,0.05825491411542849
4950,"phenol, 3-dimethylamino- (+0 -> -1)",9.85,10.10185142894412,0.2518514289441196
4951,"phenol, 4-dimethylamino- (+0 -> -1)",10.22,10.268012726643295,0.04801272664329481
4952,"acetamide, N-(3-chloro-4-hydroxyphenyl)- (+0 -> -1)",8.2,8.193268433728319,0.006731566271680478
4953,"propynoic acid, 3-phenyl- (+0 -> -1)",2.23,1.9888659975744707,0.2411340024255293
4954,"1-Indanone, 5-hydroxy- (+0 -> -1)",7.53,7.825888286409654,0.2958882864096539
4955,"1-Indanone, 7-hydroxy- (+0 -> -1)",8.43,8.129120966414881,0.3008790335851188
4956,"acetophenone, 2-hydroxy-3-methyl- (+0 -> -1)",9.14,10.62199082068901,1.4819908206890098
4957,"benzaldehyde, 4-hydroxy-3,5-dimethyl- (+0 -> -1)",7.74,7.709518767774056,0.030481232225944233
4958,"benzoic acid, 2-hydroxy-3,6-dimethyl- (+0 -> -1)",3.23,3.3214028035229433,0.09140280352294328
4959,"benzoic acid, 2-hydroxy-3,6-dimethyl- (-1 -> -2)",12.32,12.499928106831558,0.17992810683155724
4960,"benzoic acid, 2-methoxy-3-methyl- (+0 -> -1)",3.84,3.733505221461132,0.10649477853886768
4961,"benzoic acid, 2-methoxy-4-methyl- (+0 -> -1)",4.38,4.179613246153568,0.20038675384643145
4962,"benzoic acid, 2-methoxy-5-methyl- (+0 -> -1)",4.2,4.913879939378169,0.7138799393781685
4963,"benzoic acid, 3-methoxy-4-methyl- (+0 -> -1)",4.13,4.105302519421013,0.02469748057898702
4964,"benzoic acid, 4-methoxy-3-methyl- (+0 -> -1)",4.35,4.6095516337308124,0.2595516337308128
4965,"benzoic acid, 2,3-dimethoxy- (+0 -> -1)",3.98,3.514423058765267,0.4655769412347328
4966,"benzoic acid, 2,4-dimethoxy- (+0 -> -1)",4.36,5.509198520400858,1.1491985204008577
4967,"benzoic acid, 3,4-dimethoxy- (+0 -> -1)",4.43,5.308918158208978,0.878918158208978
4968,"phenol, 2-isopropyl- (+0 -> -1)",10.47,10.062569573407355,0.4074304265926454
4969,"phenol, 4-isopropyl- (+0 -> -1)",10.24,10.132698632694897,0.10730136730510331
4970,"phenol, 3-isopropyl- (+0 -> -1)",10.16,10.260580901482175,0.10058090148217502
4971,"phenol, 2,3,5-trimethyl- (+0 -> -1)",10.71,10.893823172884627,0.18382317288462602
4972,"phenol, 2,4,5-trimethyl- (+0 -> -1)",10.57,10.810442045918006,0.24044204591800522
4973,"phenol, 4-methoxy-2,6-dimethyl- (+0 -> -1)",10.84,10.381292821484617,0.45870717851538245
4974,"benzenethiol, 2-isopropyl- (+0 -> -1)",7.02,7.020817839587632,0.0008178395876328182
4975,"propanedioic acid, diisopropyl- (+0 -> -1)",2.124,3.1436479803420916,1.0196479803420915
4976,"propanedioic acid, diisopropyl- (-1 -> -2)",8.848,7.304140132099349,1.543859867900652
4977,"benzoic acid, 2-hydroxy-3,6-dimethyl-5-nitro- (+0 -> -1)",2.78,3.072673408491158,0.2926734084911584
4978,"benzoic acid, 2-hydroxy-3,6-dimethyl-5-nitro- (-1 -> -2)",8.54,7.94800132204999,0.5919986779500093
4979,"phenol, 3-ethyl-5-methyl-2,4,6-trinitro- (+0 -> -1)",3.3,2.6838211880662968,0.616178811933703
4980,"phenol, 3-isopropyl-2,4,6-trinitro- (+0 -> -1)",3.4,1.310268639834856,2.089731360165144
4981,"butanoic acid, 2-cyano-2-isopropyl-3-methyl- (+0 -> -1)",2.556,2.944303781963974,0.3883037819639741
4982,"8-Quinolinol, 5,7-dichloro- (+1 -> +0)",2.89,2.3596392541134996,0.5303607458865005
4983,"8-Quinolinol, 5,7-dichloro- (+0 -> -1)",7.62,7.616145002978622,0.003854997021377926
4984,"2-Quinoxalinecarboxylic acid, 3-chloro- (+0 -> -1)",1.83,1.0732800464176036,0.7567199535823965
4985,"benzoic acid, 2,3,4-trimethyl- (+0 -> -1)",4.06,3.477678496670257,0.5823215033297426
4986,"benzoic acid, 2,3,5-trimethyl- (+0 -> -1)",4.01,3.955817490774911,0.054182509225088715
4987,"benzoic acid, 2,3,6-trimethyl- (+0 -> -1)",3.34,3.3442474835148532,0.0042474835148533785
4988,"benzoic acid, 2,4,5-trimethyl- (+0 -> -1)",4.38,4.219565312100357,0.16043468789964255
4989,"benzoic acid, 3,4,5-trimethyl- (+0 -> -1)",4.52,4.432666989303974,0.0873330106960255
4990,"benzoic acid, 2-hydroxy-3-isopropyl- (+0 -> -1)",2.76,2.5715293268494754,0.18847067315052435
4991,"phenol, 2-isopropyl-3-methyl- (+0 -> -1)",11.23,11.296705550871355,0.06670555087135455
4992,"phenol, 2-isopropyl-4-methyl- (+0 -> -1)",10.73,10.820903782607413,0.09090378260741261
4993,"phenol, 2-isopropyl-5-methyl- (+0 -> -1)",10.62,11.036689951076372,0.4166899510763731
4994,"phenol, 4-isopropyl-2-methyl- (+0 -> -1)",10.56,10.454923256579736,0.1050767434202644
4995,"phenol, 4-isopropyl-3-methyl- (+0 -> -1)",10.31,10.322704479825777,0.012704479825776716
4996,"1,4-Benzenediol, 2,3,5,6-tetramethyl- (+0 -> -1)",11.25,11.341762791129188,0.09176279112918806
4997,"1,4-Benzenediol, 2,3,5,6-tetramethyl- (-1 -> -2)",12.84,12.936491795887395,0.09649179588739543
4998,"1-Naphthol, 3-chloro- (+0 -> -1)",8.4,8.542964400789606,0.14296440078960515
4999,"2-Naphthol, 4-chloro- (+0 -> -1)",8.82,8.848375864849647,0.028375864849646604
5000,"1-Naphthol, 3-bromo- (+0 -> -1)",8.34,8.28383171070369,0.056168289296309126
5001,"2-Naphthol, 4-bromo- (+0 -> -1)",8.74,8.850955724293694,0.11095572429369405
5002,"1-Naphthol, 3-iodo- (+0 -> -1)",8.36,8.406831357595678,0.04683135759567847
5003,"2-Naphthol, 4-iodo- (+0 -> -1)",8.81,8.70986979600066,0.10013020399934014
5004,"1-Naphthol, 3-nitro- (+0 -> -1)",7.86,7.9079611606263285,0.04796116062632816
5005,"1-Naphthol, 4-nitro- (+0 -> -1)",5.73,5.427627447012139,0.3023725529878618
5006,"1-Naphthol, 3-amino- (+1 -> +0)",4.08,3.6820102151600897,0.3979897848399103
5007,"1-Naphthol, 3-amino- (+0 -> -1)",9.36,8.970256232206804,0.3897437677931954
5008,"2-Naphthol, 4-amino- (+1 -> +0)",3.45,3.470295795369781,0.020295795369780656
5009,"2-Naphthol, 4-amino- (+0 -> -1)",9.84,9.950710414303886,0.1107104143038864
5010,"3-Quinolinol, 2-methyl- (+1 -> +0)",5.61,4.734539217110342,0.8754607828896583
5011,"3-Quinolinol, 2-methyl- (+0 -> -1)",10.16,8.658622588861686,1.5013774111383142
5012,"phenol, 4-tert-butyl-2-chloro- (+0 -> -1)",8.58,8.605351576444708,0.025351576444707646
5013,"phenol, 4-chloro-5-methyl-2-isopropyl- (+0 -> -1)",9.98,10.35531485093168,0.37531485093168016
5014,"1-Naphthoic acid, 3-hydroxy- (+0 -> -1)",3.69,3.8153732223841885,0.12537322238418858
5015,"1-Naphthoic acid, 3-hydroxy- (-1 -> -2)",9.78,9.809482780004977,0.029482780004977727
5016,"2-Naphthoic acid, 4-hydroxy- (+0 -> -1)",4.25,4.230426107667125,0.01957389233287543
5017,"2-Naphthoic acid, 4-hydroxy- (-1 -> -2)",9.59,9.109432417189932,0.4805675828100675
5018,"1-Naphthol, 4-methyl- (+0 -> -1)",9.64,9.6863513394845,0.046351339484498766
5019,"benzo[b]furan-7-ol, 2,3,5-trimethyl- (+0 -> -1)",9.11,9.380611206061497,0.27061120606149736
5020,"phenol, 2-tert-butyl-4-methyl- (+0 -> -1)",11.72,11.330662987317464,0.38933701268253706
5021,"phenol, 2-tert-butyl-6-methyl- (+0 -> -1)",10.96,11.762484710173883,0.8024847101738821
5022,"phenol, 4-tert-butyl-2-methyl- (+0 -> -1)",10.59,10.27647176623481,0.3135282337651901
5023,"phenol, 5-isopropyl-2,4-dimethyl- (+0 -> -1)",10.76,10.826180474321117,0.06618047432111673
5024,"phenol, 2-isopropyl-4,6-dimethyl- (+0 -> -1)",11.18,10.866956347632236,0.31304365236776377
5025,"phenol, 4-isopropyl-2,6-dimethyl- (+0 -> -1)",10.9,10.94961075584688,0.049610755846879684
5026,"phenol, 2-isopropyl-4,5-dimethyl- (+0 -> -1)",10.79,11.083643617372946,0.29364361737294686
5027,"1-Naphthoic acid, 4-chloro- (+0 -> -1)",3.36,3.647505040570916,0.2875050405709163
5028,"1-Naphthoic acid, 4-bromo- (+0 -> -1)",3.37,3.510557324712231,0.1405573247122307
5029,"1-Naphthoic acid, 4-fluoro- (+0 -> -1)",3.7,4.012264092949514,0.31226409294951374
5030,"1-Naphthoic acid, 3-nitro- (+0 -> -1)",2.83,2.9614732509121957,0.13147325091219564
5031,"1-Naphthoic acid, 4-nitro- (+0 -> -1)",2.8,2.8657523539844076,0.06575235398440782
5032,"1-Naphthalenecarbonitrile, 4-hydroxy- (+0 -> -1)",7.08,6.847750790300218,0.23224920969978236
5033,"1-Naphthalenecarbonitrile, 3-hydroxy- (+0 -> -1)",8.41,8.503139463292804,0.09313946329280398
5034,"phenol, 2-tert-butyl-4,6-dimethyl- (+0 -> -1)",12.04,11.242917739682316,0.7970822603176835
5035,"phenol, 2,6-diisopropyl- (+0 -> -1)",11.1,11.482404445858581,0.38240444585858135
5036,hexobarbital (+0 -> -1),8.36,8.194342415291228,0.16565758470877157
5037,"pyrimidine-2,4,6(1H,3H,5H)-trione, 5-(1-cyclohexen-1-yl)-5-methyl- (+0 -> -1)",7.9,7.921361665250191,0.021361665250190676
5038,"pyrimidine-2,4(1H,3H)-dione, 5-mercapto- (+0 -> -1)",5.3,5.474084510783975,0.1740845107839748
5039,"pyrimidine-2,4(1H,3H)-dione, 5-mercapto- (-1 -> -2)",10.6,10.291814935743789,0.30818506425621095
5040,"Pteridine-2,6(1H,5H)-dione (+0 -> -1)",5.58,5.674817647708866,0.09481764770886603
5041,"Pteridine-2,6(1H,5H)-dione (-1 -> -2)",8.64,9.371069460610801,0.7310694606108008
5042,"Pteridine-4,6(1H,5H)-dione (+0 -> -1)",6.05,6.671336462998181,0.6213364629981815
5043,"Pteridine-4,6(1H,5H)-dione (-1 -> -2)",9.51,9.58087713439124,0.07087713439124066
5044,Pteridine-2(1H)-thione- (+0 -> -1),6.52,6.303457848833176,0.21654215116682352
5045,"4-Pyridinecarboxylic acid, 3-hydroxy- (+1 -> +0)",0.1,0.778801996170273,0.678801996170273
5046,"4-Pyridinecarboxylic acid, 3-hydroxy- (+0 -> -1)",4.83,4.529524757809972,0.30047524219002764
5047,"4-Pyridinecarboxylic acid, 3-hydroxy- (-1 -> -2)",11.3,11.454178422454756,0.15417842245475555
5048,"purine-2,6,8(1H,3H,7H)-trione, 1-methyl- (+0 -> -1)",5.75,5.536022996146475,0.21397700385352536
5049,"purine-2,6,8(1H,3H,7H)-trione, 1-methyl- (-1 -> -2)",10.6,10.528369390682972,0.0716306093170278
5050,"purine-2,6,8(1H,3H,7H)-trione, 7-methyl- (+0 -> -1)",5.5,5.399280588383775,0.10071941161622533
5051,"purine-2,6,8(1H,3H,7H)-trione, 7-methyl- (-1 -> -2)",10.3,10.525825299139253,0.22582529913925242
5052,2-Piperidinecarboxylic acid (+1 -> +0),2.29,2.1747860212734516,0.11521397872654848
5053,2-Piperidinecarboxylic acid (+0 -> -1),10.77,10.9391240962068,0.1691240962068008
5054,"purin-2(1H)-one, 8-trifluoromethyl- (+0 -> -1)",5.35,5.646906829805352,0.2969068298053523
5055,"purin-2(1H)-one, 8-trifluoromethyl- (-1 -> -2)",10.92,11.1366666829874,0.2166666829874
5056,"2-Pentynoic acid, 4,4-dimethyl- (+0 -> -1)",2.66,2.2730831670768543,0.3869168329231458
5057,"benzoic acid, pentafluoro- (+0 -> -1)",1.75,1.8314899011898307,0.08148990118983068
5058,"benzoic acid, 2,3,5,6-tetrafluoro- (+0 -> -1)",1.87,1.6250637793619234,0.24493622063807674
5059,"benzoic acid, 2,3,5,6-tetrafluoro-4-hydroxy- (+0 -> -1)",2.27,2.252378318806742,0.01762168119325791
5060,"benzoic acid, 2,3,5,6-tetrafluoro-4-hydroxy- (-1 -> -2)",5.17,5.683348375678665,0.5133483756786648
5061,"benzoic acid, 3,5-dichloro-4-hydroxy- (-1 -> -2)",5.97,5.702650340706356,0.26734965929364396
5062,"3,4-Pyridinedicarboxylic acid (+1 -> +0)",1.5,0.7457407233450537,0.7542592766549463
5063,"3,4-Pyridinedicarboxylic acid (+0 -> -1)",2.95,3.095323037648189,0.14532303764818888
5064,"3,4-Pyridinedicarboxylic acid (-1 -> -2)",5.07,4.356249717172929,0.7137502828270712
5065,"phenol, 3-methoxy-2,4,6-trinitro- (+0 -> -1)",0.37,0.9578027521827073,0.5878027521827073
5066,"pteridin-2(1H)-one, 4-methyl- (+0 -> -1)",8.2,8.43267752070582,0.23267752070582048
5067,"pteridin-2(1H)-one, 7-methyl- (+0 -> -1)",8.07,7.923955997448989,0.1460440025510117
5068,"benzoic acid, 2-amino-4-nitro- (+1 -> +0)",0.65,0.35734141572598066,0.29265858427401936
5069,"benzoic acid, 2-amino-4-nitro- (+0 -> -1)",3.7,3.501176713184601,0.19882328681539896
5070,"benzoic acid, 3-amino-5-nitro- (+1 -> +0)",1.55,1.3783396535291201,0.1716603464708799
5071,"benzoic acid, 3-amino-5-nitro- (+0 -> -1)",3.55,3.568386797460515,0.01838679746051497
5072,"phenol, 2-methyl-5-nitro- (+0 -> -1)",8.529,8.821698063392748,0.2926980633927485
5073,"benzenethiol, 3-methoxy- (+0 -> -1)",6.385,6.260476929850845,0.12452307014915487
5074,"benzenethiol, 4-methoxy- (+0 -> -1)",6.775,6.533888137053142,0.24111186294685805
5075,"2-Piperidinecarboxylic acid, 4-methyl- (+1 -> +0)",2.27,2.4881361128879647,0.21813611288796464
5076,"2-Piperidinecarboxylic acid, 4-methyl- (+0 -> -1)",10.74,10.487546815275262,0.25245318472473777
5077,"benzoic acid, 4-chloro-2,3,5,6-tetrafluoro- (+0 -> -1)",1.69,1.3904563335817413,0.2995436664182587
5078,"benzoic acid, 4-bromo-2,3,5,6-tetrafluoro- (+0 -> -1)",1.66,1.4117612853912105,0.24823871460878943
5079,"benzoic acid, 2,3,5,6-tetrafluoro-4-mercapto- (+0 -> -1)",1.67,1.783487463813226,0.11348746381322616
5080,"benzoic acid, 2,3,5,6-tetrafluoro-4-mercapto- (-1 -> -2)",3.36,3.014363361059889,0.3456366389401109
5081,"benzenecarbonitrile, 3,5-dichloro-4-hydroxy- (+0 -> -1)",4.38,4.221736782086558,0.15826321791344178
5082,"benzenecarbonitrile, 2-chloro-6-hydroxy- (+0 -> -1)",6.1,5.826232385325151,0.2737676146748482
5083,"benzenecarbonitrile, 3-chloro-6-hydroxy- (+0 -> -1)",6.4,5.890068133067665,0.5099318669323356
5084,"phenol, 4-chloro-3-methyl-2,6-dinitro- (+0 -> -1)",3.24,3.5354808060026484,0.29548080600264814
5085,"purin-2(1H)-one, 3,6-dihydro-1,3-dimethyl-6-thioxo- (+0 -> -1)",8.2,8.451582476049296,0.25158247604929684
5086,"purin-2(1H)-one, 3,6-dihydro-1,7-dimethyl-6-thioxo- (+0 -> -1)",7.5,7.63980634114277,0.13980634114277013
5087,"purin-2(1H)-one, 3,6-dihydro-1,9-dimethyl-6-thioxo- (+0 -> -1)",5.3,5.633070358362985,0.3330703583629848
5088,"purin-2(1H)-one, 3,6-dihydro-3,7-dimethyl-6-thioxo- (+0 -> -1)",8.8,8.552199455591754,0.24780054440824628
5089,"purin-2(1H)-one, 1-methyl-6-methylthio- (+1 -> +0)",2.5,1.8057264329728495,0.6942735670271505
5090,"purin-2(1H)-one, 1-methyl-6-methylthio- (+0 -> -1)",8.8,8.709433037652811,0.09056696234718942
5091,"purin-2(1H)-one, 7-methyl-6-methylthio- (+1 -> +0)",1.3,0.9424955500238701,0.35750444997612996
5092,"purin-2(1H)-one, 7-methyl-6-methylthio- (+0 -> -1)",8.7,8.887001804262827,0.18700180426282742
5093,"purin-2(1H)-one, 9-methyl-6-methylthio- (+1 -> +0)",1.7,2.025913492661661,0.3259134926616609
5094,"purin-2(1H)-one, 9-methyl-6-methylthio- (+0 -> -1)",6.3,7.782798088964039,1.4827980889640395
5095,"purin-2(3H)-one, 3-methyl-6-methylthio- (+1 -> +0)",1.4,1.3948995486701845,0.005100451329815403
5096,"purin-2(3H)-one, 3-methyl-6-methylthio- (+0 -> -1)",7.7,7.824473994613217,0.12447399461321673
5097,"purin-6(1H)-one, 1-methyl-2-methylthio- (+0 -> -1)",9.5,9.324305868806096,0.17569413119390376
5098,"purin-6(1H)-one, 7-methyl-2-methylthio- (+0 -> -1)",8.0,8.231009273146853,0.23100927314685293
5099,"purin-6(1H)-one, 9-methyl-2-methylthio- (+0 -> -1)",9.5,7.779002454629669,1.7209975453703308
5100,"purin-6(3H)-one, 3-methyl-2-methylthio- (+1 -> +0)",0.0,1.0926095581637831,1.0926095581637831
5101,"purin-6(3H)-one, 3-methyl-2-methylthio- (+0 -> -1)",8.7,8.903368476116585,0.20336847611658548
5102,Benzo[b]furan-4-ol (+0 -> -1),9.06,9.092712770207815,0.032712770207814046
5103,"benzoic acid, 3,4-methylenedioxy- (+0 -> -1)",4.5,4.4145917132903385,0.0854082867096615
5104,"benzoic acid, 3-hydroxy-4-methyl- (+0 -> -1)",4.32,4.663528883624355,0.3435288836243551
5105,"benzoic acid, 4-hydroxy-3-methyl- (+0 -> -1)",4.68,4.557900288998687,0.12209971100131245
5106,"benzoic acid, 2-hydroxy-4-methoxy- (+0 -> -1)",3.31,3.5104229431440688,0.20042294314406872
5107,"benzoic acid, 2,3,5,6-tetrafluoro-4-methyl- (+0 -> -1)",2.0,2.4317944587668006,0.43179445876680056
5108,"benzoic acid, 2,3,5,6-tetrafluoro-4-trifluoromethyl- (+0 -> -1)",1.44,1.4752782464140184,0.035278246414018444
5109,"1,2-Benzenedicarboxylic acid, 3-nitro- (+0 -> -1)",2.11,2.0366931589402473,0.0733068410597526
5110,"1,2-Benzenedicarboxylic acid, 3-nitro- (-1 -> -2)",4.48,3.18405890620725,1.2959410937927505
5111,"benzenecarbonitrile, 2-hydroxy-5-methoxy- (+0 -> -1)",7.4,7.259217423083011,0.14078257691698948
5112,"benzenecarbonitrile, 2-hydroxy-6-methoxy- (+0 -> -1)",6.6,6.62329652821774,0.023296528217739976
5113,"2-Pyridinecarboxylic acid, 4-methoxycarbonyl- (+0 -> -1)",3.71,3.7270660459189022,0.017066045918902262
5114,"2-Pyridinecarboxylic acid, 5-methoxycarbonyl- (+0 -> -1)",3.62,4.107475458856744,0.4874754588567436
5115,"2-Pyridinecarboxylic acid, 6-methoxycarbonyl- (+0 -> -1)",2.65,2.794212770238526,0.1442127702385263
5116,"purin-6(1H)-one, 2,8-bis(methylthio)-1-methyl- (+1 -> +0)",1.7,1.3850645202502632,0.3149354797497368
5117,"purin-6(1H)-one, 2,8-bis(methylthio)-1-methyl- (+0 -> -1)",8.2,8.223451056937488,0.023451056937489057
5118,"purin-6(1H)-one, 2,8-bis(methylthio)-9-methyl- (+1 -> +0)",2.5,1.4700064088038003,1.0299935911961997
5119,"purin-6(1H)-one, 2,8-bis(methylthio)-9-methyl- (+0 -> -1)",7.5,8.358628385841968,0.8586283858419677
5120,"purin-6(3H)-one, 2,8-bis(methylthio)-3-methyl- (+1 -> +0)",0.5,1.090216201617845,0.5902162016178449
5121,"purin-6(3H)-one, 2,8-bis(methylthio)-3-methyl- (+0 -> -1)",7.9,8.029226847914547,0.12922684791454664
5122,5-Indolecarbonitrile (+0 -> -1),15.24,14.928420133827782,0.31157986617221844
5123,"1,2-Benzenedicarboxylic acid 4-methoxy- (+0 -> -1)",2.67,2.814765669441723,0.14476566944172298
5124,"1,2-Benzenedicarboxylic acid 4-methoxy- (-1 -> -2)",5.16,5.765017831457626,0.6050178314576256
5125,1-phenyl-3-hydroxy-pyrazole (+0 -> -1),7.57,8.335280790016053,0.7652807900160532
5126,5-amino-3-methyl-1-phenyl-pyrazole (+1 -> +0),3.95,3.657676207809984,0.29232379219001636
5127,"quinazoline-2,4(1H,3H)-dione, 3-methyl- (+0 -> -1)",10.6,10.316000554594156,0.28399944540584343
5128,"cyclobutenedione, 3-hydroxy-4-phenyl- (+0 -> -1)",0.37,0.8735951475863741,0.5035951475863741
5129,"cyclobutenedione, 3-hydroxy-4-(p-hydroxyphenyl)- (+0 -> -1)",1.85,1.3023375010505172,0.5476624989494829
5130,"cyclobutenedione, 3-hydroxy-4-(p-hydroxyphenyl)- (-1 -> -2)",8.35,8.84570463462386,0.49570463462386094
5131,"2-Cyclobutenone, 2-hydroxy-3-phenyl- (+0 -> -1)",6.25,6.780195736734974,0.5301957367349743
5132,"1,2,3,4-Tetrahydronaphthalen-1-one, 6-hydroxy- (+0 -> -1)",7.74,8.11963659378949,0.3796365937894901
5133,"1,2,3,4-Tetrahydronaphthalen-1-one, 8-hydroxy- (+0 -> -1)",11.31,10.287044690232019,1.0229553097679815
5134,"2,3-Quinoxalinedicarboxylic acid (+0 -> -1)",1.62,2.8299641617131686,1.2099641617131685
5135,"2,3-Quinoxalinedicarboxylic acid (-1 -> -2)",3.64,2.0533646511817096,1.5866353488182905
5136,"3-Pyrazolecarboxylic acid, 1-phenyl- (+0 -> -1)",3.6,3.7887372535385317,0.18873725353853166
5137,"5-Pyrazolecarboxylic acid, 1-phenyl- (+0 -> -1)",2.7,2.9965418264231936,0.2965418264231934
5138,"ethanone, 1-(3-indolyl)- (+0 -> -1)",12.99,12.821970197672297,0.1680298023277036
5139,"3-Indolecarbaldehyde, 2-methyl- (+0 -> -1)",12.47,12.06886269852367,0.4011373014763304
5140,"isoxazol-5(2H)-one, 4-methyl-3-phenyl- (+0 -> -1)",4.73,5.647962184816107,0.9179621848161066
5141,"1,2,3,4-Tetrahydronaphthalen-1-one, 8-hydroxy-5-nitro- (+0 -> -1)",8.59,7.940975723952778,0.6490242760472222
5142,"1,2,3,4-Tetrahydronaphthalen-1-one, 8-hydroxy-7-nitro- (+0 -> -1)",7.95,7.832584856818362,0.11741514318163837
5143,"benzoic acid, 2-acetylamino-3-methyl- (+0 -> -1)",4.05,3.23833998168924,0.8116600183107598
5144,"benzoic acid, 2-acetylamino-5-methyl- (+0 -> -1)",3.73,4.008591673766872,0.27859167376687166
5145,"phenol, 3-tert-butyl-2,4,6-trinitro- (+0 -> -1)",1.59,3.0213724221794136,1.4313724221794135
5146,"cyclobutenedione, 3-hydroxy-4-(p-methoxyphenyl)- (+0 -> -1)",2.05,0.7749338462262187,1.275066153773781
5147,"pyridin-2(1H)-one, 6-chloro-4-phenyl- (+1 -> +0)",-0.1,-1.7121391419869747,1.6121391419869746
5148,"pyridin-2(1H)-one, 6-chloro-4-phenyl- (+0 -> -1)",7.32,8.439080142603782,1.1190801426037815
5149,"Biphenyl-2,2'-diol (+0 -> -1)",7.56,8.183619271629905,0.6236192716299049
5150,"Biphenyl-2,2'-diol (-1 -> -2)",11.8,12.949347422921367,1.149347422921366
5151,"biphenyl-3-ol, 4-chloro- (+0 -> -1)",8.07,9.161419966582105,1.0914199665821052
5152,"biphenyl-4-ol, 3-nitro- (+0 -> -1)",6.73,6.971154416158075,0.24115441615807498
5153,"biphenyl-3-ol, 4-nitro- (+0 -> -1)",6.74,6.751240719003055,0.011240719003054345
5154,3-Pyrrolidinecarboxylic acid (+1 -> +0),3.02,3.635969537556167,0.6159695375561669
5155,3-Pyrrolidinecarboxylic acid (+0 -> -1),8.96,11.101459836685276,2.141459836685275
5156,"phenol, 2,6-di-tert-butyl-4-nitro- (+0 -> -1)",6.65,6.589715241346531,0.06028475865346916
5157,"phenol, 4-bromo-2,6-di-tert-butyl- (+0 -> -1)",10.83,10.161195483454366,0.6688045165456344
5158,"phenol, 2,6-di-tert-butyl-4-methyl- (+0 -> -1)",12.23,11.669561057667048,0.5604389423329525
5159,"phenol, 2,6-di-tert-butyl-4-methoxy- (+0 -> -1)",12.15,12.354877041429635,0.2048770414296346
5160,"benzenecarbonitrile, 3,5-di-tert-butyl-4-hydroxy- (+0 -> -1)",8.7,8.55524088084696,0.14475911915303996
5161,"benzenecarboxamide, 3,5-di-tert-butyl-4-hydroxy- (+0 -> -1)",9.53,9.57029396313641,0.04029396313640987
5162,"acetophenone, 3,5-di-tert-butyl-4-hydroxy- (+0 -> -1)",8.68,9.029346069399423,0.3493460693994237
5163,"2,5-Pyrrolidinedione, 3,3-diphenyl- (+0 -> -1)",8.25,8.104813221955396,0.14518677804460367
5164,"phenol, 2,4,6-tri-tert-butyl- (+0 -> -1)",12.19,12.406351269655733,0.2163512696557337
5165,"cyclobutenedione, 3-hydroxy-4-methyl- (+0 -> -1)",0.24,0.7936576274456018,0.5536576274456018
5166,"2-Cyclopentenone, 2-hydroxy- (+0 -> -1)",9.14,8.560756813234924,0.5792431867650762
5167,"ethanol, 2,2-dichloro- (+0 -> -1)",12.89,13.287093366419189,0.39709336641918824
5168,"ethanol, 2-chloro- (+0 -> -1)",14.31,14.524987215527073,0.21498721552707245
5169,Isothiazol-3(2H)-one (+1 -> +0),0.33,-0.8458671155642179,1.175867115564218
5170,"1,3-Dithiacyclohexane-1,1,3,3-tetraoxide (+0 -> -1)",12.61,13.553259426796203,0.9432594267962031
5171,"2-Propanol, 1,1,1-trichloro-3,3,3-trifluoro-2-trifluoromethyl- (+0 -> -1)",5.1,5.1565978138883874,0.056597813888387805
5172,"2-Propanol, 1-chloro-1,1,3,3,3-pentafluoro-2-trifluoromethyl- (+0 -> -1)",5.3,4.9737786099905845,0.3262213900094153
5173,"pyrimidin-4(1H)-one, 6-chloro- (+0 -> -1)",7.43,7.365064992210884,0.06493500778911532
5174,"4H-Pyran-4-one, 3-hydroxy- (+0 -> -1)",7.99,7.759036235019823,0.230963764980177
5175,"furan-2(5H)-one, 3-hydroxy-4-methyl- (+0 -> -1)",7.77,8.05181585640219,0.28181585640219
5176,"1H-1,2,3-Triazolo[4,5-d]pyrimidin-7(6H)-imine, 6-methyl- (+1 -> +0)",3.25,3.411008738801473,0.16100873880147315
5177,"1H-1,2,3-Triazolo[4,5-d]pyrimidin-7(6H)-imine, 6-methyl- (+0 -> -1)",9.12,9.204907194636238,0.08490719463623897
5178,Cyclopentanone (enol) (+0 -> -1),11.8,10.506525054477944,1.2934749455220569
5179,Purine-8(1H)-thione (+0 -> -1),6.64,6.9565133295719965,0.31651332957199685
5180,Purine-8(1H)-thione (-1 -> -2),11.16,12.831979669322426,1.6719796693224254
5181,"1H-Pyrazolo[3,4-d]pyrimidine-4(2H)-thione (+1 -> +0)",-0.66,-0.05319583173914122,0.6068041682608588
5182,"1H-Pyrazolo[3,4-d]pyrimidine-4(2H)-thione (+0 -> -1)",8.34,8.063662150471135,0.27633784952886487
5183,"1H-Pyrazolo[3,4-d]pyrimidine-4(2H)-thione (-1 -> -2)",11.65,11.51498662706982,0.1350133729301799
5184,"pyridin-2(1H)-one, 3-hydroxy- (+0 -> -1)",8.62,8.629333259348787,0.009333259348787593
5185,"pyridin-2(1H)-one, 5-hydroxy- (+0 -> -1)",8.51,9.096210732612388,0.586210732612388
5186,"pyrimidine-2,4(1H,3H)-dione, 1-methyl-5-nitro- (+0 -> -1)",7.2,6.959643003981899,0.24035699601810112
5187,"1H-1,2,3-Triazolo[4,5-d]pyrimidin-5(4H)-one, 7-amino-1-methyl- (+1 -> +0)",2.94,2.98296886033254,0.04296886033253999
5188,"1H-1,2,3-Triazolo[4,5-d]pyrimidin-5(4H)-one, 7-amino-1-methyl- (+0 -> -1)",9.04,9.461276651840027,0.42127665184002794
5189,"1H-1,2,3-Triazolo[4,5-d]pyrimidin-7(4H)-one, 5-amino-1-methyl- (+1 -> +0)",1.58,1.5769440837549942,0.0030559162450058963
5190,"1H-1,2,3-Triazolo[4,5-d]pyrimidin-7(4H)-one, 5-amino-1-methyl- (+0 -> -1)",8.25,7.556656324979573,0.6933436750204267
5191,"2H-1,2,3-Triazolo[4,5-d]pyrimidin-5(4H)-one, 7-amino-2-methyl- (+1 -> +0)",3.94,3.495726859402456,0.44427314059754375
5192,"2H-1,2,3-Triazolo[4,5-d]pyrimidin-5(4H)-one, 7-amino-2-methyl- (+0 -> -1)",9.98,9.83501407333289,0.1449859266671112
5193,"2H-1,2,3-Triazolo[4,5-d]pyrimidin-7(6H)-one, 5-amino-2-methyl- (+1 -> +0)",1.86,1.8954900185715857,0.035490018571585624
5194,"2H-1,2,3-Triazolo[4,5-d]pyrimidin-7(6H)-one, 5-amino-2-methyl- (+0 -> -1)",8.64,8.660883468335651,0.02088346833565069
5195,"imidazolidine-2,4-dithione, 5,5-dimethyl- (+0 -> -1)",7.6,7.802557981098811,0.20255798109881162
5196,"1-Cyclobutene-1,2-dicarboxylic acid (+0 -> -1)",1.12,2.133937883858814,1.013937883858814
5197,"1-Cyclobutene-1,2-dicarboxylic acid (-1 -> -2)",7.63,6.652551221743341,0.977448778256659
5198,5-methoxy-2-Thiophenecarboxylic acid (+0 -> -1),3.8,4.003791851229532,0.20379185122953203
5199,2-Pyridinecarbothioamide (+0 -> -1),12.55,12.984795940396875,0.4347959403968744
5200,"3-Furancarboxylic acid, 4-methoxycarbonyl- (+0 -> -1)",3.75,3.619952658330483,0.13004734166951692
5201,"cyclohexanecarboxylic acid, 1-hydroxy- (+0 -> -1)",3.979,3.7127137101719425,0.2662862898280576
5202,"phenol, 4-trifluoromethyl- (+0 -> -1)",8.675,8.712387554100545,0.03738755410054395
5203,"benzoic acid, 2-hydroxy-4-nitro- (+0 -> -1)",2.31,2.1585749048953167,0.15142509510468338
5204,"2-Pyridinecarboxylic acid, 6-methyl- (+1 -> +0)",0.9,2.747744239279754,1.8477442392797543
5205,"2-Pyridinecarboxylic acid, 6-methyl- (+0 -> -1)",5.77,3.8830268377300436,1.886973162269956
5206,"3-Pyridinecarboxylic acid, 1,6-dihydro-1-methyl-6-oxo- (+0 -> -1)",3.84,3.9807063668791507,0.14070636687915083
5207,"benzohydroxamic acid, 4-chloro- (+0 -> -1)",8.7,8.70929712809907,0.009297128099071017
5208,"2-Cyclopentenone, 2-hydroxy-5-methyl- (+0 -> -1)",9.6,8.942038148037927,0.6579618519620727
5209,Methanohydroxamic acid (+0 -> -1),8.65,8.555535785016042,0.09446421498395807
5210,"benzohydroxamic acid, 4-iodo- (+0 -> -1)",8.63,8.621553719910438,0.008446280089563274
5211,"benzohydroxamic acid, 4-fluoro- (+0 -> -1)",8.81,8.575708544530205,0.2342914554697959
5212,"benzohydroxamic acid, 4-cyano- (+0 -> -1)",8.26,8.268296533532808,0.008296533532808681
5213,"benzohydroxamic acid, 4-methyl- (+0 -> -1)",9.05,8.705432717747708,0.3445672822522923
5214,"acetohydroxamic acid, 2-phenyl- (+0 -> -1)",9.2,8.887352123601673,0.3126478763983265
5215,"acetohydroxamic acid, N-phenyl- (+0 -> -1)",8.1,8.826444783921918,0.7264447839219184
5216,"benzohydroxamic acid, 2-methoxy- (+0 -> -1)",8.9,8.18427683418005,0.7157231658199503
5217,"benzohydroxamic acid, 2-dimethylamino- (+0 -> -1)",9.05,8.410104765889319,0.639895234110682
5218,1-Naphthohydroxamic acid (+0 -> -1),7.7,8.607206420745687,0.9072064207456867
5219,"2-Thiophenecarbohydroxamic acid, N-phenyl- (+0 -> -1)",7.54,7.982522915010232,0.44252291501023233
5220,"3-Pyridinecarbohydroxamic acid, N-phenyl- (+0 -> -1)",8.0,8.718189688557171,0.718189688557171
5221,"benzohydroxamic acid, 3-nitro-N-phenyl- (+0 -> -1)",7.67,7.611862125113863,0.0581378748861372
5222,"benzohydroxamic acid, N-phenyl- (+0 -> -1)",8.38,8.795143033548587,0.4151430335485866
5223,"benzohydroxamic acid, 2-chloro-N-phenyl- (+0 -> -1)",7.6,7.438974583711893,0.16102541628810663
5224,"acetohydroxamic acid, 2,N-diphenyl- (+0 -> -1)",8.43,8.378690148216737,0.05130985178326242
5225,"benzohydroxamic acid, 2-methyl-N-phenyl- (+0 -> -1)",8.08,8.600545011385744,0.5205450113857442
5226,"benzohydroxamic acid, 4-methyl-N-phenyl- (+0 -> -1)",8.31,8.407875387745737,0.09787538774573612
5227,"benzohydroxamic acid, N-(p-tolyl)- (+0 -> -1)",8.27,8.299728956904286,0.029728956904286008
5228,"benzohydroxamic acid, N-(m-tolyl)- (+0 -> -1)",8.67,8.746808303781027,0.07680830378102677
5229,"benzohydroxamic acid, 4-methoxy-N-phenyl- (+0 -> -1)",8.15,8.506169921514758,0.35616992151475735
5230,"benzohydroxamic acid, 5-nitro-N-phenyl-3-trifluoromethyl- (+0 -> -1)",7.85,7.895476345612057,0.045476345612057045
5231,"benzohydroxamic acid, N-phenyl-2-trifluoromethyl- (+0 -> -1)",7.88,8.159303220170823,0.27930322017082343
5232,"benzohydroxamic acid, N-phenyl-3-trifluoromethyl- (+0 -> -1)",8.15,8.194265258277364,0.04426525827736327
5233,"benzohydroxamic acid, N-phenyl-4-trifluoromethyl- (+0 -> -1)",7.98,8.419826882715554,0.43982688271555404
5234,"propenohydroxamic acid, 3,N-diphenyl- (+0 -> -1)",8.64,7.866940904894166,0.7730590951058343
5235,"acetohydroxamic acid, 2-phenyl-N-(o-tolyl)- (+0 -> -1)",8.46,8.704653647675737,0.2446536476757366
5236,"benzohydroxamic acid, 4-methoxy-N-(o-tolyl)- (+0 -> -1)",8.44,7.971363025454206,0.46863697454579345
5237,Ethanedihydroxamic acid (+0 -> -1),6.97,6.383210233374309,0.5867897666256905
5238,Ethanedihydroxamic acid (-1 -> -2),9.0,8.258825171359664,0.7411748286403359
5239,"propanohydroxamic acid, 2-hydroxy- (+0 -> -1)",9.35,9.266612857793437,0.08338714220656307
5240,2-Pyrazinecarbohydroxamic acid (+0 -> -1),8.1,8.199850780656053,0.09985078065605357
5241,2-Pyrimidinecarbohydroxamic acid (+0 -> -1),7.88,7.840196634126346,0.03980336587365407
5242,2-Pyridinecarbohydroxamic acid (+0 -> -1),8.5,8.228242727285526,0.27175727271447414
5243,3-Pyridinecarbohydroxamic acid (+0 -> -1),8.09,8.57726319593979,0.4872631959397893
5244,4-Pyridinecarbohydroxamic acid (+0 -> -1),7.8,7.736318407719676,0.06368159228032422
5245,"benzohydroxamic acid, 2-nitro- (+0 -> -1)",8.2,7.651852808068115,0.5481471919318839
5246,"benzohydroxamic acid, 4-nitro- (+0 -> -1)",8.12,7.874389647539348,0.245610352460651
5247,"benzohydroxamic acid, 4-hydroxy- (+0 -> -1)",8.93,8.950431970000988,0.020431970000988287
5248,"benzohydroxamic acid, 4-amino- (+0 -> -1)",9.42,9.16624830944821,0.25375169055178937
5249,"benzohydroxamic acid, 2-amino- (+0 -> -1)",9.0,8.863313614103934,0.1366863858960663
5250,Cyclohexanecarbohydroxamic acid (+0 -> -1),9.75,9.253989887889329,0.49601011211067103
5251,"ethanal oxime, 1-nitro- (+0 -> -1)",7.4,6.582969721458472,0.8170302785415284
5252,Peroxymethanoic acid (+0 -> -1),7.1,7.0361514426708185,0.06384855732918115
5253,Methyl hydroperoxide (+0 -> -1),11.5,11.360143632314735,0.13985636768526533
5254,Isopropyl hydroperoxide (+0 -> -1),12.1,11.85617066444735,0.2438293355526504
5255,Propanohydroxamic acid (+0 -> -1),9.5,9.620195071949528,0.12019507194952794
5256,"2-Butynoic acid, 4-amino- (+1 -> +0)",1.8,1.4412750486918045,0.3587249513081956
5257,"2-Butynoic acid, 4-amino- (+0 -> -1)",8.34,7.656860828916514,0.6831391710834858
5258,2-Butenohydroxyamic acid (+0 -> -1),8.9,8.620166704301948,0.2798332956980527
5259,"thiazolidine-4-carboxylic acid, 2-oxo- (+0 -> -1)",3.32,2.9448775910216405,0.37512240897835936
5260,2-Penten-4-ynoic acid (+0 -> -1),3.75,3.893561137821737,0.14356113782173718
5261,"ixolane-3-carboxylic acid, 2-oxo- (+0 -> -1)",3.75,3.2722558754661337,0.4777441245338663
5262,"ethanal oxime, 2,2,2-trifluoro- (+0 -> -1)",8.9,8.995846378503597,0.09584637850359634
5263,"propanone oxime, hexafluoro- (+0 -> -1)",6.0,6.23699520812303,0.2369952081230302
5264,2-Furancarbaldehyde oxime (+0 -> -1),11.16,11.256359205257578,0.09635920525757768
5265,2-Thiophenecarbaldehyde oxime (+0 -> -1),10.76,10.711862939381124,0.04813706061887579
5266,3-Pyridinecarbaldehyde oxime (+1 -> +0),4.1,4.0486833567292555,0.051316643270744144
5267,3-Pyridinecarbaldehyde oxime (+0 -> -1),10.1,10.70140874748186,0.6014087474818606
5268,"1,4-Benzoquinone, 1-oxime, 2-chloro- (+0 -> -1)",5.7,5.475388252786417,0.2246117472135829
5269,"1,4-Benzoquinone, 1-oxime, 3-chloro- (+0 -> -1)",5.6,5.2126059674320855,0.38739403256791416
5270,"1,4-Benzoquinone, 1-oxime, 2-bromo- (+0 -> -1)",5.7,5.469369253960598,0.23063074603940237
5271,"1,4-Benzoquinone, 1-oxime, 3-bromo- (+0 -> -1)",5.55,5.3012904440391315,0.2487095559608683
5272,"benzaldehyde oxime, 2-hydroxy- (+0 -> -1)",9.3,10.08944271768873,0.7894427176887291
5273,"benzaldehyde oxime, 2-hydroxy- (-1 -> -2)",12.1,12.747416119634064,0.6474161196340642
5274,"benzaldehyde oxime, 4-hydroxy- (+0 -> -1)",8.93,8.802897818198511,0.12710218180148836
5275,"1,4-Benzoquinone, 1-oxime, 2-methyl- (+0 -> -1)",6.95,6.925711750821196,0.024288249178804122
5276,"1,4-Benzoquinone, 1-oxime, 3-methyl- (+0 -> -1)",6.9,6.6342591444324785,0.2657408555675218
5277,Benzophenone oxime (+0 -> -1),11.18,11.329267323118412,0.14926732311841207
5278,"1,2-Ethanedione dioxime, 1,2-diphenyl- (+0 -> -1)",8.5,9.40504177705106,0.9050417770510606
5279,"1,2,3-Cyclohexanetrione, 1,3-dioxime, 5-methyl- (+0 -> -1)",8.5,8.760273990431084,0.26027399043108446
5280,"2,6-Pyridinedicarboxaldehyde dioxime (+0 -> -1)",10.08,10.058700933130115,0.021299066869884697
5281,"2,6-Pyridinedicarboxaldehyde dioxime (-1 -> -2)",10.88,11.078388401784922,0.19838840178492134
5282,"ethanal oxime, 2-oxo-2-(4-pyridyl)- (+0 -> -1)",7.8,7.77722473315735,0.022775266842649522
5283,"ethanal oxime, 2-oxo-2-(3-pyridyl)- (+0 -> -1)",7.8,7.626193214458844,0.17380678554115558
5284,"2-Pyridinecarbaldehyde oxime, 3-hydroxy- (+0 -> -1)",8.1,9.418727801648028,1.3187278016480288
5285,"benzenecarboxamide, 3-hydroxy- (+0 -> -1)",9.3,9.112866253298806,0.18713374670119443
5286,"benzenecarboxamide, 4-hydroxy- (+0 -> -1)",8.56,8.540788871725429,0.01921112827457172
5287,"benzoic acid, 2-hydroxy-5-iodo- (+0 -> -1)",2.7,2.542183745540288,0.15781625445971237
5288,"benzenecarbonitrile, 2-hydroxy- (+0 -> -1)",6.86,6.924314868766019,0.06431486876601866
5289,Cyclohexanecarboxylic acid (+0 -> -1),4.9,4.822973513581046,0.07702648641895404
5290,"cyclohexanecarboxylic acid, 4-oxo- (+0 -> -1)",4.38,4.528154022034002,0.14815402203400208
5291,"methanethiol, phenyl- (+0 -> -1)",9.43,9.76270153858388,0.33270153858387985
5292,"1-Cyclobutene-1-carboxylic acid, 2-methoxycarbonyl- (+0 -> -1)",3.19,3.9634787316415796,0.7734787316415797
5293,"3-Furancarboxylic acid, 2-methoxycarbonyl- (+0 -> -1)",3.09,3.303221084697668,0.21322108469766832
5294,"phenol, 4-amino-2-nitro- (+0 -> -1)",7.81,7.9897425812943945,0.1797425812943949
5295,"pyrimidine-2,4(1H,3H)-dithione, 1-methyl- (+0 -> -1)",7.47,7.699513074588889,0.2295130745888896
5296,"isoxazol-3(2H)-one, 4,5-dimethyl- (+0 -> -1)",6.1,6.310541027143411,0.21054102714341116
5297,"2-Pyridinone, 3,3,5-trichloro-2,3-dihydro-6-hydroxy- (+0 -> -1)",6.53,6.333129868945789,0.19687013105421158
5298,"2-Pyridinone, 3,3,5-tribromo-2,3-dihydro-6-hydroxy- (+0 -> -1)",6.78,6.258034487002416,0.5219655129975846
5299,"pyrimidine-2,4(1H,3H)-dione, 6-trifluoromethyl- (+0 -> -1)",5.7,5.687902547545545,0.012097452454455038
5300,"pyrimidine-2,4(1H,3H)-dione, 6-trifluoromethyl- (-1 -> -2)",13.0,12.901664839900246,0.0983351600997544
5301,"pyrimidine-2,4(1H,3H)-dione, 5-trifluoromethyl- (+0 -> -1)",7.35,7.117091655238651,0.23290834476134847
5302,"2-Cyclobutenone, 3-hydroxy-2,4-dimethyl- (+0 -> -1)",2.8,3.804137940042229,1.004137940042229
5303,Cyclohexanone (enol) (+0 -> -1),11.3,11.870060684456828,0.570060684456827
5304,"2,4-Hexanedione, 5-methyl- (enol) (+0 -> -1)",8.66,8.540564571768858,0.11943542823114228
5305,"purine, 2,6,8-trimethyl- (+1 -> +0)",4.49,4.725873230786575,0.23587323078657452
5306,"purine, 2,6,8-trimethyl- (+0 -> -1)",9.9,10.099731730096305,0.19973173009630507
5307,"indole, 5-bromo- (+0 -> -1)",16.13,15.773464134125902,0.3565358658740969
5308,"acetophenone, 2-hydroxy-3-nitro- (+0 -> -1)",6.78,6.26966889727639,0.5103311027236099
5309,"acetophenone, 4-hydroxy-3-nitro- (+0 -> -1)",5.09,5.128557563291605,0.03855756329160531
5310,Methyl 4-hydroxy-3-nitrobenzoate (+0 -> -1),5.4,5.223827828980585,0.17617217101941574
5311,Methyl 3-hydroxy-4-nitrobenzoate (+0 -> -1),6.15,6.16585615246153,0.015856152461529938
5312,"purin-2(1H)-one, 3,6-dihydro-3,9-dimethyl-6-thioxo- (+0 -> -1)",8.8,9.298587015703143,0.49858701570314246
5313,"2,6-Pyridinedicarboxylic acid, 1,4-dihydro-4-oxo- (+0 -> -1)",1.4,1.0906278514025045,0.3093721485974954
5314,"2,6-Pyridinedicarboxylic acid, 1,4-dihydro-4-oxo- (-1 -> -2)",3.47,3.717655936008054,0.2476559360080537
5315,"2,6-Pyridinedicarboxylic acid, 1,4-dihydro-4-oxo- (-2 -> -3)",11.4,12.035477605608559,0.6354776056085587
5316,"3-Pyridinecarboxylic acid, 6-hydroxy- (+0 -> -1)",3.82,3.815520878363145,0.00447912163685471
5317,"pyrimidino[5,4-e]-1,2,4-triazin-5(1H)-one, 7-amino-3-methyl- (+1 -> +0)",1.14,1.0116843473854003,0.12831565261459965
5318,"pyrimidino[5,4-e]-1,2,4-triazin-5(1H)-one, 7-amino-3-methyl- (+0 -> -1)",6.95,7.075350935191948,0.12535093519194795
5319,"1H-1,2,3-Triazolo[4,5-d]pyrimidin-7(4H)-one, 5-methoxy-1-methyl- (+0 -> -1)",7.17,7.150535507489344,0.019464492510655518
5320,"2H-1,2,3-Triazolo[4,5-d]pyrimidin-7(6H)-one, 5-methoxy-2-methyl- (+0 -> -1)",7.69,7.64115178594923,0.048848214050770444
5321,"2-Pyrrolidinone, 1-hydroxy-5,5-dimethyl- (+0 -> -1)",8.7,8.913965039145355,0.21396503914535536
5322,"phenol, 4-amino-2-chloro- (+0 -> -1)",9.16,9.140200123958632,0.019799876041368236
5323,"purin-2(1H)-one, 3,6-dihydro-1-methyl-6-thioxo- (+0 -> -1)",6.7,6.695640655323959,0.004359344676041488
5324,"purin-2(1H)-one, 3,6-dihydro-1-methyl-6-thioxo- (-1 -> -2)",11.0,11.590388291829388,0.5903882918293881
5325,"purin-2(1H)-one, 3,6-dihydro-3-methyl-6-thioxo- (+0 -> -1)",7.9,7.96962558661766,0.06962558661765961
5326,"purin-2(1H)-one, 3,6-dihydro-3-methyl-6-thioxo- (-1 -> -2)",11.2,11.238985456642144,0.03898545664214481
5327,"purin-2(1H)-one, 3,6-dihydro-7-methyl-6-thioxo- (+0 -> -1)",6.8,6.898336507571083,0.09833650757108359
5328,"purin-2(1H)-one, 3,6-dihydro-7-methyl-6-thioxo- (-1 -> -2)",12.1,12.964728818752942,0.8647288187529423
5329,"purin-2(1H)-one, 3,6-dihydro-9-methyl-6-thioxo- (+0 -> -1)",4.9,4.794737969807062,0.10526203019293856
5330,"purin-2(1H)-one, 3,6-dihydro-9-methyl-6-thioxo- (-1 -> -2)",12.6,12.486555094008967,0.11344490599103274
5331,"purin-2(1H)-one, 8-mercapto-1-methyl- (+0 -> -1)",6.61,6.991756375016034,0.38175637501603354
5332,"purin-2(1H)-one, 8-mercapto-9-methyl- (+0 -> -1)",7.0,7.463713952755086,0.46371395275508576
5333,"purin-2(1H)-one, 8-mercapto-9-methyl- (-1 -> -2)",11.21,10.833015513292441,0.3769844867075598
5334,"purin-2(1H)-one, 6-methylthio- (+1 -> +0)",1.4,1.1300974790886533,0.2699025209113466
5335,"purin-2(1H)-one, 6-methylthio- (+0 -> -1)",7.7,7.495528011769988,0.20447198823001234
5336,"purin-2(1H)-one, 6-methylthio- (-1 -> -2)",11.7,11.714925597648698,0.014925597648698385
5337,"h-Pyran-2,6-dicarboxylic acid, 3-hydroxy-4-oxo- (+0 -> -1)",1.83,0.856951763027137,0.973048236972863
5338,"h-Pyran-2,6-dicarboxylic acid, 3-hydroxy-4-oxo- (-1 -> -2)",2.11,2.318548067068118,0.20854806706811813
5339,"h-Pyran-2,6-dicarboxylic acid, 3-hydroxy-4-oxo- (-2 -> -3)",11.25,10.355827147514654,0.8941728524853456
5340,"benzoic acid, 2-chloro- (+0 -> -1)",3.03,3.1862202328024836,0.15622023280248376
5341,"benzoic acid, 2-chloro-6-hydroxy- (+0 -> -1)",2.63,3.2412082143875542,0.6112082143875543
5342,"3-Pyridinecarboxylic acid, N-oxide, 4-methoxy- (+0 -> -1)",2.88,2.796324186127829,0.08367581387217093
5343,"acridine, 4-amino-5-methyl- (+1 -> +0)",3.9,4.299435679198207,0.399435679198207
5344,"acridine, 9-amino-4-methyl- (+1 -> +0)",10.24,10.214535815628228,0.025464184371772447
5345,"acridine, 4,5-dimethyl- (+1 -> +0)",4.51,4.92788479648507,0.4178847964850698
5346,"acridine, 2,6-diamino- (+1 -> +0)",8.06,8.013119948571685,0.04688005142831564
5347,"acridine, 4-methoxy- (+1 -> +0)",5.26,5.350039563746649,0.09003956374664934
5348,"acridine, 9-amino-3-chloro-7-methoxy- (+1 -> +0)",8.94,8.699081501409115,0.24091849859088477
5349,"acridine, 2-methoxy- (+1 -> +0)",5.47,5.1694707982078505,0.30052920179214926
5350,"acridine, 9-dimethylamino- (+1 -> +0)",9.08,8.220043724957762,0.8599562750422383
5351,"acridine, 9-methylamino- (+1 -> +0)",10.43,11.221943952890616,0.791943952890616
5352,"acridine, 1,2,3,4-tetrahydro- (+1 -> +0)",6.38,5.616750312893651,0.7632496871063488
5353,"phenanthridine, 1-methyl- (+1 -> +0)",4.7,4.974466042775469,0.2744660427754688
5354,"phenanthridine, 3-methyl- (+1 -> +0)",4.76,4.665921582105195,0.09407841789480464
5355,"phenanthridine, 8-methyl- (+1 -> +0)",4.93,4.598564349618819,0.33143565038118084
5356,"phenanthridine, 10-methyl- (+1 -> +0)",4.6,4.547307781322385,0.05269221867761509
5357,"phenanthridine, 1,10-dimethyl- (+1 -> +0)",4.96,4.98864546641395,0.02864546641395016
5358,"phenanthridine, 6-amino-1-methyl- (+1 -> +0)",7.49,7.817187193961142,0.3271871939611417
5359,"phenanthridine, 6-amino-10-methyl- (+1 -> +0)",7.51,7.231632848982192,0.2783671510178074
5360,"phenanthridine, 6-amino-1,10-dimethyl- (+1 -> +0)",7.91,7.535908969633901,0.3740910303660989
5361,"10H-Pyrimido[5,4-b][1,4]benzothiazine (+1 -> +0)",3.76,3.5142291296101584,0.24577087038984136
5362,"10H-Pyrimido[5,4-b][1,4]benzothiazine, 8-chloro- (+1 -> +0)",3.43,3.1655485411917006,0.26445145880829957
5363,"10H-Pyrimido[5,4-b][1,4]benzothiazine, 2-methoxy- (+1 -> +0)",3.45,2.721679522706901,0.7283204772930993
5364,Benzo[a]phenanthridine (+1 -> +0),4.48,4.4193024962000225,0.06069750379997796
5365,Benzo[k]phenanthridine (+1 -> +0),4.44,4.404940982897848,0.03505901710215209
5366,"benzo[a]phenanthridine, 5-amino- (+1 -> +0)",6.67,6.625943197415636,0.04405680258436373
5367,"benzo[k]phenanthridine, 6-amino- (+1 -> +0)",6.64,6.5630725391116576,0.07692746088834213
5368,"acridine, 3-amino-7-sulpho- (+0 -> -1)",7.6,7.293622409235269,0.3063775907647308
5369,"acridine, 2-sulpho- (+0 -> -1)",4.78,4.483871794500867,0.29612820549913366
5370,"cyclohexane, trans-1-amino-2-hydroxy- (+1 -> +0)",9.63,9.443383794145387,0.18661620585461414
5371,"aniline, 3-acetyl-4-nitro- (+1 -> +0)",-0.14,-0.23938267723302253,0.09938267723302252
5372,"aniline, N-methyl-2-methylthio- (+1 -> +0)",3.71,3.7530296200629687,0.04302962006296873
5373,"aniline, 2-methylsulphonyl- (+1 -> +0)",0.33,0.4613825035385366,0.1313825035385366
5374,"aniline, 3-pentafluorothio- (+1 -> +0)",2.82,2.8951006382159346,0.07510063821593471
5375,"aniline, 4-pentafluorothio- (+1 -> +0)",2.17,2.044572134447886,0.12542786555211372
5376,"aniline, 2-phenylthio- (+1 -> +0)",2.5,2.799063316326615,0.299063316326615
5377,"aniline, 4-phenylthio- (+1 -> +0)",3.8,3.6287003101759865,0.17129968982401333
5378,"aniline, 3-trifluoromethylsulphonyl- (+1 -> +0)",1.79,1.9490879433878803,0.15908794338788024
5379,"aniline, 4-trifluoromethylsulphonyl- (+1 -> +0)",-0.01,0.08561310983596204,0.09561310983596204
5380,"M. M. Fickling, A. Fischer, B. R. Mann, J. Packer, and J. Vaughan. J. Am. Chem. Soc. 81, 4226 (1959). (+1 -> +0)",5.344,5.6435918850588305,0.29959188505883017
5381,"benzene, (amidinomethyl)- (+1 -> +0)",11.57,11.92757927519082,0.3575792751908189
5382,"benzylamine, 3-chloro-N,N-dimethyl- (+1 -> +0)",8.67,8.368501523115544,0.30149847688445597
5383,"benzylamine, 4-chloro-N,N-dimethyl- (+1 -> +0)",8.83,8.589910001395658,0.24008999860434166
5384,"fluorene, 3-amino-4-methyl- (+1 -> +0)",4.83,5.410981263063085,0.5809812630630846
5385,"biphenyl, 4-amino-4'-nitro- (+1 -> +0)",3.86,3.967760382589307,0.1077603825893072
5386,"Naphthalene, 1-(amidinomethyl)- (+1 -> +0)",11.31,11.31187061734639,0.0018706173463893805
5387,"Naphthalene, 1-dimethylamino-8-methylamino- (+1 -> +0)",6.43,7.012668572909756,0.582668572909756
5388,"pyridine, 2,6-di-t-butyl-3-sulpho- (+0 -> -1)",4.12,5.800837294702854,1.6808372947028536
5389,"pyridine, 2,3-dichloro- (+1 -> +0)",-0.85,-0.8866641041318832,0.03666410413188326
5390,"pyridine, 5-iodo-2-methoxy- (+1 -> +0)",1.51,2.0836534604423314,0.5736534604423313
5391,"pyridine, 2-methylsulphinyl- (+1 -> +0)",-0.16,0.029849979571189067,0.18984997957118907
5392,"pyridine, 4-methylsulphinyl- (+1 -> +0)",2.94,2.82446794502674,0.11553205497326013
5393,"pyrazole, 3-amino-4-nitro- (+1 -> +0)",-0.47,-0.323691276056568,0.14630872394343197
5394,"pyrazole, 5-amino-1-methyl-4-nitro- (+1 -> +0)",-0.62,-0.3744215261206376,0.24557847387936238
5395,"pyridazine, 3-methylsulphonyl- (+1 -> +0)",-1.01,-1.0395598738478435,0.029559873847843532
5396,"pyridazine, 4-methylsulphonyl- (+1 -> +0)",-1.06,-0.38506925282640836,0.6749307471735917
5397,"pyrimidine, 2-amino-5-(4-bromophenyl)- (+1 -> +0)",3.06,3.378528584616517,0.3185285846165171
5398,"pyrimidine, 2-amino-5-(4-fluorophenyl)- (+1 -> +0)",3.25,3.1801626822408444,0.06983731775915558
5399,"pyrimidine, 2-amino-4-chloro-6-dimethylamino- (+1 -> +0)",3.95,3.876098565302737,0.07390143469726329
5400,"pyrimidine, 5-amino-2-chloro-4-methyl-6-methylamino- (+1 -> +0)",3.4,3.232258611825989,0.16774138817401107
5401,"pyrimidine, 5-bromo-2-dimethylamino-4-methylamino- (+1 -> +0)",6.47,6.165756673499472,0.30424332650052754
5402,"pyrimidine, 5-bromo-4-dimethylamino-2-methylamino- (+1 -> +0)",6.1,5.818950612349745,0.28104938765025445
5403,"pyrimidine, 5-carbamoyl-4-dimethylamino-2-methyl- (+1 -> +0)",5.93,5.953913777785272,0.02391377778527204
5404,"pyrimidine, 5-carbamoyl-4,6-dimethyl-2-methylamino- (+1 -> +0)",3.57,4.172651568606958,0.6026515686069582
5405,"pyrimidine, 5-cyano-4,6-dimethyl-2-methylamino- (+1 -> +0)",1.69,1.2098955208605409,0.4801044791394591
5406,"pyrimidine, 5-cyano-4-dimethylamino-2-methyl- (+1 -> +0)",4.37,3.8307651536957037,0.5392348463042964
5407,"pyrimidine, 5-p-chlorophenyl-2-methoxy- (+1 -> +0)",0.62,0.5804670578683861,0.039532942131613846
5408,"pyrimidine, 5-(4-chlorophenyl)-2-methylamino- (+1 -> +0)",3.26,3.3289844812911715,0.06898448129117174
5409,"pyrimidine, 5-p-chlorophenyl-1,2-dihydro-1-methyl-2-oxo- (+1 -> +0)",1.78,1.732911973655292,0.04708802634470799
5410,"pyrimidine, 2,4-diamino-5-(m-chlorophenyl)- (+1 -> +0)",6.7,6.421425366622436,0.2785746333775645
5411,"pyrimidine, 2,4-diamino-3,6-dihydro-3-methyl-5-nitro-6-oxo- (+1 -> +0)",2.8,3.1842199448525257,0.38421994485252586
5412,"pyrimidine, 4,5-diamino-3,6-dihydro-3-methyl-6-oxo- (+1 -> +0)",3.57,3.7921278340638054,0.22212783406380554
5413,"pyrimidine, 2,4-diamino-6-dimethylamino- (+2 -> +1)",0.68,0.4856121928410504,0.19438780715894965
5414,"pyrimidine, 2,4-diamino-6-dimethylamino- (+1 -> +0)",7.21,7.5996710245706645,0.3896710245706645
5415,"pyrimidine, 2,4-diamino-6-methylamino- (+2 -> +1)",1.05,0.6505779093933439,0.3994220906066561
5416,"pyrimidine, 2,4-diamino-6-methylamino- (+1 -> +0)",7.21,7.447932699902158,0.23793269990215826
5417,"pyrimidine, 1,2-dihydro-1-hydroxy-4,6-dimethyl-2-oxo- (+1 -> +0)",2.85,1.0969229317787823,1.7530770682212178
5418,"pyrimidine, 1,2-dihydro-1-hydroxy-4,6-dimethyl-2-oxo- (+0 -> -1)",6.1,6.66083077549592,0.5608307754959201
5419,"pyrimidine, 1.4-dihydro-1-methyl-6-methylthio-4-oxo- (+1 -> +0)",1.77,1.9397812834429793,0.16978128344297927
5420,"pyrimidine, 1,6-dihydro-1-methyl-4-methylthio-6-oxo- (+1 -> +0)",0.13,0.029605972631590483,0.10039402736840952
5421,"pyrimidine, 1,6-dihydro-4-hydroxy-1-methyl-6-thio- (+0 -> -1)",4.38,5.001429137834125,0.6214291378341255
5422,"pyrimidine, 1,4-dihydro-6-hydroxy-1-methyl-4-thio- (+0 -> -1)",5.05,5.55888642744389,0.5088864274438905
5423,"pyrimidine, 1,2-dihydro-2-imino-1,6-dimethyl- (+1 -> +0)",10.86,11.5220340533504,0.6620340533503999
5424,"pyrimidine, 1,2-dihydro-2-imino-5-iodo-1-methyl- (+1 -> +0)",10.24,10.139083268605024,0.10091673139497637
5425,"pyrimidine, 1,6-dihydro-4-methoxy-1-methyl-6-oxo- (+1 -> +0)",-0.44,-0.17603544280138905,0.26396455719861095
5426,"pyrimidine, 1,2-dihydro-1-methoxy-4,6-dimethyl-2-oxo- (+1 -> +0)",3.1,2.549156916989407,0.550843083010593
5427,"pyrimidine, 1,2-dihydro-5-p-methoxyphenyl-1-methyl-2-oxo- (+1 -> +0)",2.08,2.1606502869583197,0.08065028695831966
5428,"pyrimidine, 1,2-dihydro-1-methyl-2-oxo-5-p-tolyl- (+1 -> +0)",2.07,2.246922123365236,0.17692212336523605
5429,"pyrimidine, 2,4-diamino-5-(4-methyl)anilino- (+1 -> +0)",7.04,6.230391348181725,0.8096086518182748
5430,"pyrimidine, 2-dimethylamino- (+1 -> +0)",4.15,4.004435408468634,0.14556459153136636
5431,"pyrimidine, 4-dimethylamino-2,3-dihydro-3-methyl-2-oxo- (+1 -> +0)",6.02,7.460369255207894,1.4403692552078944
5432,"pyrimidine, 4-dimethylamino-1,6-dihydro-1-methyl-6-thio- (+1 -> +0)",-0.8,2.06133644213849,2.86133644213849
5433,"pyrimidine, 4-dimethylamino-2,6-dimethyl- (+1 -> +0)",7.72,7.866056411757959,0.14605641175795903
5434,"pyrimidine, 4-dimethylamino-2-methoxy- (+1 -> +0)",6.17,6.14984995139558,0.020150048604420157
5435,"pyrimidine, 4-dimethylamino-2-methyl- (+1 -> +0)",7.59,7.243182584765587,0.3468174152344128
5436,"pyrimidine, 2,6-dimethyl-4-methylamino- (+1 -> +0)",7.56,7.12172465658999,0.43827534341000973
5437,"pyrimidine, 5-(4-fluorophenyl)-1,2-dihydro-2-imino-1-methyl- (+1 -> +0)",10.62,10.50499127926743,0.11500872073257007
5438,"pyrimidine, 5-(4-fluorophenyl)-2-methylamino- (+1 -> +0)",3.39,3.161602403465424,0.22839759653457614
5439,"pyrimidine, 2-hydroxy-5-p-methoxyphenyl- (+1 -> +0)",1.91,2.0678719862113253,0.15787198621132537
5440,"pyrimidine, 2-hydroxy-5-p-methoxyphenyl- (+0 -> -1)",8.86,8.833914692645852,0.026085307354147602
5441,"pyrimidine, 5-iodo-2-methylamino- (+1 -> +0)",2.39,2.3926853996248925,0.0026853996248923373
5442,"pyrimidine, 2-methoxy-5-phenyl- (+1 -> +0)",0.79,0.5750661419129033,0.21493385808709675
5443,"pyrimidine, 4-methoxy-5-phenyl- (+1 -> +0)",2.94,2.5631001963164044,0.37689980368359555
5444,"pyrimidine, 4-methoxy-5-nitrophenyl- (+1 -> +0)",2.4,1.0515814345186154,1.3484185654813845
5445,"pyrimidine, 2-methoxy-5-p-tolyl- (+1 -> +0)",0.77,0.8184937028915966,0.0484937028915966
5446,"pyrimidine, 2-methylamino, 5-(4-nitrophenyl)- (+1 -> +0)",2.81,3.052816758732181,0.242816758732181
5447,"pyrimidine, 2-methylamino-5-phenyl- (+1 -> +0)",3.42,3.7757157432257022,0.3557157432257023
5448,"pyrimidine, 2-methylamino-5-(p-tolyl)- (+1 -> +0)",3.59,3.6621955376569684,0.07219553765696851
5449,"pyrimidine, 5-methylsulphinyl- (+1 -> +0)",0.42,0.4105229234636312,0.009477076536368811
5450,"pyrimidine, 5-methylsulphonyl- (+1 -> +0)",0.97,-0.8066331308286205,1.7766331308286205
5451,"pyrimidine, 2-methyl-5-nitro- (+1 -> +0)",1.49,-0.3013629311465529,1.7913629311465529
5452,"pyrimidine, 2-methyl-4-phenoxy- (+1 -> +0)",3.17,3.5085458956851987,0.33854589568519877
5453,"pyrimidine, 2,4,6-triamino-5-benzyl- (+1 -> +0)",6.55,6.663693202408015,0.11369320240801528
5454,"pyrimidine, 2,4,6-triamino-5-phenylthio- (+1 -> +0)",5.66,5.809938620240824,0.14993862024082372
5455,"isoquinoline, decahydro- (+1 -> +0)",11.32,10.606548898661963,0.7134511013380376
5456,"quinoline, decahydro- (+1 -> +0)",11.29,10.946169102100654,0.34383089789934473
5457,"isoquinoline, 1-methylsulphinyl- (+1 -> +0)",0.9,0.6292477302622146,0.27075226973778543
5458,"quinoline, 7-bromo-8-hydroxy-2-methyl-5-sulpho- (+0 -> -1)",3.32,2.3409882298239095,0.9790117701760903
5459,"quinoline, 7-bromo-8-hydroxy-2-methyl-5-sulpho- (-1 -> -2)",7.96,7.460165090706777,0.49983490929322283
5460,"quinoline, 2,4-dimethyl-8-methylthio- (+1 -> +0)",4.88,4.819347205348215,0.060652794651784525
5461,"quinoline, 4,6-dimethyl-8-methylthio- (+1 -> +0)",4.54,4.220667528702005,0.31933247129799547
5462,"quinoline, 2-hydrazino- (+1 -> +0)",7.82,7.62173592339866,0.19826407660134038
5463,"quinoline, 3-hydrazino- (+2 -> +1)",2.47,3.1613475298162976,0.6913475298162974
5464,"quinoline, 3-hydrazino- (+1 -> +0)",4.85,4.922565633176443,0.07256563317644371
5465,"quinoline, 4-hydrazino- (+2 -> +1)",0.8,0.37558016005056416,0.4244198399494359
5466,"quinoline, 4-hydrazino- (+1 -> +0)",8.85,8.737120414234937,0.11287958576506263
5467,"quinoline, 5-hydrazino- (+2 -> +1)",3.5,3.9228221091188145,0.42282210911881446
5468,"quinoline, 5-hydrazino- (+1 -> +0)",5.36,5.343229488177915,0.016770511822085332
5469,"quinoline, 6-hydrazino- (+2 -> +1)",3.53,3.817606257016414,0.2876062570164142
5470,"quinoline, 6-hydrazino- (+1 -> +0)",5.5,5.463710782450698,0.036289217549302144
5471,"quinoline, 7-hydrazino- (+2 -> +1)",2.8,2.635984814970765,0.16401518502923462
5472,"quinoline, 7-hydrazino- (+1 -> +0)",6.71,6.73768059206679,0.02768059206679041
5473,"quinoline, 8-hydrazino- (+2 -> +1)",1.3,1.5794078578885973,0.27940785788859723
5474,"quinoline, 8-hydrazino- (+1 -> +0)",5.27,4.686003061421999,0.5839969385780002
5475,"quinoline, 2-hydrazino-4-methyl- (+1 -> +0)",8.35,8.223426047343096,0.1265739526569032
5476,"quinoline, 8-hydroxy-7-nitro-5-sulpho- (+0 -> -1)",0.4,1.4832632142234665,1.0832632142234666
5477,"quinoline, 8-hydroxy-7-nitro-5-sulpho- (-1 -> -2)",5.62,5.353600944688999,0.26639905531100094
5478,"quinoline, 3-hydroxy-5-sulpho- (+0 -> -1)",4.09,3.516125463643502,0.5738745363564979
5479,"quinoline, 3-hydroxy-5-sulpho- (-1 -> -2)",8.66,8.047987001098104,0.6120129989018963
5480,"quinoline, 4-methylsulphinyl- (+1 -> +0)",2.88,2.705504209909953,0.174495790090047
5481,"quinoline, 4-methylsulphonyl- (+1 -> +0)",1.57,1.5771088860587108,0.007108886058710739
5482,"quinoline, 2-methylsulphinyl- (+1 -> +0)",-0.27,0.3978119294459521,0.6678119294459521
5483,"quinoline 1-oxide, 8-hydroxy- (+1 -> +0)",1.31,-1.3973624260615036,2.7073624260615037
5484,"quinuclidine, exo-2,2,6-trimethyl- (+1 -> +0)",11.3,11.370677712686952,0.07067771268695111
5485,"pyrimidine, 4-dimethylamino-6-methylamino-5-nitro- (+1 -> +0)",2.85,2.7296288546635985,0.12037114533640159
5486,"pyrimidine, hexahydro- (+1 -> +0)",9.75,9.889259634865216,0.13925963486521553
5487,"pyrimidine, 2,4,5,6-tetraamino- (+1 -> +0)",6.82,6.7826555149770344,0.037344485022965834
5488,"pyrimidine, 1,2-dihydro-2-imino-5-(4-methoxyphenyl)-1-methyl- (+1 -> +0)",10.88,10.677295110259411,0.20270488974058942
5489,"quinoline, 8-methylthio-2-phenyl- (+1 -> +0)",2.11,3.56849146804894,1.45849146804894
5490,"tetrazole, 1-methyl-5-piperidino- (+1 -> +0)",0.0,1.2642261903954184,1.2642261903954184
5491,"cinnoline, 1,4-dihydro-1-methyl-4-oxo- (+1 -> +0)",-0.29,-0.16293753166761338,0.1270624683323866
5492,"furo[2,3-b]pyridine, 5-cyano-2,3-dihydro-6-hydroxy-4-methyl- (+0 -> -1)",6.19,6.069358118715179,0.12064188128482112
5493,"furo[2,3-b]pyridine, 2,3-dihydro-6-methoxy-4-methyl- (+1 -> +0)",1.85,1.8327424127220686,0.017257587277931474
5494,"furo[2,3-b]pyridine, 2,3,6,7-tetrahydro-4,7-dimethyl-6-oxo- (+1 -> +0)",1.52,1.6091848167740608,0.08918481677406076
5495,"cis 1,5-Naphthyridine, decahydro- (+2 -> +1)",6.65,6.699015158976035,0.04901515897603481
5496,"cis 1,5-Naphthyridine, decahydro- (+1 -> +0)",10.31,10.093044058158334,0.21695594184166644
5497,"trans 1,5-Naphthyridine, decahydro- (+2 -> +1)",6.86,6.763517160249878,0.09648283975012273
5498,"trans 1,5-Naphthyridine, decahydro- (+1 -> +0)",10.16,10.090356723659493,0.06964327634050704
5499,"trans 1,6-Naphthyridine, decahydro- (+2 -> +1)",8.18,7.838505739813199,0.34149426018680096
5500,"trans 1,6-Naphthyridine, decahydro- (+1 -> +0)",10.68,10.246698387805274,0.4333016121947253
5501,"trans 1,7-Naphthyridine, decahydro- (+2 -> +1)",7.07,7.094867670429026,0.0248676704290256
5502,"trans 1,7-Naphthyridine, decahydro- (+1 -> +0)",10.16,10.171439071456241,0.011439071456241123
5503,"1,8-Naphthyridine, decahydro- (+2 -> +1)",4.32,3.3984969806690977,0.9215030193309026
5504,"1,8-Naphthyridine, decahydro- (+1 -> +0)",9.36,9.777763633027998,0.4177636330279988
5505,"1,5-Naphthyridine, 1,2,3,4-tetrahydro- (+1 -> +0)",6.96,7.212760562738516,0.25276056273851566
5506,"1,6-Naphthyridine, 1,2,3,4-tetrahydro- (+1 -> +0)",10.19,10.198998069849889,0.00899806984988949
5507,"1,7-Naphthyridine, 1,2,3,4-tetrahydro- (+1 -> +0)",7.08,6.6257956823858475,0.4542043176141526
5508,"1,8-Naphthyridine, 1,2,3,4-tetrahydro- (+1 -> +0)",7.61,7.9913817227348565,0.38138172273485615
5509,"1,7-Naphthyridine, 5,6,7,8-tetrahydro- (+2 -> +1)",2.48,3.1233436895607287,0.6433436895607287
5510,"1,7-Naphthyridine, 5,6,7,8-tetrahydro- (+1 -> +0)",8.56,8.260675061646971,0.2993249383530294
5511,"1,5-Naphthyridine, 3-nitro- (+1 -> +0)",0.63,1.4293730117095098,0.7993730117095098
5512,"pyrano[2,3-b]pyridine, 3,4-dihydro-7-hydroxy-5-methyl- (+1 -> +0)",1.94,1.569128931964979,0.3708710680350209
5513,"pyrano[2,3-b]pyridine, 3,4-dihydro-7-hydroxy-5-methyl- (+0 -> -1)",10.17,10.176202991869761,0.006202991869761476
5514,"pyrano[2,3-b]pyridine, 3,4-dihydro-7-methoxy-5-methyl- (+1 -> +0)",3.04,2.5726810881014153,0.46731891189858477
5515,"pyrano[2,3-b]pyridine, 3,4,7,8-tetrahydro-5,8-dimethyl-7-oxo- (+1 -> +0)",1.65,1.3921568762993912,0.2578431237006087
5516,"pyrido[1,2-a]pyrimidine-2,4-dione, 6,7,8,9-tetrahydro- (+1 -> +0)",-0.24,-0.3741973004011312,0.1341973004011312
5517,"pyrido[1,2-a]pyrimidine-2,4-dione, 6,7,8,9-tetrahydro- (+0 -> -1)",7.07,7.541428553378719,0.47142855337871836
5518,"phthalazine, 1-hydrazino- (+1 -> +0)",7.25,7.24771184965223,0.0022881503477698573
5519,"3,1,4-Benzoxadiazepine, 7-methoxy- (+1 -> +0)",1.44,-0.23362228255033646,1.6736222825503364
5520,"1,3,8-Triazanaphthalene, 3,4-dihydro-4-hydroxy- (+1 -> +0)",6.56,6.214234672229053,0.3457653277709465
5521,"purine, 9-methyl-6-methylamino- (+1 -> +0)",4.07,4.082028305000892,0.012028305000892026
5522,"purine, 9-methyl-2-piperidino- (+1 -> +0)",4.1,3.7347075389935185,0.36529246100648116
5523,"purine, 9-methyl-6-piperidino- (+1 -> +0)",4.12,3.8045092123404984,0.31549078765950167
5524,"purine, 9-methyl-8-piperidino- (+1 -> +0)",4.06,4.11611168730206,0.056111687302060176
5525,2-Propanethiol (+0 -> -1),10.86,11.137161590956548,0.277161590956549
5526,"acetic acid, 2-methylthio-2-oxo- (+0 -> -1)",0.54,1.0869909907174735,0.5469909907174735
5527,"acetic acid, methylthio- (+0 -> -1)",3.65,3.725564698380029,0.07556469838002888
5528,Methyl 2-mercaptoacetate (+0 -> -1),8.03,7.454008650281143,0.5759913497188567
5529,"methanedithioic acid, dimethylamino- (+0 -> -1)",3.36,3.839685471414163,0.4796854714141632
5530,"butanoic acid, 2-oxo- (+0 -> -1)",2.5,2.381800671048424,0.11819932895157592
5531,"propenoic acid, 3-methoxy- (+0 -> -1)",4.85,5.017045469481747,0.1670454694817476
5532,Purin-8(7H)-one (+0 -> -1),7.9,8.261669569816124,0.3616695698161241
5533,Purin-8(7H)-one (-1 -> -2),13.5,13.427118076024346,0.07288192397565396
5534,"4-Pyrimidinecarboxylic acid, 1,2,3,6-tetrahydro-2,6-dioxo- (+0 -> -1)",2.07,1.807823549384743,0.26217645061525685
5535,"4-Pyrimidinecarboxylic acid, 1,2,3,6-tetrahydro-2,6-dioxo- (-1 -> -2)",9.45,9.156266166678417,0.293733833321582
5536,"5-Pyrimidinecarboxylic acid, 1,2,3,4-tetrahydro-2,4-dioxo- (+0 -> -1)",4.16,4.718259946344843,0.558259946344843
5537,"5-Pyrimidinecarboxylic acid, 1,2,3,4-tetrahydro-2,4-dioxo- (-1 -> -2)",8.89,8.734729548103168,0.15527045189683264
5538,"4-Pyrimidinecarboxylic acid, 5-amino-1,2,3,6-tetrahydro-2,6-dioxo- (+0 -> -1)",2.63,2.953066330397288,0.32306633039728805
5539,"4-Pyrimidinecarboxylic acid, 5-amino-1,2,3,6-tetrahydro-2,6-dioxo- (-1 -> -2)",8.72,9.378875977146365,0.6588759771463639
5540,"pyrimidine-2,4(1H,3H)-dione, 6-hydroxy-5-methyl- (+0 -> -1)",4.4,4.343718604110371,0.05628139588962977
5541,"pyrrolidine-2,4-dione, 1-methyl- (+0 -> -1)",7.05,7.0886924192619,0.038692419261900035
5542,"pyrrolidine-2,4-dione, 5-methyl- (+0 -> -1)",6.42,6.98247472801611,0.5624747280161104
5543,ibotenic acid (+0 -> -1),5.04,5.331582313201886,0.29158231320188577
5544,ibotenic acid (-1 -> -2),8.16,8.097651352913779,0.06234864708622112
5545,thioibotenic acid (+0 -> -1),5.9,7.366193022563397,1.466193022563397
5546,thioibotenic acid (-1 -> -2),7.8,8.197526550063113,0.3975265500631133
5547,3-hydroxy-isoxazole (+0 -> -1),5.85,5.890365943829944,0.040365943829944406
5548,3-isothiazolol (+0 -> -1),7.54,7.790177759107041,0.2501777591070411
5549,"4-Pyrimidinecarboxylic acid, 5-bromo-1,2,3,6-tetrahydro-2,6-dioxo- (+0 -> -1)",2.38,1.8428177213529002,0.5371822786470997
5550,"4-Pyrimidinecarboxylic acid, 5-bromo-1,2,3,6-tetrahydro-2,6-dioxo- (-1 -> -2)",7.33,6.560794664287754,0.7692053357122459
5551,"4-Pyrimidinecarboxylic acid, 5-iodo-1,2,3,6-tetrahydro-2,6-dioxo- (+0 -> -1)",1.88,1.0062246607726815,0.8737753392273184
5552,"4-Pyrimidinecarboxylic acid, 5-iodo-1,2,3,6-tetrahydro-2,6-dioxo- (-1 -> -2)",7.63,7.87361403064746,0.24361403064745968
5553,"pyrimidine-2,4(1H,3H)-dione, 6-mesyl- (+0 -> -1)",4.73,4.8857682516088685,0.1557682516088681
5554,Bicyclo[1.1.1]pentane-1-carboxylic acid (+0 -> -1),3.95,3.531294353668727,0.41870564633127305
5555,"cyclopentanecarboxylic acid, 3-oxo- (+0 -> -1)",4.25,4.007710178683091,0.24228982131690913
5556,"2-Pyrazinecarboxamide, 4,5-dihydro-3-methylamino-5-oxo- (+0 -> -1)",7.48,8.07488355392387,0.5948835539238697
5557,Cyclohexylphosphonic acid (+0 -> -1),2.2,2.9282135768684308,0.7282135768684306
5558,Cyclohexylphosphonic acid (-1 -> -2),8.3,8.580969028211602,0.28096902821160086
5559,"oxazolidine-2,4-dione, 5-ethyl-5-methyl- (+0 -> -1)",6.1,6.299471378170967,0.19947137817096738
5560,"butanedioic acid, 2,2-dimethyl-3-oxo- (+0 -> -1)",1.77,1.2024578470582377,0.5675421529417624
5561,"butanedioic acid, 2,2-dimethyl-3-oxo- (-1 -> -2)",4.62,5.008025711088043,0.3880257110880425
5562,"1-Propanethiol, 1,1-dimethyl- (+0 -> -1)",11.3,11.65933284668753,0.3593328466875292
5563,"pyrimidine-4-sulfonic acid, 1,2,3,6-tetrahydro-2,6-dioxo- (-1 -> -2)",7.26,7.207371372449584,0.05262862755041553
5564,"1-Propanol, 2-mercapto-2-methyl- (+0 -> -1)",9.85,9.41898506132122,0.43101493867878027
5565,"2,4-Pyrrolidinedione (+0 -> -1)",6.4,6.85339101851639,0.4533910185163901
5566,Isopropylidendisphonic acid (-1 -> -2),3.16,2.5621714640893956,0.5978285359106046
5567,Isopropylidendisphonic acid (-2 -> -3),8.04,9.741173659705229,1.7011736597052298
5568,Isopropylidendisphonic acid (-3 -> -4),12.1,11.085783462550136,1.0142165374498635
5569,"butenedioic acid, dihydroxy- (+0 -> -1)",1.57,1.4171317064241107,0.15286829357588938
5570,"butenedioic acid, dihydroxy- (-1 -> -2)",3.36,2.708115758852844,0.6518842411471559
5571,S-4-Hydroxyphenyl ethanethioate (+0 -> -1),8.88,8.869178590652705,0.010821409347295585
5572,Methyl 4-mercaptobenzoate (+0 -> -1),5.33,5.569927099761329,0.23992709976132875
5573,"acetamide, N-(3-hydroxy-4-nitrophenyl)- (+0 -> -1)",6.71,6.98476498475536,0.27476498475536015
5574,"acetamide, N-(4-hydroxy-3-nitrophenyl)- (+0 -> -1)",6.78,6.987611552429165,0.20761155242916463
5575,Methyl 4-nitroanilinomethanoate (+0 -> -1),13.0,12.78835994757775,0.2116400524222506
5576,"purine, 6,8-dimethyl-2-methylthio- (+2 -> +1)",-0.6,-0.6081299380482195,0.008129938048219487
5577,"purine, 6,8-dimethyl-2-methylthio- (+1 -> +0)",3.04,3.1643874654825623,0.1243874654825623
5578,"purine, 6,8-dimethyl-2-methylthio- (+0 -> -1)",9.7,10.06551973618095,0.3655197361809499
5579,"purine, 2,8-bis(methylthio)-6-methyl- (+1 -> +0)",2.74,2.5608448175492198,0.17915518245078044
5580,"purine, 2,8-bis(methylthio)-6-methyl- (+0 -> -1)",7.94,8.097551046906151,0.15755104690615074
5581,"2-Piperidinecarboxylic acid, 1-ethyl- (+1 -> +0)",2.04,2.0420405386370275,0.002040538637027467
5582,"purin-8(7H)-one, 6,9-dimethyl-2-methylthio- (+1 -> +0)",2.62,2.110526617185375,0.5094733828146252
5583,"purin-8(7H)-one, 6,9-dimethyl-2-methylthio- (+0 -> -1)",9.41,9.758485102557458,0.3484851025574578
5584,"1,3-Indandione (+0 -> -1)",7.2,6.9342708455496895,0.26572915445031065
5585,"ethanol, 2,2,2-trifluoro-1-(p-tolyl)- (+0 -> -1)",12.04,12.339796468982808,0.29979646898280876
5586,"ethanol, 2,2,2-trifluoro-1-(4-methoxyphenyl)- - (+0 -> -1)",12.24,11.916709969970444,0.3232900300295558
5587,"4-Azatricyclo[5.2.1.0(2,6)]dec-8-ene-3,5-dione, 4-hydroxy- (+0 -> -1)",5.9,5.528788320548471,0.37121167945152944
5588,"quinazolinecarboxylic acid, 5,6,7,8-tetrahydro-2-hydroxy- (+1 -> +0)",-0.82,-0.10427573340414575,0.7157242665958542
5589,"quinazolinecarboxylic acid, 5,6,7,8-tetrahydro-2-hydroxy- (+0 -> -1)",3.36,2.4873648811143276,0.8726351188856722
5590,"quinazolinecarboxylic acid, 5,6,7,8-tetrahydro-2-hydroxy- (-1 -> -2)",10.38,11.12580254428828,0.7458025442882796
5591,"4-Quinazolinecarboxylic acid, 2-amino-5,6,7,8-tetrahydro- (+1 -> +0)",0.61,0.9521398248402475,0.3421398248402475
5592,"4-Quinazolinecarboxylic acid, 2-amino-5,6,7,8-tetrahydro- (+0 -> -1)",4.72,5.319831453856356,0.5998314538563561
5593,"quinazolin-4(1H)-one, 5,6,7,8-tetrahydro-2-methyl- - (+1 -> +0)",3.73,3.6404935531451867,0.08950644685481324
5594,"quinazolin-4(1H)-one, 5,6,7,8-tetrahydro-2-methyl- - (+0 -> -1)",10.5,10.470347480784692,0.02965251921530765
5595,"phenol, 4-mesyl-3,5-dimethyl- (+0 -> -1)",8.13,7.855860756721167,0.27413924327883343
5596,"isoxazol-5(2H)-one, 4-bromo-3-phenyl- (+0 -> -1)",2.3,2.3472302099150752,0.04723020991507543
5597,"acetamide, N-(2-mercaptophenyl)-N-methyl- (+0 -> -1)",5.6,6.028440236776788,0.42844023677678855
5598,"1,8-Naphthalenediol (+0 -> -1)",6.71,7.091794199621489,0.3817941996214893
5599,"1,3-Naphthalenediol (+0 -> -1)",7.35,5.378100999167678,1.9718990008323214
5600,"3-Butynoic acid, 4-phenyl- (+0 -> -1)",3.44,3.5994929419960613,0.15949294199606134
5601,"acetophenone, 4-hydroxy-3,5-dimethyl- (+0 -> -1)",8.22,8.506306145940282,0.2863061459402818
5602,"phenol, 4-trimethylammonio- (+1 -> +0)",8.06,8.307205512709448,0.24720551270944746
5603,"phenol, 3-trimethylammonio- (+1 -> +0)",8.35,8.121171259895593,0.22882874010440624
5604,"phenol, 2-trimethylammonio- (+1 -> +0)",7.43,7.273776122866843,0.156223877133157
5605,"phenol, 2-chloro-4-trimethylammonio- (+1 -> +0)",6.62,6.67163778523098,0.05163778523098017
5606,"phenol, 2-nitro-4-trimethylammonio- (+1 -> +0)",5.03,5.062740573235256,0.03274057323525614
5607,"phenol, 3-methyl-4-trimethylammonio- (+1 -> +0)",8.34,8.3905578799632,0.05055787996320049
5608,"phenol, 4-methyl-3-trimethylammonio- (+1 -> +0)",8.26,8.442719513772817,0.1827195137728168
5609,"phenol, 2,6-di-tert-butyl-4-trimethylammonio- (+1 -> +0)",9.84,9.60537198267706,0.23462801732294025
5610,"7-Quinolinesulfonic acid, 5-bromo-8-hydroxy- (+0 -> -1)",4.08,3.6893102352470564,0.3906897647529437
5611,"7-Quinolinesulfonic acid, 5-bromo-8-hydroxy- (-1 -> -2)",8.56,8.022992380612894,0.5370076193871061
5612,"7-Quinolinesulfonic acid, 8-hydroxy-5-iodo- (+0 -> -1)",4.17,3.796065068616781,0.37393493138321876
5613,"7-Quinolinesulfonic acid, 8-hydroxy-5-iodo- (-1 -> -2)",8.66,8.80360678709211,0.14360678709211072
5614,"7-Quinolinesulfonic acid, 5-chloro-8-hydroxy- (+0 -> -1)",3.84,4.492143949426833,0.6521439494268328
5615,"7-Quinolinesulfonic acid, 5-chloro-8-hydroxy- (-1 -> -2)",8.46,8.428319108401592,0.03168089159840903
5616,"5-Quinolinesulfonic acid, 8-hydroxy-7-iodo- (+0 -> -1)",2.22,3.0339166989597564,0.8139166989597562
5617,"5-Quinolinesulfonic acid, 8-hydroxy-7-iodo- (-1 -> -2)",6.9,7.040320019383806,0.14032001938380567
5618,"benzoic acid, 2,4,6-trimethoxy- (+0 -> -1)",3.59,3.7521832330535636,0.16218323305356375
5619,"pyrimidino[2,1-i]purine, 3,7,8,9-tetrahydro-7,7-dimethyl- (+1 -> +0)",7.1,7.4017651874952595,0.3017651874952598
5620,"pyrimidino[2,1-i]purine, 3,7,8,9-tetrahydro-9,9-dimethyl- (+1 -> +0)",7.4,7.145343649670462,0.2546563503295385
5621,1-Isoquinolinecarboxylic acid (+0 -> -1),4.97,4.734131849336161,0.2358681506638387
5622,"1-Naphthalenesulfonic acid, 4-hydroxy- (-1 -> -2)",8.47,8.313391019275105,0.15660898072489537
5623,"1-Naphthalenesulfonic acid, 2-hydroxy- (-1 -> -2)",11.38,11.078504618187818,0.3014953818121828
5624,"1-Naphthalenesulfonic acid, 5-hydroxy- (-1 -> -2)",9.11,9.158789812982125,0.04878981298212537
5625,"1-Naphthalenesulfonic acid, 7-hydroxy- (-1 -> -2)",9.48,9.252798680003966,0.2272013199960341
5626,"1-Naphthalenesulfonic acid, 8-hydroxy- (-1 -> -2)",13.02,12.24674497050994,0.7732550294900591
5627,"2-Naphthalenesulfonic acid, 1-hydroxy- (-1 -> -2)",9.47,9.643794178115801,0.17379417811580034
5628,"2-Naphthalenesulfonic acid, 6-hydroxy- (-1 -> -2)",9.13,8.861392971402648,0.2686070285973532
5629,"2-Naphthalenesulfonic acid, 7-hydroxy- (-1 -> -2)",9.35,9.328639318655828,0.021360681344171795
5630,"2-Naphthalenesulfonic acid, 6,7-dihydroxy- (-1 -> -2)",8.19,7.959724515667456,0.23027548433254363
5631,"2-Naphthalenesulfonic acid, 6,7-dihydroxy- (-2 -> -3)",12.16,12.08550299021476,0.07449700978524021
5632,"1,2,3,4-Tetrahydronaphthalen-1-one, 8-hydroxy-5,7-dinitro- (+0 -> -1)",5.12,4.689401568406086,0.4305984315939142
5633,"1,3-Naphthalenedisulfonic acid, 7-hydroxy- (-2 -> -3)",8.99,8.895047203188847,0.0949527968111532
5634,"2,7-Naphthalenedisulfonic acid, 3-hydroxy- (-2 -> -3)",9.62,9.825625508445302,0.20562550844530314
5635,"2,7-Naphthalenedisulfonic acid, 4-hydroxy- (-2 -> -3)",8.64,8.55297050326698,0.0870294967330203
5636,"5-Quinolinesulfonic acid, 8-hydroxy-2-methyl- (+0 -> -1)",4.73,4.51117263883596,0.2188273611640401
5637,"5-Quinolinesulfonic acid, 8-hydroxy-2-methyl- (-1 -> -2)",8.99,8.953670492729888,0.036329507270112416
5638,"2,7-Naphthalenedisulfonic acid, 3-amino-5-hydroxy- (-1 -> -2)",2.49,3.147061120713044,0.6570611207130437
5639,"2,7-Naphthalenedisulfonic acid, 3-amino-5-hydroxy- (-2 -> -3)",8.54,9.24482302293487,0.7048230229348711
5640,"1-Naphthoic acid, 2-methyl- (+0 -> -1)",3.034,3.4165585149746347,0.3825585149746349
5641,"2-Naphthoic acid, 3-methoxy- (+0 -> -1)",3.8,3.628912897473046,0.17108710252695403
5642,"1-Naphthoic acid, 4-methoxy- (+0 -> -1)",4.31,4.572305345119293,0.2623053451192936
5643,"1-Naphthoic acid, 2,3-dimethyl- (+0 -> -1)",2.831,3.133876942091426,0.3028769420914261
5644,"benzenecarboxamide, 2,4-dihydroxy-N-phenyl- (+0 -> -1)",6.8,7.985114617741019,1.1851146177410188
5645,"benzenecarboxamide, 2,6-dihydroxy-N-phenyl- (+0 -> -1)",6.3,5.6721248814712935,0.6278751185287064
5646,"phenol, 3,5-di-tert-butyl- (+0 -> -1)",10.293,10.526905474080149,0.2339054740801494
5647,"benzenecarboxamide, N-(4-hydroxyphenyl)-4-methyl- (+0 -> -1)",9.54,9.489727118002516,0.0502728819974827
5648,"benzenecarboxamide, N-(4-hydroxyphenyl)-4-methoxy- (+0 -> -1)",9.55,9.732567832214194,0.18256783221419326
5649,"benzenediazonium, 4-hydroxy- (+1 -> +0)",3.4,3.0947895627241833,0.30521043727581665
5650,"benzoic acid, 2,3-dihydroxy- (+0 -> -1)",2.914,2.979663302806877,0.06566330280687671
5651,"benzoic acid, 2,5-dihydroxy- (+0 -> -1)",2.951,3.000542614488346,0.04954261448834574
5652,"cyclopentanone, 2-acetyl- (+0 -> -1)",7.82,8.375424621062525,0.5554246210625244
5653,"2-Cyclohexen-1-one, 2-hydroxy-6-methyl- (+0 -> -1)",11.23,10.862322932103915,0.3676770678960857
5654,"benzoic acid, 4-hydroxy-3-nitro- (-1 -> -2)",6.41,6.597540382678612,0.18754038267861173
5655,"benzoic acid, 2-mercapto- (-1 -> -2)",8.2,7.762041377525016,0.4379586224749836
5656,"benzoic acid, 3-mercapto- (-1 -> -2)",6.15,6.174725641160077,0.02472564116007625
5657,"benzoic acid, 4-mercapto- (-1 -> -2)",5.9,6.179480401107614,0.2794804011076133
5658,"purine, 8-methyl-2-methylthio- (+1 -> +0)",2.83,2.780952729089509,0.049047270910491214
5659,"purine, 8-methyl-2-methylthio- (+0 -> -1)",9.58,9.306205185331823,0.273794814668177
5660,"purine-2,6,8(1H,3H,7H)-trione, 3,7-dimethyl- (+0 -> -1)",5.5,5.676066925303391,0.17606692530339085
5661,"purine-2,6,8(1H,3H,7H)-trione, 1,7-dimethyl- (+0 -> -1)",5.5,5.5213699539585726,0.021369953958572552
5662,"purine-2,6,8(1H,3H,7H)-trione, 1,7-dimethyl- (-1 -> -2)",10.6,10.744661267934905,0.14466126793490552
5663,"purine-2,6,8(1H,3H,7H)-trione, 1,3-dimethyl- (+0 -> -1)",5.75,6.191547924726645,0.4415479247266454
5664,"2-Pyridinecarbothioamide, 6-methyl- (+0 -> -1)",12.62,12.483191177749486,0.13680882225051327
5665,"4-Pyrimidinecarboxylic acid, 1,2,3,6-tetrahydro-1,3-dimethyl-2,6-dioxo- (+0 -> -1)",0.8,1.4367233383796814,0.6367233383796813
5666,"1-Pyrrolidinol, 2,2,3-trimethyl- (+1 -> +0)",5.9,6.016424457538299,0.11642445753829822
5667,"phenyl thiocyanate, 4-hydroxy- (+0 -> -1)",8.57,8.30029515793617,0.26970484206383105
5668,Methyl 2-hydroxybenzoate (+0 -> -1),9.87,9.960576688720206,0.09057668872020663
5669,"Methyl 3,4,5-trihydroxybenzoate (+0 -> -1)",7.88,6.7530319644708285,1.1269680355291714
5670,"1,3,5-Cyclohexanetrione, 2,2-dimethyl- (+0 -> -1)",4.2,3.6928344089151928,0.5071655910848074
5671,"1,3,5-Cyclohexanetrione, 2,2-dimethyl- (-1 -> -2)",9.73,11.022038642059323,1.2920386420593228
5672,"phenol, 2-hydroxymethyl-6-methoxy- (+0 -> -1)",9.97,9.590361550647353,0.37963844935264746
5673,"1-Cyclopentene-1-carboxylic acid, 2-methoxycarbonyl- (+0 -> -1)",2.94,3.0221862283086613,0.0821862283086614
5674,"cyclohexanone, 2-acetyl- (+0 -> -1)",10.09,9.545872216222982,0.544127783777018
5675,"1,2-Benzenedicarboxylic acid, 4-nitro- (-1 -> -2)",4.12,4.036807199964834,0.08319280003516649
5676,"acetophenone, 3,5-dichloro-4-hydroxy- (+0 -> -1)",4.6,4.643190612020124,0.04319061202012442
5677,"acetophenone, 2-hydroxy-3,5-dinitro- (+0 -> -1)",3.26,4.080866292330369,0.8208662923303693
5678,"ethanol, 2,2,2-trifluoro-1-phenyl- (+0 -> -1)",11.9,11.869700203068003,0.030299796931997136
5679,"ethanal oxime, 2-oxo-2-phenyl- (+0 -> -1)",8.4,7.980821698081531,0.4191783019184694
5680,"benzoic acid, 2-amino-3-methyl- (+0 -> -1)",4.92,4.704428409950201,0.21557159004979898
5681,"benzoic acid, 3-amino-4-methyl- (+0 -> -1)",4.49,4.766485901390887,0.27648590139088647
5682,"benzoic acid, 3-amino-6-methyl- (+0 -> -1)",4.16,4.2429750044379855,0.08297500443798533
5683,"benzoic acid, 4-amino-2-methyl- (+0 -> -1)",5.17,4.811716403829141,0.3582835961708586
5684,"benzoic acid, 4-amino-3-methyl- (+0 -> -1)",4.81,5.233092156541378,0.42309215654137855
5685,"quinazolin-4(1H)-one, 5,6,7,8-tetrahydro- (+1 -> +0)",2.69,2.7552108820435057,0.06521088204350578
5686,"quinazolin-4(1H)-one, 5,6,7,8-tetrahydro- (+0 -> -1)",9.64,9.7011655810573,0.06116558105729908
5687,"1H-Pyrazolo[3,4-d]pyrimidine-4,6(5H,7H)-dione, 3,5,7-trimethyl- (+0 -> -1)",9.83,10.426596543533858,0.5965965435338578
5688,"phenol, 2-methyl-6-methylsulfinyl- (+0 -> -1)",8.78,8.806340741577447,0.0263407415774477
5689,"purine-2,6,8(1H,3H,7H)-trione, 1,3,7-trimethyl- (+0 -> -1)",6.0,5.849700053761651,0.1502999462383494
5690,"purine-2,6,8(1H,3H,7H)-trione, 3,7,9-trimethyl- (+0 -> -1)",8.35,9.451820960712023,1.1018209607120237
5691,"quinazoline-4(1H)-thione, 5,6,7,8-tetrahydro- (+1 -> +0)",1.95,1.5075865823174643,0.4424134176825356
5692,"quinazoline-4(1H)-thione, 5,6,7,8-tetrahydro- (+0 -> -1)",8.13,8.298350820066727,0.16835082006672586
5693,"thieno[3,2-c]pyridinium, 4-methyl- (+1 -> +0)",6.17,5.835416919890256,0.334583080109744
5694,"thieno[2,3-c]pyridinium, 7-methyl- (+1 -> +0)",5.81,5.859723538973194,0.04972353897319426
5695,"thieno[3,2-c]pyridinium, 2,4-dimethyl- (+1 -> +0)",6.43,6.371848188361973,0.05815181163802663
5696,"thieno[3,2-c]pyridinium, 4,6-dimethyl- (+1 -> +0)",6.75,6.157699249396093,0.5923007506039069
5697,"thieno[3,2-c]pyridinium, 2,4,6-trimethyl- (+1 -> +0)",6.77,7.0990468410317895,0.32904684103178994
5698,"Thieno[2,3-c]pyridinium (+1 -> +0)",5.25,5.257608463064503,0.00760846306450258
5699,3-Amino-4-methylbenzenesulphonic-acid (+0 -> -1),3.6323,3.7516913263611027,0.11939132636110283
5700,4-Amino-3-methylbenzenesulphonic acid (+0 -> -1),3.1264,3.575465984459341,0.4490659844593412
5701,"purine-2,6(1H,3H)-dione, 1,9-dimethyl- (+0 -> -1)",5.99,6.597433146996223,0.6074331469962226
5702,"purine-2,6(1H,3H)-dione, 3,9-dimethyl- (+0 -> -1)",10.14,9.325977319514589,0.8140226804854116
5703,"purine-2,6(1H,3H)-dione, 8,9-dimethyl- (+0 -> -1)",6.2,6.569120681016338,0.3691206810163381
5704,"purine-2,6(1H,3H)-dione, 1,7-dimethyl- (+0 -> -1)",8.6,8.500100912269112,0.09989908773088807
5705,"purin-6(1H)-one, 2,8-bis(methylthio)- (+1 -> +0)",1.4,1.3883057047328942,0.011694295267105748
5706,"purin-6(1H)-one, 2,8-bis(methylthio)- (+0 -> -1)",7.5,7.265651448514955,0.23434855148504496
5707,"purin-6(1H)-one, 2,8-bis(methylthio)- (-1 -> -2)",10.75,10.733840505985043,0.016159494014956977
5708,"phenol, 3-dimethylsulfonio- (+1 -> +0)",7.67,7.782309009650723,0.11230900965072266
5709,"phenol, 4-dimethylsulfonio- (+1 -> +0)",7.3,7.108423826462464,0.19157617353753587
5710,"benzoic acid, 3-dimethylsulfonio- (+1 -> +0)",3.2,3.2815134414817386,0.08151344148173845
5711,"benzoic acid, 4-dimethylsulfonio- (+1 -> +0)",3.3,2.6273993365574144,0.6726006634425854
5712,"2-Pyrrolidinone, 1-hydroxy-4,5,5-trimethyl- (+0 -> -1)",8.85,8.46599938012898,0.38400061987101886
5713,"2-Pyrroline-2-carboxylic acid, 1-hydroxy-4,5,5-trimethyl- (+0 -> -1)",2.85,4.0607864402442315,1.2107864402442314
5714,"1,2,4-Triazole-3(2H)-thione, 4-methyl-5-phenyl- (+0 -> -1)",7.66,7.552148369476466,0.10785163052353397
5715,"1-Oxa-7-azaspiro[4.4]nonane-2,6,8-trione, 9,9-dimethyl- (+0 -> -1)",7.9,7.39543019747267,0.50456980252733
5716,"quinazoline-4(1H)-thione, 5,6,7,8-tetrahydro-2-methyl- (+1 -> +0)",2.35,2.27506644249058,0.0749335575094201
5717,"quinazoline-4(1H)-thione, 5,6,7,8-tetrahydro-2-methyl- (+0 -> -1)",8.91,9.262767774521098,0.352767774521098
5718,"isoquinolin-1(2H)-one, 3-chloro-5,6,7,8-tetrahydro- (+1 -> +0)",-0.28,-0.4460456688190222,0.16604566881902216
5719,"isoquinolin-1(2H)-one, 3-chloro-5,6,7,8-tetrahydro- (+0 -> -1)",8.81,8.291754368423646,0.5182456315763542
5720,"phenol, 4-dimethylsulfonio-3-methyl- (+1 -> +0)",7.6,7.149009555475306,0.4509904445246935
5721,"phenol, 3-dimethylsulfonio-4-methyl- (+1 -> +0)",8.01,8.184993997421309,0.17499399742130883
5722,"phenol, 2-methylsulfinyl- (+0 -> -1)",7.6,8.481524426964842,0.8815244269648428
5723,"phenol, 3-methylsulphinyl- (+0 -> -1)",8.79,8.958692291635248,0.16869229163524935
5724,"phenol, 4-methylsulphinyl- (+0 -> -1)",8.43,8.358869489599243,0.07113051040075646
5725,"1-Methylpyridinium , 2-(N-hydroxycarbamoyl)- (+1 -> +0)",5.25,5.773461128577038,0.5234611285770381
5726,"1-Methylpyridinium, 3-(N-hydroxycarbamoyl)- (+1 -> +0)",6.41,6.489876780938673,0.07987678093867245
5727,"1-Methylpyridinium, 4-(N-hydroxycarbamoyl)- (+1 -> +0)",5.95,6.6240958974794815,0.6740958974794813
5728,3-hydroxyiminomethyl- 1-Methylpyridinium  (+1 -> +0),9.1,9.404619748554527,0.30461974855452745
5729,4-hydroxyiminomethyl- 1-Methylpyridinium (+1 -> +0),8.23,8.35643255075065,0.12643255075064985
5730,"1-Methylpyridinium iodide, 2-hydroxyiminomethyl- (+1 -> +0)",7.82,8.128716066448963,0.3087160664489623
5731,"1,2-Benzenedicarboxylic acid, 4-methyl- (+0 -> -1)",3.04,4.0705737507417386,1.0305737507417385
5732,"1,2-Benzenedicarboxylic acid, 4-methyl- (-1 -> -2)",5.26,5.067907743821205,0.19209225617879522
5733,"acetophenone, 2-hydroxy-3-methoxy- (+0 -> -1)",10.0,9.857946938907414,0.14205306109258586
5734,"1,2,3-Triazole-4-carboxylic acid, 1-phenyl- (+0 -> -1)",2.88,3.231960050601378,0.35196005060137825
5735,"acetamide, N-(2-hydroxyphenyl)-N-methyl- (+0 -> -1)",8.6,8.966059296224973,0.36605929622497335
5736,"4-Quinazolinecarboxylic acid, 2-amino-3,4,5,6,7,8-hexahydro- (+1 -> +0)",2.71,2.9820306931536944,0.27203069315369444
5737,"bicyclo[2.2.1]hept-2-ene-2-carboxylic acid, 3-methoxycarbonyl- (+0 -> -1)",3.19,3.706305274343772,0.5163052743437722
5738,"bicyclo[2.2.1]hepta-2,5-diene-2-carboxylic acid, 3-methoxycarbonyl- (+0 -> -1)",3.02,3.563815068561346,0.5438150685613459
5739,"1,2,3-Triazole-4-carboxylic acid, 5-methyl-1-phenyl- (+0 -> -1)",3.73,3.2068910633574985,0.5231089366425015
5740,2-Hydroxyphenyl 1-pyrrolyl ketone (+0 -> -1),8.59,8.565998291912447,0.024001708087553197
5741,"triazen-3-ol, 3-phenyl-1-(o-tolyl)- (+0 -> -1)",11.55,11.580862595757981,0.03086259575798067
5742,"triazen-3-ol, 1-phenyl-3-(p-tolyl)- (+0 -> -1)",11.86,11.66203653599219,0.19796346400780962
5743,"triazen-3-ol, 1-(4-methoxyphenyl)-3-phenyl- (+0 -> -1)",11.95,11.515785036198851,0.4342149638011481
5744,"triazen-3-ol, 1,3-bis(p-tolyl)- (+0 -> -1)",12.18,12.001231088054876,0.17876891194512368
5745,"acetamide, N-[4-(3-hydroxy-3-phenyltriazeno)phenyl]- (+0 -> -1)",11.66,11.18039620068953,0.47960379931046937
5746,"triazen-3-ol, 1,3-diphenyl- (+0 -> -1)",11.41,11.439887474800475,0.029887474800474934
5747,"triazen-3-ol, 1-(2-chlorophenyl)-3-phenyl- (+0 -> -1)",10.52,10.491430490985788,0.028569509014211292
5748,"triazen-3-ol, 1-(4-chlorophenyl)-3-phenyl- (+0 -> -1)",10.72,10.862251653790256,0.14225165379025562
5749,"triazen-3-ol, 3-(4-chlorophenyl)-phenyl- (+0 -> -1)",10.65,10.887803181275846,0.23780318127584543
5750,"triazen-3-ol, 1-(4-bromophenyl)-3-phenyl- (+0 -> -1)",10.86,10.94814645403822,0.08814645403822041
5751,"triazen-3-ol, 3-phenyl-1-(4-sulfophenyl)- (-1 -> -2)",9.99,11.20099566321947,1.2109956632194692
5752,"triazen-3-ol, 3-phenyl-1-(p-tolyl)- (+0 -> -1)",11.78,11.831208956088862,0.05120895608886222
5753,"triazen-3-ol, 3-methyl-1-phenyl- (+0 -> -1)",12.39,12.469406093287926,0.07940609328792547
5754,"triazen-3-ol, 3-methyl-1-(4-nitrophenyl)- (+0 -> -1)",12.34,10.333925694157752,2.0060743058422474
5755,"triazen-3-ol, 3-methyl-1-(4-chlorophenyl)- (+0 -> -1)",11.52,11.903288145097502,0.3832881450975023
5756,"triazen-3-ol, 3-methyl-1-(p-tolyl)- (+0 -> -1)",12.58,12.296778440679612,0.2832215593203884
5757,"triazen-3-ol, 1-(4-chlorophenyl)-3-4chlorophenyl- (+0 -> -1)",10.55,10.33280176317011,0.2171982368298906
5758,"triazen-3-ol, 3-(4-chlorophenyl)-1-o-tolyl- (+0 -> -1)",11.16,11.34528383352033,0.18528383352033018
5759,"acetophenone, 4-(3-hydroxy-3-phenyltriazeno)- (+0 -> -1)",10.96,10.691953207076832,0.2680467929231689
5760,"quinoline, 7-chloro-8-hydroxy-5-sulpho- (+0 -> -1)",2.9,2.717470341593774,0.1825296584062257
5761,"quinoline, 7-chloro-8-hydroxy-5-sulpho- (-1 -> -2)",6.8,7.401630815020535,0.6016308150205356
5762,"quinoline, 8-hydroxy-6-methyl-5-sulpho- (+0 -> -1)",4.8,4.438108534739967,0.36189146526003313
5763,"quinoline, 8-hydroxy-6-methyl-5-sulpho- (-1 -> -2)",8.7,8.971119891818713,0.27111989181871365
5764,"aniline, 2-methoxy-5-nitro- (+1 -> +0)",2.49,2.5623125255264068,0.07231252552640655
5765,"1H-Imidazo[1,2-a]imidazole, 2,3,5,6-tetrahydro-3-oxo- (+1 -> +0)",6.82,5.9859599125979335,0.8340400874020668
5766,"1H-Imidazo[4,5-c]pyridine, 1-methyl-2-methylthio- (+1 -> +0)",6.48,6.183190520106276,0.2968094798937244
5767,"1H-Imidazo[4,5-c]pyridine, 1-methyl- (+1 -> +0)",6.36,6.181859401912053,0.17814059808794713
5768,"1H-Imidazo[4,5-b]pyridine, 1-methyl- (+1 -> +0)",4.1,4.003227584603312,0.09677241539668735
5769,"1H,5H-Imidazo[1,2-a]pyrimidine, 2,3,6,7-tetrahydro-3-oxo- (+1 -> +0)",8.15,7.795941368272903,0.3540586317270975
5770,"1H,5H-Imidazo[1,2-a]pyrimidine, 2,3,6,7-tetrahydro- (+1 -> +0)",11.22,11.333339016410253,0.11333901641025257
5771,"1,4,5-Triazanaphthalene, 6-hydroxy- (+0 -> -1)",9.52,9.784494282135423,0.2644942821354235
5772,"purin-8(1H)-one, 1-methyl- (+0 -> -1)",9.8,10.61087784358914,0.8108778435891395
5773,"purin-8(3H)-one, 3-methyl- (+0 -> -1)",10.5,10.619548469865112,0.11954846986511214
5774,"purine-2,8(1H,7H)-dione, 1-methyl- (+0 -> -1)",7.94,8.587149701025371,0.6471497010253708
5775,"benzenesulfonic acid, 3,4-dihydroxy- (-1 -> -2)",8.5,8.130147035649774,0.3698529643502262
5776,"benzenesulfonic acid, 3,4-dihydroxy- (-2 -> -3)",12.8,12.628882835571414,0.17111716442858693
5777,"4-Pyrimidinecarboxylic acid, 1,2,3,6-tetrahydro-1-methyl-2,6-dioxo- (-1 -> -2)",10.52,10.180772190290863,0.33922780970913635
5778,"4-Pyrimidinecarboxylic-acid, 1,2,3,6-tetrahydro-3-methyl-2,6-dioxo- (+0 -> -1)",0.7,1.2398977510356426,0.5398977510356426
5779,"4-Pyrimidinecarboxylic-acid, 1,2,3,6-tetrahydro-3-methyl-2,6-dioxo- (-1 -> -2)",9.82,10.162060559907541,0.3420605599075408
5780,"Methyl (1,2-dihydro-2-oxopyrimidin-5-yl)carboxylate (+1 -> +0)",0.65,1.1319719635407992,0.4819719635407992
5781,"Methyl (1,2-dihydro-2-oxopyrimidin-5-yl)carboxylate (+0 -> -1)",7.29,7.354948069722759,0.06494806972275935
5782,"quinazoline, 8-hydroxy-2,4-dimethyl- (+1 -> +0)",3.79,3.461115689808528,0.328884310191472
5783,"quinazoline, 8-hydroxy-2,4-dimethyl- (+0 -> -1)",9.41,9.429644578207597,0.019644578207596908
5784,"quinazoline, 8-hydroxy-4-methyl- (+1 -> +0)",2.88,3.0138372178221884,0.1338372178221885
5785,"quinazoline, 8-hydroxy-4-methyl- (+0 -> -1)",8.77,9.001594367890572,0.23159436789057253
5786,"pyridine, 2,6-di-t-butyl- (+1 -> +0)",5.02,7.012778359816988,1.9927783598169881
5787,"pyridine, 2,6-dimethoxy- (+1 -> +0)",1.6,1.881123401536124,0.2811234015361239
5788,"pyridine, 2-dimethylamino- (+1 -> +0)",6.98,6.970866102822401,0.00913389717759916
5789,"imidazole, 5-methoxycarbonyl-1-methyl-4-N-methylamino- (+1 -> +0)",4.21,3.7008944240138986,0.5091055759861014
5790,Pyrazine 1-oxide (+1 -> +0),0.05,0.4480190576221421,0.3980190576221421
5791,"pyrazine 1-oxide, 3-methyl- (+1 -> +0)",0.46,1.0527683708783009,0.5927683708783009
5792,"pyrazine 1-oxide, 3-methoxy- (+1 -> +0)",-0.45,-0.9361978640920574,0.4861978640920574
5793,"pyrazine 1-oxide, 3-amino- (+1 -> +0)",1.5,2.270708281104188,0.7707082811041879
5794,"pyrazine 1-oxide, 3-dimethylamino- (+1 -> +0)",1.34,2.0570676259074094,0.7170676259074094
5795,"pyridazine, 3-methylsulphinyl- (+1 -> +0)",-0.62,-0.044228927626057235,0.5757710723739428
5796,"pyridazine, 4-methylsulphinyl- (+1 -> +0)",0.22,0.8435596526410478,0.6235596526410478
5797,"benzoic acid, 2-hydroxy-5-methoxy- (+0 -> -1)",2.94,2.5947958368950186,0.34520416310498137
5798,"2,7-Naphthalenedisulfonic acid, 4,5-dihydroxy- (-2 -> -3)",5.36,6.151765497752187,0.7917654977521869
5799,"pyridin-2(1H)-one, 1,6-dihydroxy-4,5-dimethyl- (+0 -> -1)",5.05,4.012673523823434,1.037326476176566
5800,"pyridin-2(1H)-one, 1,6-dihydroxy-4,5-dimethyl- (-1 -> -2)",10.35,10.427142001083755,0.07714200108375557
5801,"quinazoline, 3,4-dihydro-4-hydroxy-3-methyl- (+1 -> +0)",7.62,7.971257375528033,0.35125737552803304
5802,"1H-Imidazo[1,2-a]imidazole, 2,3,5,6-tetrahydro- (+1 -> +0)",10.6,10.95256608149877,0.3525660814987699
5803,"1,2-Benzenedicarboximide, N-hydroxy- (+0 -> -1)",7.0,6.035105174729516,0.9648948252704841
5804,"benzoic acid, 4-(3-hydroxy-3-phenyltriazen-1-yl)- (-1 -> -2)",10.97,10.892473139429757,0.07752686057024327
5805,"benzimidazole, 4(7)-iodo- (+1 -> +0)",4.75,4.674871466431521,0.0751285335684786
5806,"benzimidazole, 5(6)-iodo- (+1 -> +0)",5.03,4.774789083932784,0.2552109160672167
5807,"pyrimidine, 2-hydroxy-5-p-nitrophenyl- (+1 -> +0)",1.42,1.6424605640315066,0.2224605640315067
5808,"pyrimidine, 2-hydroxy-5-p-nitrophenyl- (+0 -> -1)",8.17,8.275021774593442,0.10502177459344253
5809,"pyrimidine, 4-mercapto-6-methylamino- (+1 -> +0)",-0.27,0.150345851012486,0.420345851012486
5810,"pyrimidine, 4-mercapto-6-methylamino- (+0 -> -1)",9.64,9.51033231773069,0.1296676822693108
5811,"pyrimidine, 4-methoxy-2-methyl- (+1 -> +0)",3.98,4.031671829991601,0.051671829991601026
5812,"pyrimidine, 4-dimethylamino- (+1 -> +0)",6.37,6.332350585697618,0.03764941430238178
5813,"pyrimidine, 5-dimethylamino- (+1 -> +0)",2.96,3.1655791154582174,0.2055791154582174
5814,"pyrimidine, 4-amino-5-nitro- (+1 -> +0)",1.98,1.9106118330477306,0.06938816695226935
5815,"pyrimidine, 4-amino-2-methyl-5-nitro- (+1 -> +0)",2.67,2.4167721756054217,0.25322782439457825
5816,"pyrimidine, 2-amino-4-methylamino- (+1 -> +0)",7.75,7.518595660596169,0.23140433940383076
5817,"pyrimidine, 2-amino-4-chloro-6-methylamino- (+1 -> +0)",3.88,3.8028649255194544,0.07713507448054546
5818,"pyrimidine, 4-amino-5-bromo-2-methylamino- (+1 -> +0)",5.72,5.678607835208573,0.04139216479142682
5819,"pyrimidine, 2-amino-5-bromo-4-methylamino- (+1 -> +0)",6.21,6.043671653099889,0.16632834690011133
5820,"pyrimidine, 2-amino-5-bromo-4-dimethylamino- (+1 -> +0)",5.96,5.984275754833237,0.024275754833237073
5821,"pyrimidine, 4-amino-5-bromo-2-dimethylamino- (+1 -> +0)",6.15,5.970788982764318,0.17921101723568267
5822,"pyrimidine, 4-amino-6-chloro-2-dimethylamino- (+1 -> +0)",3.75,4.3158834239554515,0.5658834239554515
5823,"pyrimidine, 4-amino-2-dimethylamino- (+1 -> +0)",7.62,8.140926487242165,0.5209264872421651
5824,"pyrimidine, 2-amino-4-dimethylamino-6-hydroxy-5-nitro- (+1 -> +0)",-0.62,-0.23800185104260763,0.38199814895739237
5825,"pyrimidine, 2-amino-4-dimethylamino-6-hydroxy-5-nitro- (+0 -> -1)",8.53,9.082642224862251,0.552642224862252
5826,"pyrimidine, 2-amino-4-hydroxy-6-methylamino-5-nitro- (+1 -> +0)",-0.37,-0.32453624372258716,0.04546375627741284
5827,"pyrimidine, 2-amino-4-hydroxy-6-methylamino-5-nitro- (+0 -> -1)",8.7,8.262796161144458,0.4372038388555417
5828,"pyrimidine, 4-amino-2-trifluoromethyl- (+1 -> +0)",1.39,1.817454491620028,0.427454491620028
5829,"pyridine, 3-dimethylamino- (+1 -> +0)",6.45,6.49560590669042,0.04560590669041975
5830,"pyridine, 1,2-dihydro-5-iodo-2-oxo- (+1 -> +0)",0.0,0.28509860634976203,0.28509860634976203
5831,"pyridine, 1,2-dihydro-5-iodo-2-oxo- (+0 -> -1)",9.93,10.2620750805799,0.33207508057989976
5832,"pyridine, 1,4-dihydro-3,5-dinitro-4-oxo- (+0 -> -1)",4.56,4.389886651741583,0.1701133482584165
5833,"aniline, 4-thiocyanato- (+1 -> +0)",2.9,2.3859636132585322,0.5140363867414677
5834,"aniline, 2,4,5-trichloro- (+1 -> +0)",1.09,0.9498165129987308,0.14018348700126926
5835,"aniline, 2,4,6-trichloro- (+1 -> +0)",-0.03,0.045811604151626995,0.075811604151627
5836,"aniline, 3-methyl-4-nitro- (+1 -> +0)",1.41,1.0544953325465967,0.35550466745340326
5837,"aniline, N-methyl-2-nitro- (+1 -> +0)",-0.62,-0.08178053493719162,0.5382194650628084
5838,"aniline, N-methyl-4-nitro- (+1 -> +0)",0.55,0.5049218502685786,0.045078149731421435
5839,"aniline, 4-methoxy-3-nitro- (+1 -> +0)",3.26,4.4293212659691354,1.1693212659691357
5840,"aniline, 3-chloro-4-nitro- (+1 -> +0)",0.26,0.17348088602175338,0.08651911397824663
5841,"aniline, 3-nitro-5-trifluoromethyl- (+1 -> +0)",0.82,0.9196327110968534,0.09963271109685345
5842,"benzylamine, 4-fluoro-N,N-dimethyl- (+1 -> +0)",8.94,8.866511438600199,0.07348856139980064
5843,"benzylamine, N,N-dimethyl- (+1 -> +0)",9.03,8.994750931302281,0.035249068697718045
5844,"benzylamine, N,N-dimethyl-3-nitro- (+1 -> +0)",8.2,8.12629273723143,0.07370726276856843
5845,"benzylamine, N,N-dimethyl-4-nitro- (+1 -> +0)",8.14,7.703822917506823,0.43617708249317744
5846,"benzylamine, 4-methoxy-N,N-dimethyl- (+1 -> +0)",9.32,9.107509302332488,0.21249069766751205
5847,"pyridine, 4-hydroxy-2,6-di(methoxycarbonyl)- (+1 -> +0)",0.5,0.7892797764961577,0.28927977649615766
5848,"pyridine, 4-hydroxy-2,6-di(methoxycarbonyl)- (+0 -> -1)",6.25,6.562703856750432,0.31270385675043233
5849,"pyridine, 3,4,5-tribromo- (+1 -> +0)",0.45,0.08121861381792694,0.36878138618207307
5850,"pyrimidine, 2-amino-5-phenyl- (+1 -> +0)",3.32,2.8974679183005803,0.4225320816994196
5851,"pyrimidine, 2-amino-5-(4-nitrophenyl)- (+1 -> +0)",2.7,3.015883032138852,0.31588303213885194
5852,"purin-2(1H)-one, 3,6-dihydro-6-thioxo- (+0 -> -1)",6.2,6.274859802343933,0.07485980234393264
5853,"purin-2(1H)-one, 3,6-dihydro-6-thioxo- (-1 -> -2)",11.4,10.739009196092692,0.6609908039073087
5854,"4H-Pyran-2-carboxylic acid, 5-hydroxy-4-oxo- (-1 -> -2)",7.75,8.155417283940725,0.40541728394072507
5855,"1H-1,2,3-Triazolo[4,5-b]pyridine-6-carbonitrile, 5-amino- (+1 -> +0)",-0.06,1.4596501907890262,1.5196501907890263
5856,"1H-1,2,3-Triazolo[4,5-b]pyridine-6-carbonitrile, 5-amino- (+0 -> -1)",6.53,6.300628102977778,0.22937189702222227
5857,"4H-Pyran-4-one, 3-hydroxy-2-methyl- (+1 -> +0)",-0.71,-1.233341910815776,0.523341910815776
5858,"4H-Pyran-4-one, 3-hydroxy-2-methyl- (+0 -> -1)",8.66,9.312759612311805,0.6527596123118045
5859,"1,2-Cyclohexanedione (+0 -> -1)",10.3,10.172690714427564,0.12730928557243715
5860,"furan-2(5H)-one, 4-hydroxy-3,5-dimethyl- (+0 -> -1)",4.0,4.783629426413828,0.7836294264138282
5861,"cyclopentanecarboxylic acid, 1-hydroxy- (+0 -> -1)",4.076,4.113176814872202,0.03717681487220226
5862,"1,4-Benzoquinone, 3,5,6-trichloro-2-hydroxy- (+0 -> -1)",1.09,1.021392091416848,0.06860790858315213
5863,"1,4-Benzoquinone, 3,5,6-tribromo-2-hydroxy- (+0 -> -1)",1.1,1.5310250992433998,0.4310250992433997
5864,"1,4-Benzoquinone, 2,5-dichloro-3,6-dihydroxy- (+0 -> -1)",0.73,0.4446870182044833,0.2853129817955167
5865,"1,4-Benzoquinone, 2,5-dichloro-3,6-dihydroxy- (-1 -> -2)",3.08,2.642837087114766,0.4371629128852339
5866,"1,4-Benzoquinone, 2,5-dibromo-3,6-dihydroxy- (+0 -> -1)",0.8,0.9877727195116979,0.18777271951169783
5867,"1,4-Benzoquinone, 2,5-dibromo-3,6-dihydroxy- (-1 -> -2)",3.1,3.9002050188416133,0.8002050188416132
5868,"1,4-Benzoquinone, 2,5-difluoro-3,6-dihydroxy- (+0 -> -1)",1.4,1.1035717047245113,0.29642829527548864
5869,"1,4-Benzoquinone, 2,5-difluoro-3,6-dihydroxy- (-1 -> -2)",3.3,3.2221983828016825,0.07780161719831735
5870,"1,2-Benzenediol, 3,4-dinitro- (+0 -> -1)",4.02,3.6973550737470147,0.3226449262529849
5871,"1,2-Benzenediol, 3,4-dinitro- (-1 -> -2)",8.24,7.382424784307059,0.8575752156929415
5872,"1,2-Benzenediol, 3,5-dinitro- (+0 -> -1)",3.32,2.184047370569046,1.1359526294309537
5873,"1,2-Benzenediol, 3,5-dinitro- (-1 -> -2)",9.86,10.160072819537124,0.3000728195371245
5874,"1,3-Benzenediol, 2,4,6-trinitro- (+0 -> -1)",1.74,1.0973317953327646,0.6426682046672354
5875,"1,3-Benzenediol, 2,4,6-trinitro- (-1 -> -2)",4.86,4.8313017768948505,0.0286982231051498
5876,"1,3,5-Benzenetriol, 2,4,6-trinitro- (+0 -> -1)",1.26,0.6492897726690998,0.6107102273309002
5877,"1,3,5-Benzenetriol, 2,4,6-trinitro- (-1 -> -2)",4.16,4.598539458054975,0.43853945805497485
5878,"1,3,5-Benzenetriol, 2,4,6-trinitro- (-2 -> -3)",7.66,6.698946663662728,0.9610533363372724
5879,"acetic acid, sulfo- (-1 -> -2)",4.2,3.909879719987586,0.2901202800124141
5880,Ethanethioamide (+0 -> -1),13.4,13.271952097986674,0.12804790201332672
5881,"methanedithioic acid, methylamino- (+0 -> -1)",2.89,2.1639143577178785,0.7260856422821216
5882,"ethanol, 2-mercapto- (+0 -> -1)",9.4,9.867106507073434,0.46710650707343326
5883,"acetic acid, nitrooxy- (+0 -> -1)",2.26,2.0201922641854004,0.23980773581459935
5884,"acetamide, 2-chloro-2-nitro- (+0 -> -1)",3.5,4.170530973591493,0.670530973591493
5885,"acetamide, 2-fluoro-2-nitro- (+0 -> -1)",5.89,5.229625694874251,0.6603743051257487
5886,"1,2,4-Triazine-3,5(2H,4H)-dione, 6-amino- (+0 -> -1)",7.35,7.0033730723797305,0.34662692762026914
5887,"pyrimidine-2,4(1H,3H)-dione, 6-hydroxy-5-nitro- (-1 -> -2)",10.25,10.245165696619171,0.004834303380828686
5888,"propanoic acid, 2-nitrooxy- (+0 -> -1)",2.39,2.6033864804402,0.21338648044019992
5889,"2-Propanol, 1-amino-3,3,3-trifluoro- (+0 -> -1)",12.29,12.628163384204367,0.33816338420436765
5890,"1H-1,2,3-Triazolo[4,5-d]pyrimidin-5(4H)-one, 6,7-dihydro- (+0 -> -1)",8.03,8.540728981876798,0.5107289818767988
5891,"1H-1,2,3-Triazolo[4,5-d]pyrimidin-5(4H)-one, 6,7-dihydro- (-1 -> -2)",14.48,14.314242694836963,0.16575730516303722
5892,"Pyrimidino[5,4-e]-1,2,4-triazin-5(1H)-one- (+0 -> -1)",6.59,6.73159743225318,0.1415974322531799
5893,"4-Pyrimidinecarboxylic acid, 1,2,3,6-tetrahydro-5-nitro-2,6-dioxo- (-1 -> -2)",4.94,4.606412852962799,0.3335871470372016
5894,"1,3-Dithiacycloheptane-1,1,3,3-tetroxide (+0 -> -1)",11.75,11.21827230654617,0.5317276934538295
5895,"1H-1,2,3-Triazolo[4,5-d]pyrimidin-7(4H)-one, 5,6-dihydro-1-methyl-5-thioxo- (+0 -> -1)",6.73,5.258683240976305,1.4713167590236953
5896,Tetrahydropyran-2-carboxylic acid (+0 -> -1),3.8,3.7643351965036116,0.03566480349638823
5897,"pyrimidino[5,4-e]-1,2,4-triazin-5(1H)-one, 3-methyl- (+0 -> -1)",7.0,6.815415367338652,0.18458463266134828
5898,"2-Pyridinecarboxylic acid, 3-hydroxy- (+0 -> -1)",5.17,5.355852016828814,0.18585201682881447
5899,"2-Pyridinecarboxylic acid, 3-hydroxy- (-1 -> -2)",10.76,11.62240890324789,0.862408903247891
5900,"1H-Pyrazolo[3,4-d]pyrimidin-4(2H)-one, 1-methyl- (+0 -> -1)",9.26,9.576281173832225,0.3162811738322251
5901,"2,5-Pyrrolidinedione, 3-acetylamino- (+0 -> -1)",8.85,8.104065608696391,0.7459343913036083
5902,"imidazolidine-2,4-dione, 1-acetyl-5-methyl- (+0 -> -1)",7.2,6.861832954844703,0.3381670451552976
5903,"purin-6(1H)-one, 8-trifluoromethyl- (-1 -> -2)",10.9,11.242620153859587,0.34262015385958655
5904,"purine-2,6(1H,3H)-dione, 8-bromo-9-methyl- (+0 -> -1)",5.45,5.137067781345247,0.31293221865475296
5905,"benzenesulfinic acid, 3-chloro- (+0 -> -1)",2.68,2.5386847114661917,0.14131528853380848
5906,"benzenesulfinic acid, 4-chloro- (+0 -> -1)",2.76,2.0428341609758602,0.7171658390241396
5907,"benzenesulfinic acid, 4-bromo- (+0 -> -1)",3.08,2.105699397348693,0.974300602651307
5908,"pteridine-2(1H)-thione, 3,4-dihydro-4-hydroxy- (+0 -> -1)",9.72,10.220894954446793,0.5008949544467924
5909,"methanesulfonic acid, 1-hydroxy-1-(2-pyridyl)- (+0 -> -1)",4.05,3.6926020178385555,0.35739798216144436
5910,"methanesulfonic acid, 1-hydroxy-1-(2-pyridyl)- (-1 -> -2)",9.7,11.53400087903422,1.834000879034221
5911,"methanesulfonic acid, 1-hydroxy-1-(3-pyridyl)- (+0 -> -1)",4.6,4.512277117283517,0.08772288271648243
5912,"methanesulfonic acid, 1-hydroxy-1-(3-pyridyl)- (-1 -> -2)",9.53,10.597940435406501,1.067940435406502
5913,"methanesulfonic acid, 1-hydroxy-1-(4-pyridyl)- (+0 -> -1)",4.95,4.817961785205421,0.1320382147945791
5914,"methanesulfonic acid, 1-hydroxy-1-(4-pyridyl)- (-1 -> -2)",10.05,9.888252767505232,0.1617472324947684
5915,"2H-1,2,3-Triazolo[4,5-d]pyrimidin-7(6H)-one, 2-methyl-5-methylthio- (+0 -> -1)",7.28,7.254265032618431,0.02573496738156944
5916,"1H-1,2,3-Triazolo[4,5-d]pyrimidin-7(4H)-one, 1-methyl-5-methylsulfonyl- (+0 -> -1)",2.96,3.766275635781785,0.8062756357817848
5917,"2H-1,2,3-Triazolo[4,5-d]pyrimidin-7(6H)-one, 2-methyl-5-methylsulfonyl- (+0 -> -1)",3.54,4.335085895088611,0.7950858950886106
5918,"imidazolidin-4-one, 5-isopropyl-2-thioxo- (+0 -> -1)",8.7,8.260447214872134,0.4395527851278658
5919,"4H-Pyran-2,6-dicarboxylic acid, 4-oxo- (-1 -> -2)",2.36,2.465203715999677,0.10520371599967726
5920,"benzoic acid, 3-chloro-4-hydroxy- (-1 -> -2)",7.52,7.681997373763617,0.16199737376361778
5921,"1,2,5,6,7,8-hexahydro-2,6-dioxo-4-Pteridinecarboxylic acid (-1 -> -2)",12.04,12.214570798064575,0.17457079806457543
5922,"benzenesulfinic acid, 4-methyl- (+0 -> -1)",2.8,2.84518692823024,0.0451869282302404
5923,"benzenesulfinic acid, 4-methoxy- (+0 -> -1)",2.72,2.9767385796779706,0.2567385796779704
5924,"methanedithioic acid, cyclohexyloxy- (+0 -> -1)",2.05,0.9371442431534902,1.1128557568465096
5925,2-Phenylethynylphosphonic acid (+0 -> -1),1.14,0.20135588482113675,0.9386441151788631
5926,2-Phenylethynylphosphonic acid (-1 -> -2),6.3,6.13600234210823,0.16399765789176968
5927,"acetamidine, 2-hydroxy-2-phenyl- (+1 -> +0)",10.82,10.191752439235707,0.6282475607642937
5928,"acetamidine, 2-hydroxy-2-phenyl- (+0 -> -1)",12.52,13.063352649657396,0.5433526496573968
5929,"pyrimidine-2,4(1H,3H)-dione, 6-acetoxyamino-1,3-dimethyl- (+0 -> -1)",7.01,6.224196108893354,0.7858038911066458
5930,"2-Pyrazolin-4-one, 1-phenyl- (+0 -> -1)",9.05,9.609540913787573,0.559540913787572
5931,"2-Pyrazolin-5-one, 1-phenyl- (+0 -> -1)",6.56,7.045311038949819,0.48531103894981964
5932,"pyrimidine-2,4(1H,3H)-dione, 6-hydroxy-5-phenyl- (+0 -> -1)",3.75,2.0772321744599296,1.6727678255400704
5933,"2-Azaspiro[4.5]decane-4-carbonitrile, 1,3-dioxo- (+0 -> -1)",7.09,7.589621188261361,0.4996211882613615
5934,"pyrimidin-4(1H)-one, 2,3-dihydro-6-hydroxy-5-phenyl-2-thioxo- (+0 -> -1)",3.9,1.423650761365181,2.476349238634819
5935,"pyrimidino[5,4-e]1,2,4-triazin-5(1H)-one, 7-amino-3-phenyl- (+1 -> +0)",1.0,0.5794969032344053,0.4205030967655947
5936,"pyrimidino[5,4-e]1,2,4-triazin-5(1H)-one, 7-amino-3-phenyl- (+0 -> -1)",6.77,6.912016236573927,0.14201623657392748
5937,"3-Pyrrolidinecarboxylic acid, 2,5-dioxo-4-phenyl- (+0 -> -1)",2.9,3.130950359479864,0.2309503594798641
5938,"3-Pyrrolidinecarboxylic acid, 2,5-dioxo-4-phenyl- (-1 -> -2)",8.92,8.910217217653315,0.009782782346684726
5939,"3-Pyrrolidinecarboxamide, 2,5-dioxo-4-phenyl- (+0 -> -1)",7.62,7.453765534958993,0.1662344650410068
5940,"2,5-Pyrrolidinedione, 3-methyl-3-phenyl- (+0 -> -1)",8.8,8.947438325488834,0.1474383254888334
5941,"ethanone, 1-(2-methyl-3-indolyl)- (+0 -> -1)",13.24,12.880990529531312,0.35900947046868836
5942,"1H-Naphtho[2,3-d]imidazol-2(3H)-one, 5,6,7,8-tetrahydro- (+0 -> -1)",12.21,12.106458530701705,0.10354146929829611
5943,"1H-Naphtho[2,3-d]imidazol-2(3H)-thione, 5,6,7,8-tetrahydro- (+0 -> -1)",10.43,10.483983442263334,0.05398344226333407
5944,"phenol, 2-(tert-butyliminomethyl)- (+0 -> -1)",9.5,8.77796025674176,0.7220397432582395
5945,"benzenesulfonamide, N-(2-pyridyl)- (+0 -> -1)",8.2,7.127352688115761,1.0726473118842383
5946,Biphenyl-2-ol (+0 -> -1),10.01,9.472504218682769,0.5374957813172312
5947,Methyl 3-hydroxy-1-naphthocarboxylate (+0 -> -1),8.88,8.98001444398972,0.10001444398971948
5948,Methyl 4-hydroxy-2-naphthocarboxylate (+0 -> -1),8.75,8.79608405273704,0.04608405273704008
5949,"2,2'-Bipyrrolidine, 5,5,5',5'-tetramethyl- (+2 -> +1)",6.95,6.856028977559279,0.09397102244072109
5950,"2,2'-Bipyrrolidine, 5,5,5',5'-tetramethyl- (+1 -> +0)",10.3,11.085818983147842,0.7858189831478413
5951,"2,5-Pyrrolidinedione, 3-cyano-4-methyl-4-phenyl- (+0 -> -1)",6.2,6.534181752769481,0.3341817527694806
5952,"acetamide, N-(3-hydroxy-1-naphthyl)- (+0 -> -1)",9.31,9.031203767451903,0.27879623254809793
5953,"acetamide, N-(4-hydroxy-2-naphthyl)- (+0 -> -1)",8.87,8.979473664233812,0.10947366423381233
5954,"3-Pyrrolidinecarboxamide, 4-methyl-2,5-dioxo-4-phenyl- (+0 -> -1)",7.69,7.638370656758694,0.051629343241306636
5955,"1H-Naphtho[2,3-d]imidazole-2(3H)-thione, 5,6,7,8-tetrahydro-3-methyl- (+0 -> -1)",10.78,10.768018275654146,0.011981724345853095
5956,"phenol, 2-chloro-4-cyclohexyl- (+0 -> -1)",8.66,8.606365425365585,0.053634574634415344
5957,"diphenylamine, 2,4-dichloro-2',6'-dinitro- (+0 -> -1)",12.53,11.800080924327435,0.729919075672564
5958,"benzenesulfonamide, N-(3-nitrophenyl)- (+0 -> -1)",6.94,7.566739982604254,0.6267399826042537
5959,"benzenesulfonamide, N-(4-nitrophenyl)- (+0 -> -1)",6.2,6.178139465471411,0.021860534528589604
5960,"benzenesulfonamide, 4-amino-N-(3,5-dinitrophenyl)- (+0 -> -1)",6.19,7.5068356558621945,1.316835655862194
5961,"benzenesulfonamide, 4-amino-N-(4-nitrophenyl)- (+0 -> -1)",6.97,6.812639174236698,0.1573608257633019
5962,"benzenesulfonamide, N-(4-aminophenyl)- (+0 -> -1)",9.05,9.034299177809533,0.015700822190467534
5963,"2,5-Cyclohexadien-1-one, 2-chloro-4-(3,5-dichloro-4-hydroxyphenyl)imino-6-methyl- (+0 -> -1)",5.5,5.304602757352654,0.1953972426473456
5964,"benzenesulfonamide, N-(4-chlorophenyl)- (+0 -> -1)",7.93,8.727778042992071,0.7977780429920713
5965,"benzenesulfonamide, 4-amino-N(S)-(3,5-dichlorophenyl)- (+0 -> -1)",7.54,8.07974924505139,0.5397492450513903
5966,"benzenesulfonamide, 4-amino-N(S)-(3-chloro-5-nitrophenyl)- (+0 -> -1)",6.92,6.852803231118818,0.06719676888118187
5967,"benzenesulfonamide, 4-amino-N(S)-(4-chloro-3-nitrophenyl)- (+0 -> -1)",7.16,6.692198390168223,0.46780160983177677
5968,"benzenesulfonamide, 4-amino-N(S)-(3-chlorophenyl)- (+0 -> -1)",8.28,8.611107215751797,0.331107215751798
5969,"benzenesulfonamide, 4-amino-N(S)-(4-chlorophenyl)- (+0 -> -1)",8.56,8.662246871692869,0.10224687169286817
5970,"benzophenone, 4-hydroxy- (+0 -> -1)",7.95,7.817429158208102,0.13257084179189782
5971,"benzophenone, 2,3',4-trihydroxy- (+0 -> -1)",7.02,7.038823587381525,0.01882358738152501
5972,"benzophenone, 2,3',4-trihydroxy- (-1 -> -2)",9.24,9.697394420008141,0.457394420008141
5973,"benzophenone, 2,3',4-trihydroxy- (-2 -> -3)",12.2,12.22330054134095,0.023300541340951497
5974,"benzenecarboxamide, N-(4-hydroxyohenyl)-4-nitro- (+0 -> -1)",9.5,9.387069677887185,0.11293032211281506
5975,Phenyl 4-nitroanilinomethanoate (+0 -> -1),12.5,11.976889062563206,0.5231109374367939
5976,"benzenecarboxamide, N-(2-hydroxyphenyl)- (+0 -> -1)",7.5,8.7145480748583,1.2145480748582997
5977,"benzenecarboxamide, N-(4-hydroxyphenyl)- (+0 -> -1)",9.54,9.564979642644001,0.024979642644002098
5978,"benzoic acid, 2-amino-5-phenoxy- (+1 -> +0)",2.34,2.261744452987992,0.07825554701200765
5979,"benzoic acid, 2-amino-5-phenoxy- (+0 -> -1)",4.88,4.537310515995634,0.3426894840043655
5980,"3-Pyrrolidinecarbonitrile, 4-benzyl-4-methyl-2,5-dioxo- (+0 -> -1)",6.69,6.585028402270406,0.10497159772959463
5981,"3-Pyrrolidinecarbonitrile, 4-ethyl-2,5-dioxo-4-phenyl- (+0 -> -1)",5.97,6.1448815453004215,0.17488154530042177
5982,"benzoic acid, 4-(4-chloroanilino)-3,5-dinitro- (-1 -> -2)",13.42,12.370901646557794,1.049098353442206
5983,"2,5-Cyclohexadien-1-one, 2,6-dichloro-4-(4-hydroxy-2-methylphenyl)imino- (+0 -> -1)",5.9,6.185915467947267,0.28591546794726685
5984,"2,5-Cyclohexadien-1-one, 4-(3,5-dichloro-4-hydroxyphenyl)imino-2-methyl- (+0 -> -1)",5.7,5.63036265438173,0.06963734561827017
5985,"2,5-Cyclohexadien-1-one, 4-(3,5-dibromo-4-hydroxyphenyl)imino-2-methyl- (+0 -> -1)",5.4,5.386174619324386,0.01382538067561434
5986,"2,5-Cyclohexadien-1-one, 4-(3,5-dibromo-4-hydroxyphenyl)imino-3-methyl- (+0 -> -1)",5.6,5.906370729406524,0.30637072940652477
5987,"4-Chlorophenyl, 4-nitroanilinomethanoate- (+0 -> -1)",12.3,11.953946605156961,0.34605339484303954
5988,"benzenecarboxamide, 4-chloro-N-(4-hydroxyphenyl)- (+0 -> -1)",9.5,9.545695815533922,0.04569581553392155
5989,"benzoic acid, 4-phenylsulfonylamino- (-1 -> -2)",7.75,8.258212583139372,0.5082125831393718
5990,"benzoic acid, 2-hydroxy-4-phenylsulfonylamino- (-1 -> -2)",7.61,7.625001132677458,0.015001132677457285
5991,"benzenesulfonamide, N-(p-tolyl)- (+0 -> -1)",8.64,8.691180896112254,0.051180896112253293
5992,"benzoic acid, 2-benzoyl- (+0 -> -1)",3.536,3.707351124172323,0.17135112417232312
5993,"phenol, 2,4-di-tert-butyl- (+0 -> -1)",11.72,11.429529643684575,0.29047035631542606
5994,"spiro[naphthalene-1(2H),3'-pyrrolidine]-4'-carbonitrile, 3,4-dihydro-2',5'-dioxo- (+0 -> -1)",6.3,6.117769724432589,0.18223027556741123
5995,"2,5-Cyclohexadien-1-one, 4-(4-hydroxy-3,5-dimethylphenyl)imino- (+0 -> -1)",8.7,9.175238536093257,0.47523853609325784
5996,"3,5-di-tert-butyl-4-hydroxy- Benzenesulfonic acid (-1 -> -2)",10.4,10.959968990198885,0.5599689901988842
5997,"benzenesulfonamide, N-(p-acetylphenyl)- (+0 -> -1)",6.94,6.619159077511511,0.3208409224884896
5998,"2,5-Cyclohexadien-1-one, 4-(3,5-dichloro-4-hydroxyphenyl)imino-2,6-dimethyl- (+0 -> -1)",5.9,5.535076862600206,0.36492313739979476
5999,"2,5-Cyclohexadien-1-one, 4-(3,5-dibromo-4-hydroxyphenyl)imino-2,6-dimethyl- (+0 -> -1)",5.4,5.294257709638351,0.10574229036164962
6000,"2,5-Cyclohexadien-1-one, 4-(3,5-dichloro-4-hydroxyphenyl)imino-2,5-dimethyl- (+0 -> -1)",6.1,5.920473220433322,0.17952677956667795
6001,"1,3-Indandione, 2-phenyl- (+0 -> -1)",4.4,5.514678111165692,1.1146781111656914
6002,"benzoic acid, 2-(p-toluoyl)- (+0 -> -1)",3.644,3.556638333090395,0.08736166690960534
6003,"benzoic acid, 3,5-di-tert-butyl-4-hydroxy- (-1 -> -2)",10.8,10.684865202016521,0.11513479798347959
6004,"1,3-Indandione, 2-(4-chlorophenyl)- (+0 -> -1)",4.0,5.665266950421723,1.6652669504217226
6005,"1,3,5-Triazine-2,4,6(1H,3H,5H)-trione, 1,3-diphenyl- (+0 -> -1)",6.51,6.18826641304614,0.3217335869538598
6006,"Spiro[fluorene-9,3'-pyrrolidine]-2',5'-dione (+0 -> -1)",7.72,8.268230150974121,0.5482301509741214
6007,"2,3,5-Pyrrolidinetrione, 4,4-diphenyl- (+0 -> -1)",5.5,4.656528718100826,0.8434712818991743
6008,"3-Pyrrolidinecarboxamide, 2,5-dioxo-4-4-diphenyl- (+0 -> -1)",7.44,7.575060502008983,0.135060502008983
6009,"3-Pyrrolidinecarbonitrile, 2,5-dioxo-4,4-diphenyl- (+0 -> -1)",5.18,6.221319043912544,1.0413190439125444
6010,"spiro(fluorene-9,3'-pyrrolidine)-4'-carbonitrile, 2',5'-dioxo- (+0 -> -1)",5.6,5.561431270900765,0.03856872909923492
6011,"3-Pyrrolidinecarboxylic acid, 4-methyl-4-(1-naphthyl)-2,5-dioxo- (+0 -> -1)",2.94,3.1185620577343514,0.1785620577343514
6012,"3-Pyrrolidinecarboxylic acid, 4-methyl-4-(1-naphthyl)-2,5-dioxo- (-1 -> -2)",8.93,8.584250107846355,0.3457498921536448
6013,"2,5-Pyrrolidinedione, 3-methyl-3-(2-naphthyl)- (+0 -> -1)",8.73,8.663165602905767,0.06683439709423311
6014,"3-Pyrrolidinecarbonitrile, 4-methyl-4-(1-naphthyl)-2,5-dioxo- (+0 -> -1)",6.2,6.0637169339496335,0.13628306605036666
6015,"3-Pyrrolidinecarbonitrile, 4-methyl-4-(2-naphthyl)-2,5-dioxo- (+0 -> -1)",6.25,6.349811902729768,0.09981190272976814
6016,"2,5-Pyrrolidinedione, 3-hydroxy-4,4-diphenyl- (+0 -> -1)",7.65,7.447439652207122,0.20256034779287813
6017,"benzenesulfonamide, 4-amino-N(S)-(2,6-dimethylpyrimidin-4-yl)- (+0 -> -1)",7.49,6.469753348403777,1.0202466515962234
6018,"3-Pyrrolidinecarboxamide, 4-methyl-4-(1-naphthyl)-2,5-dioxo- (+0 -> -1)",7.6,7.798443465742266,0.19844346574226623
6019,"3-Pyrrolidinecarboxamide, 4-methyl-4-(2-naphthyl)-2,5-dioxo- (+0 -> -1)",7.7,7.617608353900984,0.08239164609901639
6020,"1,3-Indandione, 2-isobutyryl- (+0 -> -1)",3.2,4.108791695377443,0.9087916953774426
6021,Phenyl hydrogen p-nitrophenylphosphonate (+0 -> -1),2.5,0.18396787229557265,2.3160321277044273
6022,"benzoic acid, 3-(5-nitro-2-pyridyl)amino- (-1 -> -2)",14.59,14.176595188929065,0.41340481107093474
6023,"benzoic acid, 4-(5-nitro-2-pyridyl)amino- (-1 -> -2)",14.42,13.59773668978018,0.8222633102198191
6024,"benzenesulfonamide, 4-amino-N(S)-(4-methylpyrimidin-2-yl)- (+0 -> -1)",6.84,7.208656042756149,0.3686560427561494
6025,"1H-Naphtho[2,3-d]imidazole-2(3H)-thione (+0 -> -1)",9.84,10.222447319379707,0.38244731937970755
6026,"1,3-Indandione, 2-acetyl- (+0 -> -1)",2.9,3.5257240615331185,0.6257240615331185
6027,"benzenesulfonamide, 4-amino-N-(2-pyrimidinyl)- (+0 -> -1)",6.35,7.70796284036636,1.3579628403663602
6028,"1,2,3-Triazole-4,5-dicarboxylic acid, 1-phenyl- (+0 -> -1)",2.13,0.5671574616283062,1.5628425383716937
6029,"1,2,3-Triazole-4,5-dicarboxylic acid, 1-phenyl- (-1 -> -2)",4.93,5.048084972248062,0.11808497224806214
6030,"acetamide, N-(4-aminosulfonylphenyl)- (+0 -> -1)",10.02,9.727717472334366,0.292282527665634
6031,"benzenethiol, 2-(N-formyl-N-methyl)amino- (+0 -> -1)",5.65,5.507165220344041,0.14283477965595903
6032,"benzohydroxamic acid, 3-nitro- (+0 -> -1)",8.4,8.24836333626993,0.1516366637300699
6033,"benzohydroxamic acid, 2-chloro- (+0 -> -1)",7.85,7.979296903678164,0.12929690367816438
6034,"benzohydroxamic acid, 2-fluoro- (+0 -> -1)",8.0,8.546562300741424,0.5465623007414244
6035,"pyrimidine-4-sulfonamide, 1,2,3,6-tetrahydro-2,6-dioxo- (+0 -> -1)",5.43,5.014074379963126,0.41592562003687394
6036,"1,2,3-Benzenetriol (+0 -> -1)",9.12,8.08322367338189,1.03677632661811
6037,"1H-Pyrazolo[4,3-d]pyrimidine-3-carboxylic acid, 4,7-dihydro-7-oxo- (+0 -> -1)",3.6,2.273359553480123,1.326640446519877
6038,"2-Pyrroline-5-carboxylic acid, 1-hydroxy-5-methyl- (+0 -> -1)",2.95,3.955828376921115,1.005828376921115
6039,"2,4-Pentanedione, 1,1,1-trifluoro- (+0 -> -1)",6.3,5.329040047038656,0.9709599529613442
6040,"2,4-Pentanedione, 3-methyl- (+0 -> -1)",10.87,10.601187967137523,0.2688120328624759
6041,"2,4-Pentanedione, 3-isopropyl- (+0 -> -1)",12.85,11.582682579929742,1.267317420070258
6042,"2,4-Pentanedione, 3-phenyl- (+0 -> -1)",9.32,8.519662015747787,0.8003379842522129
6043,"2,5-Pyrrolidinedione, 3-ethyl-3-(p-nitrophenyl)- (+0 -> -1)",8.49,8.151364448014643,0.338635551985357
6044,"2,5-Pyrrolidinedione, 3-ethyl-3-phenyl- (+0 -> -1)",8.76,8.82930466908656,0.06930466908656108
6045,"pyrimidin-4,6(1H,5H)-dione, 5-ethyl-2,3-dihydro-5-phenyl-2-thioxo- (+0 -> -1)",6.3,7.024657019551293,0.7246570195512936
6046,"1,3-Propanedione, 1,3-diphenyl- (+0 -> -1)",8.95,8.513017027094609,0.43698297290539045
6047,"pyrimidine, 2,6-diamino-5-formylamino-4-hydroxy- (+1 -> +0)",2.5,2.7256764144670056,0.2256764144670056
6048,"pyrimidine, 2,6-diamino-5-formylamino-4-hydroxy- (+0 -> -1)",9.9,9.402273243271262,0.49772675672873845
6049,"benzene, 1-(2-dimethylamino-1-hydroxy)ethyl-4-hydroxy- (+1 -> +0)",9.76,8.135871900571033,1.624128099428967
6050,"aniline, 2-chloro-4-nitro- (+1 -> +0)",-0.94,-0.9023539944507459,0.037646005549254014
6051,"aniline, 5-hydroxy-2-nitro- (+1 -> +0)",-0.55,-0.7344121783810111,0.1844121783810111
6052,"(eritrhro)-piperidine, 2-(C-hydroxy-C-phenyl)methyl- (+1 -> +0)",9.57,9.490179092273632,0.07982090772636852
6053,"(threo)-piperidine, 2-(C-hydroxy-C-phenyl)methyl- (+1 -> +0)",9.77,9.380938509233477,0.3890614907665224
6054,"pyridine, 4-benzyl- (+1 -> +0)",5.59,5.696164002787245,0.1061640027872448
6055,"pyridine, 1,2-dihydro-6-methoxy-1-methyl-2-oxo- (+1 -> +0)",0.91,0.8118667433350577,0.09813325666494233
6056,"pyridine, 4-methoxy-2,6-bis(methoxycarbonyl)- (+1 -> +0)",0.18,0.9682857037378128,0.7882857037378128
6057,"imidazole, 1-methyl-4-nitro-5-piperidino- (+1 -> +0)",0.7,0.956250074409188,0.256250074409188
6058,"imidazole, 1-methyl-5-nitro-2-piperidino- (+1 -> +0)",2.72,2.6027709925179883,0.11722900748201193
6059,"morpholine, N-(2-methylprop-1-enyl)- (+1 -> +0)",5.45,6.05190529576749,0.60190529576749
6060,"pyrazine, 5-amino-2-carbamoyl-3-methylamino- (+1 -> +0)",2.48,3.2563492365624427,0.7763492365624427
6061,2-hydroxyfluorene (+0 -> -1),9.53,9.761520018714645,0.23152001871464556
6062,2-nitro-7-hydroxyfluorene (+0 -> -1),8.94,9.142304315046708,0.20230431504670854
6063,1-hydroxyfluorene (+0 -> -1),9.05,9.84586861286311,0.7958686128631101
6064,8-Amino-6-methoxyquinoline (+1 -> +0),3.38,4.176767106767573,0.7967671067675735
6065,"bicyclo[2.2.2]octane-1-carboxylic acid, 4-trimethylamonio- (+1 -> +0)",4.083,4.480669350866329,0.3976693508663285
6066,"5,7-dihydro-1H-furo[3,4-b]pyridin-2-one (+1 -> +0)",0.5,0.4983361593486748,0.001663840651325188
6067,"5,7-dihydro-1H-furo[3,4-b]pyridin-2-one (+0 -> -1)",9.85,10.401535048360076,0.5515350483600763
6068,"5,7-dihydro-1H-furo[3,4-b]pyridin-2-one (+1 -> +0)",0.69,0.4476926706301452,0.24230732936985477
6069,"5,7-dihydro-1H-thieno[3,4-b]pyridin-2-one (+0 -> -1)",10.68,10.414190636761635,0.2658093632383647
6070,"2-hydroxy-5,7-dihydrothieno[3,4-b]pyridine 6,6-dioxide (+1 -> +0)",-0.4,-0.2713220263999139,0.12867797360008615
6071,"2-hydroxy-5,7-dihydrothieno[3,4-b]pyridine 6,6-dioxide (+0 -> -1)",8.99,9.031541468551868,0.04154146855186802
6072,"2-methoxy-5,7-dihydrothieno[3,4-b]pyridine 6,6-dioxide (+1 -> +0)",-0.4,0.43111406943173325,0.8311140694317333
6073,"2-methoxy-5,7-dihydrofuro[3,4-b]pyridine (+1 -> +0)",1.56,1.6753395415240533,0.11533954152405324
6074,"2-methoxy-5,7-dihydrothieno[3,4-b]pyridine (+1 -> +0)",2.26,2.2074009269929524,0.05259907300704736
6075,"1-methyl-5,7-dihydrofuro[3,4-b]pyridin-2(1H)-one (+1 -> +0)",0.01,0.42772290345281316,0.41772290345281315
6076,"1-methyl-5,7-dihydrothieno[3,4-b]pyridin-2(1H)-one (+1 -> +0)",0.26,0.6312755322266117,0.3712755322266117
6077,"1-methyl-5,7-dihydrothieno[3,4-b]pyridin-2(1H)-one 6,6-dioxide (+1 -> +0)",-0.94,-0.9336413101139529,0.006358689886047042
6078,"1,3,5-Triazine, 2,4-diamino-6-cyanoamino- (+0 -> -1)",6.7,7.885961479343545,1.1859614793435451
6079,"1,3,5-Triazine, 2,4-diamino-6-cyanoamino- (+1 -> +0)",1.1,1.3820125797413416,0.28201257974134153
6080,"2,4,6-triaminophenol (+3 -> +2)",1.0,0.21086547135368328,0.7891345286463167
6081,"2,4,6-triaminophenol (+2 -> +1)",3.1,3.0146903577025093,0.08530964229749083
6082,"2,4,6-triaminophenol (+1 -> +0)",6.0,5.828959570811097,0.17104042918890272
6083,"2,4,6-triaminophenol (+0 -> -1)",10.5,10.505120272435768,0.0051202724357679585
6084,"1,3-dimethylvioluric acid (+0 -> -1)",4.72,5.036843118882426,0.3168431188824261
6085,"pyrimidine-2,4,6(1H,3H,5H)-trione, 5-hydroxyimino- (+0 -> -1)",4.41,3.6097484856960342,0.8002515143039659
6086,"pyrimidine-2,4,6(1H,3H,5H)-trione, 5-hydroxyimino- (-1 -> -2)",9.66,9.805151231840671,0.14515123184067136
6087,4-nitrosophenol (+0 -> -1),6.36,5.772248192464654,0.5877518075353461
6088,"phenol, 2,6-dimethyl-4-nitroso- (+0 -> -1)",7.56,7.6307857845153535,0.07078578451535389
6089,"phenol, 3,5-dimethyl-4-nitroso- (+0 -> -1)",8.04,6.897757176707415,1.1422428232925839
6090,"2-Naphthalenesulfonic acid, 8-hydroxy-7-nitroso- (-1 -> -2)",7.22,6.39716243104673,0.8228375689532701
6091,"1-Naphthalenesulfonic acid, 5-hydroxy-6-nitroso- (-1 -> -2)",7.32,7.0433892889192,0.27661071108080026
6092,"2-Naphthalenesulfonic acid, 6-hydroxy-5-nitroso- (-1 -> -2)",7.6,7.511324359286062,0.0886756407139373
6093,"N,N-Dimethyl-4-nitrosoaniline (+1 -> +0)",4.54,2.7005992206863683,1.8394007793136318
6094,1-nitroso-piperazine (+1 -> +0),5.93,6.18670749123342,0.2567074912334206
6095,5-Nitroso-8-hydroxyquinoline (+1 -> +0),2.26,2.200889241225659,0.05911075877434069
6096,5-Nitroso-8-hydroxyquinoline (+0 -> -1),7.6,7.442394013628481,0.1576059863715189
6097,"acridine, 9-amino-2-hydroxy- (+1 -> +0)",7.67,8.558641740173368,0.8886417401733677
6098,"acridine, 3-amino-3-hydroxy- (+1 -> +0)",6.59,6.397920905315789,0.19207909468421125
6099,"acridine, 9-amino-4-hydroxy- (+1 -> +0)",7.01,6.497598702298585,0.5124012977014152
6100,"acridine, 9-amino-1-hydroxy- (+1 -> +0)",5.57,5.1820367936293605,0.38796320637063975
6101,"quinuclidine, 3-cyano- (+1 -> +0)",7.81,8.039396506172466,0.2293965061724661
6102,"pyrimidine, 4,5-diamino-1,2-dihydro-2-imino-1-methyl- (+1 -> +0)",13.66,13.443064649080444,0.21693535091955596
6103,3-Cyano-6-methyl-2-pyridone (+0 -> -1),9.09,9.236718023390093,0.14671802339009332
6104,5-Cyano-2-methyl-6-oxonicotinic acid (+0 -> -1),3.51,3.1289825933450928,0.381017406654907
6105,5-Cyano-2-methyl-6-oxonicotinic acid (-1 -> -2),8.97,8.770093915016023,0.19990608498397755
6106,5-acetyl-6-methyl-2-oxo-1H-pyridine-3-carboxylic acid (+0 -> -1),4.68,6.077792454209617,1.3977924542096174
6107,5-acetyl-6-methyl-2-oxo-1H-pyridine-3-carboxylic acid (-1 -> -2),10.87,9.651443591735573,1.2185564082644262
6108,5-acetyl-2-hydroxy-6-methylnicotinonitrile (+0 -> -1),7.51,7.713676881074626,0.20367688107462634
6109,5-acetyl-6-methyl-2(1H)-pyridinone (+0 -> -1),10.58,10.649196788565202,0.06919678856520228
6110,methyl 5-acetyl-2-hydroxy-6-methylnicotinate (+0 -> -1),9.31,8.714734384366299,0.5952656156337017
6111,"acetophenone, 2-hydroxy- (+0 -> -1)",10.26,10.153303810173814,0.10669618982618623
6112,"benzoic acid, 2-(2,4,6-trinitroanilino)- (-1 -> -2)",12.33,11.575918341866132,0.7540816581338685
6113,"benzoic acid, 3-(2,4,6-trinitroanilino)- (-1 -> -2)",10.38,10.809486059708263,0.42948605970826215
6114,"benzoic acid, 4-(2,4-dinitroanilino)- (-1 -> -2)",13.14,13.831730072413723,0.6917300724137228
6115,"benzoic acid, 4-(2,4,6-trinitroanilino)- (-1 -> -2)",10.06,9.604713933795441,0.45528606620455925
6116,"benzoic acid, 2-(2,4,6-trinitroanilino)-,4-chloro- (-1 -> -2)",11.78,11.327488932622895,0.4525110673771042
6117,"2,4,6-Trinitrodiphenylamine-4'-sulfonic acid (-1 -> -2)",9.73,9.186144325233581,0.5438556747664194
6118,"benzoic acid, 3-(2,4-dinitroanilino)- (-1 -> -2)",13.48,13.33771119668106,0.1422888033189409
6119,"benzoic acid, 3,5-dinitro-2-(4-nitroanilino)- (-1 -> -2)",12.98,12.096483198370027,0.8835168016299733
6120,1-Methylpyridazin-1-ium-3-olate (+1 -> +0),2.31,2.693961091968532,0.3839610919685321
6121,1-Methylpyridazin-1-ium-3-thiolate (+1 -> +0),0.02,0.3886294928381888,0.3686294928381888
6122,1-Methylpyridazin-1-ium-5-thiolate (+1 -> +0),-0.34,-0.023559254598024992,0.31644074540197503
6123,6-(Methylthio)pyridazin-3(2H)-one (+0 -> -1),10.11,10.324148190856153,0.21414819085615378
6124,3-Methoxy-6-(methylthio)pyridazine (+1 -> +0),1.84,2.4357528831219666,0.5957528831219665
6125,"Pyridazine, 3-methylamino-6-methylthio- (+1 -> +0)",5.94,5.347594171737921,0.5924058282620797
6126,1-Methylquinolin-1-ium-3-olate (+1 -> +0),5.42,5.840233861168911,0.4202338611689109
6127,N-methylquinolinium-6-olate (+1 -> +0),7.15,7.272092749534807,0.12209274953480698
6128,1-Methylquinolinium-8-olate (+1 -> +0),6.81,7.212485496478465,0.402485496478465
6129,2-Methylisoquinolin-2-ium-4-olate (+1 -> +0),4.93,5.209911407103664,0.2799114071036639
6130,2-Methylisoquinolin-2-ium-5-olate (+1 -> +0),6.9,6.8988694946802465,0.001130505319753894
6131,2-Methylisoquinolin-2-ium-7-olate (+1 -> +0),7.09,7.246699303152688,0.15669930315268843
6132,"2,5-Cyclohexadien-1-one, 2,6-dibromo-4-(3,5-dibromo-4-hydroxyphenyl)imino- (+0 -> -1)",6.1,4.459220822473784,1.6407791775262153
6133,"2,5-Cyclohexadien-1-one, 2,6-dichloro-4-(3-chloro-4-hydroxyphenyl)imino- (+0 -> -1)",5.7,5.722000405892756,0.022000405892756092
6134,"2,5-Cyclohexadien-1-one, 2,6-dibromo-4-(3-bromo-4-hydroxyphenyl)imino- (+0 -> -1)",5.4,5.553788493406066,0.15378849340606582
6135,"2,5-Cyclohexadien-1-one, 4-(3,5-dichloro-4-hydroxyphenyl)imino- (+0 -> -1)",5.8,5.780354675905629,0.019645324094370586
6136,"2,5-Cyclohexadien-1-one, 4-(3,5-dibromo-4-hydroxyphenyl)imino- (+0 -> -1)",5.8,6.020637378120859,0.22063737812085904
6137,"3,4-dimethyl-2,5-Cyclohexadien-1-one, 4-(3,5-dibromo-4-hydroxyphenyl)imino- (+0 -> -1)",5.6,6.148857096845161,0.5488570968451612
6138,"3,4-dimethyl-2,5-Cyclohexadien-1-one, 4-(3,5-dichloro-4-hydroxyphenyl)imino- (+0 -> -1)",5.9,6.235934844725029,0.33593484472502855
6139,"3-bromo-2,5-Cyclohexadien-1-one, 4-(3,5-dibromo-4-hydroxyphenyl)imino- (+0 -> -1)",5.7,5.315174954114213,0.3848250458857869
6140,"3-chloro-2,5-Cyclohexadien-1-one, 4-(3,5-dichloromo-4-hydroxyphenyl)imino- (+0 -> -1)",5.4,6.103944779804312,0.7039447798043117
6141,"3-Methyl-2,5-Cyclohexadien-1-one, 4-(3,5-dichloro-4-hydroxyphenyl)imino- (+0 -> -1)",5.9,6.196547306944654,0.29654730694465403
6142,"2,6-dichloro-4-((4-hydroxy-3-methylphenyl)imino)cyclohexa-2,5-dien-1-one (+0 -> -1)",5.7,5.973515965521227,0.27351596552122714
6143,"4-azaspiro[2,3]hexane (+1 -> +0)",10.1,10.321446948975805,0.22144694897580486
6144,"2,2-difluor-4-azaspiro[2,3]hexane (+1 -> +0)",6.9,6.674675728387262,0.22532427161273816
6145,7-Oxa-1-azaspiro[3.5]nonane (+1 -> +0),10.2,10.29749751612395,0.0974975161239513
6146,7-Oxa-2-azaspiro[3.5]nonane (+1 -> +0),10.58,10.484417020237451,0.0955829797625487
6147,"7-Methyl-2,7-diazaspiro[3.5]nonane (+2 -> +1)",8.02,8.424749894888414,0.40474989488841473
6148,"7-Methyl-2,7-diazaspiro[3.5]nonane (+1 -> +0)",10.71,10.126652775243162,0.5833472247568388
6149,"7-Methyl-1,7-diazaspiro[3.5]nonane (+2 -> +1)",7.24,7.755558107548437,0.5155581075484372
6150,"7-Methyl-1,7-diazaspiro[3.5]nonane (+1 -> +0)",10.4,10.18959819031721,0.2104018096827911
6151,2-methylbenzimidazole (+1 -> +0),6.1,6.458781026697529,0.3587810266975291
6152,2-hydroxybenzimidazole (+1 -> +0),-1.7,-1.8101643644033105,0.11016436440331057
6153,2-phenyl-benzimidazole (+1 -> +0),4.98,5.218731573795057,0.23873157379505638
6154,2-Chloro-benzimidazole (+1 -> +0),2.1,2.3444059881278845,0.2444059881278844
6155,5-methoxy-benzimidazole (+1 -> +0),5.91,5.363346735572819,0.5466532644271815
6156,5-nitrobenzimidazole (+1 -> +0),3.66,3.206539551805246,0.45346044819475395
6157,"4,5-Dimethyl-1H-imidazole-2-thiol (+0 -> -1)",12.19,11.872823971815617,0.31717602818438273
6158,2-Chloro-benzimidazole (+0 -> -1),9.4,9.31674440702454,0.08325559297546015
6159,2-(Trifluoromethyl)benzimidazole (+1 -> +0),0.6,1.1435063368449887,0.5435063368449887
6160,2-(Trifluoromethyl)benzimidazole (+0 -> -1),10.1,9.306702709273301,0.7932972907266986
6161,2-(Trichloromethyl)benzimidazole (+1 -> +0),0.3,0.5251950080609751,0.2251950080609751
6162,2-(Trichloromethyl)benzimidazole (+0 -> -1),10.3,9.582323227673793,0.7176767723262074
6163,"purine, 2,8-bis(methylthio)-6-methyl- (+2 -> +1)",-1.36,-1.4276319891321751,0.06763198913217505
6164,"purine, 8-methyl-2-methylthio- (+2 -> +1)",-1.03,-1.4977657671880449,0.46776576718804486
6165,"4H-Pyran-4-one, 6-chloromethyl-3-hydroxy- (+1 -> +0)",-1.71,-1.4713391290837095,0.2386608709162905
6166,"4H-Pyran-4-one, 6-chloromethyl-3-hydroxy- (+0 -> -1)",7.7,7.871674777710495,0.17167477771049455
6167,"4H-Pyran-4-one, 3-hydroxy-6-iodomethyl- (+1 -> +0)",-1.6,-1.1889084851169907,0.41109151488300943
6168,"4H-Pyran-4-one, 3-hydroxy-6-iodomethyl- (+0 -> -1)",7.8,7.868307111268631,0.06830711126863154
6169,"4H-Pyran-4-one, 3-hydroxy- (+1 -> +0)",-1.28,-0.4334132587995043,0.8465867412004957
6170,"1H-1,2,3-Triazolo[4,5-d]pyrimidin-5(4H)-one, 6,7-dihydro- (+1 -> +0)",-1.36,-1.458521763655022,0.09852176365502197
6171,"propanoic acid, 2,3-diamino- (+2 -> +1)",1.3,0.8285837603932036,0.47141623960679646
6172,"propanoic acid, 2,3-diamino- (+1 -> +0)",6.79,6.746599006074568,0.04340099392543184
6173,"propanoic acid, 2,3-diamino- (+0 -> -1)",9.51,8.901262395436973,0.6087376045630268
6174,"propanone, 1-mercapto- (+0 -> -1)",7.86,8.006794510236222,0.14679451023622203
6175,"guanidine, 1,1,3,3-tetramethyl-2-nitro- (+1 -> +0)",-0.82,-0.5720545021183865,0.24794549788161346
6176,"guanidine, 1-methyl-2-nitro- (+1 -> +0)",-1.7,-1.1027412797262421,0.5972587202737578
6177,"guanidine, 1,1-dimethyl-2-nitro- (+1 -> +0)",-2.1,-1.3307115420594542,0.7692884579405459
6178,tropone (+1 -> +0),-0.6,0.6231954978782719,1.223195497878272
6179,2-Pyrrolecarboxamide (+1 -> +0),-1.23,-0.8114735628364587,0.4185264371635413
6180,perinaphthenone (+1 -> +0),-1.4,-1.0891884206606557,0.3108115793393442
6181,p-methoxybenzamide (+1 -> +0),-1.15,-0.680748598580811,0.46925140141918886
6182,acetamide (+1 -> +0),-1.4,-0.38305450023204113,1.0169454997679588
6183,"purine, 2,6-dichloro- (+1 -> +0)",-1.16,-0.25737256846244083,0.9026274315375591
6184,"1,4,5-Triazanaphthalene, 6-hydroxy- (+1 -> +0)",-1.2,-1.1496391079224537,0.05036089207754624
6185,"1H-Imidazo[4,5-c]pyridine, 6-chloro-1-methyl- (+2 -> +1)",-1.5,-1.483182411594977,0.01681758840502301
6186,"Quinoxaline, 2-methylsulphinyl- (+1 -> +0)",-1.36,-0.9159509188980621,0.44404908110193797
6187,"Quinoxaline, 2-(methylsulfonyl)- (+1 -> +0)",-1.66,-1.767517990066013,0.10751799006601304
6188,"1,5-Naphthyridine, 1,2,3,4-tetrahydro- (+2 -> +1)",-1.35,-0.6575352793336977,0.6924647206663024
6189,"furo[2,3-b]pyridine, 5-cyano-2,3-dihydro-6-hydroxy-4-methyl- (+1 -> +0)",-1.9,-1.1724329180214443,0.7275670819785556
6190,"cinnoline, 1,4-dihydro-1-methyl-4-thio- (+1 -> +0)",-1.29,-1.8935144410537985,0.6035144410537985
6191,3-methylanthranyl (+1 -> +0),-1.24,-1.0881544656311481,0.15184553436885184
6192,"3,4-dimethylanthranyl (+1 -> +0)",-1.22,-0.7576941019467629,0.4623058980532371
6193,anthranyl (+1 -> +0),-2.22,-1.140202459591647,1.0797975404083533
6194,"2,3-dimethylindole (+1 -> +0)",-1.34,-0.18038831267891808,1.159611687321082
6195,"pyrimidine, 4-mercapto-6-methoxy- (+1 -> +0)",-1.98,-1.6410157404841508,0.3389842595158492
6196,"pyrimidine, 4-mercapto-6-methoxy-5-methyl- (+1 -> +0)",-1.59,-0.8189201883645474,0.7710798116354527
6197,"pyrimidine, 4-hydroxy-6-mercapto- (+1 -> +0)",-1.7,-1.527698738310332,0.17230126168966797
6198,"pyrimidine, 1,4-dihydro-6-hydroxy-1-methyl-4-thio- (+1 -> +0)",-1.13,-1.7262016926103279,0.596201692610328
6199,"4,5-diaminopyrimidine (+2 -> +1)",-0.97,-0.28004063337978913,0.6899593666202108
6200,"2,4-diaminopyrimidine (+2 -> +1)",-1.01,-1.392367977483718,0.3823679774837181
6201,"pyridazine, 1,6-dihydro-3-hydroxy-1-methyl-6-oxo- (+1 -> +0)",-1.32,-2.452738841175117,1.1327388411751171
6202,"pyrazole, 3(5)-methyl-4-nitro- (+1 -> +0)",-1.25,-1.224904443098139,0.025095556901860938
6203,"pyrazole, 1-(2,4-dinitro)phenyl- (+1 -> +0)",-1.4,-1.6356720717990987,0.23567207179909877
6204,"pyrazole, 4,5-dibromo-1,3-dimethyl- (+1 -> +0)",-0.6,-0.5905585246533684,0.009441475346631534
6205,"pyrazole, 3(5),4-dibromo-5(3)-methyl- (+1 -> +0)",-0.96,-1.0329306584457107,0.07293065844571078
6206,"pyrazole, 3,4-dibromo-1,5-dimethyl- (+1 -> +0)",-1.52,-1.7785952322274063,0.2585952322274063
6207,"pyrazole, 3(5),4-dibromo- (+1 -> +0)",-1.83,-2.072131037528509,0.24213103752850884
6208,"pyrazole, 4-chloro-1-phenyl- (+1 -> +0)",-1.4,-0.9904583710033847,0.40954162899661517
6209,"oxazole, 4-phenyl- (+1 -> +0)",-0.51,-0.0943287073735144,0.4156712926264856
6210,"imidazole, 4-chloro-1-methyl-5-nitro- (+1 -> +0)",-1.42,-1.0997462988050968,0.32025370119490315
6211,"imidazole, 2-bromo-1-methyl-5-nitro- (+1 -> +0)",-0.75,-1.9356198443335026,1.1856198443335026
6212,"imidazole, 5-bromo-1-methyl-4-nitro- (+1 -> +0)",-1.77,-1.8933335156808662,0.12333351568086615
6213,"pyridine 1-oxide, 3-bromo- (+1 -> +0)",-0.16,0.037682481621560626,0.19768248162156063
6214,"pyridine 1-oxide, 3-chloro- (+1 -> +0)",-0.13,0.06550016156787208,0.1955001615678721
6215,"pyridine 1-oxide, 4-chloro- (+1 -> +0)",0.44,0.575775348075477,0.13577534807547703
6216,"pyridine 1-oxide, 3,5-dibromo- (+1 -> +0)",-0.85,-1.4291006555687824,0.5791006555687824
6217,"pyridine 1-oxide, 3,5-dichloro- (+1 -> +0)",-0.94,-0.6733880416101155,0.2666119583898845
6218,"pyridine 1-oxide, 2-cyano- (+1 -> +0)",-1.75,-1.9478431856019096,0.1978431856019096
6219,"pyridine 1-oxide, 2-acetyl- (+1 -> +0)",-0.45,1.2717457378088595,1.7217457378088594
6220,"pyridine 1-oxide, 4-acetyl- (+1 -> +0)",-0.47,-0.37184274940979467,0.0981572505902053
6221,"pyridine 1-oxide, 2-chloro- (+1 -> +0)",-0.81,-0.7651596970787855,0.04484030292121455
6222,"pyridine, 2,3,4-tribromo- (+1 -> +0)",-1.07,-2.0294675127593758,0.9594675127593757
6223,"pyridine, 2,6-dichloro-4-hydroxy- (+1 -> +0)",-1.15,-1.7868133616552369,0.6368133616552369
6224,"pyridine, 3,5-dichloro-1,4-dihydro-4-oxo- (+1 -> +0)",-1.07,-0.9713069620220374,0.0986930379779627
6225,"pyridine, 2,6-dichloro-4-methoxy- (+1 -> +0)",-1.36,-1.3060180358123885,0.053981964187611586
6226,"pyridine, 3,5-dichloro-2-methoxy- (+1 -> +0)",-1.4,-1.0399379485633586,0.3600620514366413
6227,"pyridine, 3,5-dichloro-1,4-dihydro-1-methyl-4-oxo- (+1 -> +0)",-1.22,-1.282929816151066,0.06292981615106608
6228,"pyridine, 3,5-dibromo-2-methoxy- (+1 -> +0)",-1.5,-1.1619321303899728,0.3380678696100272
6229,"pyridine, 3,4-diamino-2-hydroxy- (+2 -> +1)",-0.87,-1.3193861454103342,0.44938614541033417
6230,"pyridine, 3-amino-4-methoxy- (+2 -> +1)",-0.62,-0.4131488791839679,0.20685112081603207
6231,"pyridine, 3-amino-2-methoxy- (+2 -> +1)",-0.96,-0.3729617426291272,0.5870382573708728
6232,"pyridine, 5-amino-2-hydroxy- (+2 -> +1)",-0.61,-0.6924816477063773,0.08248164770637734
6233,"aniline, N,N,4-trimethyl-2,6-dinitro- (+1 -> +0)",-1.66,-0.43305494196192207,1.2269450580380779
6234,"aniline, 5-hydroxy-N-methyl-2-nitro- (+1 -> +0)",-0.94,-0.05093363837011644,0.8890663616298835
6235,"aniline, 3,4-dinitro- (+1 -> +0)",-1.2,-1.1402604186068732,0.05973958139312674
6236,"aniline, 5-chloro-2-nitro- (+1 -> +0)",-1.54,-1.5232547775141865,0.01674522248581356
6237,"aniline, 2-chloro-4-nitro- (+1 -> +0)",-0.94,-0.8956713163932757,0.04432868360672426
6238,"aniline, 4-chloro-N-methyl-2-nitro- (+1 -> +0)",-1.2,-0.7507242038722843,0.4492757961277156
6239,"aniline, 4-bromo-2-nitro- (+1 -> +0)",-1.05,-0.9902257998772583,0.059774200122741705
6240,"aniline, 5-bromo-2-nitro- (+1 -> +0)",-1.48,-1.43293206766629,0.04706793233370998
6241,"N,N-dimethyl-N'-nitroguanidine (+1 -> +0)",-1.3,-1.8187451138371795,0.5187451138371795
6242,"quinoxaline, 2-mercapto- (+1 -> +0)",-1.24,-1.2728341801063312,0.03283418010633121
6243,"pyridine, 1,4-dihydro-1-methyl-3-nitro-4-oxo- (+1 -> +0)",-0.8,-0.6785368884184573,0.12146311158154277
6244,1-Hydroxyisoquinoline (+1 -> +0),-1.2,-1.4290842922537381,0.22908429225373816
6245,"pyrimidine, 4-amino-2,6-dihydroxy- (-1 -> -2)",15.32,14.889897441377858,0.4301025586221421
6246,2-(5-methylthiophen-2-yl)pyridine (+1 -> +0),3.99,3.979112259191055,0.010887740808945168
6247,2-(5-Methylfuran-2-yl)pyridine (+1 -> +0),4.24,4.547537681952995,0.30753768195299447
6248,2-(Furan-2-yl)pyridine (+1 -> +0),4.15,4.214212557664797,0.0642125576647965
6249,3-(Furan-2-yl)pyridine (+1 -> +0),4.62,4.480733046371261,0.13926695362873875
6250,3-(5-methylfuran-2-yl)pyridine (+1 -> +0),4.67,4.705820871439289,0.035820871439288915
6251,3-(2-Thienyl)pyridine (+1 -> +0),4.62,4.375860297252281,0.24413970274771923
6252,3-(5-methylthiophen-2-yl)pyridine (+1 -> +0),4.56,4.631309079495778,0.07130907949577825
6253,4-(2-Furyl)pyridine (+1 -> +0),5.6,5.630351121459788,0.030351121459788466
6254,4-(5-methylfuran-2-yl)pyridine (+1 -> +0),5.7,5.5604403094132335,0.13955969058676665
6255,4-(2-Thienyl)pyridine (+1 -> +0),5.59,5.47911756494241,0.1108824350575901
6256,4-(5-methylthiophen-2-yl)pyridine (+1 -> +0),5.68,5.487079486655439,0.19292051334456062
6257,6-Amino-1-methyl-2-thio-uracil (+0 -> -1),9.84,9.664505712065509,0.17549428793449096
6258,6-mercapto-7-methyl-8-azapurine (+1 -> +0),-1.66,-1.5308760698847976,0.1291239301152023
6259,6-mercapto-7-methyl-8-azapurine (+0 -> -1),7.11,6.873026756432156,0.236973243567844
6260,6-hydroxy-7-methyl-8-azapurine (+0 -> -1),8.17,7.697097349613846,0.4729026503861542
6261,"1,2,3-Triazolo(5',4'-4,5)pyrimidine, 6-mercapto- (-1 -> -2)",9.44,9.470739953498448,0.030739953498448713
6262,6-mercapto-9-methyl-8-azapurine (+0 -> -1),7.21,7.0582432898562075,0.15175671014379244
6263,6-hydroxy-9-methyl-8-azapurine (+0 -> -1),8.06,8.054463369486118,0.005536630513882201
6264,6-amino-9-methyl-8-azapurine (+1 -> +0),2.8,2.491561471109157,0.3084385288908429
6265,pterin (+1 -> +0),2.2,2.709327466534684,0.5093274665346836
6266,6-methyl-pterine-8-oxide (+1 -> +0),-0.05,0.4303134788155365,0.4803134788155365
6267,6-methyl-pterine-8-oxide (+0 -> -1),7.07,7.043803614560402,0.026196385439598124
6268,7-methyl-pterine-8-oxide (+1 -> +0),0.03,-0.038460135585911104,0.0684601355859111
6269,7-methyl-pterine-8-oxide (+0 -> -1),6.94,7.183161157195322,0.2431611571953214
6270,"6,7-dimethyl-pterine-8-oxide (+1 -> +0)",0.41,0.7579517340920363,0.34795173409203634
6271,"6,7-dimethyl-pterine-8-oxide (+0 -> -1)",7.24,7.367034424020624,0.12703442402062404
6272,"6,7-dimethyl-pterine-5,8-dioxide (+1 -> +0)",0.22,-0.22445490493721643,0.4444549049372164
6273,"6,7-dimethyl-pterine-5,8-dioxide (+0 -> -1)",6.64,6.452259869847839,0.18774013015216084
6274,7-tertbutylpterine (+1 -> +0),2.54,2.5492319153899734,0.009231915389973366
6275,7-tertbutylpterine (+0 -> -1),8.54,8.454798638467718,0.08520136153228108
6276,7-tertbutylpterine-5-oxide (+1 -> +0),1.62,2.350903655416367,0.730903655416367
6277,7-tertbutylpterine-5-oxide (+0 -> -1),7.52,7.545125160866793,0.025125160866793728
6278,6-phenylpterin (+1 -> +0),2.17,1.8819403085683568,0.2880596914316431
6279,6-phenylpterin (+0 -> -1),8.22,8.253009851075124,0.03300985107512311
6280,6-phenylpterin-8-oxide (+1 -> +0),-0.54,-0.27877378339754344,0.2612262166024566
6281,6-phenylpterin-8-oxide (+0 -> -1),6.99,6.6085449159379195,0.38145508406208073
6282,7-phenylpterin (+1 -> +0),2.3,2.5280213508603318,0.22802135086033193
6283,7-phenylpterin (+0 -> -1),8.14,8.210139602646489,0.07013960264648844
6284,"1,3,5-trimethylpterin (+1 -> +0)",3.2,3.3471641258786686,0.14716412587866845
6285,"1,3,5-trimethylpterin-5-oxide (+1 -> +0)",2.95,2.4740499963404563,0.4759500036595439
6286,"2,4-diaminopteridine (+1 -> +0)",5.32,5.1201817694667575,0.19981823053324277
6287,"2,4-diaminopteridine-8-oxide (+1 -> +0)",2.17,2.3161597062015478,0.14615970620154783
6288,"2,4-diaminopteridine-5,8-dioxide (+1 -> +0)",1.2,1.201408934802238,0.0014089348022381376
6289,"2,4-diamino-6,7-dimethylpteridine (+1 -> +0)",5.44,5.9111934286690655,0.4711934286690651
6290,"2,4-diamino-6,7-dimethylpteridine-8-oxide (+1 -> +0)",3.04,3.455348959793233,0.41534895979323316
6291,"2,4-diamino-6,7-dimethylpteridine-5,8-dioxide (+1 -> +0)",1.36,2.011696628534348,0.6516966285343477
6292,"2,4-diamino-7-phenylpteridine (+1 -> +0)",5.36,5.453816994616538,0.09381699461653792
6293,"2,4-diamino-6-phenylpteridine (+1 -> +0)",5.07,4.869541544293318,0.20045845570668241
6294,"2,4-diamino-6-phenylpteridine-8-oxide (+1 -> +0)",2.5,2.5036122631045403,0.0036122631045403253
6295,"2,4,6-triamino-6-phenyl-pteridine (+1 -> +0)",6.26,6.8487022686650105,0.5887022686650107
6296,"2,4,6-triamino-6-phenyl-pteridine (+2 -> +1)",-1.18,-0.6238849605630481,0.5561150394369518
6297,"6,7-diphenylpterin (+1 -> +0)",1.82,1.8471071557476924,0.02710715574769229
6298,"6,7-diphenylpterin (+0 -> -1)",8.6,8.397004289447285,0.20299571055271493
6299,"6,7-diphenylpterin-8-oxide (+1 -> +0)",0.08,-0.5513486992805507,0.6313486992805507
6300,"6,7-diphenylpterin-8-oxide (+0 -> -1)",6.86,6.727286125019241,0.1327138749807597
6301,"6,7-diphenylpterin-5,8-dioxide (+1 -> +0)",-0.99,-0.016320988216397936,0.973679011783602
6302,"6,7-diphenylpterin-5,8-dioxide (+0 -> -1)",4.61,6.2596219061137806,1.6496219061137802
6303,"6,7-diphenyl-2,4-diaminopteridine (+1 -> +0)",5.12,5.047511854691059,0.07248814530894077
6304,"6,7-diphenyl-2,4-diaminopteridine-5,8-dioxide (+1 -> +0)",1.08,1.7219136821059706,0.6419136821059706
6305,3-methyluracil (+0 -> -1),9.95,9.776735204829304,0.17326479517069515
6306,5-chlorouracil (+0 -> -1),7.95,7.8479408775089565,0.10205912249104365
6307,5-iodouracil (+0 -> -1),8.25,7.855417096805221,0.3945829031947792
6308,6-fluorouracil (+0 -> -1),4.03,4.399460877386466,0.3694608773864658
6309,6-chlorouracil (+0 -> -1),5.67,5.470236057994306,0.1997639420056938
6310,6-chloro-3-methyluracil (+0 -> -1),5.84,5.957995684848875,0.11799568484887502
6311,tropothione (+1 -> +0),-1.57,-0.7257180592349348,0.8442819407650652
6312,"4,5-diaminoacridine (+2 -> +1)",2.68,1.9947593930364684,0.6852406069635317
6313,"6,8-Dihydroxypurine (+0 -> -1)",8.2,8.184395854197234,0.015604145802765146
6314,"3-Methyl-7,9-dihydropurine-6,8-dione (+0 -> -1)",5.5,6.102198774778486,0.6021987747784863
6315,"7-Methyl-6,8-dioxypurin (+0 -> -1)",7.8,8.52251084930276,0.7225108493027603
6316,"1,7-dimethyl-9H-purine-6,8-dione (+0 -> -1)",8.5,8.222984518606577,0.27701548139342336
6317,"1,9-dimethyl-7H-purine-6,8-dione (+0 -> -1)",8.5,9.429829573102829,0.929829573102829
6318,"3,7-dimethyl-9H-purine-6,8-dione (+0 -> -1)",6.0,5.838913499538001,0.16108650046199902
6319,"3,9-dimethyl-7,9-dihydro-3H-purine-6,8-dione (+0 -> -1)",9.0,9.429431972974228,0.4294319729742284
6320,"7,9-dimethyl-1H-purine-6,8-dione (+0 -> -1)",9.2,8.508251513757358,0.6917484862426413
6321,"1,3,7-trimethyl-8-oxo-7,8-dihydro-3H-purin-1-ium-6-olate (+1 -> +0)",2.9,3.0790299193609973,0.17902991936099744
6322,benzoguanamine (+1 -> +0),4.86,3.5265934582451317,1.3334065417548686
6323,"2,4-Diamino-6-methoxy-1,3,5-triazine (+1 -> +0)",4.15,3.3263405839418994,0.823659416058101
6324,"1H-Pyrrolo[2,3-d]pyrimidine-2,4-diamine (+1 -> +0)",6.18,5.8043537079976675,0.37564629200233224
6325,"pyrimidine, 2,4-diamino-6-methyl-5-(3,4-dichlorophenyl)- (+1 -> +0)",7.15,7.229666823294349,0.07966682329434871
6326,"pyrimidine, 2,4-diamino-5-(4-chlorophenyl)- (+1 -> +0)",6.79,7.178984868735302,0.38898486873530214
6327,"pyrimidine, 2,4-diamino-5-(4-chlorobenzyl)-6-methyl- (+1 -> +0)",7.58,7.662894505986305,0.08289450598630488
6328,"Pyrimidine, 2,4-diamino-5-phenylamino- (+1 -> +0)",6.79,6.6080491781441415,0.18195082185585854
6329,"Pyrimidine, 2,4-diamino-5-(p-methoxyphenylthio)- (+1 -> +0)",5.94,5.557204231642689,0.38279576835731177
6330,"Pyrimidine, 2,4-diamino-5-(p-chlorophenylthio)- (+1 -> +0)",5.7,6.118390734279275,0.4183907342792752
6331,"Pyrimidine, 2,4-diamino-5-(p-chlorophenyloxy)- (+1 -> +0)",6.16,5.921248037903592,0.23875196209640848
6332,"6-(4-Chlorophenyl)sulfanylpyrimidine-2,4-diamine (+1 -> +0)",5.02,5.778027801766988,0.7580278017669881
6333,"Thieno[2,3-d]pyrimidine, 2,4-diamino-5-(p-bromophenyl)- (+1 -> +0)",4.47,4.6481666886623945,0.1781666886623947
6334,"5-Methyl-6-phenyl-thieno[2,3-d]pyrimidine-2,4-diamine (+1 -> +0)",4.9,4.728172889488768,0.17182711051123256
6335,"6-Benzyl-5-methylquinazoline-2,4-diamine (+1 -> +0)",6.98,8.21852483783412,1.2385248378341203
6336,"6-(4-Chlorophenyl)-1,2,4-triazine-3,5-diamine (+1 -> +0)",6.07,5.872319641275431,0.19768035872456924
6337,"1,2,4-Triazine, 3,5-diamino-6-(p-chlorobenzyl)- (+1 -> +0)",6.47,6.771228736171089,0.3012287361710895
6338,"2-methyl-4H-triazolo[4,5-d]pyrimidine-7-thione (+0 -> -1)",7.64,7.408361137114941,0.23163886288505875
6339,4-Methylthioquinazoline (+1 -> +0),3.01,2.7735257014256023,0.2364742985743975
6340,"quinazoline, 2-mercapto- (+1 -> +0)",0.26,0.8974635192515796,0.6374635192515796
6341,"2(1H)-Quinoxalinethione, 1-methyl- (+1 -> +0)",-1.01,-0.924581381246079,0.08541861875392098
6342,Pyridazine-4-thiol (+1 -> +0),-0.75,-0.6953657139374334,0.054634286062566595
6343,2-Mercaptopyrimidine (+1 -> +0),1.35,1.8864437569191672,0.5364437569191671
6344,"2-Chloro-N,N-dimethylaniline (+1 -> +0)",4.22,4.085268813438429,0.13473118656157101
6345,"N,N-Dimethyl-2-nitroaniline (+1 -> +0)",2.92,3.0140110899634056,0.09401108996340568
6346,"3-Bromo-N,N-dimethylaniline (+1 -> +0)",3.81,4.409221341674566,0.5992213416745655
6347,"3-Methoxy-N,N-dimethylaniline (+1 -> +0)",4.74,4.717790344177204,0.022209655822796215
6348,"1,3-Benzenediamine, N,N,N',N'-tetramethyl- (+1 -> +0)",6.09,5.332012822512644,0.7579871774873554
6349,"N,N-dimethyl-3-phenylenediamine (+1 -> +0)",6.45,5.409078538383051,1.040921461616949
6350,"Thiocyanic acid, 4-(dimethylamino)phenyl ester (+1 -> +0)",3.04,2.870756311008929,0.16924368899107112
6351,"purin-6(1H)-one, 9-methyl-2-methylthio- (+1 -> +0)",1.5,2.0238698713696506,0.5238698713696506
6352,methylthioquinazolin (+1 -> +0),1.6,1.7930677021149348,0.19306770211493474
6353,8-hydroxy-2-methylquinoline (+0 -> -1),10.31,10.273499988046122,0.036500011953878087
6354,"2,4-diphenyloxazole (+1 -> +0)",-0.04,0.9432114946337942,0.9832114946337942
6355,2-Methyl-5-phenyloxazole (+1 -> +0),2.13,2.026455600372077,0.10354439962792306
6356,2-Methyl-4-phenyloxazole (+1 -> +0),1.1,1.4634826116003747,0.36348261160037465
6357,5-Methyl-2-phenyloxazole (+1 -> +0),1.94,2.081471094164254,0.14147109416425385
6358,"2,5-Diphenyloxazole (+1 -> +0)",0.84,1.2836239239645497,0.44362392396454975
6359,"1,3-Thiazole-4-carboxylic acid (+0 -> -1)",3.81,3.7207045823016776,0.0892954176983225
6360,"2-Methyl-1,3-thiazole-4-carboxylic acid (+0 -> -1)",3.9,3.862424163249073,0.03757583675092713
6361,"2-Chloro-1,3-thiazole-4-carboxylic acid (+0 -> -1)",3.3,3.1045362160695626,0.19546378393043717
6362,"2-Bromo-1,3-thiazole-4-carboxylic acid (+0 -> -1)",3.28,3.185958085637827,0.09404191436217291
6363,Thiazole-5-carboxylic acid (+0 -> -1),3.18,2.970988045969129,0.20901195403087103
6364,"2-Methyl-1,3-thiazole-5-carboxylic acid (+0 -> -1)",3.26,3.4132824997316042,0.15328249973160446
6365,"2-chloro-1,3-thiazole-5-carboxylic Acid (+0 -> -1)",3.0,2.59218309904612,0.4078169009538799
6366,"2-bromo-1,3-thiazole-5-carboxylic Acid (+0 -> -1)",2.96,2.89341325342168,0.06658674657832009
6367,"5-Methyl-1,3-thiazole-2-carboxylic acid (+0 -> -1)",3.03,3.1350275356681037,0.10502753566810386
6368,Thiazole-2-carboxylic acid (+0 -> -1),2.63,2.71714808014256,0.08714808014256015
6369,4-Methylthiazole-5-carboxylic acid (+0 -> -1),3.51,3.4885279605109387,0.021472039489061068
6370,2-Methoxy-4-methylthiazole (+1 -> +0),2.22,2.148708658681201,0.071291341318799
6371,(R)-1-((4-bromophenyl)(phenyl)methyl)-4-methylpiperazine (+1 -> +0),7.97,8.062447158650453,0.09244715865045361
6372,(R)-1-((4-fluorophenyl)(phenyl)methyl)-4-methylpiperazine (+1 -> +0),8.23,7.950775957479017,0.2792240425209833
6373,(R)-1-methyl-4-(phenyl(p-tolyl)methyl)piperazine (+1 -> +0),8.21,8.527012357348404,0.3170123573484034
6374,"2-Imidazoline, 2-diphenylmethyl- (+1 -> +0)",9.78,9.556566468075399,0.22343353192460036
6375,"3,6-Dimethylpyrimidin-4(3H)-one (+1 -> +0)",2.1,2.2360089856265333,0.13600898562653319
6376,"7H-Pyrrolo[2,3-d]pyrimidine, 4-amino-7-methyl- (+1 -> +0)",5.13,5.600450032886073,0.470450032886073
6377,1-hydroxy-2-naphtoic acid (+0 -> -1),2.7,3.262192074503087,0.5621920745030868
6378,1-hydroxy-2-naphtoic acid (-1 -> -2),12.9,12.312023119302205,0.587976880697795
